INFO - 2025-11-05 00:16:52 --> Session: Class initialized using 'CodeIgniter\Session\Handlers\FileHandler' driver.
INFO - 2025-11-05 00:17:03 --> Session: Class initialized using 'CodeIgniter\Session\Handlers\FileHandler' driver.
INFO - 2025-11-05 00:17:03 --> Session: Class initialized using 'CodeIgniter\Session\Handlers\FileHandler' driver.
INFO - 2025-11-05 00:17:14 --> Session: Class initialized using 'CodeIgniter\Session\Handlers\FileHandler' driver.
INFO - 2025-11-05 00:17:19 --> Session: Class initialized using 'CodeIgniter\Session\Handlers\FileHandler' driver.
INFO - 2025-11-05 00:17:27 --> Session: Class initialized using 'CodeIgniter\Session\Handlers\FileHandler' driver.
INFO - 2025-11-05 00:17:37 --> Session: Class initialized using 'CodeIgniter\Session\Handlers\FileHandler' driver.
INFO - 2025-11-05 00:17:41 --> Session: Class initialized using 'CodeIgniter\Session\Handlers\FileHandler' driver.
INFO - 2025-11-05 00:18:45 --> Session: Class initialized using 'CodeIgniter\Session\Handlers\FileHandler' driver.
INFO - 2025-11-05 00:18:51 --> Session: Class initialized using 'CodeIgniter\Session\Handlers\FileHandler' driver.
INFO - 2025-11-05 00:19:16 --> Session: Class initialized using 'CodeIgniter\Session\Handlers\FileHandler' driver.
INFO - 2025-11-05 00:19:26 --> Session: Class initialized using 'CodeIgniter\Session\Handlers\FileHandler' driver.
INFO - 2025-11-05 00:19:40 --> Session: Class initialized using 'CodeIgniter\Session\Handlers\FileHandler' driver.
INFO - 2025-11-05 00:19:54 --> Session: Class initialized using 'CodeIgniter\Session\Handlers\FileHandler' driver.
INFO - 2025-11-05 00:20:12 --> Session: Class initialized using 'CodeIgniter\Session\Handlers\FileHandler' driver.
INFO - 2025-11-05 00:20:37 --> Session: Class initialized using 'CodeIgniter\Session\Handlers\FileHandler' driver.
INFO - 2025-11-05 00:21:28 --> Session: Class initialized using 'CodeIgniter\Session\Handlers\FileHandler' driver.
INFO - 2025-11-05 00:21:45 --> Session: Class initialized using 'CodeIgniter\Session\Handlers\FileHandler' driver.
INFO - 2025-11-05 00:22:11 --> Session: Class initialized using 'CodeIgniter\Session\Handlers\FileHandler' driver.
INFO - 2025-11-05 00:22:12 --> Session: Class initialized using 'CodeIgniter\Session\Handlers\FileHandler' driver.
INFO - 2025-11-05 00:22:32 --> Session: Class initialized using 'CodeIgniter\Session\Handlers\FileHandler' driver.
INFO - 2025-11-05 00:27:19 --> Session: Class initialized using 'CodeIgniter\Session\Handlers\FileHandler' driver.
INFO - 2025-11-05 00:28:11 --> Session: Class initialized using 'CodeIgniter\Session\Handlers\FileHandler' driver.
INFO - 2025-11-05 00:28:15 --> Session: Class initialized using 'CodeIgniter\Session\Handlers\FileHandler' driver.
INFO - 2025-11-05 00:29:28 --> Session: Class initialized using 'CodeIgniter\Session\Handlers\FileHandler' driver.
INFO - 2025-11-05 00:30:20 --> Session: Class initialized using 'CodeIgniter\Session\Handlers\FileHandler' driver.
INFO - 2025-11-05 00:30:26 --> Session: Class initialized using 'CodeIgniter\Session\Handlers\FileHandler' driver.
INFO - 2025-11-05 00:32:04 --> Session: Class initialized using 'CodeIgniter\Session\Handlers\FileHandler' driver.
INFO - 2025-11-05 00:32:08 --> Session: Class initialized using 'CodeIgniter\Session\Handlers\FileHandler' driver.
INFO - 2025-11-05 00:32:15 --> Session: Class initialized using 'CodeIgniter\Session\Handlers\FileHandler' driver.
INFO - 2025-11-05 00:32:17 --> Session: Class initialized using 'CodeIgniter\Session\Handlers\FileHandler' driver.
INFO - 2025-11-05 00:32:50 --> Session: Class initialized using 'CodeIgniter\Session\Handlers\FileHandler' driver.
INFO - 2025-11-05 00:32:59 --> Session: Class initialized using 'CodeIgniter\Session\Handlers\FileHandler' driver.
INFO - 2025-11-05 00:33:25 --> Session: Class initialized using 'CodeIgniter\Session\Handlers\FileHandler' driver.
INFO - 2025-11-05 00:33:29 --> Session: Class initialized using 'CodeIgniter\Session\Handlers\FileHandler' driver.
INFO - 2025-11-05 00:33:52 --> Session: Class initialized using 'CodeIgniter\Session\Handlers\FileHandler' driver.
INFO - 2025-11-05 00:33:58 --> Session: Class initialized using 'CodeIgniter\Session\Handlers\FileHandler' driver.
INFO - 2025-11-05 00:34:07 --> Session: Class initialized using 'CodeIgniter\Session\Handlers\FileHandler' driver.
INFO - 2025-11-05 00:34:41 --> Session: Class initialized using 'CodeIgniter\Session\Handlers\FileHandler' driver.
INFO - 2025-11-05 00:34:49 --> Session: Class initialized using 'CodeIgniter\Session\Handlers\FileHandler' driver.
INFO - 2025-11-05 00:39:39 --> Session: Class initialized using 'CodeIgniter\Session\Handlers\FileHandler' driver.
INFO - 2025-11-05 00:40:35 --> Session: Class initialized using 'CodeIgniter\Session\Handlers\FileHandler' driver.
INFO - 2025-11-05 00:40:35 --> Session: Class initialized using 'CodeIgniter\Session\Handlers\FileHandler' driver.
INFO - 2025-11-05 00:40:45 --> Session: Class initialized using 'CodeIgniter\Session\Handlers\FileHandler' driver.
INFO - 2025-11-05 00:40:48 --> Session: Class initialized using 'CodeIgniter\Session\Handlers\FileHandler' driver.
INFO - 2025-11-05 00:40:54 --> Session: Class initialized using 'CodeIgniter\Session\Handlers\FileHandler' driver.
INFO - 2025-11-05 00:41:09 --> Session: Class initialized using 'CodeIgniter\Session\Handlers\FileHandler' driver.
INFO - 2025-11-05 00:41:13 --> Session: Class initialized using 'CodeIgniter\Session\Handlers\FileHandler' driver.
CRITICAL - 2025-11-05 00:41:16 --> file_get_contents(C:\xampp\htdocs\ereport-ehm\writable\debugbar/debugbar_1762302639.582576.json): Failed to open stream: No such file or directory
in SYSTEMPATH\Debug\Toolbar\Collectors\History.php on line 82.
 1 [internal function]: CodeIgniter\Debug\Exceptions->errorHandler(2, 'file_get_contents(C:\\xampp\\htdocs\\ereport-ehm\\writable\\debugbar/debugbar_1762302639.582576.json): Failed to open stream: No such file or directory', 'C:\\xampp\\htdocs\\ereport-ehm\\system\\Debug\\Toolbar\\Collectors\\History.php', 82)
 2 SYSTEMPATH\Debug\Toolbar\Collectors\History.php(82): file_get_contents('C:\\xampp\\htdocs\\ereport-ehm\\writable\\debugbar/debugbar_1762302639.582576.json')
 3 SYSTEMPATH\Debug\Toolbar.php(495): CodeIgniter\Debug\Toolbar\Collectors\History->setFiles('1762303235.326593', 20)
 4 SYSTEMPATH\Debug\Toolbar.php(474): CodeIgniter\Debug\Toolbar->format([...], 'html')
 5 APPPATH\Config\Events.php(46): CodeIgniter\Debug\Toolbar->respond()
 6 SYSTEMPATH\Events\Events.php(149): CodeIgniter\Events\Events::Config\{closure}()
 7 SYSTEMPATH\CodeIgniter.php(348): CodeIgniter\Events\Events::trigger('pre_system')
 8 FCPATH\index.php(81): CodeIgniter\CodeIgniter->run()
CRITICAL - 2025-11-05 00:41:16 --> file_get_contents(C:\xampp\htdocs\ereport-ehm\writable\debugbar/debugbar_1762302639.582576.json): Failed to open stream: No such file or directory
in SYSTEMPATH\Debug\Toolbar\Collectors\History.php on line 82.
 1 [internal function]: CodeIgniter\Debug\Exceptions->errorHandler(2, 'file_get_contents(C:\\xampp\\htdocs\\ereport-ehm\\writable\\debugbar/debugbar_1762302639.582576.json): Failed to open stream: No such file or directory', 'C:\\xampp\\htdocs\\ereport-ehm\\system\\Debug\\Toolbar\\Collectors\\History.php', 82)
 2 SYSTEMPATH\Debug\Toolbar\Collectors\History.php(82): file_get_contents('C:\\xampp\\htdocs\\ereport-ehm\\writable\\debugbar/debugbar_1762302639.582576.json')
 3 SYSTEMPATH\Debug\Toolbar.php(495): CodeIgniter\Debug\Toolbar\Collectors\History->setFiles('1762303254.290462', 20)
 4 SYSTEMPATH\Debug\Toolbar.php(474): CodeIgniter\Debug\Toolbar->format([...], 'html')
 5 APPPATH\Config\Events.php(46): CodeIgniter\Debug\Toolbar->respond()
 6 SYSTEMPATH\Events\Events.php(149): CodeIgniter\Events\Events::Config\{closure}()
 7 SYSTEMPATH\CodeIgniter.php(348): CodeIgniter\Events\Events::trigger('pre_system')
 8 FCPATH\index.php(81): CodeIgniter\CodeIgniter->run()
INFO - 2025-11-05 00:41:20 --> Session: Class initialized using 'CodeIgniter\Session\Handlers\FileHandler' driver.
INFO - 2025-11-05 00:41:39 --> Session: Class initialized using 'CodeIgniter\Session\Handlers\FileHandler' driver.
INFO - 2025-11-05 00:42:01 --> Session: Class initialized using 'CodeIgniter\Session\Handlers\FileHandler' driver.
INFO - 2025-11-05 00:42:23 --> Session: Class initialized using 'CodeIgniter\Session\Handlers\FileHandler' driver.
INFO - 2025-11-05 00:42:27 --> Session: Class initialized using 'CodeIgniter\Session\Handlers\FileHandler' driver.
INFO - 2025-11-05 00:42:36 --> Session: Class initialized using 'CodeIgniter\Session\Handlers\FileHandler' driver.
INFO - 2025-11-05 00:42:57 --> Session: Class initialized using 'CodeIgniter\Session\Handlers\FileHandler' driver.
INFO - 2025-11-05 00:43:20 --> Session: Class initialized using 'CodeIgniter\Session\Handlers\FileHandler' driver.
INFO - 2025-11-05 00:43:20 --> Session: Class initialized using 'CodeIgniter\Session\Handlers\FileHandler' driver.
INFO - 2025-11-05 00:43:31 --> Session: Class initialized using 'CodeIgniter\Session\Handlers\FileHandler' driver.
INFO - 2025-11-05 00:43:34 --> Session: Class initialized using 'CodeIgniter\Session\Handlers\FileHandler' driver.
INFO - 2025-11-05 00:43:54 --> Session: Class initialized using 'CodeIgniter\Session\Handlers\FileHandler' driver.
INFO - 2025-11-05 00:43:59 --> Session: Class initialized using 'CodeIgniter\Session\Handlers\FileHandler' driver.
INFO - 2025-11-05 00:44:16 --> Session: Class initialized using 'CodeIgniter\Session\Handlers\FileHandler' driver.
INFO - 2025-11-05 00:44:23 --> Session: Class initialized using 'CodeIgniter\Session\Handlers\FileHandler' driver.
INFO - 2025-11-05 00:44:30 --> Session: Class initialized using 'CodeIgniter\Session\Handlers\FileHandler' driver.
INFO - 2025-11-05 00:44:43 --> Session: Class initialized using 'CodeIgniter\Session\Handlers\FileHandler' driver.
INFO - 2025-11-05 00:45:08 --> Session: Class initialized using 'CodeIgniter\Session\Handlers\FileHandler' driver.
INFO - 2025-11-05 00:45:14 --> Session: Class initialized using 'CodeIgniter\Session\Handlers\FileHandler' driver.
INFO - 2025-11-05 00:45:52 --> Session: Class initialized using 'CodeIgniter\Session\Handlers\FileHandler' driver.
INFO - 2025-11-05 00:45:55 --> Session: Class initialized using 'CodeIgniter\Session\Handlers\FileHandler' driver.
INFO - 2025-11-05 00:46:07 --> Session: Class initialized using 'CodeIgniter\Session\Handlers\FileHandler' driver.
INFO - 2025-11-05 00:46:31 --> Session: Class initialized using 'CodeIgniter\Session\Handlers\FileHandler' driver.
INFO - 2025-11-05 00:46:37 --> Session: Class initialized using 'CodeIgniter\Session\Handlers\FileHandler' driver.
INFO - 2025-11-05 00:46:43 --> Session: Class initialized using 'CodeIgniter\Session\Handlers\FileHandler' driver.
INFO - 2025-11-05 00:46:57 --> Session: Class initialized using 'CodeIgniter\Session\Handlers\FileHandler' driver.
INFO - 2025-11-05 00:57:33 --> Session: Class initialized using 'CodeIgniter\Session\Handlers\FileHandler' driver.
INFO - 2025-11-05 00:58:01 --> Session: Class initialized using 'CodeIgniter\Session\Handlers\FileHandler' driver.
INFO - 2025-11-05 00:58:05 --> Session: Class initialized using 'CodeIgniter\Session\Handlers\FileHandler' driver.
CRITICAL - 2025-11-05 00:58:33 --> file_get_contents(C:\xampp\htdocs\ereport-ehm\writable\debugbar/debugbar_1762303401.090798.json): Failed to open stream: No such file or directory
in SYSTEMPATH\Debug\Toolbar\Collectors\History.php on line 82.
 1 [internal function]: CodeIgniter\Debug\Exceptions->errorHandler(2, 'file_get_contents(C:\\xampp\\htdocs\\ereport-ehm\\writable\\debugbar/debugbar_1762303401.090798.json): Failed to open stream: No such file or directory', 'C:\\xampp\\htdocs\\ereport-ehm\\system\\Debug\\Toolbar\\Collectors\\History.php', 82)
 2 SYSTEMPATH\Debug\Toolbar\Collectors\History.php(82): file_get_contents('C:\\xampp\\htdocs\\ereport-ehm\\writable\\debugbar/debugbar_1762303401.090798.json')
 3 SYSTEMPATH\Debug\Toolbar.php(495): CodeIgniter\Debug\Toolbar\Collectors\History->setFiles('1762304254.050030', 20)
 4 SYSTEMPATH\Debug\Toolbar.php(474): CodeIgniter\Debug\Toolbar->format([...], 'html')
 5 APPPATH\Config\Events.php(46): CodeIgniter\Debug\Toolbar->respond()
 6 SYSTEMPATH\Events\Events.php(149): CodeIgniter\Events\Events::Config\{closure}()
 7 SYSTEMPATH\CodeIgniter.php(348): CodeIgniter\Events\Events::trigger('pre_system')
 8 FCPATH\index.php(81): CodeIgniter\CodeIgniter->run()
INFO - 2025-11-05 01:04:19 --> Session: Class initialized using 'CodeIgniter\Session\Handlers\FileHandler' driver.
INFO - 2025-11-05 01:10:44 --> Session: Class initialized using 'CodeIgniter\Session\Handlers\FileHandler' driver.
INFO - 2025-11-05 01:10:45 --> Session: Class initialized using 'CodeIgniter\Session\Handlers\FileHandler' driver.
INFO - 2025-11-05 01:11:02 --> Session: Class initialized using 'CodeIgniter\Session\Handlers\FileHandler' driver.
INFO - 2025-11-05 01:11:05 --> Session: Class initialized using 'CodeIgniter\Session\Handlers\FileHandler' driver.
INFO - 2025-11-05 01:11:27 --> Session: Class initialized using 'CodeIgniter\Session\Handlers\FileHandler' driver.
INFO - 2025-11-05 01:11:33 --> Session: Class initialized using 'CodeIgniter\Session\Handlers\FileHandler' driver.
INFO - 2025-11-05 01:12:03 --> Session: Class initialized using 'CodeIgniter\Session\Handlers\FileHandler' driver.
INFO - 2025-11-05 01:12:11 --> Session: Class initialized using 'CodeIgniter\Session\Handlers\FileHandler' driver.
INFO - 2025-11-05 01:12:40 --> Session: Class initialized using 'CodeIgniter\Session\Handlers\FileHandler' driver.
INFO - 2025-11-05 01:12:54 --> Session: Class initialized using 'CodeIgniter\Session\Handlers\FileHandler' driver.
INFO - 2025-11-05 01:13:13 --> Session: Class initialized using 'CodeIgniter\Session\Handlers\FileHandler' driver.
INFO - 2025-11-05 01:14:50 --> Session: Class initialized using 'CodeIgniter\Session\Handlers\FileHandler' driver.
INFO - 2025-11-05 01:14:53 --> Session: Class initialized using 'CodeIgniter\Session\Handlers\FileHandler' driver.
INFO - 2025-11-05 01:15:33 --> Session: Class initialized using 'CodeIgniter\Session\Handlers\FileHandler' driver.
INFO - 2025-11-05 01:15:47 --> Session: Class initialized using 'CodeIgniter\Session\Handlers\FileHandler' driver.
INFO - 2025-11-05 01:15:49 --> Session: Class initialized using 'CodeIgniter\Session\Handlers\FileHandler' driver.
INFO - 2025-11-05 01:16:05 --> Session: Class initialized using 'CodeIgniter\Session\Handlers\FileHandler' driver.
INFO - 2025-11-05 01:16:12 --> Session: Class initialized using 'CodeIgniter\Session\Handlers\FileHandler' driver.
INFO - 2025-11-05 01:16:16 --> Session: Class initialized using 'CodeIgniter\Session\Handlers\FileHandler' driver.
INFO - 2025-11-05 01:16:37 --> Session: Class initialized using 'CodeIgniter\Session\Handlers\FileHandler' driver.
INFO - 2025-11-05 01:16:38 --> Session: Class initialized using 'CodeIgniter\Session\Handlers\FileHandler' driver.
INFO - 2025-11-05 01:17:18 --> Session: Class initialized using 'CodeIgniter\Session\Handlers\FileHandler' driver.
INFO - 2025-11-05 01:18:27 --> Session: Class initialized using 'CodeIgniter\Session\Handlers\FileHandler' driver.
INFO - 2025-11-05 01:18:39 --> Session: Class initialized using 'CodeIgniter\Session\Handlers\FileHandler' driver.
INFO - 2025-11-05 01:19:02 --> Session: Class initialized using 'CodeIgniter\Session\Handlers\FileHandler' driver.
CRITICAL - 2025-11-05 01:19:23 --> file_get_contents(C:\xampp\htdocs\ereport-ehm\writable\debugbar/debugbar_1762305088.909158.json): Failed to open stream: No such file or directory
in SYSTEMPATH\Debug\Toolbar\Collectors\History.php on line 82.
 1 [internal function]: CodeIgniter\Debug\Exceptions->errorHandler(2, 'file_get_contents(C:\\xampp\\htdocs\\ereport-ehm\\writable\\debugbar/debugbar_1762305088.909158.json): Failed to open stream: No such file or directory', 'C:\\xampp\\htdocs\\ereport-ehm\\system\\Debug\\Toolbar\\Collectors\\History.php', 82)
 2 SYSTEMPATH\Debug\Toolbar\Collectors\History.php(82): file_get_contents('C:\\xampp\\htdocs\\ereport-ehm\\writable\\debugbar/debugbar_1762305088.909158.json')
 3 SYSTEMPATH\Debug\Toolbar.php(495): CodeIgniter\Debug\Toolbar\Collectors\History->setFiles('1762305520.165558', 20)
 4 SYSTEMPATH\Debug\Toolbar.php(474): CodeIgniter\Debug\Toolbar->format([...], 'html')
 5 APPPATH\Config\Events.php(46): CodeIgniter\Debug\Toolbar->respond()
 6 SYSTEMPATH\Events\Events.php(149): CodeIgniter\Events\Events::Config\{closure}()
 7 SYSTEMPATH\CodeIgniter.php(348): CodeIgniter\Events\Events::trigger('pre_system')
 8 FCPATH\index.php(81): CodeIgniter\CodeIgniter->run()
CRITICAL - 2025-11-05 01:19:23 --> file_get_contents(C:\xampp\htdocs\ereport-ehm\writable\debugbar/debugbar_1762305088.909158.json): Failed to open stream: No such file or directory
in SYSTEMPATH\Debug\Toolbar\Collectors\History.php on line 82.
 1 [internal function]: CodeIgniter\Debug\Exceptions->errorHandler(2, 'file_get_contents(C:\\xampp\\htdocs\\ereport-ehm\\writable\\debugbar/debugbar_1762305088.909158.json): Failed to open stream: No such file or directory', 'C:\\xampp\\htdocs\\ereport-ehm\\system\\Debug\\Toolbar\\Collectors\\History.php', 82)
 2 SYSTEMPATH\Debug\Toolbar\Collectors\History.php(82): file_get_contents('C:\\xampp\\htdocs\\ereport-ehm\\writable\\debugbar/debugbar_1762305088.909158.json')
 3 SYSTEMPATH\Debug\Toolbar.php(495): CodeIgniter\Debug\Toolbar\Collectors\History->setFiles('1762305508.789221', 20)
 4 SYSTEMPATH\Debug\Toolbar.php(474): CodeIgniter\Debug\Toolbar->format([...], 'html')
 5 APPPATH\Config\Events.php(46): CodeIgniter\Debug\Toolbar->respond()
 6 SYSTEMPATH\Events\Events.php(149): CodeIgniter\Events\Events::Config\{closure}()
 7 SYSTEMPATH\CodeIgniter.php(348): CodeIgniter\Events\Events::trigger('pre_system')
 8 FCPATH\index.php(81): CodeIgniter\CodeIgniter->run()
INFO - 2025-11-05 01:20:20 --> Session: Class initialized using 'CodeIgniter\Session\Handlers\FileHandler' driver.
INFO - 2025-11-05 01:20:21 --> Session: Class initialized using 'CodeIgniter\Session\Handlers\FileHandler' driver.
INFO - 2025-11-05 01:21:19 --> Session: Class initialized using 'CodeIgniter\Session\Handlers\FileHandler' driver.
INFO - 2025-11-05 01:21:41 --> Session: Class initialized using 'CodeIgniter\Session\Handlers\FileHandler' driver.
INFO - 2025-11-05 01:22:01 --> Session: Class initialized using 'CodeIgniter\Session\Handlers\FileHandler' driver.
INFO - 2025-11-05 01:23:28 --> Session: Class initialized using 'CodeIgniter\Session\Handlers\FileHandler' driver.
CRITICAL - 2025-11-05 01:24:13 --> Maximum execution time of 120 seconds exceeded
in VENDORPATH\mpdf\mpdf\data\upperCase.php on line 3.
 1 [internal function]: CodeIgniter\Debug\Exceptions->shutdownHandler()
INFO - 2025-11-05 01:24:24 --> Session: Class initialized using 'CodeIgniter\Session\Handlers\FileHandler' driver.
INFO - 2025-11-05 01:24:29 --> Session: Class initialized using 'CodeIgniter\Session\Handlers\FileHandler' driver.
INFO - 2025-11-05 01:24:34 --> Session: Class initialized using 'CodeIgniter\Session\Handlers\FileHandler' driver.
CRITICAL - 2025-11-05 01:24:38 --> unlink(C:\xampp\htdocs\ereport-ehm\writable\debugbar/debugbar_1762305333.375497.json): No such file or directory
in SYSTEMPATH\Debug\Toolbar\Collectors\History.php on line 76.
 1 [internal function]: CodeIgniter\Debug\Exceptions->errorHandler(2, 'unlink(C:\\xampp\\htdocs\\ereport-ehm\\writable\\debugbar/debugbar_1762305333.375497.json): No such file or directory', 'C:\\xampp\\htdocs\\ereport-ehm\\system\\Debug\\Toolbar\\Collectors\\History.php', 76)
 2 SYSTEMPATH\Debug\Toolbar\Collectors\History.php(76): unlink('C:\\xampp\\htdocs\\ereport-ehm\\writable\\debugbar/debugbar_1762305333.375497.json')
 3 SYSTEMPATH\Debug\Toolbar.php(495): CodeIgniter\Debug\Toolbar\Collectors\History->setFiles('1762305874.539467', 20)
 4 SYSTEMPATH\Debug\Toolbar.php(474): CodeIgniter\Debug\Toolbar->format([...], 'html')
 5 APPPATH\Config\Events.php(46): CodeIgniter\Debug\Toolbar->respond()
 6 SYSTEMPATH\Events\Events.php(149): CodeIgniter\Events\Events::Config\{closure}()
 7 SYSTEMPATH\CodeIgniter.php(348): CodeIgniter\Events\Events::trigger('pre_system')
 8 FCPATH\index.php(81): CodeIgniter\CodeIgniter->run()
INFO - 2025-11-05 01:24:47 --> Session: Class initialized using 'CodeIgniter\Session\Handlers\FileHandler' driver.
INFO - 2025-11-05 01:24:49 --> Session: Class initialized using 'CodeIgniter\Session\Handlers\FileHandler' driver.
CRITICAL - 2025-11-05 01:27:10 --> Maximum execution time of 120 seconds exceeded
in SYSTEMPATH\Autoloader\Autoloader.php on line 248.
 1 [internal function]: CodeIgniter\Debug\Exceptions->shutdownHandler()
INFO - 2025-11-05 01:28:44 --> Session: Class initialized using 'CodeIgniter\Session\Handlers\FileHandler' driver.
INFO - 2025-11-05 01:29:47 --> Session: Class initialized using 'CodeIgniter\Session\Handlers\FileHandler' driver.
INFO - 2025-11-05 01:30:16 --> Session: Class initialized using 'CodeIgniter\Session\Handlers\FileHandler' driver.
INFO - 2025-11-05 01:30:42 --> Session: Class initialized using 'CodeIgniter\Session\Handlers\FileHandler' driver.
INFO - 2025-11-05 01:30:44 --> Session: Class initialized using 'CodeIgniter\Session\Handlers\FileHandler' driver.
INFO - 2025-11-05 01:31:33 --> Session: Class initialized using 'CodeIgniter\Session\Handlers\FileHandler' driver.
INFO - 2025-11-05 01:32:03 --> Session: Class initialized using 'CodeIgniter\Session\Handlers\FileHandler' driver.
INFO - 2025-11-05 01:32:06 --> Session: Class initialized using 'CodeIgniter\Session\Handlers\FileHandler' driver.
INFO - 2025-11-05 01:32:13 --> Session: Class initialized using 'CodeIgniter\Session\Handlers\FileHandler' driver.
INFO - 2025-11-05 01:32:57 --> Session: Class initialized using 'CodeIgniter\Session\Handlers\FileHandler' driver.
INFO - 2025-11-05 01:33:03 --> Session: Class initialized using 'CodeIgniter\Session\Handlers\FileHandler' driver.
INFO - 2025-11-05 01:33:28 --> Session: Class initialized using 'CodeIgniter\Session\Handlers\FileHandler' driver.
INFO - 2025-11-05 01:33:48 --> Session: Class initialized using 'CodeIgniter\Session\Handlers\FileHandler' driver.
INFO - 2025-11-05 01:34:41 --> Session: Class initialized using 'CodeIgniter\Session\Handlers\FileHandler' driver.
INFO - 2025-11-05 01:34:53 --> Session: Class initialized using 'CodeIgniter\Session\Handlers\FileHandler' driver.
CRITICAL - 2025-11-05 01:35:04 --> file_get_contents(C:\xampp\htdocs\ereport-ehm\writable\debugbar/debugbar_1762305809.952758.json): Failed to open stream: No such file or directory
in SYSTEMPATH\Debug\Toolbar\Collectors\History.php on line 82.
 1 [internal function]: CodeIgniter\Debug\Exceptions->errorHandler(2, 'file_get_contents(C:\\xampp\\htdocs\\ereport-ehm\\writable\\debugbar/debugbar_1762305809.952758.json): Failed to open stream: No such file or directory', 'C:\\xampp\\htdocs\\ereport-ehm\\system\\Debug\\Toolbar\\Collectors\\History.php', 82)
 2 SYSTEMPATH\Debug\Toolbar\Collectors\History.php(82): file_get_contents('C:\\xampp\\htdocs\\ereport-ehm\\writable\\debugbar/debugbar_1762305809.952758.json')
 3 SYSTEMPATH\Debug\Toolbar.php(495): CodeIgniter\Debug\Toolbar\Collectors\History->setFiles('1762306485.660284', 20)
 4 SYSTEMPATH\Debug\Toolbar.php(474): CodeIgniter\Debug\Toolbar->format([...], 'html')
 5 APPPATH\Config\Events.php(46): CodeIgniter\Debug\Toolbar->respond()
 6 SYSTEMPATH\Events\Events.php(149): CodeIgniter\Events\Events::Config\{closure}()
 7 SYSTEMPATH\CodeIgniter.php(348): CodeIgniter\Events\Events::trigger('pre_system')
 8 FCPATH\index.php(81): CodeIgniter\CodeIgniter->run()
INFO - 2025-11-05 01:35:10 --> Session: Class initialized using 'CodeIgniter\Session\Handlers\FileHandler' driver.
INFO - 2025-11-05 01:35:19 --> Session: Class initialized using 'CodeIgniter\Session\Handlers\FileHandler' driver.
INFO - 2025-11-05 01:35:34 --> Session: Class initialized using 'CodeIgniter\Session\Handlers\FileHandler' driver.
INFO - 2025-11-05 01:36:05 --> Session: Class initialized using 'CodeIgniter\Session\Handlers\FileHandler' driver.
INFO - 2025-11-05 01:36:28 --> Session: Class initialized using 'CodeIgniter\Session\Handlers\FileHandler' driver.
INFO - 2025-11-05 01:36:55 --> Session: Class initialized using 'CodeIgniter\Session\Handlers\FileHandler' driver.
INFO - 2025-11-05 01:37:21 --> Session: Class initialized using 'CodeIgniter\Session\Handlers\FileHandler' driver.
INFO - 2025-11-05 01:37:40 --> Session: Class initialized using 'CodeIgniter\Session\Handlers\FileHandler' driver.
INFO - 2025-11-05 01:50:21 --> Session: Class initialized using 'CodeIgniter\Session\Handlers\FileHandler' driver.
INFO - 2025-11-05 01:50:24 --> Session: Class initialized using 'CodeIgniter\Session\Handlers\FileHandler' driver.
INFO - 2025-11-05 01:59:53 --> Session: Class initialized using 'CodeIgniter\Session\Handlers\FileHandler' driver.
INFO - 2025-11-05 02:00:09 --> Session: Class initialized using 'CodeIgniter\Session\Handlers\FileHandler' driver.
INFO - 2025-11-05 02:07:01 --> Session: Class initialized using 'CodeIgniter\Session\Handlers\FileHandler' driver.
INFO - 2025-11-05 02:07:36 --> Session: Class initialized using 'CodeIgniter\Session\Handlers\FileHandler' driver.
INFO - 2025-11-05 02:07:42 --> Session: Class initialized using 'CodeIgniter\Session\Handlers\FileHandler' driver.
INFO - 2025-11-05 02:08:02 --> Session: Class initialized using 'CodeIgniter\Session\Handlers\FileHandler' driver.
INFO - 2025-11-05 02:08:12 --> Session: Class initialized using 'CodeIgniter\Session\Handlers\FileHandler' driver.
INFO - 2025-11-05 02:08:27 --> Session: Class initialized using 'CodeIgniter\Session\Handlers\FileHandler' driver.
INFO - 2025-11-05 02:08:35 --> Session: Class initialized using 'CodeIgniter\Session\Handlers\FileHandler' driver.
INFO - 2025-11-05 02:09:09 --> Session: Class initialized using 'CodeIgniter\Session\Handlers\FileHandler' driver.
INFO - 2025-11-05 02:09:14 --> Session: Class initialized using 'CodeIgniter\Session\Handlers\FileHandler' driver.
INFO - 2025-11-05 02:09:23 --> Session: Class initialized using 'CodeIgniter\Session\Handlers\FileHandler' driver.
INFO - 2025-11-05 02:09:29 --> Session: Class initialized using 'CodeIgniter\Session\Handlers\FileHandler' driver.
INFO - 2025-11-05 02:10:25 --> Session: Class initialized using 'CodeIgniter\Session\Handlers\FileHandler' driver.
INFO - 2025-11-05 02:10:37 --> Session: Class initialized using 'CodeIgniter\Session\Handlers\FileHandler' driver.
INFO - 2025-11-05 02:10:55 --> Session: Class initialized using 'CodeIgniter\Session\Handlers\FileHandler' driver.
INFO - 2025-11-05 02:10:59 --> Session: Class initialized using 'CodeIgniter\Session\Handlers\FileHandler' driver.
CRITICAL - 2025-11-05 02:11:13 --> file_get_contents(C:\xampp\htdocs\ereport-ehm\writable\debugbar/debugbar_1762306622.016635.json): Failed to open stream: No such file or directory
in SYSTEMPATH\Debug\Toolbar\Collectors\History.php on line 82.
 1 [internal function]: CodeIgniter\Debug\Exceptions->errorHandler(2, 'file_get_contents(C:\\xampp\\htdocs\\ereport-ehm\\writable\\debugbar/debugbar_1762306622.016635.json): Failed to open stream: No such file or directory', 'C:\\xampp\\htdocs\\ereport-ehm\\system\\Debug\\Toolbar\\Collectors\\History.php', 82)
 2 SYSTEMPATH\Debug\Toolbar\Collectors\History.php(82): file_get_contents('C:\\xampp\\htdocs\\ereport-ehm\\writable\\debugbar/debugbar_1762306622.016635.json')
 3 SYSTEMPATH\Debug\Toolbar.php(495): CodeIgniter\Debug\Toolbar\Collectors\History->setFiles('1762308647.086260', 20)
 4 SYSTEMPATH\Debug\Toolbar.php(474): CodeIgniter\Debug\Toolbar->format([...], 'html')
 5 APPPATH\Config\Events.php(46): CodeIgniter\Debug\Toolbar->respond()
 6 SYSTEMPATH\Events\Events.php(149): CodeIgniter\Events\Events::Config\{closure}()
 7 SYSTEMPATH\CodeIgniter.php(348): CodeIgniter\Events\Events::trigger('pre_system')
 8 FCPATH\index.php(81): CodeIgniter\CodeIgniter->run()
INFO - 2025-11-05 02:11:28 --> Session: Class initialized using 'CodeIgniter\Session\Handlers\FileHandler' driver.
INFO - 2025-11-05 02:11:36 --> Session: Class initialized using 'CodeIgniter\Session\Handlers\FileHandler' driver.
INFO - 2025-11-05 02:11:45 --> Session: Class initialized using 'CodeIgniter\Session\Handlers\FileHandler' driver.
INFO - 2025-11-05 02:11:50 --> Session: Class initialized using 'CodeIgniter\Session\Handlers\FileHandler' driver.
INFO - 2025-11-05 02:12:10 --> Session: Class initialized using 'CodeIgniter\Session\Handlers\FileHandler' driver.
INFO - 2025-11-05 02:20:31 --> Session: Class initialized using 'CodeIgniter\Session\Handlers\FileHandler' driver.
INFO - 2025-11-05 02:30:06 --> Session: Class initialized using 'CodeIgniter\Session\Handlers\FileHandler' driver.
WARNING - 2025-11-05 02:30:06 --> [DEPRECATED] Creation of dynamic property App\Controllers\Suhu::$MasterDataModel is deprecated in APPPATH\Controllers\Suhu.php on line 205.
 1 SYSTEMPATH\CodeIgniter.php(904): App\Controllers\Suhu->__construct()
 2 SYSTEMPATH\CodeIgniter.php(488): CodeIgniter\CodeIgniter->createController()
 3 SYSTEMPATH\CodeIgniter.php(366): CodeIgniter\CodeIgniter->handleRequest(null, Object(Config\Cache), false)
 4 FCPATH\index.php(81): CodeIgniter\CodeIgniter->run()
WARNING - 2025-11-05 02:32:38 --> [DEPRECATED] Creation of dynamic property App\Controllers\Suhu::$MasterDataModel is deprecated in APPPATH\Controllers\Suhu.php on line 205.
 1 SYSTEMPATH\CodeIgniter.php(904): App\Controllers\Suhu->__construct()
 2 SYSTEMPATH\CodeIgniter.php(488): CodeIgniter\CodeIgniter->createController()
 3 SYSTEMPATH\CodeIgniter.php(366): CodeIgniter\CodeIgniter->handleRequest(null, Object(Config\Cache), false)
 4 FCPATH\index.php(81): CodeIgniter\CodeIgniter->run()
INFO - 2025-11-05 02:33:03 --> Session: Class initialized using 'CodeIgniter\Session\Handlers\FileHandler' driver.
INFO - 2025-11-05 02:35:07 --> Session: Class initialized using 'CodeIgniter\Session\Handlers\FileHandler' driver.
INFO - 2025-11-05 02:36:54 --> Session: Class initialized using 'CodeIgniter\Session\Handlers\FileHandler' driver.
INFO - 2025-11-05 02:37:03 --> Session: Class initialized using 'CodeIgniter\Session\Handlers\FileHandler' driver.
INFO - 2025-11-05 02:37:11 --> Session: Class initialized using 'CodeIgniter\Session\Handlers\FileHandler' driver.
INFO - 2025-11-05 02:37:14 --> Session: Class initialized using 'CodeIgniter\Session\Handlers\FileHandler' driver.
INFO - 2025-11-05 02:37:52 --> Session: Class initialized using 'CodeIgniter\Session\Handlers\FileHandler' driver.
INFO - 2025-11-05 02:37:55 --> Session: Class initialized using 'CodeIgniter\Session\Handlers\FileHandler' driver.
INFO - 2025-11-05 02:38:03 --> Session: Class initialized using 'CodeIgniter\Session\Handlers\FileHandler' driver.
INFO - 2025-11-05 02:38:27 --> Session: Class initialized using 'CodeIgniter\Session\Handlers\FileHandler' driver.
CRITICAL - 2025-11-05 02:40:23 --> Maximum execution time of 120 seconds exceeded
in VENDORPATH\kint-php\kint\src\Parser\FsPathPlugin.php on line 64.
 1 [internal function]: CodeIgniter\Debug\Exceptions->shutdownHandler()
INFO - 2025-11-05 02:47:07 --> Session: Class initialized using 'CodeIgniter\Session\Handlers\FileHandler' driver.
INFO - 2025-11-05 02:47:17 --> Session: Class initialized using 'CodeIgniter\Session\Handlers\FileHandler' driver.
INFO - 2025-11-05 02:47:37 --> Session: Class initialized using 'CodeIgniter\Session\Handlers\FileHandler' driver.
INFO - 2025-11-05 02:47:56 --> Session: Class initialized using 'CodeIgniter\Session\Handlers\FileHandler' driver.
INFO - 2025-11-05 02:49:18 --> Session: Class initialized using 'CodeIgniter\Session\Handlers\FileHandler' driver.
INFO - 2025-11-05 02:49:22 --> Session: Class initialized using 'CodeIgniter\Session\Handlers\FileHandler' driver.
INFO - 2025-11-05 02:50:19 --> Session: Class initialized using 'CodeIgniter\Session\Handlers\FileHandler' driver.
INFO - 2025-11-05 02:50:21 --> Session: Class initialized using 'CodeIgniter\Session\Handlers\FileHandler' driver.
INFO - 2025-11-05 02:50:54 --> Session: Class initialized using 'CodeIgniter\Session\Handlers\FileHandler' driver.
INFO - 2025-11-05 02:51:00 --> Session: Class initialized using 'CodeIgniter\Session\Handlers\FileHandler' driver.
INFO - 2025-11-05 02:53:56 --> Session: Class initialized using 'CodeIgniter\Session\Handlers\FileHandler' driver.
INFO - 2025-11-05 02:54:20 --> Session: Class initialized using 'CodeIgniter\Session\Handlers\FileHandler' driver.
CRITICAL - 2025-11-05 02:54:22 --> unlink(C:\xampp\htdocs\ereport-ehm\writable\debugbar/debugbar_1762309240.570978.json): No such file or directory
in SYSTEMPATH\Debug\Toolbar\Collectors\History.php on line 76.
 1 [internal function]: CodeIgniter\Debug\Exceptions->errorHandler(2, 'unlink(C:\\xampp\\htdocs\\ereport-ehm\\writable\\debugbar/debugbar_1762309240.570978.json): No such file or directory', 'C:\\xampp\\htdocs\\ereport-ehm\\system\\Debug\\Toolbar\\Collectors\\History.php', 76)
 2 SYSTEMPATH\Debug\Toolbar\Collectors\History.php(76): unlink('C:\\xampp\\htdocs\\ereport-ehm\\writable\\debugbar/debugbar_1762309240.570978.json')
 3 SYSTEMPATH\Debug\Toolbar.php(495): CodeIgniter\Debug\Toolbar\Collectors\History->setFiles('1762311260.537730', 20)
 4 SYSTEMPATH\Debug\Toolbar.php(474): CodeIgniter\Debug\Toolbar->format([...], 'html')
 5 APPPATH\Config\Events.php(46): CodeIgniter\Debug\Toolbar->respond()
 6 SYSTEMPATH\Events\Events.php(149): CodeIgniter\Events\Events::Config\{closure}()
 7 SYSTEMPATH\CodeIgniter.php(348): CodeIgniter\Events\Events::trigger('pre_system')
 8 FCPATH\index.php(81): CodeIgniter\CodeIgniter->run()
INFO - 2025-11-05 02:54:33 --> Session: Class initialized using 'CodeIgniter\Session\Handlers\FileHandler' driver.
INFO - 2025-11-05 02:54:43 --> Session: Class initialized using 'CodeIgniter\Session\Handlers\FileHandler' driver.
INFO - 2025-11-05 02:54:49 --> Session: Class initialized using 'CodeIgniter\Session\Handlers\FileHandler' driver.
INFO - 2025-11-05 02:55:00 --> Session: Class initialized using 'CodeIgniter\Session\Handlers\FileHandler' driver.
INFO - 2025-11-05 02:55:09 --> Session: Class initialized using 'CodeIgniter\Session\Handlers\FileHandler' driver.
INFO - 2025-11-05 02:55:17 --> Session: Class initialized using 'CodeIgniter\Session\Handlers\FileHandler' driver.
INFO - 2025-11-05 02:55:31 --> Session: Class initialized using 'CodeIgniter\Session\Handlers\FileHandler' driver.
INFO - 2025-11-05 02:55:44 --> Session: Class initialized using 'CodeIgniter\Session\Handlers\FileHandler' driver.
INFO - 2025-11-05 03:01:45 --> Session: Class initialized using 'CodeIgniter\Session\Handlers\FileHandler' driver.
INFO - 2025-11-05 03:04:39 --> Session: Class initialized using 'CodeIgniter\Session\Handlers\FileHandler' driver.
INFO - 2025-11-05 03:05:20 --> Session: Class initialized using 'CodeIgniter\Session\Handlers\FileHandler' driver.
INFO - 2025-11-05 03:05:24 --> Session: Class initialized using 'CodeIgniter\Session\Handlers\FileHandler' driver.
INFO - 2025-11-05 03:05:57 --> Session: Class initialized using 'CodeIgniter\Session\Handlers\FileHandler' driver.
INFO - 2025-11-05 03:06:29 --> Session: Class initialized using 'CodeIgniter\Session\Handlers\FileHandler' driver.
INFO - 2025-11-05 03:08:24 --> Session: Class initialized using 'CodeIgniter\Session\Handlers\FileHandler' driver.
INFO - 2025-11-05 03:08:27 --> Session: Class initialized using 'CodeIgniter\Session\Handlers\FileHandler' driver.
INFO - 2025-11-05 03:08:44 --> Session: Class initialized using 'CodeIgniter\Session\Handlers\FileHandler' driver.
INFO - 2025-11-05 03:09:06 --> Session: Class initialized using 'CodeIgniter\Session\Handlers\FileHandler' driver.
INFO - 2025-11-05 03:09:09 --> Session: Class initialized using 'CodeIgniter\Session\Handlers\FileHandler' driver.
INFO - 2025-11-05 03:16:43 --> Session: Class initialized using 'CodeIgniter\Session\Handlers\FileHandler' driver.
INFO - 2025-11-05 03:16:51 --> Session: Class initialized using 'CodeIgniter\Session\Handlers\FileHandler' driver.
INFO - 2025-11-05 03:17:27 --> Session: Class initialized using 'CodeIgniter\Session\Handlers\FileHandler' driver.
INFO - 2025-11-05 03:17:31 --> Session: Class initialized using 'CodeIgniter\Session\Handlers\FileHandler' driver.
INFO - 2025-11-05 03:17:45 --> Session: Class initialized using 'CodeIgniter\Session\Handlers\FileHandler' driver.
WARNING - 2025-11-05 03:17:45 --> [DEPRECATED] Creation of dynamic property App\Controllers\Suhu::$MasterDataModel is deprecated in APPPATH\Controllers\Suhu.php on line 205.
 1 SYSTEMPATH\CodeIgniter.php(904): App\Controllers\Suhu->__construct()
 2 SYSTEMPATH\CodeIgniter.php(488): CodeIgniter\CodeIgniter->createController()
 3 SYSTEMPATH\CodeIgniter.php(366): CodeIgniter\CodeIgniter->handleRequest(null, Object(Config\Cache), false)
 4 FCPATH\index.php(81): CodeIgniter\CodeIgniter->run()
CRITICAL - 2025-11-05 03:17:52 --> file_get_contents(C:\xampp\htdocs\ereport-ehm\writable\debugbar/debugbar_1762311709.333564.json): Failed to open stream: No such file or directory
in SYSTEMPATH\Debug\Toolbar\Collectors\History.php on line 82.
 1 [internal function]: CodeIgniter\Debug\Exceptions->errorHandler(2, 'file_get_contents(C:\\xampp\\htdocs\\ereport-ehm\\writable\\debugbar/debugbar_1762311709.333564.json): Failed to open stream: No such file or directory', 'C:\\xampp\\htdocs\\ereport-ehm\\system\\Debug\\Toolbar\\Collectors\\History.php', 82)
 2 SYSTEMPATH\Debug\Toolbar\Collectors\History.php(82): file_get_contents('C:\\xampp\\htdocs\\ereport-ehm\\writable\\debugbar/debugbar_1762311709.333564.json')
 3 SYSTEMPATH\Debug\Toolbar.php(495): CodeIgniter\Debug\Toolbar\Collectors\History->setFiles('1762312652.063406', 20)
 4 SYSTEMPATH\Debug\Toolbar.php(474): CodeIgniter\Debug\Toolbar->format([...], 'html')
 5 APPPATH\Config\Events.php(46): CodeIgniter\Debug\Toolbar->respond()
 6 SYSTEMPATH\Events\Events.php(149): CodeIgniter\Events\Events::Config\{closure}()
 7 SYSTEMPATH\CodeIgniter.php(348): CodeIgniter\Events\Events::trigger('pre_system')
 8 FCPATH\index.php(81): CodeIgniter\CodeIgniter->run()
CRITICAL - 2025-11-05 03:17:53 --> file_get_contents(C:\xampp\htdocs\ereport-ehm\writable\debugbar/debugbar_1762311709.333564.json): Failed to open stream: No such file or directory
in SYSTEMPATH\Debug\Toolbar\Collectors\History.php on line 82.
 1 [internal function]: CodeIgniter\Debug\Exceptions->errorHandler(2, 'file_get_contents(C:\\xampp\\htdocs\\ereport-ehm\\writable\\debugbar/debugbar_1762311709.333564.json): Failed to open stream: No such file or directory', 'C:\\xampp\\htdocs\\ereport-ehm\\system\\Debug\\Toolbar\\Collectors\\History.php', 82)
 2 SYSTEMPATH\Debug\Toolbar\Collectors\History.php(82): file_get_contents('C:\\xampp\\htdocs\\ereport-ehm\\writable\\debugbar/debugbar_1762311709.333564.json')
 3 SYSTEMPATH\Debug\Toolbar.php(495): CodeIgniter\Debug\Toolbar\Collectors\History->setFiles('1762312612.730090', 20)
 4 SYSTEMPATH\Debug\Toolbar.php(474): CodeIgniter\Debug\Toolbar->format([...], 'html')
 5 APPPATH\Config\Events.php(46): CodeIgniter\Debug\Toolbar->respond()
 6 SYSTEMPATH\Events\Events.php(149): CodeIgniter\Events\Events::Config\{closure}()
 7 SYSTEMPATH\CodeIgniter.php(348): CodeIgniter\Events\Events::trigger('pre_system')
 8 FCPATH\index.php(81): CodeIgniter\CodeIgniter->run()
WARNING - 2025-11-05 03:17:59 --> [DEPRECATED] Creation of dynamic property App\Controllers\Suhu::$MasterDataModel is deprecated in APPPATH\Controllers\Suhu.php on line 205.
 1 SYSTEMPATH\CodeIgniter.php(904): App\Controllers\Suhu->__construct()
 2 SYSTEMPATH\CodeIgniter.php(488): CodeIgniter\CodeIgniter->createController()
 3 SYSTEMPATH\CodeIgniter.php(366): CodeIgniter\CodeIgniter->handleRequest(null, Object(Config\Cache), false)
 4 FCPATH\index.php(81): CodeIgniter\CodeIgniter->run()
INFO - 2025-11-05 03:17:59 --> Session: Class initialized using 'CodeIgniter\Session\Handlers\FileHandler' driver.
WARNING - 2025-11-05 03:18:14 --> [DEPRECATED] Creation of dynamic property App\Controllers\Suhu::$MasterDataModel is deprecated in APPPATH\Controllers\Suhu.php on line 205.
 1 SYSTEMPATH\CodeIgniter.php(904): App\Controllers\Suhu->__construct()
 2 SYSTEMPATH\CodeIgniter.php(488): CodeIgniter\CodeIgniter->createController()
 3 SYSTEMPATH\CodeIgniter.php(366): CodeIgniter\CodeIgniter->handleRequest(null, Object(Config\Cache), false)
 4 FCPATH\index.php(81): CodeIgniter\CodeIgniter->run()
INFO - 2025-11-05 03:18:17 --> Session: Class initialized using 'CodeIgniter\Session\Handlers\FileHandler' driver.
WARNING - 2025-11-05 03:18:23 --> [DEPRECATED] Creation of dynamic property App\Controllers\Suhu::$MasterDataModel is deprecated in APPPATH\Controllers\Suhu.php on line 205.
 1 SYSTEMPATH\CodeIgniter.php(904): App\Controllers\Suhu->__construct()
 2 SYSTEMPATH\CodeIgniter.php(488): CodeIgniter\CodeIgniter->createController()
 3 SYSTEMPATH\CodeIgniter.php(366): CodeIgniter\CodeIgniter->handleRequest(null, Object(Config\Cache), false)
 4 FCPATH\index.php(81): CodeIgniter\CodeIgniter->run()
CRITICAL - 2025-11-05 03:18:23 --> Trying to access array offset on value of type null
in APPPATH\Controllers\Suhu.php on line 162.
 1 APPPATH\Controllers\Suhu.php(162): CodeIgniter\Debug\Exceptions->errorHandler(2, 'Trying to access array offset on value of type null', 'C:\\xampp\\htdocs\\ereport-ehm\\app\\Controllers\\Suhu.php', 162)
 2 SYSTEMPATH\CodeIgniter.php(932): App\Controllers\Suhu->AddSuhu('jquery.js')
 3 SYSTEMPATH\CodeIgniter.php(497): CodeIgniter\CodeIgniter->runController(Object(App\Controllers\Suhu))
 4 SYSTEMPATH\CodeIgniter.php(366): CodeIgniter\CodeIgniter->handleRequest(null, Object(Config\Cache), false)
 5 FCPATH\index.php(81): CodeIgniter\CodeIgniter->run()
WARNING - 2025-11-05 03:18:26 --> [DEPRECATED] Creation of dynamic property App\Controllers\Suhu::$MasterDataModel is deprecated in APPPATH\Controllers\Suhu.php on line 205.
 1 SYSTEMPATH\CodeIgniter.php(904): App\Controllers\Suhu->__construct()
 2 SYSTEMPATH\CodeIgniter.php(488): CodeIgniter\CodeIgniter->createController()
 3 SYSTEMPATH\CodeIgniter.php(366): CodeIgniter\CodeIgniter->handleRequest(null, Object(Config\Cache), false)
 4 FCPATH\index.php(81): CodeIgniter\CodeIgniter->run()
CRITICAL - 2025-11-05 03:18:27 --> Trying to access array offset on value of type null
in APPPATH\Controllers\Suhu.php on line 162.
 1 APPPATH\Controllers\Suhu.php(162): CodeIgniter\Debug\Exceptions->errorHandler(2, 'Trying to access array offset on value of type null', 'C:\\xampp\\htdocs\\ereport-ehm\\app\\Controllers\\Suhu.php', 162)
 2 SYSTEMPATH\CodeIgniter.php(932): App\Controllers\Suhu->AddSuhu('bootstrap.js')
 3 SYSTEMPATH\CodeIgniter.php(497): CodeIgniter\CodeIgniter->runController(Object(App\Controllers\Suhu))
 4 SYSTEMPATH\CodeIgniter.php(366): CodeIgniter\CodeIgniter->handleRequest(null, Object(Config\Cache), false)
 5 FCPATH\index.php(81): CodeIgniter\CodeIgniter->run()
WARNING - 2025-11-05 03:26:20 --> [DEPRECATED] Creation of dynamic property App\Controllers\Suhu::$MasterDataModel is deprecated in APPPATH\Controllers\Suhu.php on line 205.
 1 SYSTEMPATH\CodeIgniter.php(904): App\Controllers\Suhu->__construct()
 2 SYSTEMPATH\CodeIgniter.php(488): CodeIgniter\CodeIgniter->createController()
 3 SYSTEMPATH\CodeIgniter.php(366): CodeIgniter\CodeIgniter->handleRequest(null, Object(Config\Cache), false)
 4 FCPATH\index.php(81): CodeIgniter\CodeIgniter->run()
INFO - 2025-11-05 03:26:21 --> Session: Class initialized using 'CodeIgniter\Session\Handlers\FileHandler' driver.
INFO - 2025-11-05 03:32:52 --> Session: Class initialized using 'CodeIgniter\Session\Handlers\FileHandler' driver.
INFO - 2025-11-05 04:08:29 --> Session: Class initialized using 'CodeIgniter\Session\Handlers\FileHandler' driver.
INFO - 2025-11-05 04:08:35 --> Session: Class initialized using 'CodeIgniter\Session\Handlers\FileHandler' driver.
INFO - 2025-11-05 04:57:41 --> Session: Class initialized using 'CodeIgniter\Session\Handlers\FileHandler' driver.
INFO - 2025-11-05 05:00:12 --> Session: Class initialized using 'CodeIgniter\Session\Handlers\FileHandler' driver.
INFO - 2025-11-05 05:00:19 --> Session: Class initialized using 'CodeIgniter\Session\Handlers\FileHandler' driver.
INFO - 2025-11-05 05:02:32 --> Session: Class initialized using 'CodeIgniter\Session\Handlers\FileHandler' driver.
INFO - 2025-11-05 05:02:51 --> Session: Class initialized using 'CodeIgniter\Session\Handlers\FileHandler' driver.
INFO - 2025-11-05 05:03:03 --> Session: Class initialized using 'CodeIgniter\Session\Handlers\FileHandler' driver.
INFO - 2025-11-05 05:03:54 --> Session: Class initialized using 'CodeIgniter\Session\Handlers\FileHandler' driver.
INFO - 2025-11-05 05:04:09 --> Session: Class initialized using 'CodeIgniter\Session\Handlers\FileHandler' driver.
INFO - 2025-11-05 05:04:34 --> Session: Class initialized using 'CodeIgniter\Session\Handlers\FileHandler' driver.
INFO - 2025-11-05 05:04:48 --> Session: Class initialized using 'CodeIgniter\Session\Handlers\FileHandler' driver.
INFO - 2025-11-05 05:05:03 --> Session: Class initialized using 'CodeIgniter\Session\Handlers\FileHandler' driver.
INFO - 2025-11-05 05:05:12 --> Session: Class initialized using 'CodeIgniter\Session\Handlers\FileHandler' driver.
INFO - 2025-11-05 05:05:49 --> Session: Class initialized using 'CodeIgniter\Session\Handlers\FileHandler' driver.
INFO - 2025-11-05 05:05:51 --> Session: Class initialized using 'CodeIgniter\Session\Handlers\FileHandler' driver.
INFO - 2025-11-05 05:06:29 --> Session: Class initialized using 'CodeIgniter\Session\Handlers\FileHandler' driver.
INFO - 2025-11-05 05:06:41 --> Session: Class initialized using 'CodeIgniter\Session\Handlers\FileHandler' driver.
INFO - 2025-11-05 05:07:23 --> Session: Class initialized using 'CodeIgniter\Session\Handlers\FileHandler' driver.
INFO - 2025-11-05 05:07:28 --> Session: Class initialized using 'CodeIgniter\Session\Handlers\FileHandler' driver.
INFO - 2025-11-05 05:08:07 --> Session: Class initialized using 'CodeIgniter\Session\Handlers\FileHandler' driver.
INFO - 2025-11-05 05:08:12 --> Session: Class initialized using 'CodeIgniter\Session\Handlers\FileHandler' driver.
INFO - 2025-11-05 05:08:56 --> Session: Class initialized using 'CodeIgniter\Session\Handlers\FileHandler' driver.
INFO - 2025-11-05 05:09:02 --> Session: Class initialized using 'CodeIgniter\Session\Handlers\FileHandler' driver.
INFO - 2025-11-05 05:09:44 --> Session: Class initialized using 'CodeIgniter\Session\Handlers\FileHandler' driver.
INFO - 2025-11-05 05:09:47 --> Session: Class initialized using 'CodeIgniter\Session\Handlers\FileHandler' driver.
INFO - 2025-11-05 05:10:03 --> Session: Class initialized using 'CodeIgniter\Session\Handlers\FileHandler' driver.
INFO - 2025-11-05 05:10:52 --> Session: Class initialized using 'CodeIgniter\Session\Handlers\FileHandler' driver.
INFO - 2025-11-05 05:10:52 --> Session: Class initialized using 'CodeIgniter\Session\Handlers\FileHandler' driver.
INFO - 2025-11-05 05:11:00 --> Session: Class initialized using 'CodeIgniter\Session\Handlers\FileHandler' driver.
INFO - 2025-11-05 05:11:03 --> Session: Class initialized using 'CodeIgniter\Session\Handlers\FileHandler' driver.
INFO - 2025-11-05 05:11:05 --> Session: Class initialized using 'CodeIgniter\Session\Handlers\FileHandler' driver.
INFO - 2025-11-05 05:11:05 --> Session: Class initialized using 'CodeIgniter\Session\Handlers\FileHandler' driver.
INFO - 2025-11-05 05:11:13 --> Session: Class initialized using 'CodeIgniter\Session\Handlers\FileHandler' driver.
INFO - 2025-11-05 05:11:19 --> Session: Class initialized using 'CodeIgniter\Session\Handlers\FileHandler' driver.
INFO - 2025-11-05 05:11:21 --> Session: Class initialized using 'CodeIgniter\Session\Handlers\FileHandler' driver.
INFO - 2025-11-05 05:14:12 --> Session: Class initialized using 'CodeIgniter\Session\Handlers\FileHandler' driver.
INFO - 2025-11-05 05:14:12 --> Session: Class initialized using 'CodeIgniter\Session\Handlers\FileHandler' driver.
INFO - 2025-11-05 05:14:18 --> Session: Class initialized using 'CodeIgniter\Session\Handlers\FileHandler' driver.
INFO - 2025-11-05 05:14:35 --> Session: Class initialized using 'CodeIgniter\Session\Handlers\FileHandler' driver.
INFO - 2025-11-05 05:14:42 --> Session: Class initialized using 'CodeIgniter\Session\Handlers\FileHandler' driver.
INFO - 2025-11-05 05:14:52 --> Session: Class initialized using 'CodeIgniter\Session\Handlers\FileHandler' driver.
INFO - 2025-11-05 05:14:54 --> Session: Class initialized using 'CodeIgniter\Session\Handlers\FileHandler' driver.
CRITICAL - 2025-11-05 05:15:01 --> file_get_contents(C:\xampp\htdocs\ereport-ehm\writable\debugbar/debugbar_1762319346.398111.json): Failed to open stream: No such file or directory
in SYSTEMPATH\Debug\Toolbar\Collectors\History.php on line 82.
 1 [internal function]: CodeIgniter\Debug\Exceptions->errorHandler(2, 'file_get_contents(C:\\xampp\\htdocs\\ereport-ehm\\writable\\debugbar/debugbar_1762319346.398111.json): Failed to open stream: No such file or directory', 'C:\\xampp\\htdocs\\ereport-ehm\\system\\Debug\\Toolbar\\Collectors\\History.php', 82)
 2 SYSTEMPATH\Debug\Toolbar\Collectors\History.php(82): file_get_contents('C:\\xampp\\htdocs\\ereport-ehm\\writable\\debugbar/debugbar_1762319346.398111.json')
 3 SYSTEMPATH\Debug\Toolbar.php(495): CodeIgniter\Debug\Toolbar\Collectors\History->setFiles('1762319683.165383', 20)
 4 SYSTEMPATH\Debug\Toolbar.php(474): CodeIgniter\Debug\Toolbar->format([...], 'html')
 5 APPPATH\Config\Events.php(46): CodeIgniter\Debug\Toolbar->respond()
 6 SYSTEMPATH\Events\Events.php(149): CodeIgniter\Events\Events::Config\{closure}()
 7 SYSTEMPATH\CodeIgniter.php(348): CodeIgniter\Events\Events::trigger('pre_system')
 8 FCPATH\index.php(81): CodeIgniter\CodeIgniter->run()
CRITICAL - 2025-11-05 05:15:02 --> file_get_contents(C:\xampp\htdocs\ereport-ehm\writable\debugbar/debugbar_1762319346.398111.json): Failed to open stream: No such file or directory
in SYSTEMPATH\Debug\Toolbar\Collectors\History.php on line 82.
 1 [internal function]: CodeIgniter\Debug\Exceptions->errorHandler(2, 'file_get_contents(C:\\xampp\\htdocs\\ereport-ehm\\writable\\debugbar/debugbar_1762319346.398111.json): Failed to open stream: No such file or directory', 'C:\\xampp\\htdocs\\ereport-ehm\\system\\Debug\\Toolbar\\Collectors\\History.php', 82)
 2 SYSTEMPATH\Debug\Toolbar\Collectors\History.php(82): file_get_contents('C:\\xampp\\htdocs\\ereport-ehm\\writable\\debugbar/debugbar_1762319346.398111.json')
 3 SYSTEMPATH\Debug\Toolbar.php(495): CodeIgniter\Debug\Toolbar\Collectors\History->setFiles('1762319660.462165', 20)
 4 SYSTEMPATH\Debug\Toolbar.php(474): CodeIgniter\Debug\Toolbar->format([...], 'html')
 5 APPPATH\Config\Events.php(46): CodeIgniter\Debug\Toolbar->respond()
 6 SYSTEMPATH\Events\Events.php(149): CodeIgniter\Events\Events::Config\{closure}()
 7 SYSTEMPATH\CodeIgniter.php(348): CodeIgniter\Events\Events::trigger('pre_system')
 8 FCPATH\index.php(81): CodeIgniter\CodeIgniter->run()
CRITICAL - 2025-11-05 05:15:02 --> file_get_contents(C:\xampp\htdocs\ereport-ehm\writable\debugbar/debugbar_1762319346.398111.json): Failed to open stream: No such file or directory
in SYSTEMPATH\Debug\Toolbar\Collectors\History.php on line 82.
 1 [internal function]: CodeIgniter\Debug\Exceptions->errorHandler(2, 'file_get_contents(C:\\xampp\\htdocs\\ereport-ehm\\writable\\debugbar/debugbar_1762319346.398111.json): Failed to open stream: No such file or directory', 'C:\\xampp\\htdocs\\ereport-ehm\\system\\Debug\\Toolbar\\Collectors\\History.php', 82)
 2 SYSTEMPATH\Debug\Toolbar\Collectors\History.php(82): file_get_contents('C:\\xampp\\htdocs\\ereport-ehm\\writable\\debugbar/debugbar_1762319346.398111.json')
 3 SYSTEMPATH\Debug\Toolbar.php(495): CodeIgniter\Debug\Toolbar\Collectors\History->setFiles('1762319676.075977', 20)
 4 SYSTEMPATH\Debug\Toolbar.php(474): CodeIgniter\Debug\Toolbar->format([...], 'html')
 5 APPPATH\Config\Events.php(46): CodeIgniter\Debug\Toolbar->respond()
 6 SYSTEMPATH\Events\Events.php(149): CodeIgniter\Events\Events::Config\{closure}()
 7 SYSTEMPATH\CodeIgniter.php(348): CodeIgniter\Events\Events::trigger('pre_system')
 8 FCPATH\index.php(81): CodeIgniter\CodeIgniter->run()
INFO - 2025-11-05 05:15:44 --> Session: Class initialized using 'CodeIgniter\Session\Handlers\FileHandler' driver.
INFO - 2025-11-05 05:15:54 --> Session: Class initialized using 'CodeIgniter\Session\Handlers\FileHandler' driver.
INFO - 2025-11-05 05:16:12 --> Session: Class initialized using 'CodeIgniter\Session\Handlers\FileHandler' driver.
WARNING - 2025-11-05 05:16:12 --> [DEPRECATED] Creation of dynamic property App\Controllers\Suhu::$MasterDataModel is deprecated in APPPATH\Controllers\Suhu.php on line 205.
 1 SYSTEMPATH\CodeIgniter.php(904): App\Controllers\Suhu->__construct()
 2 SYSTEMPATH\CodeIgniter.php(488): CodeIgniter\CodeIgniter->createController()
 3 SYSTEMPATH\CodeIgniter.php(366): CodeIgniter\CodeIgniter->handleRequest(null, Object(Config\Cache), false)
 4 FCPATH\index.php(81): CodeIgniter\CodeIgniter->run()
INFO - 2025-11-05 05:16:24 --> Session: Class initialized using 'CodeIgniter\Session\Handlers\FileHandler' driver.
WARNING - 2025-11-05 05:16:24 --> [DEPRECATED] Creation of dynamic property App\Controllers\Suhu::$MasterDataModel is deprecated in APPPATH\Controllers\Suhu.php on line 205.
 1 SYSTEMPATH\CodeIgniter.php(904): App\Controllers\Suhu->__construct()
 2 SYSTEMPATH\CodeIgniter.php(488): CodeIgniter\CodeIgniter->createController()
 3 SYSTEMPATH\CodeIgniter.php(366): CodeIgniter\CodeIgniter->handleRequest(null, Object(Config\Cache), false)
 4 FCPATH\index.php(81): CodeIgniter\CodeIgniter->run()
WARNING - 2025-11-05 05:17:13 --> [DEPRECATED] Creation of dynamic property App\Controllers\Suhu::$MasterDataModel is deprecated in APPPATH\Controllers\Suhu.php on line 205.
 1 SYSTEMPATH\CodeIgniter.php(904): App\Controllers\Suhu->__construct()
 2 SYSTEMPATH\CodeIgniter.php(488): CodeIgniter\CodeIgniter->createController()
 3 SYSTEMPATH\CodeIgniter.php(366): CodeIgniter\CodeIgniter->handleRequest(null, Object(Config\Cache), false)
 4 FCPATH\index.php(81): CodeIgniter\CodeIgniter->run()
WARNING - 2025-11-05 05:17:13 --> [DEPRECATED] Creation of dynamic property App\Controllers\Suhu::$MasterDataModel is deprecated in APPPATH\Controllers\Suhu.php on line 205.
 1 SYSTEMPATH\CodeIgniter.php(904): App\Controllers\Suhu->__construct()
 2 SYSTEMPATH\CodeIgniter.php(488): CodeIgniter\CodeIgniter->createController()
 3 SYSTEMPATH\CodeIgniter.php(366): CodeIgniter\CodeIgniter->handleRequest(null, Object(Config\Cache), false)
 4 FCPATH\index.php(81): CodeIgniter\CodeIgniter->run()
INFO - 2025-11-05 05:17:14 --> Session: Class initialized using 'CodeIgniter\Session\Handlers\FileHandler' driver.
INFO - 2025-11-05 05:17:21 --> Session: Class initialized using 'CodeIgniter\Session\Handlers\FileHandler' driver.
INFO - 2025-11-05 05:23:10 --> Session: Class initialized using 'CodeIgniter\Session\Handlers\FileHandler' driver.
WARNING - 2025-11-05 05:23:11 --> [DEPRECATED] Creation of dynamic property App\Controllers\Suhu::$MasterDataModel is deprecated in APPPATH\Controllers\Suhu.php on line 205.
 1 SYSTEMPATH\CodeIgniter.php(904): App\Controllers\Suhu->__construct()
 2 SYSTEMPATH\CodeIgniter.php(488): CodeIgniter\CodeIgniter->createController()
 3 SYSTEMPATH\CodeIgniter.php(366): CodeIgniter\CodeIgniter->handleRequest(null, Object(Config\Cache), false)
 4 FCPATH\index.php(81): CodeIgniter\CodeIgniter->run()
INFO - 2025-11-05 05:23:15 --> Session: Class initialized using 'CodeIgniter\Session\Handlers\FileHandler' driver.
WARNING - 2025-11-05 05:23:15 --> [DEPRECATED] Creation of dynamic property App\Controllers\Suhu::$MasterDataModel is deprecated in APPPATH\Controllers\Suhu.php on line 205.
 1 SYSTEMPATH\CodeIgniter.php(904): App\Controllers\Suhu->__construct()
 2 SYSTEMPATH\CodeIgniter.php(488): CodeIgniter\CodeIgniter->createController()
 3 SYSTEMPATH\CodeIgniter.php(366): CodeIgniter\CodeIgniter->handleRequest(null, Object(Config\Cache), false)
 4 FCPATH\index.php(81): CodeIgniter\CodeIgniter->run()
INFO - 2025-11-05 05:23:36 --> Session: Class initialized using 'CodeIgniter\Session\Handlers\FileHandler' driver.
INFO - 2025-11-05 05:27:07 --> Session: Class initialized using 'CodeIgniter\Session\Handlers\FileHandler' driver.
INFO - 2025-11-05 05:27:10 --> Session: Class initialized using 'CodeIgniter\Session\Handlers\FileHandler' driver.
INFO - 2025-11-05 05:27:17 --> Session: Class initialized using 'CodeIgniter\Session\Handlers\FileHandler' driver.
INFO - 2025-11-05 05:27:19 --> Session: Class initialized using 'CodeIgniter\Session\Handlers\FileHandler' driver.
INFO - 2025-11-05 05:27:19 --> Session: Class initialized using 'CodeIgniter\Session\Handlers\FileHandler' driver.
INFO - 2025-11-05 05:27:19 --> Session: Class initialized using 'CodeIgniter\Session\Handlers\FileHandler' driver.
INFO - 2025-11-05 05:27:19 --> Session: Class initialized using 'CodeIgniter\Session\Handlers\FileHandler' driver.
INFO - 2025-11-05 05:27:21 --> Session: Class initialized using 'CodeIgniter\Session\Handlers\FileHandler' driver.
INFO - 2025-11-05 05:28:01 --> Session: Class initialized using 'CodeIgniter\Session\Handlers\FileHandler' driver.
INFO - 2025-11-05 05:28:07 --> Session: Class initialized using 'CodeIgniter\Session\Handlers\FileHandler' driver.
INFO - 2025-11-05 05:28:15 --> Session: Class initialized using 'CodeIgniter\Session\Handlers\FileHandler' driver.
INFO - 2025-11-05 05:29:26 --> Session: Class initialized using 'CodeIgniter\Session\Handlers\FileHandler' driver.
INFO - 2025-11-05 05:29:28 --> Session: Class initialized using 'CodeIgniter\Session\Handlers\FileHandler' driver.
INFO - 2025-11-05 05:29:39 --> Session: Class initialized using 'CodeIgniter\Session\Handlers\FileHandler' driver.
INFO - 2025-11-05 05:30:41 --> Session: Class initialized using 'CodeIgniter\Session\Handlers\FileHandler' driver.
INFO - 2025-11-05 05:31:32 --> Session: Class initialized using 'CodeIgniter\Session\Handlers\FileHandler' driver.
INFO - 2025-11-05 05:31:56 --> Session: Class initialized using 'CodeIgniter\Session\Handlers\FileHandler' driver.
INFO - 2025-11-05 05:32:17 --> Session: Class initialized using 'CodeIgniter\Session\Handlers\FileHandler' driver.
INFO - 2025-11-05 05:37:40 --> Session: Class initialized using 'CodeIgniter\Session\Handlers\FileHandler' driver.
INFO - 2025-11-05 05:37:41 --> Session: Class initialized using 'CodeIgniter\Session\Handlers\FileHandler' driver.
INFO - 2025-11-05 05:37:53 --> Session: Class initialized using 'CodeIgniter\Session\Handlers\FileHandler' driver.
INFO - 2025-11-05 05:38:17 --> Session: Class initialized using 'CodeIgniter\Session\Handlers\FileHandler' driver.
INFO - 2025-11-05 05:38:27 --> Session: Class initialized using 'CodeIgniter\Session\Handlers\FileHandler' driver.
INFO - 2025-11-05 05:39:01 --> Session: Class initialized using 'CodeIgniter\Session\Handlers\FileHandler' driver.
INFO - 2025-11-05 05:39:23 --> Session: Class initialized using 'CodeIgniter\Session\Handlers\FileHandler' driver.
INFO - 2025-11-05 05:40:05 --> Session: Class initialized using 'CodeIgniter\Session\Handlers\FileHandler' driver.
INFO - 2025-11-05 05:40:15 --> Session: Class initialized using 'CodeIgniter\Session\Handlers\FileHandler' driver.
INFO - 2025-11-05 05:40:33 --> Session: Class initialized using 'CodeIgniter\Session\Handlers\FileHandler' driver.
INFO - 2025-11-05 05:41:10 --> Session: Class initialized using 'CodeIgniter\Session\Handlers\FileHandler' driver.
INFO - 2025-11-05 05:42:24 --> Session: Class initialized using 'CodeIgniter\Session\Handlers\FileHandler' driver.
INFO - 2025-11-05 05:42:29 --> Session: Class initialized using 'CodeIgniter\Session\Handlers\FileHandler' driver.
INFO - 2025-11-05 05:42:44 --> Session: Class initialized using 'CodeIgniter\Session\Handlers\FileHandler' driver.
CRITICAL - 2025-11-05 05:42:56 --> unlink(C:\xampp\htdocs\ereport-ehm\writable\debugbar/debugbar_1762320495.436594.json): No such file or directory
in SYSTEMPATH\Debug\Toolbar\Collectors\History.php on line 76.
 1 [internal function]: CodeIgniter\Debug\Exceptions->errorHandler(2, 'unlink(C:\\xampp\\htdocs\\ereport-ehm\\writable\\debugbar/debugbar_1762320495.436594.json): No such file or directory', 'C:\\xampp\\htdocs\\ereport-ehm\\system\\Debug\\Toolbar\\Collectors\\History.php', 76)
 2 SYSTEMPATH\Debug\Toolbar\Collectors\History.php(76): unlink('C:\\xampp\\htdocs\\ereport-ehm\\writable\\debugbar/debugbar_1762320495.436594.json')
 3 SYSTEMPATH\Debug\Toolbar.php(495): CodeIgniter\Debug\Toolbar\Collectors\History->setFiles('1762321367.334588', 20)
 4 SYSTEMPATH\Debug\Toolbar.php(474): CodeIgniter\Debug\Toolbar->format([...], 'html')
 5 APPPATH\Config\Events.php(46): CodeIgniter\Debug\Toolbar->respond()
 6 SYSTEMPATH\Events\Events.php(149): CodeIgniter\Events\Events::Config\{closure}()
 7 SYSTEMPATH\CodeIgniter.php(348): CodeIgniter\Events\Events::trigger('pre_system')
 8 FCPATH\index.php(81): CodeIgniter\CodeIgniter->run()
INFO - 2025-11-05 05:42:57 --> Session: Class initialized using 'CodeIgniter\Session\Handlers\FileHandler' driver.
INFO - 2025-11-05 05:43:06 --> Session: Class initialized using 'CodeIgniter\Session\Handlers\FileHandler' driver.
INFO - 2025-11-05 05:43:11 --> Session: Class initialized using 'CodeIgniter\Session\Handlers\FileHandler' driver.
CRITICAL - 2025-11-05 05:43:14 --> unlink(C:\xampp\htdocs\ereport-ehm\writable\debugbar/debugbar_1762320570.114106.json): No such file or directory
in SYSTEMPATH\Debug\Toolbar\Collectors\History.php on line 76.
 1 [internal function]: CodeIgniter\Debug\Exceptions->errorHandler(2, 'unlink(C:\\xampp\\htdocs\\ereport-ehm\\writable\\debugbar/debugbar_1762320570.114106.json): No such file or directory', 'C:\\xampp\\htdocs\\ereport-ehm\\system\\Debug\\Toolbar\\Collectors\\History.php', 76)
 2 SYSTEMPATH\Debug\Toolbar\Collectors\History.php(76): unlink('C:\\xampp\\htdocs\\ereport-ehm\\writable\\debugbar/debugbar_1762320570.114106.json')
 3 SYSTEMPATH\Debug\Toolbar.php(495): CodeIgniter\Debug\Toolbar\Collectors\History->setFiles('1762321386.859486', 20)
 4 SYSTEMPATH\Debug\Toolbar.php(474): CodeIgniter\Debug\Toolbar->format([...], 'html')
 5 APPPATH\Config\Events.php(46): CodeIgniter\Debug\Toolbar->respond()
 6 SYSTEMPATH\Events\Events.php(149): CodeIgniter\Events\Events::Config\{closure}()
 7 SYSTEMPATH\CodeIgniter.php(348): CodeIgniter\Events\Events::trigger('pre_system')
 8 FCPATH\index.php(81): CodeIgniter\CodeIgniter->run()
INFO - 2025-11-05 05:43:19 --> Session: Class initialized using 'CodeIgniter\Session\Handlers\FileHandler' driver.
INFO - 2025-11-05 05:43:39 --> Session: Class initialized using 'CodeIgniter\Session\Handlers\FileHandler' driver.
INFO - 2025-11-05 05:43:41 --> Session: Class initialized using 'CodeIgniter\Session\Handlers\FileHandler' driver.
INFO - 2025-11-05 05:43:59 --> Session: Class initialized using 'CodeIgniter\Session\Handlers\FileHandler' driver.
INFO - 2025-11-05 05:44:13 --> Session: Class initialized using 'CodeIgniter\Session\Handlers\FileHandler' driver.
INFO - 2025-11-05 05:44:26 --> Session: Class initialized using 'CodeIgniter\Session\Handlers\FileHandler' driver.
INFO - 2025-11-05 05:44:30 --> Session: Class initialized using 'CodeIgniter\Session\Handlers\FileHandler' driver.
INFO - 2025-11-05 05:44:31 --> Session: Class initialized using 'CodeIgniter\Session\Handlers\FileHandler' driver.
INFO - 2025-11-05 05:44:44 --> Session: Class initialized using 'CodeIgniter\Session\Handlers\FileHandler' driver.
INFO - 2025-11-05 05:44:47 --> Session: Class initialized using 'CodeIgniter\Session\Handlers\FileHandler' driver.
INFO - 2025-11-05 05:45:03 --> Session: Class initialized using 'CodeIgniter\Session\Handlers\FileHandler' driver.
INFO - 2025-11-05 05:45:22 --> Session: Class initialized using 'CodeIgniter\Session\Handlers\FileHandler' driver.
INFO - 2025-11-05 05:45:55 --> Session: Class initialized using 'CodeIgniter\Session\Handlers\FileHandler' driver.
INFO - 2025-11-05 05:45:58 --> Session: Class initialized using 'CodeIgniter\Session\Handlers\FileHandler' driver.
INFO - 2025-11-05 05:46:05 --> Session: Class initialized using 'CodeIgniter\Session\Handlers\FileHandler' driver.
INFO - 2025-11-05 05:46:15 --> Session: Class initialized using 'CodeIgniter\Session\Handlers\FileHandler' driver.
CRITICAL - 2025-11-05 05:46:18 --> file_get_contents(C:\xampp\htdocs\ereport-ehm\writable\debugbar/debugbar_1762321352.222446.json): Failed to open stream: No such file or directory
in SYSTEMPATH\Debug\Toolbar\Collectors\History.php on line 82.
 1 [internal function]: CodeIgniter\Debug\Exceptions->errorHandler(2, 'file_get_contents(C:\\xampp\\htdocs\\ereport-ehm\\writable\\debugbar/debugbar_1762321352.222446.json): Failed to open stream: No such file or directory', 'C:\\xampp\\htdocs\\ereport-ehm\\system\\Debug\\Toolbar\\Collectors\\History.php', 82)
 2 SYSTEMPATH\Debug\Toolbar\Collectors\History.php(82): file_get_contents('C:\\xampp\\htdocs\\ereport-ehm\\writable\\debugbar/debugbar_1762321352.222446.json')
 3 SYSTEMPATH\Debug\Toolbar.php(495): CodeIgniter\Debug\Toolbar\Collectors\History->setFiles('1762321559.091377', 20)
 4 SYSTEMPATH\Debug\Toolbar.php(474): CodeIgniter\Debug\Toolbar->format([...], 'html')
 5 APPPATH\Config\Events.php(46): CodeIgniter\Debug\Toolbar->respond()
 6 SYSTEMPATH\Events\Events.php(149): CodeIgniter\Events\Events::Config\{closure}()
 7 SYSTEMPATH\CodeIgniter.php(348): CodeIgniter\Events\Events::trigger('pre_system')
 8 FCPATH\index.php(81): CodeIgniter\CodeIgniter->run()
INFO - 2025-11-05 05:46:30 --> Session: Class initialized using 'CodeIgniter\Session\Handlers\FileHandler' driver.
INFO - 2025-11-05 05:46:32 --> Session: Class initialized using 'CodeIgniter\Session\Handlers\FileHandler' driver.
INFO - 2025-11-05 05:46:34 --> Session: Class initialized using 'CodeIgniter\Session\Handlers\FileHandler' driver.
INFO - 2025-11-05 05:46:38 --> Session: Class initialized using 'CodeIgniter\Session\Handlers\FileHandler' driver.
INFO - 2025-11-05 05:46:40 --> Session: Class initialized using 'CodeIgniter\Session\Handlers\FileHandler' driver.
INFO - 2025-11-05 05:46:42 --> Session: Class initialized using 'CodeIgniter\Session\Handlers\FileHandler' driver.
INFO - 2025-11-05 05:47:13 --> Session: Class initialized using 'CodeIgniter\Session\Handlers\FileHandler' driver.
INFO - 2025-11-05 05:47:21 --> Session: Class initialized using 'CodeIgniter\Session\Handlers\FileHandler' driver.
INFO - 2025-11-05 05:47:25 --> Session: Class initialized using 'CodeIgniter\Session\Handlers\FileHandler' driver.
INFO - 2025-11-05 05:47:37 --> Session: Class initialized using 'CodeIgniter\Session\Handlers\FileHandler' driver.
INFO - 2025-11-05 05:47:55 --> Session: Class initialized using 'CodeIgniter\Session\Handlers\FileHandler' driver.
INFO - 2025-11-05 05:47:59 --> Session: Class initialized using 'CodeIgniter\Session\Handlers\FileHandler' driver.
INFO - 2025-11-05 05:48:04 --> Session: Class initialized using 'CodeIgniter\Session\Handlers\FileHandler' driver.
INFO - 2025-11-05 05:48:15 --> Session: Class initialized using 'CodeIgniter\Session\Handlers\FileHandler' driver.
INFO - 2025-11-05 05:48:41 --> Session: Class initialized using 'CodeIgniter\Session\Handlers\FileHandler' driver.
INFO - 2025-11-05 05:48:41 --> Session: Class initialized using 'CodeIgniter\Session\Handlers\FileHandler' driver.
INFO - 2025-11-05 05:48:46 --> Session: Class initialized using 'CodeIgniter\Session\Handlers\FileHandler' driver.
INFO - 2025-11-05 05:48:49 --> Session: Class initialized using 'CodeIgniter\Session\Handlers\FileHandler' driver.
INFO - 2025-11-05 05:48:55 --> Session: Class initialized using 'CodeIgniter\Session\Handlers\FileHandler' driver.
INFO - 2025-11-05 05:49:16 --> Session: Class initialized using 'CodeIgniter\Session\Handlers\FileHandler' driver.
INFO - 2025-11-05 05:49:19 --> Session: Class initialized using 'CodeIgniter\Session\Handlers\FileHandler' driver.
INFO - 2025-11-05 05:49:50 --> Session: Class initialized using 'CodeIgniter\Session\Handlers\FileHandler' driver.
INFO - 2025-11-05 05:50:05 --> Session: Class initialized using 'CodeIgniter\Session\Handlers\FileHandler' driver.
INFO - 2025-11-05 05:50:38 --> Session: Class initialized using 'CodeIgniter\Session\Handlers\FileHandler' driver.
INFO - 2025-11-05 05:50:39 --> Session: Class initialized using 'CodeIgniter\Session\Handlers\FileHandler' driver.
INFO - 2025-11-05 05:50:41 --> Session: Class initialized using 'CodeIgniter\Session\Handlers\FileHandler' driver.
INFO - 2025-11-05 05:50:47 --> Session: Class initialized using 'CodeIgniter\Session\Handlers\FileHandler' driver.
INFO - 2025-11-05 05:51:17 --> Session: Class initialized using 'CodeIgniter\Session\Handlers\FileHandler' driver.
INFO - 2025-11-05 05:51:21 --> Session: Class initialized using 'CodeIgniter\Session\Handlers\FileHandler' driver.
INFO - 2025-11-05 05:51:27 --> Session: Class initialized using 'CodeIgniter\Session\Handlers\FileHandler' driver.
INFO - 2025-11-05 05:51:37 --> Session: Class initialized using 'CodeIgniter\Session\Handlers\FileHandler' driver.
INFO - 2025-11-05 05:51:50 --> Session: Class initialized using 'CodeIgniter\Session\Handlers\FileHandler' driver.
INFO - 2025-11-05 05:51:51 --> Session: Class initialized using 'CodeIgniter\Session\Handlers\FileHandler' driver.
INFO - 2025-11-05 05:52:00 --> Session: Class initialized using 'CodeIgniter\Session\Handlers\FileHandler' driver.
INFO - 2025-11-05 05:52:12 --> Session: Class initialized using 'CodeIgniter\Session\Handlers\FileHandler' driver.
INFO - 2025-11-05 05:52:33 --> Session: Class initialized using 'CodeIgniter\Session\Handlers\FileHandler' driver.
INFO - 2025-11-05 05:52:35 --> Session: Class initialized using 'CodeIgniter\Session\Handlers\FileHandler' driver.
INFO - 2025-11-05 05:52:45 --> Session: Class initialized using 'CodeIgniter\Session\Handlers\FileHandler' driver.
INFO - 2025-11-05 05:52:56 --> Session: Class initialized using 'CodeIgniter\Session\Handlers\FileHandler' driver.
INFO - 2025-11-05 05:53:24 --> Session: Class initialized using 'CodeIgniter\Session\Handlers\FileHandler' driver.
INFO - 2025-11-05 05:53:37 --> Session: Class initialized using 'CodeIgniter\Session\Handlers\FileHandler' driver.
INFO - 2025-11-05 05:53:48 --> Session: Class initialized using 'CodeIgniter\Session\Handlers\FileHandler' driver.
INFO - 2025-11-05 05:53:56 --> Session: Class initialized using 'CodeIgniter\Session\Handlers\FileHandler' driver.
INFO - 2025-11-05 05:54:13 --> Session: Class initialized using 'CodeIgniter\Session\Handlers\FileHandler' driver.
INFO - 2025-11-05 05:54:16 --> Session: Class initialized using 'CodeIgniter\Session\Handlers\FileHandler' driver.
INFO - 2025-11-05 05:54:36 --> Session: Class initialized using 'CodeIgniter\Session\Handlers\FileHandler' driver.
INFO - 2025-11-05 05:54:44 --> Session: Class initialized using 'CodeIgniter\Session\Handlers\FileHandler' driver.
INFO - 2025-11-05 05:55:15 --> Session: Class initialized using 'CodeIgniter\Session\Handlers\FileHandler' driver.
INFO - 2025-11-05 05:55:16 --> Session: Class initialized using 'CodeIgniter\Session\Handlers\FileHandler' driver.
INFO - 2025-11-05 05:55:24 --> Session: Class initialized using 'CodeIgniter\Session\Handlers\FileHandler' driver.
INFO - 2025-11-05 05:55:36 --> Session: Class initialized using 'CodeIgniter\Session\Handlers\FileHandler' driver.
INFO - 2025-11-05 05:55:39 --> Session: Class initialized using 'CodeIgniter\Session\Handlers\FileHandler' driver.
INFO - 2025-11-05 05:55:49 --> Session: Class initialized using 'CodeIgniter\Session\Handlers\FileHandler' driver.
INFO - 2025-11-05 05:55:57 --> Session: Class initialized using 'CodeIgniter\Session\Handlers\FileHandler' driver.
INFO - 2025-11-05 05:56:02 --> Session: Class initialized using 'CodeIgniter\Session\Handlers\FileHandler' driver.
INFO - 2025-11-05 05:56:05 --> Session: Class initialized using 'CodeIgniter\Session\Handlers\FileHandler' driver.
INFO - 2025-11-05 05:56:13 --> Session: Class initialized using 'CodeIgniter\Session\Handlers\FileHandler' driver.
INFO - 2025-11-05 05:56:19 --> Session: Class initialized using 'CodeIgniter\Session\Handlers\FileHandler' driver.
INFO - 2025-11-05 05:56:30 --> Session: Class initialized using 'CodeIgniter\Session\Handlers\FileHandler' driver.
INFO - 2025-11-05 05:58:30 --> Session: Class initialized using 'CodeIgniter\Session\Handlers\FileHandler' driver.
INFO - 2025-11-05 05:58:40 --> Session: Class initialized using 'CodeIgniter\Session\Handlers\FileHandler' driver.
INFO - 2025-11-05 05:58:45 --> Session: Class initialized using 'CodeIgniter\Session\Handlers\FileHandler' driver.
INFO - 2025-11-05 05:59:10 --> Session: Class initialized using 'CodeIgniter\Session\Handlers\FileHandler' driver.
CRITICAL - 2025-11-05 05:59:44 --> unlink(C:\xampp\htdocs\ereport-ehm\writable\debugbar/debugbar_1762322032.663207.json): No such file or directory
in SYSTEMPATH\Debug\Toolbar\Collectors\History.php on line 76.
 1 [internal function]: CodeIgniter\Debug\Exceptions->errorHandler(2, 'unlink(C:\\xampp\\htdocs\\ereport-ehm\\writable\\debugbar/debugbar_1762322032.663207.json): No such file or directory', 'C:\\xampp\\htdocs\\ereport-ehm\\system\\Debug\\Toolbar\\Collectors\\History.php', 76)
 2 SYSTEMPATH\Debug\Toolbar\Collectors\History.php(76): unlink('C:\\xampp\\htdocs\\ereport-ehm\\writable\\debugbar/debugbar_1762322032.663207.json')
 3 SYSTEMPATH\Debug\Toolbar.php(495): CodeIgniter\Debug\Toolbar\Collectors\History->setFiles('1762322330.126177', 20)
 4 SYSTEMPATH\Debug\Toolbar.php(474): CodeIgniter\Debug\Toolbar->format([...], 'html')
 5 APPPATH\Config\Events.php(46): CodeIgniter\Debug\Toolbar->respond()
 6 SYSTEMPATH\Events\Events.php(149): CodeIgniter\Events\Events::Config\{closure}()
 7 SYSTEMPATH\CodeIgniter.php(348): CodeIgniter\Events\Events::trigger('pre_system')
 8 FCPATH\index.php(81): CodeIgniter\CodeIgniter->run()
INFO - 2025-11-05 05:59:44 --> Session: Class initialized using 'CodeIgniter\Session\Handlers\FileHandler' driver.
INFO - 2025-11-05 05:59:50 --> Session: Class initialized using 'CodeIgniter\Session\Handlers\FileHandler' driver.
INFO - 2025-11-05 06:01:39 --> Session: Class initialized using 'CodeIgniter\Session\Handlers\FileHandler' driver.
INFO - 2025-11-05 06:01:47 --> Session: Class initialized using 'CodeIgniter\Session\Handlers\FileHandler' driver.
INFO - 2025-11-05 06:01:59 --> Session: Class initialized using 'CodeIgniter\Session\Handlers\FileHandler' driver.
INFO - 2025-11-05 06:02:03 --> Session: Class initialized using 'CodeIgniter\Session\Handlers\FileHandler' driver.
INFO - 2025-11-05 06:02:06 --> Session: Class initialized using 'CodeIgniter\Session\Handlers\FileHandler' driver.
INFO - 2025-11-05 06:02:08 --> Session: Class initialized using 'CodeIgniter\Session\Handlers\FileHandler' driver.
INFO - 2025-11-05 06:02:13 --> Session: Class initialized using 'CodeIgniter\Session\Handlers\FileHandler' driver.
INFO - 2025-11-05 06:02:28 --> Session: Class initialized using 'CodeIgniter\Session\Handlers\FileHandler' driver.
INFO - 2025-11-05 06:02:43 --> Session: Class initialized using 'CodeIgniter\Session\Handlers\FileHandler' driver.
CRITICAL - 2025-11-05 06:02:51 --> unlink(C:\xampp\htdocs\ereport-ehm\writable\debugbar/debugbar_1762322139.358210.json): No such file or directory
in SYSTEMPATH\Debug\Toolbar\Collectors\History.php on line 76.
 1 [internal function]: CodeIgniter\Debug\Exceptions->errorHandler(2, 'unlink(C:\\xampp\\htdocs\\ereport-ehm\\writable\\debugbar/debugbar_1762322139.358210.json): No such file or directory', 'C:\\xampp\\htdocs\\ereport-ehm\\system\\Debug\\Toolbar\\Collectors\\History.php', 76)
 2 SYSTEMPATH\Debug\Toolbar\Collectors\History.php(76): unlink('C:\\xampp\\htdocs\\ereport-ehm\\writable\\debugbar/debugbar_1762322139.358210.json')
 3 SYSTEMPATH\Debug\Toolbar.php(495): CodeIgniter\Debug\Toolbar\Collectors\History->setFiles('1762322551.727912', 20)
 4 SYSTEMPATH\Debug\Toolbar.php(474): CodeIgniter\Debug\Toolbar->format([...], 'html')
 5 APPPATH\Config\Events.php(46): CodeIgniter\Debug\Toolbar->respond()
 6 SYSTEMPATH\Events\Events.php(149): CodeIgniter\Events\Events::Config\{closure}()
 7 SYSTEMPATH\CodeIgniter.php(348): CodeIgniter\Events\Events::trigger('pre_system')
 8 FCPATH\index.php(81): CodeIgniter\CodeIgniter->run()
INFO - 2025-11-05 06:03:21 --> Session: Class initialized using 'CodeIgniter\Session\Handlers\FileHandler' driver.
INFO - 2025-11-05 06:03:29 --> Session: Class initialized using 'CodeIgniter\Session\Handlers\FileHandler' driver.
INFO - 2025-11-05 06:03:44 --> Session: Class initialized using 'CodeIgniter\Session\Handlers\FileHandler' driver.
INFO - 2025-11-05 06:04:05 --> Session: Class initialized using 'CodeIgniter\Session\Handlers\FileHandler' driver.
INFO - 2025-11-05 06:05:08 --> Session: Class initialized using 'CodeIgniter\Session\Handlers\FileHandler' driver.
INFO - 2025-11-05 06:06:06 --> Session: Class initialized using 'CodeIgniter\Session\Handlers\FileHandler' driver.
INFO - 2025-11-05 06:06:18 --> Session: Class initialized using 'CodeIgniter\Session\Handlers\FileHandler' driver.
INFO - 2025-11-05 06:06:24 --> Session: Class initialized using 'CodeIgniter\Session\Handlers\FileHandler' driver.
CRITICAL - 2025-11-05 06:06:35 --> unlink(C:\xampp\htdocs\ereport-ehm\writable\debugbar/debugbar_1762322330.126177.json): No such file or directory
in SYSTEMPATH\Debug\Toolbar\Collectors\History.php on line 76.
 1 [internal function]: CodeIgniter\Debug\Exceptions->errorHandler(2, 'unlink(C:\\xampp\\htdocs\\ereport-ehm\\writable\\debugbar/debugbar_1762322330.126177.json): No such file or directory', 'C:\\xampp\\htdocs\\ereport-ehm\\system\\Debug\\Toolbar\\Collectors\\History.php', 76)
 2 SYSTEMPATH\Debug\Toolbar\Collectors\History.php(76): unlink('C:\\xampp\\htdocs\\ereport-ehm\\writable\\debugbar/debugbar_1762322330.126177.json')
 3 SYSTEMPATH\Debug\Toolbar.php(495): CodeIgniter\Debug\Toolbar\Collectors\History->setFiles('1762322781.764298', 20)
 4 SYSTEMPATH\Debug\Toolbar.php(474): CodeIgniter\Debug\Toolbar->format([...], 'html')
 5 APPPATH\Config\Events.php(46): CodeIgniter\Debug\Toolbar->respond()
 6 SYSTEMPATH\Events\Events.php(149): CodeIgniter\Events\Events::Config\{closure}()
 7 SYSTEMPATH\CodeIgniter.php(348): CodeIgniter\Events\Events::trigger('pre_system')
 8 FCPATH\index.php(81): CodeIgniter\CodeIgniter->run()
INFO - 2025-11-05 06:06:57 --> Session: Class initialized using 'CodeIgniter\Session\Handlers\FileHandler' driver.
INFO - 2025-11-05 06:07:04 --> Session: Class initialized using 'CodeIgniter\Session\Handlers\FileHandler' driver.
INFO - 2025-11-05 06:07:14 --> Session: Class initialized using 'CodeIgniter\Session\Handlers\FileHandler' driver.
INFO - 2025-11-05 06:07:36 --> Session: Class initialized using 'CodeIgniter\Session\Handlers\FileHandler' driver.
INFO - 2025-11-05 06:07:52 --> Session: Class initialized using 'CodeIgniter\Session\Handlers\FileHandler' driver.
INFO - 2025-11-05 06:07:55 --> Session: Class initialized using 'CodeIgniter\Session\Handlers\FileHandler' driver.
INFO - 2025-11-05 06:07:56 --> Session: Class initialized using 'CodeIgniter\Session\Handlers\FileHandler' driver.
INFO - 2025-11-05 06:08:12 --> Session: Class initialized using 'CodeIgniter\Session\Handlers\FileHandler' driver.
INFO - 2025-11-05 06:08:16 --> Session: Class initialized using 'CodeIgniter\Session\Handlers\FileHandler' driver.
INFO - 2025-11-05 06:08:26 --> Session: Class initialized using 'CodeIgniter\Session\Handlers\FileHandler' driver.
INFO - 2025-11-05 06:08:38 --> Session: Class initialized using 'CodeIgniter\Session\Handlers\FileHandler' driver.
INFO - 2025-11-05 06:08:52 --> Session: Class initialized using 'CodeIgniter\Session\Handlers\FileHandler' driver.
INFO - 2025-11-05 06:08:56 --> Session: Class initialized using 'CodeIgniter\Session\Handlers\FileHandler' driver.
INFO - 2025-11-05 06:08:59 --> Session: Class initialized using 'CodeIgniter\Session\Handlers\FileHandler' driver.
INFO - 2025-11-05 06:09:07 --> Session: Class initialized using 'CodeIgniter\Session\Handlers\FileHandler' driver.
INFO - 2025-11-05 06:09:30 --> Session: Class initialized using 'CodeIgniter\Session\Handlers\FileHandler' driver.
INFO - 2025-11-05 06:10:02 --> Session: Class initialized using 'CodeIgniter\Session\Handlers\FileHandler' driver.
INFO - 2025-11-05 06:10:16 --> Session: Class initialized using 'CodeIgniter\Session\Handlers\FileHandler' driver.
INFO - 2025-11-05 06:10:16 --> Session: Class initialized using 'CodeIgniter\Session\Handlers\FileHandler' driver.
INFO - 2025-11-05 06:10:25 --> Session: Class initialized using 'CodeIgniter\Session\Handlers\FileHandler' driver.
INFO - 2025-11-05 06:10:49 --> Session: Class initialized using 'CodeIgniter\Session\Handlers\FileHandler' driver.
INFO - 2025-11-05 06:11:15 --> Session: Class initialized using 'CodeIgniter\Session\Handlers\FileHandler' driver.
INFO - 2025-11-05 06:11:17 --> Session: Class initialized using 'CodeIgniter\Session\Handlers\FileHandler' driver.
INFO - 2025-11-05 06:11:30 --> Session: Class initialized using 'CodeIgniter\Session\Handlers\FileHandler' driver.
INFO - 2025-11-05 06:12:03 --> Session: Class initialized using 'CodeIgniter\Session\Handlers\FileHandler' driver.
CRITICAL - 2025-11-05 06:12:06 --> unlink(C:\xampp\htdocs\ereport-ehm\writable\debugbar/debugbar_1762322837.291590.json): No such file or directory
in SYSTEMPATH\Debug\Toolbar\Collectors\History.php on line 76.
 1 [internal function]: CodeIgniter\Debug\Exceptions->errorHandler(2, 'unlink(C:\\xampp\\htdocs\\ereport-ehm\\writable\\debugbar/debugbar_1762322837.291590.json): No such file or directory', 'C:\\xampp\\htdocs\\ereport-ehm\\system\\Debug\\Toolbar\\Collectors\\History.php', 76)
 2 SYSTEMPATH\Debug\Toolbar\Collectors\History.php(76): unlink('C:\\xampp\\htdocs\\ereport-ehm\\writable\\debugbar/debugbar_1762322837.291590.json')
 3 SYSTEMPATH\Debug\Toolbar.php(495): CodeIgniter\Debug\Toolbar\Collectors\History->setFiles('1762323079.126185', 20)
 4 SYSTEMPATH\Debug\Toolbar.php(474): CodeIgniter\Debug\Toolbar->format([...], 'html')
 5 APPPATH\Config\Events.php(46): CodeIgniter\Debug\Toolbar->respond()
 6 SYSTEMPATH\Events\Events.php(149): CodeIgniter\Events\Events::Config\{closure}()
 7 SYSTEMPATH\CodeIgniter.php(348): CodeIgniter\Events\Events::trigger('pre_system')
 8 FCPATH\index.php(81): CodeIgniter\CodeIgniter->run()
INFO - 2025-11-05 06:12:24 --> Session: Class initialized using 'CodeIgniter\Session\Handlers\FileHandler' driver.
INFO - 2025-11-05 06:12:24 --> Session: Class initialized using 'CodeIgniter\Session\Handlers\FileHandler' driver.
INFO - 2025-11-05 06:12:33 --> Session: Class initialized using 'CodeIgniter\Session\Handlers\FileHandler' driver.
INFO - 2025-11-05 06:12:52 --> Session: Class initialized using 'CodeIgniter\Session\Handlers\FileHandler' driver.
INFO - 2025-11-05 06:12:56 --> Session: Class initialized using 'CodeIgniter\Session\Handlers\FileHandler' driver.
INFO - 2025-11-05 06:13:22 --> Session: Class initialized using 'CodeIgniter\Session\Handlers\FileHandler' driver.
INFO - 2025-11-05 06:13:43 --> Session: Class initialized using 'CodeIgniter\Session\Handlers\FileHandler' driver.
INFO - 2025-11-05 06:13:46 --> Session: Class initialized using 'CodeIgniter\Session\Handlers\FileHandler' driver.
INFO - 2025-11-05 06:13:49 --> Session: Class initialized using 'CodeIgniter\Session\Handlers\FileHandler' driver.
INFO - 2025-11-05 06:13:53 --> Session: Class initialized using 'CodeIgniter\Session\Handlers\FileHandler' driver.
INFO - 2025-11-05 06:16:10 --> Session: Class initialized using 'CodeIgniter\Session\Handlers\FileHandler' driver.
INFO - 2025-11-05 06:18:28 --> Session: Class initialized using 'CodeIgniter\Session\Handlers\FileHandler' driver.
INFO - 2025-11-05 06:19:18 --> Session: Class initialized using 'CodeIgniter\Session\Handlers\FileHandler' driver.
INFO - 2025-11-05 06:19:23 --> Session: Class initialized using 'CodeIgniter\Session\Handlers\FileHandler' driver.
INFO - 2025-11-05 06:19:56 --> Session: Class initialized using 'CodeIgniter\Session\Handlers\FileHandler' driver.
WARNING - 2025-11-05 06:19:56 --> [DEPRECATED] Creation of dynamic property App\Controllers\Suhu::$MasterDataModel is deprecated in APPPATH\Controllers\Suhu.php on line 205.
 1 SYSTEMPATH\CodeIgniter.php(904): App\Controllers\Suhu->__construct()
 2 SYSTEMPATH\CodeIgniter.php(488): CodeIgniter\CodeIgniter->createController()
 3 SYSTEMPATH\CodeIgniter.php(366): CodeIgniter\CodeIgniter->handleRequest(null, Object(Config\Cache), false)
 4 FCPATH\index.php(81): CodeIgniter\CodeIgniter->run()
WARNING - 2025-11-05 06:20:43 --> [DEPRECATED] Creation of dynamic property App\Controllers\Suhu::$MasterDataModel is deprecated in APPPATH\Controllers\Suhu.php on line 205.
 1 SYSTEMPATH\CodeIgniter.php(904): App\Controllers\Suhu->__construct()
 2 SYSTEMPATH\CodeIgniter.php(488): CodeIgniter\CodeIgniter->createController()
 3 SYSTEMPATH\CodeIgniter.php(366): CodeIgniter\CodeIgniter->handleRequest(null, Object(Config\Cache), false)
 4 FCPATH\index.php(81): CodeIgniter\CodeIgniter->run()
INFO - 2025-11-05 06:20:43 --> Session: Class initialized using 'CodeIgniter\Session\Handlers\FileHandler' driver.
WARNING - 2025-11-05 06:20:52 --> [DEPRECATED] Creation of dynamic property App\Controllers\Suhu::$MasterDataModel is deprecated in APPPATH\Controllers\Suhu.php on line 205.
 1 SYSTEMPATH\CodeIgniter.php(904): App\Controllers\Suhu->__construct()
 2 SYSTEMPATH\CodeIgniter.php(488): CodeIgniter\CodeIgniter->createController()
 3 SYSTEMPATH\CodeIgniter.php(366): CodeIgniter\CodeIgniter->handleRequest(null, Object(Config\Cache), false)
 4 FCPATH\index.php(81): CodeIgniter\CodeIgniter->run()
INFO - 2025-11-05 06:20:52 --> Session: Class initialized using 'CodeIgniter\Session\Handlers\FileHandler' driver.
WARNING - 2025-11-05 06:21:00 --> [DEPRECATED] Creation of dynamic property App\Controllers\Suhu::$MasterDataModel is deprecated in APPPATH\Controllers\Suhu.php on line 205.
 1 SYSTEMPATH\CodeIgniter.php(904): App\Controllers\Suhu->__construct()
 2 SYSTEMPATH\CodeIgniter.php(488): CodeIgniter\CodeIgniter->createController()
 3 SYSTEMPATH\CodeIgniter.php(366): CodeIgniter\CodeIgniter->handleRequest(null, Object(Config\Cache), false)
 4 FCPATH\index.php(81): CodeIgniter\CodeIgniter->run()
CRITICAL - 2025-11-05 06:21:00 --> Trying to access array offset on value of type null
in APPPATH\Controllers\Suhu.php on line 162.
 1 APPPATH\Controllers\Suhu.php(162): CodeIgniter\Debug\Exceptions->errorHandler(2, 'Trying to access array offset on value of type null', 'C:\\xampp\\htdocs\\ereport-ehm\\app\\Controllers\\Suhu.php', 162)
 2 SYSTEMPATH\CodeIgniter.php(932): App\Controllers\Suhu->AddSuhu('jquery.js')
 3 SYSTEMPATH\CodeIgniter.php(497): CodeIgniter\CodeIgniter->runController(Object(App\Controllers\Suhu))
 4 SYSTEMPATH\CodeIgniter.php(366): CodeIgniter\CodeIgniter->handleRequest(null, Object(Config\Cache), false)
 5 FCPATH\index.php(81): CodeIgniter\CodeIgniter->run()
WARNING - 2025-11-05 06:21:01 --> [DEPRECATED] Creation of dynamic property App\Controllers\Suhu::$MasterDataModel is deprecated in APPPATH\Controllers\Suhu.php on line 205.
 1 SYSTEMPATH\CodeIgniter.php(904): App\Controllers\Suhu->__construct()
 2 SYSTEMPATH\CodeIgniter.php(488): CodeIgniter\CodeIgniter->createController()
 3 SYSTEMPATH\CodeIgniter.php(366): CodeIgniter\CodeIgniter->handleRequest(null, Object(Config\Cache), false)
 4 FCPATH\index.php(81): CodeIgniter\CodeIgniter->run()
CRITICAL - 2025-11-05 06:21:02 --> Trying to access array offset on value of type null
in APPPATH\Controllers\Suhu.php on line 162.
 1 APPPATH\Controllers\Suhu.php(162): CodeIgniter\Debug\Exceptions->errorHandler(2, 'Trying to access array offset on value of type null', 'C:\\xampp\\htdocs\\ereport-ehm\\app\\Controllers\\Suhu.php', 162)
 2 SYSTEMPATH\CodeIgniter.php(932): App\Controllers\Suhu->AddSuhu('bootstrap.js')
 3 SYSTEMPATH\CodeIgniter.php(497): CodeIgniter\CodeIgniter->runController(Object(App\Controllers\Suhu))
 4 SYSTEMPATH\CodeIgniter.php(366): CodeIgniter\CodeIgniter->handleRequest(null, Object(Config\Cache), false)
 5 FCPATH\index.php(81): CodeIgniter\CodeIgniter->run()
INFO - 2025-11-05 06:22:11 --> Session: Class initialized using 'CodeIgniter\Session\Handlers\FileHandler' driver.
INFO - 2025-11-05 06:22:22 --> Session: Class initialized using 'CodeIgniter\Session\Handlers\FileHandler' driver.
INFO - 2025-11-05 06:24:13 --> Session: Class initialized using 'CodeIgniter\Session\Handlers\FileHandler' driver.
INFO - 2025-11-05 06:24:24 --> Session: Class initialized using 'CodeIgniter\Session\Handlers\FileHandler' driver.
INFO - 2025-11-05 06:24:43 --> Session: Class initialized using 'CodeIgniter\Session\Handlers\FileHandler' driver.
INFO - 2025-11-05 06:24:46 --> Session: Class initialized using 'CodeIgniter\Session\Handlers\FileHandler' driver.
WARNING - 2025-11-05 06:25:22 --> [DEPRECATED] Creation of dynamic property App\Controllers\Suhu::$MasterDataModel is deprecated in APPPATH\Controllers\Suhu.php on line 205.
 1 SYSTEMPATH\CodeIgniter.php(904): App\Controllers\Suhu->__construct()
 2 SYSTEMPATH\CodeIgniter.php(488): CodeIgniter\CodeIgniter->createController()
 3 SYSTEMPATH\CodeIgniter.php(366): CodeIgniter\CodeIgniter->handleRequest(null, Object(Config\Cache), false)
 4 FCPATH\index.php(81): CodeIgniter\CodeIgniter->run()
INFO - 2025-11-05 06:25:23 --> Session: Class initialized using 'CodeIgniter\Session\Handlers\FileHandler' driver.
INFO - 2025-11-05 06:25:26 --> Session: Class initialized using 'CodeIgniter\Session\Handlers\FileHandler' driver.
INFO - 2025-11-05 06:27:04 --> Session: Class initialized using 'CodeIgniter\Session\Handlers\FileHandler' driver.
INFO - 2025-11-05 06:27:24 --> Session: Class initialized using 'CodeIgniter\Session\Handlers\FileHandler' driver.
INFO - 2025-11-05 06:27:32 --> Session: Class initialized using 'CodeIgniter\Session\Handlers\FileHandler' driver.
INFO - 2025-11-05 06:27:43 --> Session: Class initialized using 'CodeIgniter\Session\Handlers\FileHandler' driver.
INFO - 2025-11-05 06:28:02 --> Session: Class initialized using 'CodeIgniter\Session\Handlers\FileHandler' driver.
WARNING - 2025-11-05 06:28:02 --> [DEPRECATED] Creation of dynamic property App\Controllers\Suhu::$MasterDataModel is deprecated in APPPATH\Controllers\Suhu.php on line 205.
 1 SYSTEMPATH\CodeIgniter.php(904): App\Controllers\Suhu->__construct()
 2 SYSTEMPATH\CodeIgniter.php(488): CodeIgniter\CodeIgniter->createController()
 3 SYSTEMPATH\CodeIgniter.php(366): CodeIgniter\CodeIgniter->handleRequest(null, Object(Config\Cache), false)
 4 FCPATH\index.php(81): CodeIgniter\CodeIgniter->run()
WARNING - 2025-11-05 06:28:14 --> [DEPRECATED] Creation of dynamic property App\Controllers\Suhu::$MasterDataModel is deprecated in APPPATH\Controllers\Suhu.php on line 205.
 1 SYSTEMPATH\CodeIgniter.php(904): App\Controllers\Suhu->__construct()
 2 SYSTEMPATH\CodeIgniter.php(488): CodeIgniter\CodeIgniter->createController()
 3 SYSTEMPATH\CodeIgniter.php(366): CodeIgniter\CodeIgniter->handleRequest(null, Object(Config\Cache), false)
 4 FCPATH\index.php(81): CodeIgniter\CodeIgniter->run()
INFO - 2025-11-05 06:28:15 --> Session: Class initialized using 'CodeIgniter\Session\Handlers\FileHandler' driver.
WARNING - 2025-11-05 06:28:18 --> [DEPRECATED] Creation of dynamic property App\Controllers\Suhu::$MasterDataModel is deprecated in APPPATH\Controllers\Suhu.php on line 205.
 1 SYSTEMPATH\CodeIgniter.php(904): App\Controllers\Suhu->__construct()
 2 SYSTEMPATH\CodeIgniter.php(488): CodeIgniter\CodeIgniter->createController()
 3 SYSTEMPATH\CodeIgniter.php(366): CodeIgniter\CodeIgniter->handleRequest(null, Object(Config\Cache), false)
 4 FCPATH\index.php(81): CodeIgniter\CodeIgniter->run()
INFO - 2025-11-05 06:28:20 --> Session: Class initialized using 'CodeIgniter\Session\Handlers\FileHandler' driver.
WARNING - 2025-11-05 06:28:23 --> [DEPRECATED] Creation of dynamic property App\Controllers\Suhu::$MasterDataModel is deprecated in APPPATH\Controllers\Suhu.php on line 205.
 1 SYSTEMPATH\CodeIgniter.php(904): App\Controllers\Suhu->__construct()
 2 SYSTEMPATH\CodeIgniter.php(488): CodeIgniter\CodeIgniter->createController()
 3 SYSTEMPATH\CodeIgniter.php(366): CodeIgniter\CodeIgniter->handleRequest(null, Object(Config\Cache), false)
 4 FCPATH\index.php(81): CodeIgniter\CodeIgniter->run()
CRITICAL - 2025-11-05 06:28:23 --> Trying to access array offset on value of type null
in APPPATH\Controllers\Suhu.php on line 162.
 1 APPPATH\Controllers\Suhu.php(162): CodeIgniter\Debug\Exceptions->errorHandler(2, 'Trying to access array offset on value of type null', 'C:\\xampp\\htdocs\\ereport-ehm\\app\\Controllers\\Suhu.php', 162)
 2 SYSTEMPATH\CodeIgniter.php(932): App\Controllers\Suhu->AddSuhu('jquery.js')
 3 SYSTEMPATH\CodeIgniter.php(497): CodeIgniter\CodeIgniter->runController(Object(App\Controllers\Suhu))
 4 SYSTEMPATH\CodeIgniter.php(366): CodeIgniter\CodeIgniter->handleRequest(null, Object(Config\Cache), false)
 5 FCPATH\index.php(81): CodeIgniter\CodeIgniter->run()
WARNING - 2025-11-05 06:28:24 --> [DEPRECATED] Creation of dynamic property App\Controllers\Suhu::$MasterDataModel is deprecated in APPPATH\Controllers\Suhu.php on line 205.
 1 SYSTEMPATH\CodeIgniter.php(904): App\Controllers\Suhu->__construct()
 2 SYSTEMPATH\CodeIgniter.php(488): CodeIgniter\CodeIgniter->createController()
 3 SYSTEMPATH\CodeIgniter.php(366): CodeIgniter\CodeIgniter->handleRequest(null, Object(Config\Cache), false)
 4 FCPATH\index.php(81): CodeIgniter\CodeIgniter->run()
CRITICAL - 2025-11-05 06:28:24 --> Trying to access array offset on value of type null
in APPPATH\Controllers\Suhu.php on line 162.
 1 APPPATH\Controllers\Suhu.php(162): CodeIgniter\Debug\Exceptions->errorHandler(2, 'Trying to access array offset on value of type null', 'C:\\xampp\\htdocs\\ereport-ehm\\app\\Controllers\\Suhu.php', 162)
 2 SYSTEMPATH\CodeIgniter.php(932): App\Controllers\Suhu->AddSuhu('bootstrap.js')
 3 SYSTEMPATH\CodeIgniter.php(497): CodeIgniter\CodeIgniter->runController(Object(App\Controllers\Suhu))
 4 SYSTEMPATH\CodeIgniter.php(366): CodeIgniter\CodeIgniter->handleRequest(null, Object(Config\Cache), false)
 5 FCPATH\index.php(81): CodeIgniter\CodeIgniter->run()
WARNING - 2025-11-05 06:28:27 --> [DEPRECATED] Creation of dynamic property App\Controllers\Suhu::$MasterDataModel is deprecated in APPPATH\Controllers\Suhu.php on line 205.
 1 SYSTEMPATH\CodeIgniter.php(904): App\Controllers\Suhu->__construct()
 2 SYSTEMPATH\CodeIgniter.php(488): CodeIgniter\CodeIgniter->createController()
 3 SYSTEMPATH\CodeIgniter.php(366): CodeIgniter\CodeIgniter->handleRequest(null, Object(Config\Cache), false)
 4 FCPATH\index.php(81): CodeIgniter\CodeIgniter->run()
INFO - 2025-11-05 06:28:27 --> Session: Class initialized using 'CodeIgniter\Session\Handlers\FileHandler' driver.
WARNING - 2025-11-05 06:28:31 --> [DEPRECATED] Creation of dynamic property App\Controllers\Suhu::$MasterDataModel is deprecated in APPPATH\Controllers\Suhu.php on line 205.
 1 SYSTEMPATH\CodeIgniter.php(904): App\Controllers\Suhu->__construct()
 2 SYSTEMPATH\CodeIgniter.php(488): CodeIgniter\CodeIgniter->createController()
 3 SYSTEMPATH\CodeIgniter.php(366): CodeIgniter\CodeIgniter->handleRequest(null, Object(Config\Cache), false)
 4 FCPATH\index.php(81): CodeIgniter\CodeIgniter->run()
INFO - 2025-11-05 06:28:31 --> Session: Class initialized using 'CodeIgniter\Session\Handlers\FileHandler' driver.
WARNING - 2025-11-05 06:28:31 --> [DEPRECATED] Creation of dynamic property App\Controllers\Suhu::$MasterDataModel is deprecated in APPPATH\Controllers\Suhu.php on line 205.
 1 SYSTEMPATH\CodeIgniter.php(904): App\Controllers\Suhu->__construct()
 2 SYSTEMPATH\CodeIgniter.php(488): CodeIgniter\CodeIgniter->createController()
 3 SYSTEMPATH\CodeIgniter.php(366): CodeIgniter\CodeIgniter->handleRequest(null, Object(Config\Cache), false)
 4 FCPATH\index.php(81): CodeIgniter\CodeIgniter->run()
CRITICAL - 2025-11-05 06:28:31 --> Trying to access array offset on value of type null
in APPPATH\Controllers\Suhu.php on line 162.
 1 APPPATH\Controllers\Suhu.php(162): CodeIgniter\Debug\Exceptions->errorHandler(2, 'Trying to access array offset on value of type null', 'C:\\xampp\\htdocs\\ereport-ehm\\app\\Controllers\\Suhu.php', 162)
 2 SYSTEMPATH\CodeIgniter.php(932): App\Controllers\Suhu->AddSuhu('jquery.js')
 3 SYSTEMPATH\CodeIgniter.php(497): CodeIgniter\CodeIgniter->runController(Object(App\Controllers\Suhu))
 4 SYSTEMPATH\CodeIgniter.php(366): CodeIgniter\CodeIgniter->handleRequest(null, Object(Config\Cache), false)
 5 FCPATH\index.php(81): CodeIgniter\CodeIgniter->run()
WARNING - 2025-11-05 06:28:33 --> [DEPRECATED] Creation of dynamic property App\Controllers\Suhu::$MasterDataModel is deprecated in APPPATH\Controllers\Suhu.php on line 205.
 1 SYSTEMPATH\CodeIgniter.php(904): App\Controllers\Suhu->__construct()
 2 SYSTEMPATH\CodeIgniter.php(488): CodeIgniter\CodeIgniter->createController()
 3 SYSTEMPATH\CodeIgniter.php(366): CodeIgniter\CodeIgniter->handleRequest(null, Object(Config\Cache), false)
 4 FCPATH\index.php(81): CodeIgniter\CodeIgniter->run()
CRITICAL - 2025-11-05 06:28:33 --> Trying to access array offset on value of type null
in APPPATH\Controllers\Suhu.php on line 162.
 1 APPPATH\Controllers\Suhu.php(162): CodeIgniter\Debug\Exceptions->errorHandler(2, 'Trying to access array offset on value of type null', 'C:\\xampp\\htdocs\\ereport-ehm\\app\\Controllers\\Suhu.php', 162)
 2 SYSTEMPATH\CodeIgniter.php(932): App\Controllers\Suhu->AddSuhu('bootstrap.js')
 3 SYSTEMPATH\CodeIgniter.php(497): CodeIgniter\CodeIgniter->runController(Object(App\Controllers\Suhu))
 4 SYSTEMPATH\CodeIgniter.php(366): CodeIgniter\CodeIgniter->handleRequest(null, Object(Config\Cache), false)
 5 FCPATH\index.php(81): CodeIgniter\CodeIgniter->run()
INFO - 2025-11-05 06:28:36 --> Session: Class initialized using 'CodeIgniter\Session\Handlers\FileHandler' driver.
INFO - 2025-11-05 06:28:45 --> Session: Class initialized using 'CodeIgniter\Session\Handlers\FileHandler' driver.
INFO - 2025-11-05 06:29:15 --> Session: Class initialized using 'CodeIgniter\Session\Handlers\FileHandler' driver.
INFO - 2025-11-05 06:29:39 --> Session: Class initialized using 'CodeIgniter\Session\Handlers\FileHandler' driver.
INFO - 2025-11-05 06:29:45 --> Session: Class initialized using 'CodeIgniter\Session\Handlers\FileHandler' driver.
WARNING - 2025-11-05 06:30:00 --> [DEPRECATED] Creation of dynamic property App\Controllers\Suhu::$MasterDataModel is deprecated in APPPATH\Controllers\Suhu.php on line 205.
 1 SYSTEMPATH\CodeIgniter.php(904): App\Controllers\Suhu->__construct()
 2 SYSTEMPATH\CodeIgniter.php(488): CodeIgniter\CodeIgniter->createController()
 3 SYSTEMPATH\CodeIgniter.php(366): CodeIgniter\CodeIgniter->handleRequest(null, Object(Config\Cache), false)
 4 FCPATH\index.php(81): CodeIgniter\CodeIgniter->run()
INFO - 2025-11-05 06:30:01 --> Session: Class initialized using 'CodeIgniter\Session\Handlers\FileHandler' driver.
INFO - 2025-11-05 06:30:10 --> Session: Class initialized using 'CodeIgniter\Session\Handlers\FileHandler' driver.
CRITICAL - 2025-11-05 06:30:13 --> unlink(C:\xampp\htdocs\ereport-ehm\writable\debugbar/debugbar_1762323735.559355.json): No such file or directory
in SYSTEMPATH\Debug\Toolbar\Collectors\History.php on line 76.
 1 [internal function]: CodeIgniter\Debug\Exceptions->errorHandler(2, 'unlink(C:\\xampp\\htdocs\\ereport-ehm\\writable\\debugbar/debugbar_1762323735.559355.json): No such file or directory', 'C:\\xampp\\htdocs\\ereport-ehm\\system\\Debug\\Toolbar\\Collectors\\History.php', 76)
 2 SYSTEMPATH\Debug\Toolbar\Collectors\History.php(76): unlink('C:\\xampp\\htdocs\\ereport-ehm\\writable\\debugbar/debugbar_1762323735.559355.json')
 3 SYSTEMPATH\Debug\Toolbar.php(495): CodeIgniter\Debug\Toolbar\Collectors\History->setFiles('1762324185.622346', 20)
 4 SYSTEMPATH\Debug\Toolbar.php(474): CodeIgniter\Debug\Toolbar->format([...], 'html')
 5 APPPATH\Config\Events.php(46): CodeIgniter\Debug\Toolbar->respond()
 6 SYSTEMPATH\Events\Events.php(149): CodeIgniter\Events\Events::Config\{closure}()
 7 SYSTEMPATH\CodeIgniter.php(348): CodeIgniter\Events\Events::trigger('pre_system')
 8 FCPATH\index.php(81): CodeIgniter\CodeIgniter->run()
INFO - 2025-11-05 06:30:32 --> Session: Class initialized using 'CodeIgniter\Session\Handlers\FileHandler' driver.
INFO - 2025-11-05 06:30:44 --> Session: Class initialized using 'CodeIgniter\Session\Handlers\FileHandler' driver.
INFO - 2025-11-05 06:30:58 --> Session: Class initialized using 'CodeIgniter\Session\Handlers\FileHandler' driver.
INFO - 2025-11-05 06:31:05 --> Session: Class initialized using 'CodeIgniter\Session\Handlers\FileHandler' driver.
INFO - 2025-11-05 06:31:25 --> Session: Class initialized using 'CodeIgniter\Session\Handlers\FileHandler' driver.
WARNING - 2025-11-05 06:31:25 --> [DEPRECATED] Creation of dynamic property App\Controllers\Suhu::$MasterDataModel is deprecated in APPPATH\Controllers\Suhu.php on line 205.
 1 SYSTEMPATH\CodeIgniter.php(904): App\Controllers\Suhu->__construct()
 2 SYSTEMPATH\CodeIgniter.php(488): CodeIgniter\CodeIgniter->createController()
 3 SYSTEMPATH\CodeIgniter.php(366): CodeIgniter\CodeIgniter->handleRequest(null, Object(Config\Cache), false)
 4 FCPATH\index.php(81): CodeIgniter\CodeIgniter->run()
WARNING - 2025-11-05 06:31:51 --> [DEPRECATED] Creation of dynamic property App\Controllers\Suhu::$MasterDataModel is deprecated in APPPATH\Controllers\Suhu.php on line 205.
 1 SYSTEMPATH\CodeIgniter.php(904): App\Controllers\Suhu->__construct()
 2 SYSTEMPATH\CodeIgniter.php(488): CodeIgniter\CodeIgniter->createController()
 3 SYSTEMPATH\CodeIgniter.php(366): CodeIgniter\CodeIgniter->handleRequest(null, Object(Config\Cache), false)
 4 FCPATH\index.php(81): CodeIgniter\CodeIgniter->run()
INFO - 2025-11-05 06:31:53 --> Session: Class initialized using 'CodeIgniter\Session\Handlers\FileHandler' driver.
WARNING - 2025-11-05 06:31:57 --> [DEPRECATED] Creation of dynamic property App\Controllers\Suhu::$MasterDataModel is deprecated in APPPATH\Controllers\Suhu.php on line 205.
 1 SYSTEMPATH\CodeIgniter.php(904): App\Controllers\Suhu->__construct()
 2 SYSTEMPATH\CodeIgniter.php(488): CodeIgniter\CodeIgniter->createController()
 3 SYSTEMPATH\CodeIgniter.php(366): CodeIgniter\CodeIgniter->handleRequest(null, Object(Config\Cache), false)
 4 FCPATH\index.php(81): CodeIgniter\CodeIgniter->run()
INFO - 2025-11-05 06:31:57 --> Session: Class initialized using 'CodeIgniter\Session\Handlers\FileHandler' driver.
WARNING - 2025-11-05 06:31:59 --> [DEPRECATED] Creation of dynamic property App\Controllers\Suhu::$MasterDataModel is deprecated in APPPATH\Controllers\Suhu.php on line 205.
 1 SYSTEMPATH\CodeIgniter.php(904): App\Controllers\Suhu->__construct()
 2 SYSTEMPATH\CodeIgniter.php(488): CodeIgniter\CodeIgniter->createController()
 3 SYSTEMPATH\CodeIgniter.php(366): CodeIgniter\CodeIgniter->handleRequest(null, Object(Config\Cache), false)
 4 FCPATH\index.php(81): CodeIgniter\CodeIgniter->run()
WARNING - 2025-11-05 06:31:59 --> [DEPRECATED] Creation of dynamic property App\Controllers\Suhu::$MasterDataModel is deprecated in APPPATH\Controllers\Suhu.php on line 205.
 1 SYSTEMPATH\CodeIgniter.php(904): App\Controllers\Suhu->__construct()
 2 SYSTEMPATH\CodeIgniter.php(488): CodeIgniter\CodeIgniter->createController()
 3 SYSTEMPATH\CodeIgniter.php(366): CodeIgniter\CodeIgniter->handleRequest(null, Object(Config\Cache), false)
 4 FCPATH\index.php(81): CodeIgniter\CodeIgniter->run()
CRITICAL - 2025-11-05 06:32:00 --> Trying to access array offset on value of type null
in APPPATH\Controllers\Suhu.php on line 162.
 1 APPPATH\Controllers\Suhu.php(162): CodeIgniter\Debug\Exceptions->errorHandler(2, 'Trying to access array offset on value of type null', 'C:\\xampp\\htdocs\\ereport-ehm\\app\\Controllers\\Suhu.php', 162)
 2 SYSTEMPATH\CodeIgniter.php(932): App\Controllers\Suhu->AddSuhu('jquery.js')
 3 SYSTEMPATH\CodeIgniter.php(497): CodeIgniter\CodeIgniter->runController(Object(App\Controllers\Suhu))
 4 SYSTEMPATH\CodeIgniter.php(366): CodeIgniter\CodeIgniter->handleRequest(null, Object(Config\Cache), false)
 5 FCPATH\index.php(81): CodeIgniter\CodeIgniter->run()
CRITICAL - 2025-11-05 06:32:00 --> Trying to access array offset on value of type null
in APPPATH\Controllers\Suhu.php on line 162.
 1 APPPATH\Controllers\Suhu.php(162): CodeIgniter\Debug\Exceptions->errorHandler(2, 'Trying to access array offset on value of type null', 'C:\\xampp\\htdocs\\ereport-ehm\\app\\Controllers\\Suhu.php', 162)
 2 SYSTEMPATH\CodeIgniter.php(932): App\Controllers\Suhu->AddSuhu('bootstrap.js')
 3 SYSTEMPATH\CodeIgniter.php(497): CodeIgniter\CodeIgniter->runController(Object(App\Controllers\Suhu))
 4 SYSTEMPATH\CodeIgniter.php(366): CodeIgniter\CodeIgniter->handleRequest(null, Object(Config\Cache), false)
 5 FCPATH\index.php(81): CodeIgniter\CodeIgniter->run()
WARNING - 2025-11-05 06:32:04 --> [DEPRECATED] Creation of dynamic property App\Controllers\Suhu::$MasterDataModel is deprecated in APPPATH\Controllers\Suhu.php on line 205.
 1 SYSTEMPATH\CodeIgniter.php(904): App\Controllers\Suhu->__construct()
 2 SYSTEMPATH\CodeIgniter.php(488): CodeIgniter\CodeIgniter->createController()
 3 SYSTEMPATH\CodeIgniter.php(366): CodeIgniter\CodeIgniter->handleRequest(null, Object(Config\Cache), false)
 4 FCPATH\index.php(81): CodeIgniter\CodeIgniter->run()
INFO - 2025-11-05 06:32:06 --> Session: Class initialized using 'CodeIgniter\Session\Handlers\FileHandler' driver.
WARNING - 2025-11-05 06:32:17 --> [DEPRECATED] Creation of dynamic property App\Controllers\Suhu::$MasterDataModel is deprecated in APPPATH\Controllers\Suhu.php on line 205.
 1 SYSTEMPATH\CodeIgniter.php(904): App\Controllers\Suhu->__construct()
 2 SYSTEMPATH\CodeIgniter.php(488): CodeIgniter\CodeIgniter->createController()
 3 SYSTEMPATH\CodeIgniter.php(366): CodeIgniter\CodeIgniter->handleRequest(null, Object(Config\Cache), false)
 4 FCPATH\index.php(81): CodeIgniter\CodeIgniter->run()
INFO - 2025-11-05 06:32:17 --> Session: Class initialized using 'CodeIgniter\Session\Handlers\FileHandler' driver.
WARNING - 2025-11-05 06:32:18 --> [DEPRECATED] Creation of dynamic property App\Controllers\Suhu::$MasterDataModel is deprecated in APPPATH\Controllers\Suhu.php on line 205.
 1 SYSTEMPATH\CodeIgniter.php(904): App\Controllers\Suhu->__construct()
 2 SYSTEMPATH\CodeIgniter.php(488): CodeIgniter\CodeIgniter->createController()
 3 SYSTEMPATH\CodeIgniter.php(366): CodeIgniter\CodeIgniter->handleRequest(null, Object(Config\Cache), false)
 4 FCPATH\index.php(81): CodeIgniter\CodeIgniter->run()
CRITICAL - 2025-11-05 06:32:18 --> Trying to access array offset on value of type null
in APPPATH\Controllers\Suhu.php on line 162.
 1 APPPATH\Controllers\Suhu.php(162): CodeIgniter\Debug\Exceptions->errorHandler(2, 'Trying to access array offset on value of type null', 'C:\\xampp\\htdocs\\ereport-ehm\\app\\Controllers\\Suhu.php', 162)
 2 SYSTEMPATH\CodeIgniter.php(932): App\Controllers\Suhu->AddSuhu('jquery.js')
 3 SYSTEMPATH\CodeIgniter.php(497): CodeIgniter\CodeIgniter->runController(Object(App\Controllers\Suhu))
 4 SYSTEMPATH\CodeIgniter.php(366): CodeIgniter\CodeIgniter->handleRequest(null, Object(Config\Cache), false)
 5 FCPATH\index.php(81): CodeIgniter\CodeIgniter->run()
WARNING - 2025-11-05 06:32:20 --> [DEPRECATED] Creation of dynamic property App\Controllers\Suhu::$MasterDataModel is deprecated in APPPATH\Controllers\Suhu.php on line 205.
 1 SYSTEMPATH\CodeIgniter.php(904): App\Controllers\Suhu->__construct()
 2 SYSTEMPATH\CodeIgniter.php(488): CodeIgniter\CodeIgniter->createController()
 3 SYSTEMPATH\CodeIgniter.php(366): CodeIgniter\CodeIgniter->handleRequest(null, Object(Config\Cache), false)
 4 FCPATH\index.php(81): CodeIgniter\CodeIgniter->run()
CRITICAL - 2025-11-05 06:32:20 --> Trying to access array offset on value of type null
in APPPATH\Controllers\Suhu.php on line 162.
 1 APPPATH\Controllers\Suhu.php(162): CodeIgniter\Debug\Exceptions->errorHandler(2, 'Trying to access array offset on value of type null', 'C:\\xampp\\htdocs\\ereport-ehm\\app\\Controllers\\Suhu.php', 162)
 2 SYSTEMPATH\CodeIgniter.php(932): App\Controllers\Suhu->AddSuhu('bootstrap.js')
 3 SYSTEMPATH\CodeIgniter.php(497): CodeIgniter\CodeIgniter->runController(Object(App\Controllers\Suhu))
 4 SYSTEMPATH\CodeIgniter.php(366): CodeIgniter\CodeIgniter->handleRequest(null, Object(Config\Cache), false)
 5 FCPATH\index.php(81): CodeIgniter\CodeIgniter->run()
INFO - 2025-11-05 06:32:35 --> Session: Class initialized using 'CodeIgniter\Session\Handlers\FileHandler' driver.
INFO - 2025-11-05 06:32:54 --> Session: Class initialized using 'CodeIgniter\Session\Handlers\FileHandler' driver.
WARNING - 2025-11-05 06:33:53 --> [DEPRECATED] Creation of dynamic property App\Controllers\Suhu::$MasterDataModel is deprecated in APPPATH\Controllers\Suhu.php on line 205.
 1 SYSTEMPATH\CodeIgniter.php(904): App\Controllers\Suhu->__construct()
 2 SYSTEMPATH\CodeIgniter.php(488): CodeIgniter\CodeIgniter->createController()
 3 SYSTEMPATH\CodeIgniter.php(366): CodeIgniter\CodeIgniter->handleRequest(null, Object(Config\Cache), false)
 4 FCPATH\index.php(81): CodeIgniter\CodeIgniter->run()
INFO - 2025-11-05 06:33:55 --> Session: Class initialized using 'CodeIgniter\Session\Handlers\FileHandler' driver.
INFO - 2025-11-05 06:34:03 --> Session: Class initialized using 'CodeIgniter\Session\Handlers\FileHandler' driver.
INFO - 2025-11-05 06:34:30 --> Session: Class initialized using 'CodeIgniter\Session\Handlers\FileHandler' driver.
WARNING - 2025-11-05 06:34:30 --> [DEPRECATED] Creation of dynamic property App\Controllers\Suhu::$MasterDataModel is deprecated in APPPATH\Controllers\Suhu.php on line 205.
 1 SYSTEMPATH\CodeIgniter.php(904): App\Controllers\Suhu->__construct()
 2 SYSTEMPATH\CodeIgniter.php(488): CodeIgniter\CodeIgniter->createController()
 3 SYSTEMPATH\CodeIgniter.php(366): CodeIgniter\CodeIgniter->handleRequest(null, Object(Config\Cache), false)
 4 FCPATH\index.php(81): CodeIgniter\CodeIgniter->run()
INFO - 2025-11-05 07:09:34 --> Session: Class initialized using 'CodeIgniter\Session\Handlers\FileHandler' driver.
INFO - 2025-11-05 08:14:54 --> Session: Class initialized using 'CodeIgniter\Session\Handlers\FileHandler' driver.
INFO - 2025-11-05 08:14:54 --> Session: Class initialized using 'CodeIgniter\Session\Handlers\FileHandler' driver.
INFO - 2025-11-05 08:14:59 --> Session: Class initialized using 'CodeIgniter\Session\Handlers\FileHandler' driver.
INFO - 2025-11-05 08:16:15 --> Session: Class initialized using 'CodeIgniter\Session\Handlers\FileHandler' driver.
INFO - 2025-11-05 08:16:31 --> Session: Class initialized using 'CodeIgniter\Session\Handlers\FileHandler' driver.
INFO - 2025-11-05 08:16:38 --> Session: Class initialized using 'CodeIgniter\Session\Handlers\FileHandler' driver.
INFO - 2025-11-05 08:17:36 --> Session: Class initialized using 'CodeIgniter\Session\Handlers\FileHandler' driver.
INFO - 2025-11-05 08:18:36 --> Session: Class initialized using 'CodeIgniter\Session\Handlers\FileHandler' driver.
INFO - 2025-11-05 08:18:51 --> Session: Class initialized using 'CodeIgniter\Session\Handlers\FileHandler' driver.
INFO - 2025-11-05 08:19:07 --> Session: Class initialized using 'CodeIgniter\Session\Handlers\FileHandler' driver.
INFO - 2025-11-05 08:19:49 --> Session: Class initialized using 'CodeIgniter\Session\Handlers\FileHandler' driver.
INFO - 2025-11-05 08:19:59 --> Session: Class initialized using 'CodeIgniter\Session\Handlers\FileHandler' driver.
CRITICAL - 2025-11-05 08:20:09 --> unlink(C:\xampp\htdocs\ereport-ehm\writable\debugbar/debugbar_1762324315.251490.json): No such file or directory
in SYSTEMPATH\Debug\Toolbar\Collectors\History.php on line 76.
 1 [internal function]: CodeIgniter\Debug\Exceptions->errorHandler(2, 'unlink(C:\\xampp\\htdocs\\ereport-ehm\\writable\\debugbar/debugbar_1762324315.251490.json): No such file or directory', 'C:\\xampp\\htdocs\\ereport-ehm\\system\\Debug\\Toolbar\\Collectors\\History.php', 76)
 2 SYSTEMPATH\Debug\Toolbar\Collectors\History.php(76): unlink('C:\\xampp\\htdocs\\ereport-ehm\\writable\\debugbar/debugbar_1762324315.251490.json')
 3 SYSTEMPATH\Debug\Toolbar.php(495): CodeIgniter\Debug\Toolbar\Collectors\History->setFiles('1762330792.335494', 20)
 4 SYSTEMPATH\Debug\Toolbar.php(474): CodeIgniter\Debug\Toolbar->format([...], 'html')
 5 APPPATH\Config\Events.php(46): CodeIgniter\Debug\Toolbar->respond()
 6 SYSTEMPATH\Events\Events.php(149): CodeIgniter\Events\Events::Config\{closure}()
 7 SYSTEMPATH\CodeIgniter.php(348): CodeIgniter\Events\Events::trigger('pre_system')
 8 FCPATH\index.php(81): CodeIgniter\CodeIgniter->run()
INFO - 2025-11-05 08:20:39 --> Session: Class initialized using 'CodeIgniter\Session\Handlers\FileHandler' driver.
INFO - 2025-11-05 08:20:47 --> Session: Class initialized using 'CodeIgniter\Session\Handlers\FileHandler' driver.
INFO - 2025-11-05 08:21:29 --> Session: Class initialized using 'CodeIgniter\Session\Handlers\FileHandler' driver.
INFO - 2025-11-05 08:21:39 --> Session: Class initialized using 'CodeIgniter\Session\Handlers\FileHandler' driver.
INFO - 2025-11-05 08:22:51 --> Session: Class initialized using 'CodeIgniter\Session\Handlers\FileHandler' driver.
INFO - 2025-11-05 08:22:58 --> Session: Class initialized using 'CodeIgniter\Session\Handlers\FileHandler' driver.
INFO - 2025-11-05 08:23:09 --> Session: Class initialized using 'CodeIgniter\Session\Handlers\FileHandler' driver.
INFO - 2025-11-05 08:23:20 --> Session: Class initialized using 'CodeIgniter\Session\Handlers\FileHandler' driver.
INFO - 2025-11-05 08:23:23 --> Session: Class initialized using 'CodeIgniter\Session\Handlers\FileHandler' driver.
INFO - 2025-11-05 08:23:27 --> Session: Class initialized using 'CodeIgniter\Session\Handlers\FileHandler' driver.
INFO - 2025-11-05 08:23:56 --> Session: Class initialized using 'CodeIgniter\Session\Handlers\FileHandler' driver.
INFO - 2025-11-05 08:24:10 --> Session: Class initialized using 'CodeIgniter\Session\Handlers\FileHandler' driver.
INFO - 2025-11-05 08:24:33 --> Session: Class initialized using 'CodeIgniter\Session\Handlers\FileHandler' driver.
INFO - 2025-11-05 08:24:44 --> Session: Class initialized using 'CodeIgniter\Session\Handlers\FileHandler' driver.
INFO - 2025-11-05 08:24:50 --> Session: Class initialized using 'CodeIgniter\Session\Handlers\FileHandler' driver.
INFO - 2025-11-05 08:24:50 --> Session: Class initialized using 'CodeIgniter\Session\Handlers\FileHandler' driver.
INFO - 2025-11-05 08:24:56 --> Session: Class initialized using 'CodeIgniter\Session\Handlers\FileHandler' driver.
INFO - 2025-11-05 08:25:50 --> Session: Class initialized using 'CodeIgniter\Session\Handlers\FileHandler' driver.
INFO - 2025-11-05 08:27:16 --> Session: Class initialized using 'CodeIgniter\Session\Handlers\FileHandler' driver.
INFO - 2025-11-05 08:27:34 --> Session: Class initialized using 'CodeIgniter\Session\Handlers\FileHandler' driver.
INFO - 2025-11-05 08:27:44 --> Session: Class initialized using 'CodeIgniter\Session\Handlers\FileHandler' driver.
INFO - 2025-11-05 08:29:03 --> Session: Class initialized using 'CodeIgniter\Session\Handlers\FileHandler' driver.
INFO - 2025-11-05 08:30:09 --> Session: Class initialized using 'CodeIgniter\Session\Handlers\FileHandler' driver.
INFO - 2025-11-05 08:31:04 --> Session: Class initialized using 'CodeIgniter\Session\Handlers\FileHandler' driver.
INFO - 2025-11-05 08:31:18 --> Session: Class initialized using 'CodeIgniter\Session\Handlers\FileHandler' driver.
INFO - 2025-11-05 08:31:34 --> Session: Class initialized using 'CodeIgniter\Session\Handlers\FileHandler' driver.
INFO - 2025-11-05 08:32:50 --> Session: Class initialized using 'CodeIgniter\Session\Handlers\FileHandler' driver.
INFO - 2025-11-05 08:32:59 --> Session: Class initialized using 'CodeIgniter\Session\Handlers\FileHandler' driver.
INFO - 2025-11-05 08:34:31 --> Session: Class initialized using 'CodeIgniter\Session\Handlers\FileHandler' driver.
INFO - 2025-11-05 08:34:35 --> Session: Class initialized using 'CodeIgniter\Session\Handlers\FileHandler' driver.
INFO - 2025-11-05 08:34:39 --> Session: Class initialized using 'CodeIgniter\Session\Handlers\FileHandler' driver.
INFO - 2025-11-05 08:34:44 --> Session: Class initialized using 'CodeIgniter\Session\Handlers\FileHandler' driver.
INFO - 2025-11-05 08:34:53 --> Session: Class initialized using 'CodeIgniter\Session\Handlers\FileHandler' driver.
INFO - 2025-11-05 08:34:55 --> Session: Class initialized using 'CodeIgniter\Session\Handlers\FileHandler' driver.
INFO - 2025-11-05 08:34:59 --> Session: Class initialized using 'CodeIgniter\Session\Handlers\FileHandler' driver.
INFO - 2025-11-05 08:35:05 --> Session: Class initialized using 'CodeIgniter\Session\Handlers\FileHandler' driver.
INFO - 2025-11-05 08:35:17 --> Session: Class initialized using 'CodeIgniter\Session\Handlers\FileHandler' driver.
INFO - 2025-11-05 08:35:22 --> Session: Class initialized using 'CodeIgniter\Session\Handlers\FileHandler' driver.
INFO - 2025-11-05 08:35:31 --> Session: Class initialized using 'CodeIgniter\Session\Handlers\FileHandler' driver.
INFO - 2025-11-05 08:35:41 --> Session: Class initialized using 'CodeIgniter\Session\Handlers\FileHandler' driver.
INFO - 2025-11-05 08:35:47 --> Session: Class initialized using 'CodeIgniter\Session\Handlers\FileHandler' driver.
INFO - 2025-11-05 08:36:02 --> Session: Class initialized using 'CodeIgniter\Session\Handlers\FileHandler' driver.
INFO - 2025-11-05 08:36:15 --> Session: Class initialized using 'CodeIgniter\Session\Handlers\FileHandler' driver.
INFO - 2025-11-05 08:36:22 --> Session: Class initialized using 'CodeIgniter\Session\Handlers\FileHandler' driver.
INFO - 2025-11-05 08:36:37 --> Session: Class initialized using 'CodeIgniter\Session\Handlers\FileHandler' driver.
INFO - 2025-11-05 08:36:43 --> Session: Class initialized using 'CodeIgniter\Session\Handlers\FileHandler' driver.
INFO - 2025-11-05 08:37:06 --> Session: Class initialized using 'CodeIgniter\Session\Handlers\FileHandler' driver.
INFO - 2025-11-05 08:37:16 --> Session: Class initialized using 'CodeIgniter\Session\Handlers\FileHandler' driver.
INFO - 2025-11-05 08:37:23 --> Session: Class initialized using 'CodeIgniter\Session\Handlers\FileHandler' driver.
INFO - 2025-11-05 08:45:25 --> Session: Class initialized using 'CodeIgniter\Session\Handlers\FileHandler' driver.
INFO - 2025-11-05 08:45:39 --> Session: Class initialized using 'CodeIgniter\Session\Handlers\FileHandler' driver.
INFO - 2025-11-05 08:46:15 --> Session: Class initialized using 'CodeIgniter\Session\Handlers\FileHandler' driver.
CRITICAL - 2025-11-05 08:46:24 --> unlink(C:\xampp\htdocs\ereport-ehm\writable\debugbar/debugbar_1762331681.806178.json): No such file or directory
in SYSTEMPATH\Debug\Toolbar\Collectors\History.php on line 76.
 1 [internal function]: CodeIgniter\Debug\Exceptions->errorHandler(2, 'unlink(C:\\xampp\\htdocs\\ereport-ehm\\writable\\debugbar/debugbar_1762331681.806178.json): No such file or directory', 'C:\\xampp\\htdocs\\ereport-ehm\\system\\Debug\\Toolbar\\Collectors\\History.php', 76)
 2 SYSTEMPATH\Debug\Toolbar\Collectors\History.php(76): unlink('C:\\xampp\\htdocs\\ereport-ehm\\writable\\debugbar/debugbar_1762331681.806178.json')
 3 SYSTEMPATH\Debug\Toolbar.php(495): CodeIgniter\Debug\Toolbar\Collectors\History->setFiles('1762332345.727539', 20)
 4 SYSTEMPATH\Debug\Toolbar.php(474): CodeIgniter\Debug\Toolbar->format([...], 'html')
 5 APPPATH\Config\Events.php(46): CodeIgniter\Debug\Toolbar->respond()
 6 SYSTEMPATH\Events\Events.php(149): CodeIgniter\Events\Events::Config\{closure}()
 7 SYSTEMPATH\CodeIgniter.php(348): CodeIgniter\Events\Events::trigger('pre_system')
 8 FCPATH\index.php(81): CodeIgniter\CodeIgniter->run()
CRITICAL - 2025-11-05 08:46:25 --> file_get_contents(C:\xampp\htdocs\ereport-ehm\writable\debugbar/debugbar_1762331681.806178.json): Failed to open stream: No such file or directory
in SYSTEMPATH\Debug\Toolbar\Collectors\History.php on line 82.
 1 [internal function]: CodeIgniter\Debug\Exceptions->errorHandler(2, 'file_get_contents(C:\\xampp\\htdocs\\ereport-ehm\\writable\\debugbar/debugbar_1762331681.806178.json): Failed to open stream: No such file or directory', 'C:\\xampp\\htdocs\\ereport-ehm\\system\\Debug\\Toolbar\\Collectors\\History.php', 82)
 2 SYSTEMPATH\Debug\Toolbar\Collectors\History.php(82): file_get_contents('C:\\xampp\\htdocs\\ereport-ehm\\writable\\debugbar/debugbar_1762331681.806178.json')
 3 SYSTEMPATH\Debug\Toolbar.php(495): CodeIgniter\Debug\Toolbar\Collectors\History->setFiles('1762332329.809518', 20)
 4 SYSTEMPATH\Debug\Toolbar.php(474): CodeIgniter\Debug\Toolbar->format([...], 'html')
 5 APPPATH\Config\Events.php(46): CodeIgniter\Debug\Toolbar->respond()
 6 SYSTEMPATH\Events\Events.php(149): CodeIgniter\Events\Events::Config\{closure}()
 7 SYSTEMPATH\CodeIgniter.php(348): CodeIgniter\Events\Events::trigger('pre_system')
 8 FCPATH\index.php(81): CodeIgniter\CodeIgniter->run()
INFO - 2025-11-05 08:46:59 --> Session: Class initialized using 'CodeIgniter\Session\Handlers\FileHandler' driver.
INFO - 2025-11-05 08:47:37 --> Session: Class initialized using 'CodeIgniter\Session\Handlers\FileHandler' driver.
INFO - 2025-11-05 08:47:59 --> Session: Class initialized using 'CodeIgniter\Session\Handlers\FileHandler' driver.
INFO - 2025-11-05 08:48:13 --> Session: Class initialized using 'CodeIgniter\Session\Handlers\FileHandler' driver.
INFO - 2025-11-05 08:48:33 --> Session: Class initialized using 'CodeIgniter\Session\Handlers\FileHandler' driver.
INFO - 2025-11-05 08:49:09 --> Session: Class initialized using 'CodeIgniter\Session\Handlers\FileHandler' driver.
INFO - 2025-11-05 08:49:15 --> Session: Class initialized using 'CodeIgniter\Session\Handlers\FileHandler' driver.
INFO - 2025-11-05 08:49:34 --> Session: Class initialized using 'CodeIgniter\Session\Handlers\FileHandler' driver.
INFO - 2025-11-05 08:49:46 --> Session: Class initialized using 'CodeIgniter\Session\Handlers\FileHandler' driver.
INFO - 2025-11-05 08:50:19 --> Session: Class initialized using 'CodeIgniter\Session\Handlers\FileHandler' driver.
INFO - 2025-11-05 08:50:20 --> Session: Class initialized using 'CodeIgniter\Session\Handlers\FileHandler' driver.
INFO - 2025-11-05 08:50:51 --> Session: Class initialized using 'CodeIgniter\Session\Handlers\FileHandler' driver.
CRITICAL - 2025-11-05 08:50:54 --> file_get_contents(C:\xampp\htdocs\ereport-ehm\writable\debugbar/debugbar_1762331782.645296.json): Failed to open stream: No such file or directory
in SYSTEMPATH\Debug\Toolbar\Collectors\History.php on line 82.
 1 [internal function]: CodeIgniter\Debug\Exceptions->errorHandler(2, 'file_get_contents(C:\\xampp\\htdocs\\ereport-ehm\\writable\\debugbar/debugbar_1762331782.645296.json): Failed to open stream: No such file or directory', 'C:\\xampp\\htdocs\\ereport-ehm\\system\\Debug\\Toolbar\\Collectors\\History.php', 82)
 2 SYSTEMPATH\Debug\Toolbar\Collectors\History.php(82): file_get_contents('C:\\xampp\\htdocs\\ereport-ehm\\writable\\debugbar/debugbar_1762331782.645296.json')
 3 SYSTEMPATH\Debug\Toolbar.php(495): CodeIgniter\Debug\Toolbar\Collectors\History->setFiles('1762332628.582490', 20)
 4 SYSTEMPATH\Debug\Toolbar.php(474): CodeIgniter\Debug\Toolbar->format([...], 'html')
 5 APPPATH\Config\Events.php(46): CodeIgniter\Debug\Toolbar->respond()
 6 SYSTEMPATH\Events\Events.php(149): CodeIgniter\Events\Events::Config\{closure}()
 7 SYSTEMPATH\CodeIgniter.php(348): CodeIgniter\Events\Events::trigger('pre_system')
 8 FCPATH\index.php(81): CodeIgniter\CodeIgniter->run()
INFO - 2025-11-05 08:51:34 --> Session: Class initialized using 'CodeIgniter\Session\Handlers\FileHandler' driver.
INFO - 2025-11-05 08:51:42 --> Session: Class initialized using 'CodeIgniter\Session\Handlers\FileHandler' driver.
INFO - 2025-11-05 08:54:29 --> Session: Class initialized using 'CodeIgniter\Session\Handlers\FileHandler' driver.
INFO - 2025-11-05 08:54:53 --> Session: Class initialized using 'CodeIgniter\Session\Handlers\FileHandler' driver.
INFO - 2025-11-05 08:55:06 --> Session: Class initialized using 'CodeIgniter\Session\Handlers\FileHandler' driver.
INFO - 2025-11-05 08:55:10 --> Session: Class initialized using 'CodeIgniter\Session\Handlers\FileHandler' driver.
INFO - 2025-11-05 09:34:59 --> Session: Class initialized using 'CodeIgniter\Session\Handlers\FileHandler' driver.
INFO - 2025-11-05 09:35:08 --> Session: Class initialized using 'CodeIgniter\Session\Handlers\FileHandler' driver.
INFO - 2025-11-05 09:59:41 --> Session: Class initialized using 'CodeIgniter\Session\Handlers\FileHandler' driver.
INFO - 2025-11-05 09:59:42 --> Session: Class initialized using 'CodeIgniter\Session\Handlers\FileHandler' driver.
INFO - 2025-11-05 09:59:52 --> Session: Class initialized using 'CodeIgniter\Session\Handlers\FileHandler' driver.
INFO - 2025-11-05 10:00:07 --> Session: Class initialized using 'CodeIgniter\Session\Handlers\FileHandler' driver.
INFO - 2025-11-05 10:00:46 --> Session: Class initialized using 'CodeIgniter\Session\Handlers\FileHandler' driver.
INFO - 2025-11-05 10:01:19 --> Session: Class initialized using 'CodeIgniter\Session\Handlers\FileHandler' driver.
INFO - 2025-11-05 10:02:47 --> Session: Class initialized using 'CodeIgniter\Session\Handlers\FileHandler' driver.
INFO - 2025-11-05 10:03:59 --> Session: Class initialized using 'CodeIgniter\Session\Handlers\FileHandler' driver.
INFO - 2025-11-05 10:04:07 --> Session: Class initialized using 'CodeIgniter\Session\Handlers\FileHandler' driver.
INFO - 2025-11-05 10:05:01 --> Session: Class initialized using 'CodeIgniter\Session\Handlers\FileHandler' driver.
INFO - 2025-11-05 10:05:56 --> Session: Class initialized using 'CodeIgniter\Session\Handlers\FileHandler' driver.
INFO - 2025-11-05 10:06:05 --> Session: Class initialized using 'CodeIgniter\Session\Handlers\FileHandler' driver.
INFO - 2025-11-05 10:07:25 --> Session: Class initialized using 'CodeIgniter\Session\Handlers\FileHandler' driver.
INFO - 2025-11-05 10:08:45 --> Session: Class initialized using 'CodeIgniter\Session\Handlers\FileHandler' driver.
INFO - 2025-11-05 10:09:00 --> Session: Class initialized using 'CodeIgniter\Session\Handlers\FileHandler' driver.
INFO - 2025-11-05 10:09:23 --> Session: Class initialized using 'CodeIgniter\Session\Handlers\FileHandler' driver.
INFO - 2025-11-05 10:09:26 --> Session: Class initialized using 'CodeIgniter\Session\Handlers\FileHandler' driver.
INFO - 2025-11-05 10:09:42 --> Session: Class initialized using 'CodeIgniter\Session\Handlers\FileHandler' driver.
INFO - 2025-11-05 10:09:52 --> Session: Class initialized using 'CodeIgniter\Session\Handlers\FileHandler' driver.
INFO - 2025-11-05 10:09:56 --> Session: Class initialized using 'CodeIgniter\Session\Handlers\FileHandler' driver.
INFO - 2025-11-05 10:10:16 --> Session: Class initialized using 'CodeIgniter\Session\Handlers\FileHandler' driver.
INFO - 2025-11-05 10:10:49 --> Session: Class initialized using 'CodeIgniter\Session\Handlers\FileHandler' driver.
INFO - 2025-11-05 10:10:50 --> Session: Class initialized using 'CodeIgniter\Session\Handlers\FileHandler' driver.
CRITICAL - 2025-11-05 10:11:19 --> file_get_contents(C:\xampp\htdocs\ereport-ehm\writable\debugbar/debugbar_1762336794.589484.json): Failed to open stream: No such file or directory
in SYSTEMPATH\Debug\Toolbar\Collectors\History.php on line 82.
 1 [internal function]: CodeIgniter\Debug\Exceptions->errorHandler(2, 'file_get_contents(C:\\xampp\\htdocs\\ereport-ehm\\writable\\debugbar/debugbar_1762336794.589484.json): Failed to open stream: No such file or directory', 'C:\\xampp\\htdocs\\ereport-ehm\\system\\Debug\\Toolbar\\Collectors\\History.php', 82)
 2 SYSTEMPATH\Debug\Toolbar\Collectors\History.php(82): file_get_contents('C:\\xampp\\htdocs\\ereport-ehm\\writable\\debugbar/debugbar_1762336794.589484.json')
 3 SYSTEMPATH\Debug\Toolbar.php(495): CodeIgniter\Debug\Toolbar\Collectors\History->setFiles('1762337430.464418', 20)
 4 SYSTEMPATH\Debug\Toolbar.php(474): CodeIgniter\Debug\Toolbar->format([...], 'html')
 5 APPPATH\Config\Events.php(46): CodeIgniter\Debug\Toolbar->respond()
 6 SYSTEMPATH\Events\Events.php(149): CodeIgniter\Events\Events::Config\{closure}()
 7 SYSTEMPATH\CodeIgniter.php(348): CodeIgniter\Events\Events::trigger('pre_system')
 8 FCPATH\index.php(81): CodeIgniter\CodeIgniter->run()
INFO - 2025-11-05 10:11:20 --> Session: Class initialized using 'CodeIgniter\Session\Handlers\FileHandler' driver.
INFO - 2025-11-05 10:11:49 --> Session: Class initialized using 'CodeIgniter\Session\Handlers\FileHandler' driver.
INFO - 2025-11-05 10:12:01 --> Session: Class initialized using 'CodeIgniter\Session\Handlers\FileHandler' driver.
INFO - 2025-11-05 10:12:14 --> Session: Class initialized using 'CodeIgniter\Session\Handlers\FileHandler' driver.
CRITICAL - 2025-11-05 10:12:16 --> file_get_contents(C:\xampp\htdocs\ereport-ehm\writable\debugbar/debugbar_1762336974.899392.json): Failed to open stream: No such file or directory
in SYSTEMPATH\Debug\Toolbar\Collectors\History.php on line 82.
 1 [internal function]: CodeIgniter\Debug\Exceptions->errorHandler(2, 'file_get_contents(C:\\xampp\\htdocs\\ereport-ehm\\writable\\debugbar/debugbar_1762336974.899392.json): Failed to open stream: No such file or directory', 'C:\\xampp\\htdocs\\ereport-ehm\\system\\Debug\\Toolbar\\Collectors\\History.php', 82)
 2 SYSTEMPATH\Debug\Toolbar\Collectors\History.php(82): file_get_contents('C:\\xampp\\htdocs\\ereport-ehm\\writable\\debugbar/debugbar_1762336974.899392.json')
 3 SYSTEMPATH\Debug\Toolbar.php(495): CodeIgniter\Debug\Toolbar\Collectors\History->setFiles('1762337515.904258', 20)
 4 SYSTEMPATH\Debug\Toolbar.php(474): CodeIgniter\Debug\Toolbar->format([...], 'html')
 5 APPPATH\Config\Events.php(46): CodeIgniter\Debug\Toolbar->respond()
 6 SYSTEMPATH\Events\Events.php(149): CodeIgniter\Events\Events::Config\{closure}()
 7 SYSTEMPATH\CodeIgniter.php(348): CodeIgniter\Events\Events::trigger('pre_system')
 8 FCPATH\index.php(81): CodeIgniter\CodeIgniter->run()
CRITICAL - 2025-11-05 10:12:17 --> file_get_contents(C:\xampp\htdocs\ereport-ehm\writable\debugbar/debugbar_1762336974.899392.json): Failed to open stream: No such file or directory
in SYSTEMPATH\Debug\Toolbar\Collectors\History.php on line 82.
 1 [internal function]: CodeIgniter\Debug\Exceptions->errorHandler(2, 'file_get_contents(C:\\xampp\\htdocs\\ereport-ehm\\writable\\debugbar/debugbar_1762336974.899392.json): Failed to open stream: No such file or directory', 'C:\\xampp\\htdocs\\ereport-ehm\\system\\Debug\\Toolbar\\Collectors\\History.php', 82)
 2 SYSTEMPATH\Debug\Toolbar\Collectors\History.php(82): file_get_contents('C:\\xampp\\htdocs\\ereport-ehm\\writable\\debugbar/debugbar_1762336974.899392.json')
 3 SYSTEMPATH\Debug\Toolbar.php(495): CodeIgniter\Debug\Toolbar\Collectors\History->setFiles('1762337521.742290', 20)
 4 SYSTEMPATH\Debug\Toolbar.php(474): CodeIgniter\Debug\Toolbar->format([...], 'html')
 5 APPPATH\Config\Events.php(46): CodeIgniter\Debug\Toolbar->respond()
 6 SYSTEMPATH\Events\Events.php(149): CodeIgniter\Events\Events::Config\{closure}()
 7 SYSTEMPATH\CodeIgniter.php(348): CodeIgniter\Events\Events::trigger('pre_system')
 8 FCPATH\index.php(81): CodeIgniter\CodeIgniter->run()
INFO - 2025-11-05 10:12:23 --> Session: Class initialized using 'CodeIgniter\Session\Handlers\FileHandler' driver.
INFO - 2025-11-05 10:12:28 --> Session: Class initialized using 'CodeIgniter\Session\Handlers\FileHandler' driver.
INFO - 2025-11-05 10:12:50 --> Session: Class initialized using 'CodeIgniter\Session\Handlers\FileHandler' driver.
INFO - 2025-11-05 10:13:00 --> Session: Class initialized using 'CodeIgniter\Session\Handlers\FileHandler' driver.
INFO - 2025-11-05 10:13:05 --> Session: Class initialized using 'CodeIgniter\Session\Handlers\FileHandler' driver.
INFO - 2025-11-05 10:13:11 --> Session: Class initialized using 'CodeIgniter\Session\Handlers\FileHandler' driver.
INFO - 2025-11-05 10:13:12 --> Session: Class initialized using 'CodeIgniter\Session\Handlers\FileHandler' driver.
INFO - 2025-11-05 10:13:32 --> Session: Class initialized using 'CodeIgniter\Session\Handlers\FileHandler' driver.
INFO - 2025-11-05 10:13:40 --> Session: Class initialized using 'CodeIgniter\Session\Handlers\FileHandler' driver.
INFO - 2025-11-05 10:13:45 --> Session: Class initialized using 'CodeIgniter\Session\Handlers\FileHandler' driver.
INFO - 2025-11-05 10:13:49 --> Session: Class initialized using 'CodeIgniter\Session\Handlers\FileHandler' driver.
INFO - 2025-11-05 10:14:12 --> Session: Class initialized using 'CodeIgniter\Session\Handlers\FileHandler' driver.
INFO - 2025-11-05 10:15:29 --> Session: Class initialized using 'CodeIgniter\Session\Handlers\FileHandler' driver.
INFO - 2025-11-05 10:16:30 --> Session: Class initialized using 'CodeIgniter\Session\Handlers\FileHandler' driver.
INFO - 2025-11-05 10:17:13 --> Session: Class initialized using 'CodeIgniter\Session\Handlers\FileHandler' driver.
INFO - 2025-11-05 10:17:16 --> Session: Class initialized using 'CodeIgniter\Session\Handlers\FileHandler' driver.
INFO - 2025-11-05 10:18:12 --> Session: Class initialized using 'CodeIgniter\Session\Handlers\FileHandler' driver.
INFO - 2025-11-05 10:19:47 --> Session: Class initialized using 'CodeIgniter\Session\Handlers\FileHandler' driver.
INFO - 2025-11-05 10:24:42 --> Session: Class initialized using 'CodeIgniter\Session\Handlers\FileHandler' driver.
INFO - 2025-11-05 10:25:12 --> Session: Class initialized using 'CodeIgniter\Session\Handlers\FileHandler' driver.
INFO - 2025-11-05 10:31:18 --> Session: Class initialized using 'CodeIgniter\Session\Handlers\FileHandler' driver.
INFO - 2025-11-05 10:31:29 --> Session: Class initialized using 'CodeIgniter\Session\Handlers\FileHandler' driver.
INFO - 2025-11-05 10:33:06 --> Session: Class initialized using 'CodeIgniter\Session\Handlers\FileHandler' driver.
INFO - 2025-11-05 10:33:21 --> Session: Class initialized using 'CodeIgniter\Session\Handlers\FileHandler' driver.
INFO - 2025-11-05 10:35:52 --> Session: Class initialized using 'CodeIgniter\Session\Handlers\FileHandler' driver.
INFO - 2025-11-05 10:37:25 --> Session: Class initialized using 'CodeIgniter\Session\Handlers\FileHandler' driver.
INFO - 2025-11-05 10:39:31 --> Session: Class initialized using 'CodeIgniter\Session\Handlers\FileHandler' driver.
INFO - 2025-11-05 10:39:46 --> Session: Class initialized using 'CodeIgniter\Session\Handlers\FileHandler' driver.
INFO - 2025-11-05 10:40:46 --> Session: Class initialized using 'CodeIgniter\Session\Handlers\FileHandler' driver.
INFO - 2025-11-05 10:42:26 --> Session: Class initialized using 'CodeIgniter\Session\Handlers\FileHandler' driver.
INFO - 2025-11-05 10:43:55 --> Session: Class initialized using 'CodeIgniter\Session\Handlers\FileHandler' driver.
INFO - 2025-11-05 10:44:11 --> Session: Class initialized using 'CodeIgniter\Session\Handlers\FileHandler' driver.
INFO - 2025-11-05 10:46:29 --> Session: Class initialized using 'CodeIgniter\Session\Handlers\FileHandler' driver.
INFO - 2025-11-05 10:47:01 --> Session: Class initialized using 'CodeIgniter\Session\Handlers\FileHandler' driver.
INFO - 2025-11-05 10:47:30 --> Session: Class initialized using 'CodeIgniter\Session\Handlers\FileHandler' driver.
INFO - 2025-11-05 10:47:53 --> Session: Class initialized using 'CodeIgniter\Session\Handlers\FileHandler' driver.
INFO - 2025-11-05 10:47:59 --> Session: Class initialized using 'CodeIgniter\Session\Handlers\FileHandler' driver.
INFO - 2025-11-05 10:55:29 --> Session: Class initialized using 'CodeIgniter\Session\Handlers\FileHandler' driver.
INFO - 2025-11-05 10:55:29 --> Session: Class initialized using 'CodeIgniter\Session\Handlers\FileHandler' driver.
INFO - 2025-11-05 11:16:16 --> Session: Class initialized using 'CodeIgniter\Session\Handlers\FileHandler' driver.
INFO - 2025-11-05 11:16:25 --> Session: Class initialized using 'CodeIgniter\Session\Handlers\FileHandler' driver.
INFO - 2025-11-05 11:16:52 --> Session: Class initialized using 'CodeIgniter\Session\Handlers\FileHandler' driver.
INFO - 2025-11-05 11:17:03 --> Session: Class initialized using 'CodeIgniter\Session\Handlers\FileHandler' driver.
INFO - 2025-11-05 11:21:07 --> Session: Class initialized using 'CodeIgniter\Session\Handlers\FileHandler' driver.
INFO - 2025-11-05 11:24:58 --> Session: Class initialized using 'CodeIgniter\Session\Handlers\FileHandler' driver.
INFO - 2025-11-05 11:25:02 --> Session: Class initialized using 'CodeIgniter\Session\Handlers\FileHandler' driver.
INFO - 2025-11-05 11:49:49 --> Session: Class initialized using 'CodeIgniter\Session\Handlers\FileHandler' driver.
INFO - 2025-11-05 11:49:51 --> Session: Class initialized using 'CodeIgniter\Session\Handlers\FileHandler' driver.
INFO - 2025-11-05 14:37:58 --> Session: Class initialized using 'CodeIgniter\Session\Handlers\FileHandler' driver.
INFO - 2025-11-05 14:43:33 --> Session: Class initialized using 'CodeIgniter\Session\Handlers\FileHandler' driver.
INFO - 2025-11-05 14:43:39 --> Session: Class initialized using 'CodeIgniter\Session\Handlers\FileHandler' driver.
INFO - 2025-11-05 14:43:45 --> Session: Class initialized using 'CodeIgniter\Session\Handlers\FileHandler' driver.
INFO - 2025-11-05 14:44:17 --> Session: Class initialized using 'CodeIgniter\Session\Handlers\FileHandler' driver.
INFO - 2025-11-05 14:44:44 --> Session: Class initialized using 'CodeIgniter\Session\Handlers\FileHandler' driver.
INFO - 2025-11-05 14:46:58 --> Session: Class initialized using 'CodeIgniter\Session\Handlers\FileHandler' driver.
INFO - 2025-11-05 14:59:40 --> Session: Class initialized using 'CodeIgniter\Session\Handlers\FileHandler' driver.
INFO - 2025-11-05 14:59:44 --> Session: Class initialized using 'CodeIgniter\Session\Handlers\FileHandler' driver.
