CRITICAL - 2025-04-24 05:02:23 --> Class "Locale" not found
in SYSTEMPATH\CodeIgniter.php on line 194.
 1 ROOTPATH\spark(83): CodeIgniter\CodeIgniter->initialize()
INFO - 2025-04-24 03:04:10 --> Session: Class initialized using 'CodeIgniter\Session\Handlers\FileHandler' driver.
INFO - 2025-04-24 03:04:13 --> Session: Class initialized using 'CodeIgniter\Session\Handlers\FileHandler' driver.
INFO - 2025-04-24 03:04:21 --> Session: Class initialized using 'CodeIgniter\Session\Handlers\FileHandler' driver.
INFO - 2025-04-24 03:04:21 --> Session: Class initialized using 'CodeIgniter\Session\Handlers\FileHandler' driver.
ERROR - 2025-04-24 03:04:23 --> mysqli_sql_exception: Table 'validas1_ehm_report.master_data_swab' doesn't exist in C:\xampp\htdocs\e-reportruangan\system\Database\MySQLi\Connection.php:295
Stack trace:
#0 C:\xampp\htdocs\e-reportruangan\system\Database\MySQLi\Connection.php(295): mysqli->query('SELECT *\nFROM `...', 0)
#1 C:\xampp\htdocs\e-reportruangan\system\Database\BaseConnection.php(692): CodeIgniter\Database\MySQLi\Connection->execute('SELECT *\nFROM `...')
#2 C:\xampp\htdocs\e-reportruangan\system\Database\BaseConnection.php(606): CodeIgniter\Database\BaseConnection->simpleQuery('SELECT *\nFROM `...')
#3 C:\xampp\htdocs\e-reportruangan\system\Database\BaseBuilder.php(1616): CodeIgniter\Database\BaseConnection->query('SELECT *\nFROM `...', Array, false)
#4 C:\xampp\htdocs\e-reportruangan\app\Models\AllModel.php(22): CodeIgniter\Database\BaseBuilder->get()
#5 C:\xampp\htdocs\e-reportruangan\app\Controllers\DataPpojSwab.php(21): App\Models\AllModel->List_Kategori()
#6 C:\xampp\htdocs\e-reportruangan\system\CodeIgniter.php(932): App\Controllers\DataPpojSwab->index()
#7 C:\xampp\htdocs\e-reportruangan\system\CodeIgniter.php(497): CodeIgniter\CodeIgniter->runController(Object(App\Controllers\DataPpojSwab))
#8 C:\xampp\htdocs\e-reportruangan\system\CodeIgniter.php(366): CodeIgniter\CodeIgniter->handleRequest(NULL, Object(Config\Cache), false)
#9 C:\xampp\htdocs\e-reportruangan\public\index.php(79): CodeIgniter\CodeIgniter->run()
#10 {main}
CRITICAL - 2025-04-24 03:04:23 --> Table 'validas1_ehm_report.master_data_swab' doesn't exist
in SYSTEMPATH\Database\MySQLi\Connection.php on line 295.
 1 SYSTEMPATH\Database\MySQLi\Connection.php(295): mysqli->query('SELECT *
FROM `master_data_swab`', 0)
 2 SYSTEMPATH\Database\BaseConnection.php(692): CodeIgniter\Database\MySQLi\Connection->execute('SELECT *
FROM `master_data_swab`')
 3 SYSTEMPATH\Database\BaseConnection.php(606): CodeIgniter\Database\BaseConnection->simpleQuery('SELECT *
FROM `master_data_swab`')
 4 SYSTEMPATH\Database\BaseBuilder.php(1616): CodeIgniter\Database\BaseConnection->query('SELECT *
FROM `master_data_swab`', [], false)
 5 APPPATH\Models\AllModel.php(22): CodeIgniter\Database\BaseBuilder->get()
 6 APPPATH\Controllers\DataPpojSwab.php(21): App\Models\AllModel->List_Kategori()
 7 SYSTEMPATH\CodeIgniter.php(932): App\Controllers\DataPpojSwab->index()
 8 SYSTEMPATH\CodeIgniter.php(497): CodeIgniter\CodeIgniter->runController(Object(App\Controllers\DataPpojSwab))
 9 SYSTEMPATH\CodeIgniter.php(366): CodeIgniter\CodeIgniter->handleRequest(null, Object(Config\Cache), false)
10 FCPATH\index.php(79): CodeIgniter\CodeIgniter->run()
ERROR - 2025-04-24 03:28:14 --> mysqli_sql_exception: Table 'validas1_ehm_report.master_data_swab' doesn't exist in C:\xampp\htdocs\e-reportruangan\system\Database\MySQLi\Connection.php:295
Stack trace:
#0 C:\xampp\htdocs\e-reportruangan\system\Database\MySQLi\Connection.php(295): mysqli->query('SELECT *\nFROM `...', 0)
#1 C:\xampp\htdocs\e-reportruangan\system\Database\BaseConnection.php(692): CodeIgniter\Database\MySQLi\Connection->execute('SELECT *\nFROM `...')
#2 C:\xampp\htdocs\e-reportruangan\system\Database\BaseConnection.php(606): CodeIgniter\Database\BaseConnection->simpleQuery('SELECT *\nFROM `...')
#3 C:\xampp\htdocs\e-reportruangan\system\Database\BaseBuilder.php(1616): CodeIgniter\Database\BaseConnection->query('SELECT *\nFROM `...', Array, false)
#4 C:\xampp\htdocs\e-reportruangan\app\Models\AllModel.php(22): CodeIgniter\Database\BaseBuilder->get()
#5 C:\xampp\htdocs\e-reportruangan\app\Controllers\DataPpojSwab.php(21): App\Models\AllModel->List_Kategori()
#6 C:\xampp\htdocs\e-reportruangan\system\CodeIgniter.php(932): App\Controllers\DataPpojSwab->index()
#7 C:\xampp\htdocs\e-reportruangan\system\CodeIgniter.php(497): CodeIgniter\CodeIgniter->runController(Object(App\Controllers\DataPpojSwab))
#8 C:\xampp\htdocs\e-reportruangan\system\CodeIgniter.php(366): CodeIgniter\CodeIgniter->handleRequest(NULL, Object(Config\Cache), false)
#9 C:\xampp\htdocs\e-reportruangan\public\index.php(79): CodeIgniter\CodeIgniter->run()
#10 {main}
CRITICAL - 2025-04-24 03:28:14 --> Table 'validas1_ehm_report.master_data_swab' doesn't exist
in SYSTEMPATH\Database\MySQLi\Connection.php on line 295.
 1 SYSTEMPATH\Database\MySQLi\Connection.php(295): mysqli->query('SELECT *
FROM `master_data_swab`', 0)
 2 SYSTEMPATH\Database\BaseConnection.php(692): CodeIgniter\Database\MySQLi\Connection->execute('SELECT *
FROM `master_data_swab`')
 3 SYSTEMPATH\Database\BaseConnection.php(606): CodeIgniter\Database\BaseConnection->simpleQuery('SELECT *
FROM `master_data_swab`')
 4 SYSTEMPATH\Database\BaseBuilder.php(1616): CodeIgniter\Database\BaseConnection->query('SELECT *
FROM `master_data_swab`', [], false)
 5 APPPATH\Models\AllModel.php(22): CodeIgniter\Database\BaseBuilder->get()
 6 APPPATH\Controllers\DataPpojSwab.php(21): App\Models\AllModel->List_Kategori()
 7 SYSTEMPATH\CodeIgniter.php(932): App\Controllers\DataPpojSwab->index()
 8 SYSTEMPATH\CodeIgniter.php(497): CodeIgniter\CodeIgniter->runController(Object(App\Controllers\DataPpojSwab))
 9 SYSTEMPATH\CodeIgniter.php(366): CodeIgniter\CodeIgniter->handleRequest(null, Object(Config\Cache), false)
10 FCPATH\index.php(79): CodeIgniter\CodeIgniter->run()
INFO - 2025-04-24 03:32:05 --> Session: Class initialized using 'CodeIgniter\Session\Handlers\FileHandler' driver.
INFO - 2025-04-24 03:32:09 --> Session: Class initialized using 'CodeIgniter\Session\Handlers\FileHandler' driver.
INFO - 2025-04-24 03:37:03 --> Session: Class initialized using 'CodeIgniter\Session\Handlers\FileHandler' driver.
INFO - 2025-04-24 03:38:40 --> Session: Class initialized using 'CodeIgniter\Session\Handlers\FileHandler' driver.
INFO - 2025-04-24 03:38:48 --> Session: Class initialized using 'CodeIgniter\Session\Handlers\FileHandler' driver.
INFO - 2025-04-24 03:38:48 --> Session: Class initialized using 'CodeIgniter\Session\Handlers\FileHandler' driver.
INFO - 2025-04-24 03:39:25 --> Session: Class initialized using 'CodeIgniter\Session\Handlers\FileHandler' driver.
INFO - 2025-04-24 03:39:25 --> Session: Class initialized using 'CodeIgniter\Session\Handlers\FileHandler' driver.
INFO - 2025-04-24 03:40:58 --> Session: Class initialized using 'CodeIgniter\Session\Handlers\FileHandler' driver.
INFO - 2025-04-24 03:41:07 --> Session: Class initialized using 'CodeIgniter\Session\Handlers\FileHandler' driver.
INFO - 2025-04-24 03:41:07 --> Session: Class initialized using 'CodeIgniter\Session\Handlers\FileHandler' driver.
INFO - 2025-04-24 03:41:57 --> Session: Class initialized using 'CodeIgniter\Session\Handlers\FileHandler' driver.
INFO - 2025-04-24 03:42:05 --> Session: Class initialized using 'CodeIgniter\Session\Handlers\FileHandler' driver.
INFO - 2025-04-24 03:42:06 --> Session: Class initialized using 'CodeIgniter\Session\Handlers\FileHandler' driver.
INFO - 2025-04-24 03:50:53 --> Session: Class initialized using 'CodeIgniter\Session\Handlers\FileHandler' driver.
INFO - 2025-04-24 03:51:49 --> Session: Class initialized using 'CodeIgniter\Session\Handlers\FileHandler' driver.
INFO - 2025-04-24 03:51:49 --> Session: Class initialized using 'CodeIgniter\Session\Handlers\FileHandler' driver.
INFO - 2025-04-24 04:00:15 --> Session: Class initialized using 'CodeIgniter\Session\Handlers\FileHandler' driver.
INFO - 2025-04-24 04:00:28 --> Session: Class initialized using 'CodeIgniter\Session\Handlers\FileHandler' driver.
ERROR - 2025-04-24 04:00:28 --> mysqli_sql_exception: Unknown column 'created_at' in 'field list' in C:\xampp\htdocs\e-reportruangan\system\Database\MySQLi\Connection.php:295
Stack trace:
#0 C:\xampp\htdocs\e-reportruangan\system\Database\MySQLi\Connection.php(295): mysqli->query('INSERT INTO `da...', 0)
#1 C:\xampp\htdocs\e-reportruangan\system\Database\BaseConnection.php(692): CodeIgniter\Database\MySQLi\Connection->execute('INSERT INTO `da...')
#2 C:\xampp\htdocs\e-reportruangan\system\Database\BaseConnection.php(606): CodeIgniter\Database\BaseConnection->simpleQuery('INSERT INTO `da...')
#3 C:\xampp\htdocs\e-reportruangan\system\Database\BaseBuilder.php(2309): CodeIgniter\Database\BaseConnection->query('INSERT INTO `da...', Array, false)
#4 C:\xampp\htdocs\e-reportruangan\app\Models\PpojSwabModel.php(32): CodeIgniter\Database\BaseBuilder->insert(Array)
#5 C:\xampp\htdocs\e-reportruangan\app\Controllers\DataPpojSwab.php(126): App\Models\PpojSwabModel->insertToDataSwab(Array)
#6 C:\xampp\htdocs\e-reportruangan\system\CodeIgniter.php(932): App\Controllers\DataPpojSwab->Insert_Swab()
#7 C:\xampp\htdocs\e-reportruangan\system\CodeIgniter.php(497): CodeIgniter\CodeIgniter->runController(Object(App\Controllers\DataPpojSwab))
#8 C:\xampp\htdocs\e-reportruangan\system\CodeIgniter.php(366): CodeIgniter\CodeIgniter->handleRequest(NULL, Object(Config\Cache), false)
#9 C:\xampp\htdocs\e-reportruangan\public\index.php(79): CodeIgniter\CodeIgniter->run()
#10 {main}
CRITICAL - 2025-04-24 04:00:28 --> Unknown column 'created_at' in 'field list'
in SYSTEMPATH\Database\MySQLi\Connection.php on line 295.
 1 SYSTEMPATH\Database\MySQLi\Connection.php(295): mysqli->query('INSERT INTO `data_swab` (`site`, `tanggal_sampling`, `keterangan`, `kategori`, `status`, `created_at`) VALUES (\'Cikarang\', \'2024-12-02\', \'NA\', \'Mesin (Bagian Dalam)\', \'On Progress\', \'2025-04-24 04:00:28\')', 0)
 2 SYSTEMPATH\Database\BaseConnection.php(692): CodeIgniter\Database\MySQLi\Connection->execute('INSERT INTO `data_swab` (`site`, `tanggal_sampling`, `keterangan`, `kategori`, `status`, `created_at`) VALUES (\'Cikarang\', \'2024-12-02\', \'NA\', \'Mesin (Bagian Dalam)\', \'On Progress\', \'2025-04-24 04:00:28\')')
 3 SYSTEMPATH\Database\BaseConnection.php(606): CodeIgniter\Database\BaseConnection->simpleQuery('INSERT INTO `data_swab` (`site`, `tanggal_sampling`, `keterangan`, `kategori`, `status`, `created_at`) VALUES (\'Cikarang\', \'2024-12-02\', \'NA\', \'Mesin (Bagian Dalam)\', \'On Progress\', \'2025-04-24 04:00:28\')')
 4 SYSTEMPATH\Database\BaseBuilder.php(2309): CodeIgniter\Database\BaseConnection->query('INSERT INTO `data_swab` (`site`, `tanggal_sampling`, `keterangan`, `kategori`, `status`, `created_at`) VALUES (:site:, :tanggal_sampling:, :keterangan:, :kategori:, :status:, :created_at:)', [...], false)
 5 APPPATH\Models\PpojSwabModel.php(32): CodeIgniter\Database\BaseBuilder->insert([...])
 6 APPPATH\Controllers\DataPpojSwab.php(126): App\Models\PpojSwabModel->insertToDataSwab([...])
 7 SYSTEMPATH\CodeIgniter.php(932): App\Controllers\DataPpojSwab->Insert_Swab()
 8 SYSTEMPATH\CodeIgniter.php(497): CodeIgniter\CodeIgniter->runController(Object(App\Controllers\DataPpojSwab))
 9 SYSTEMPATH\CodeIgniter.php(366): CodeIgniter\CodeIgniter->handleRequest(null, Object(Config\Cache), false)
10 FCPATH\index.php(79): CodeIgniter\CodeIgniter->run()
INFO - 2025-04-24 04:00:52 --> Session: Class initialized using 'CodeIgniter\Session\Handlers\FileHandler' driver.
INFO - 2025-04-24 04:00:52 --> Session: Class initialized using 'CodeIgniter\Session\Handlers\FileHandler' driver.
INFO - 2025-04-24 05:11:43 --> Session: Class initialized using 'CodeIgniter\Session\Handlers\FileHandler' driver.
INFO - 2025-04-24 05:11:43 --> Session: Class initialized using 'CodeIgniter\Session\Handlers\FileHandler' driver.
INFO - 2025-04-24 05:11:43 --> Session: Class initialized using 'CodeIgniter\Session\Handlers\FileHandler' driver.
INFO - 2025-04-24 05:11:48 --> Session: Class initialized using 'CodeIgniter\Session\Handlers\FileHandler' driver.
INFO - 2025-04-24 05:11:48 --> Session: Class initialized using 'CodeIgniter\Session\Handlers\FileHandler' driver.
INFO - 2025-04-24 05:11:51 --> Session: Class initialized using 'CodeIgniter\Session\Handlers\FileHandler' driver.
INFO - 2025-04-24 05:11:54 --> Session: Class initialized using 'CodeIgniter\Session\Handlers\FileHandler' driver.
ERROR - 2025-04-24 05:11:54 --> mysqli_sql_exception: Unknown column 'master_data_swab.kelas' in 'field list' in C:\xampp\htdocs\e-reportruangan\system\Database\MySQLi\Connection.php:295
Stack trace:
#0 C:\xampp\htdocs\e-reportruangan\system\Database\MySQLi\Connection.php(295): mysqli->query('SELECT `data_aw...', 0)
#1 C:\xampp\htdocs\e-reportruangan\system\Database\BaseConnection.php(692): CodeIgniter\Database\MySQLi\Connection->execute('SELECT `data_aw...')
#2 C:\xampp\htdocs\e-reportruangan\system\Database\BaseConnection.php(606): CodeIgniter\Database\BaseConnection->simpleQuery('SELECT `data_aw...')
#3 C:\xampp\htdocs\e-reportruangan\system\Database\BaseBuilder.php(1616): CodeIgniter\Database\BaseConnection->query('SELECT `data_aw...', Array, false)
#4 C:\xampp\htdocs\e-reportruangan\app\Models\PpojSwabModel.php(195): CodeIgniter\Database\BaseBuilder->get()
#5 C:\xampp\htdocs\e-reportruangan\app\Controllers\DataPpojSwab.php(279): App\Models\PpojSwabModel->List_PPOJ_ID('1')
#6 C:\xampp\htdocs\e-reportruangan\system\CodeIgniter.php(932): App\Controllers\DataPpojSwab->ViewDetail('1')
#7 C:\xampp\htdocs\e-reportruangan\system\CodeIgniter.php(497): CodeIgniter\CodeIgniter->runController(Object(App\Controllers\DataPpojSwab))
#8 C:\xampp\htdocs\e-reportruangan\system\CodeIgniter.php(366): CodeIgniter\CodeIgniter->handleRequest(NULL, Object(Config\Cache), false)
#9 C:\xampp\htdocs\e-reportruangan\public\index.php(79): CodeIgniter\CodeIgniter->run()
#10 {main}
CRITICAL - 2025-04-24 05:11:54 --> Unknown column 'master_data_swab.kelas' in 'field list'
in SYSTEMPATH\Database\MySQLi\Connection.php on line 295.
 1 SYSTEMPATH\Database\MySQLi\Connection.php(295): mysqli->query('SELECT `data_awal_swab`.*, `master_data_swab`.`departemen`, `master_data_swab`.`nama_ruangan` AS `nama_ruangan`, `master_data_swab`.`site` AS `master_site`, `master_data_swab`.`kelas` AS `master_kelas`
FROM `data_awal_swab`
LEFT JOIN `master_data_swab` ON `master_data_swab`.`nama_mesin_personil_alat` = `data_awal_swab`.`nama_mesin_personil_alat`
WHERE `data_awal_swab`.`id` = \'1\'', 0)
 2 SYSTEMPATH\Database\BaseConnection.php(692): CodeIgniter\Database\MySQLi\Connection->execute('SELECT `data_awal_swab`.*, `master_data_swab`.`departemen`, `master_data_swab`.`nama_ruangan` AS `nama_ruangan`, `master_data_swab`.`site` AS `master_site`, `master_data_swab`.`kelas` AS `master_kelas`
FROM `data_awal_swab`
LEFT JOIN `master_data_swab` ON `master_data_swab`.`nama_mesin_personil_alat` = `data_awal_swab`.`nama_mesin_personil_alat`
WHERE `data_awal_swab`.`id` = \'1\'')
 3 SYSTEMPATH\Database\BaseConnection.php(606): CodeIgniter\Database\BaseConnection->simpleQuery('SELECT `data_awal_swab`.*, `master_data_swab`.`departemen`, `master_data_swab`.`nama_ruangan` AS `nama_ruangan`, `master_data_swab`.`site` AS `master_site`, `master_data_swab`.`kelas` AS `master_kelas`
FROM `data_awal_swab`
LEFT JOIN `master_data_swab` ON `master_data_swab`.`nama_mesin_personil_alat` = `data_awal_swab`.`nama_mesin_personil_alat`
WHERE `data_awal_swab`.`id` = \'1\'')
 4 SYSTEMPATH\Database\BaseBuilder.php(1616): CodeIgniter\Database\BaseConnection->query('SELECT `data_awal_swab`.*, `master_data_swab`.`departemen`, `master_data_swab`.`nama_ruangan` AS `nama_ruangan`, `master_data_swab`.`site` AS `master_site`, `master_data_swab`.`kelas` AS `master_kelas`
FROM `data_awal_swab`
LEFT JOIN `master_data_swab` ON `master_data_swab`.`nama_mesin_personil_alat` = `data_awal_swab`.`nama_mesin_personil_alat`
WHERE `data_awal_swab`.`id` = :data_awal_swab.id:', [...], false)
 5 APPPATH\Models\PpojSwabModel.php(195): CodeIgniter\Database\BaseBuilder->get()
 6 APPPATH\Controllers\DataPpojSwab.php(279): App\Models\PpojSwabModel->List_PPOJ_ID('1')
 7 SYSTEMPATH\CodeIgniter.php(932): App\Controllers\DataPpojSwab->ViewDetail('1')
 8 SYSTEMPATH\CodeIgniter.php(497): CodeIgniter\CodeIgniter->runController(Object(App\Controllers\DataPpojSwab))
 9 SYSTEMPATH\CodeIgniter.php(366): CodeIgniter\CodeIgniter->handleRequest(null, Object(Config\Cache), false)
10 FCPATH\index.php(79): CodeIgniter\CodeIgniter->run()
INFO - 2025-04-24 05:21:11 --> Session: Class initialized using 'CodeIgniter\Session\Handlers\FileHandler' driver.
ERROR - 2025-04-24 05:21:11 --> mysqli_sql_exception: Unknown column 'master_data_swab.kelas' in 'field list' in C:\xampp\htdocs\e-reportruangan\system\Database\MySQLi\Connection.php:295
Stack trace:
#0 C:\xampp\htdocs\e-reportruangan\system\Database\MySQLi\Connection.php(295): mysqli->query('SELECT `data_aw...', 0)
#1 C:\xampp\htdocs\e-reportruangan\system\Database\BaseConnection.php(692): CodeIgniter\Database\MySQLi\Connection->execute('SELECT `data_aw...')
#2 C:\xampp\htdocs\e-reportruangan\system\Database\BaseConnection.php(606): CodeIgniter\Database\BaseConnection->simpleQuery('SELECT `data_aw...')
#3 C:\xampp\htdocs\e-reportruangan\system\Database\BaseBuilder.php(1616): CodeIgniter\Database\BaseConnection->query('SELECT `data_aw...', Array, false)
#4 C:\xampp\htdocs\e-reportruangan\app\Models\PpojSwabModel.php(195): CodeIgniter\Database\BaseBuilder->get()
#5 C:\xampp\htdocs\e-reportruangan\app\Controllers\DataPpojSwab.php(279): App\Models\PpojSwabModel->List_PPOJ_ID('1')
#6 C:\xampp\htdocs\e-reportruangan\system\CodeIgniter.php(932): App\Controllers\DataPpojSwab->ViewDetail('1')
#7 C:\xampp\htdocs\e-reportruangan\system\CodeIgniter.php(497): CodeIgniter\CodeIgniter->runController(Object(App\Controllers\DataPpojSwab))
#8 C:\xampp\htdocs\e-reportruangan\system\CodeIgniter.php(366): CodeIgniter\CodeIgniter->handleRequest(NULL, Object(Config\Cache), false)
#9 C:\xampp\htdocs\e-reportruangan\public\index.php(79): CodeIgniter\CodeIgniter->run()
#10 {main}
CRITICAL - 2025-04-24 05:21:11 --> Unknown column 'master_data_swab.kelas' in 'field list'
in SYSTEMPATH\Database\MySQLi\Connection.php on line 295.
 1 SYSTEMPATH\Database\MySQLi\Connection.php(295): mysqli->query('SELECT `data_awal_swab`.*, `master_data_swab`.`departemen`, `master_data_swab`.`nama_ruangan` AS `nama_ruangan`, `master_data_swab`.`site` AS `master_site`, `master_data_swab`.`kelas` AS `master_kelas`
FROM `data_awal_swab`
LEFT JOIN `master_data_swab` ON `master_data_swab`.`nama_mesin_personil_alat` = `data_awal_swab`.`nama_mesin_personil_alat`
WHERE `data_awal_swab`.`id` = \'1\'', 0)
 2 SYSTEMPATH\Database\BaseConnection.php(692): CodeIgniter\Database\MySQLi\Connection->execute('SELECT `data_awal_swab`.*, `master_data_swab`.`departemen`, `master_data_swab`.`nama_ruangan` AS `nama_ruangan`, `master_data_swab`.`site` AS `master_site`, `master_data_swab`.`kelas` AS `master_kelas`
FROM `data_awal_swab`
LEFT JOIN `master_data_swab` ON `master_data_swab`.`nama_mesin_personil_alat` = `data_awal_swab`.`nama_mesin_personil_alat`
WHERE `data_awal_swab`.`id` = \'1\'')
 3 SYSTEMPATH\Database\BaseConnection.php(606): CodeIgniter\Database\BaseConnection->simpleQuery('SELECT `data_awal_swab`.*, `master_data_swab`.`departemen`, `master_data_swab`.`nama_ruangan` AS `nama_ruangan`, `master_data_swab`.`site` AS `master_site`, `master_data_swab`.`kelas` AS `master_kelas`
FROM `data_awal_swab`
LEFT JOIN `master_data_swab` ON `master_data_swab`.`nama_mesin_personil_alat` = `data_awal_swab`.`nama_mesin_personil_alat`
WHERE `data_awal_swab`.`id` = \'1\'')
 4 SYSTEMPATH\Database\BaseBuilder.php(1616): CodeIgniter\Database\BaseConnection->query('SELECT `data_awal_swab`.*, `master_data_swab`.`departemen`, `master_data_swab`.`nama_ruangan` AS `nama_ruangan`, `master_data_swab`.`site` AS `master_site`, `master_data_swab`.`kelas` AS `master_kelas`
FROM `data_awal_swab`
LEFT JOIN `master_data_swab` ON `master_data_swab`.`nama_mesin_personil_alat` = `data_awal_swab`.`nama_mesin_personil_alat`
WHERE `data_awal_swab`.`id` = :data_awal_swab.id:', [...], false)
 5 APPPATH\Models\PpojSwabModel.php(195): CodeIgniter\Database\BaseBuilder->get()
 6 APPPATH\Controllers\DataPpojSwab.php(279): App\Models\PpojSwabModel->List_PPOJ_ID('1')
 7 SYSTEMPATH\CodeIgniter.php(932): App\Controllers\DataPpojSwab->ViewDetail('1')
 8 SYSTEMPATH\CodeIgniter.php(497): CodeIgniter\CodeIgniter->runController(Object(App\Controllers\DataPpojSwab))
 9 SYSTEMPATH\CodeIgniter.php(366): CodeIgniter\CodeIgniter->handleRequest(null, Object(Config\Cache), false)
10 FCPATH\index.php(79): CodeIgniter\CodeIgniter->run()
INFO - 2025-04-24 05:21:41 --> Session: Class initialized using 'CodeIgniter\Session\Handlers\FileHandler' driver.
INFO - 2025-04-24 05:26:08 --> Session: Class initialized using 'CodeIgniter\Session\Handlers\FileHandler' driver.
INFO - 2025-04-24 05:26:13 --> Session: Class initialized using 'CodeIgniter\Session\Handlers\FileHandler' driver.
INFO - 2025-04-24 05:26:15 --> Session: Class initialized using 'CodeIgniter\Session\Handlers\FileHandler' driver.
INFO - 2025-04-24 05:26:54 --> Session: Class initialized using 'CodeIgniter\Session\Handlers\FileHandler' driver.
INFO - 2025-04-24 05:37:49 --> Session: Class initialized using 'CodeIgniter\Session\Handlers\FileHandler' driver.
INFO - 2025-04-24 05:38:34 --> Session: Class initialized using 'CodeIgniter\Session\Handlers\FileHandler' driver.
INFO - 2025-04-24 05:39:12 --> Session: Class initialized using 'CodeIgniter\Session\Handlers\FileHandler' driver.
INFO - 2025-04-24 05:39:32 --> Session: Class initialized using 'CodeIgniter\Session\Handlers\FileHandler' driver.
INFO - 2025-04-24 05:39:32 --> Session: Class initialized using 'CodeIgniter\Session\Handlers\FileHandler' driver.
INFO - 2025-04-24 05:50:22 --> Session: Class initialized using 'CodeIgniter\Session\Handlers\FileHandler' driver.
INFO - 2025-04-24 05:50:22 --> Session: Class initialized using 'CodeIgniter\Session\Handlers\FileHandler' driver.
INFO - 2025-04-24 05:51:18 --> Session: Class initialized using 'CodeIgniter\Session\Handlers\FileHandler' driver.
INFO - 2025-04-24 05:51:23 --> Session: Class initialized using 'CodeIgniter\Session\Handlers\FileHandler' driver.
INFO - 2025-04-24 06:23:48 --> Session: Class initialized using 'CodeIgniter\Session\Handlers\FileHandler' driver.
INFO - 2025-04-24 06:23:48 --> Session: Class initialized using 'CodeIgniter\Session\Handlers\FileHandler' driver.
INFO - 2025-04-24 06:23:48 --> Session: Class initialized using 'CodeIgniter\Session\Handlers\FileHandler' driver.
INFO - 2025-04-24 06:23:55 --> Session: Class initialized using 'CodeIgniter\Session\Handlers\FileHandler' driver.
INFO - 2025-04-24 06:23:55 --> Session: Class initialized using 'CodeIgniter\Session\Handlers\FileHandler' driver.
INFO - 2025-04-24 06:23:59 --> Session: Class initialized using 'CodeIgniter\Session\Handlers\FileHandler' driver.
INFO - 2025-04-24 06:25:04 --> Session: Class initialized using 'CodeIgniter\Session\Handlers\FileHandler' driver.
INFO - 2025-04-24 06:26:01 --> Session: Class initialized using 'CodeIgniter\Session\Handlers\FileHandler' driver.
INFO - 2025-04-24 06:26:01 --> Session: Class initialized using 'CodeIgniter\Session\Handlers\FileHandler' driver.
INFO - 2025-04-24 06:26:17 --> Session: Class initialized using 'CodeIgniter\Session\Handlers\FileHandler' driver.
INFO - 2025-04-24 06:26:30 --> Session: Class initialized using 'CodeIgniter\Session\Handlers\FileHandler' driver.
INFO - 2025-04-24 06:26:36 --> Session: Class initialized using 'CodeIgniter\Session\Handlers\FileHandler' driver.
INFO - 2025-04-24 06:26:45 --> Session: Class initialized using 'CodeIgniter\Session\Handlers\FileHandler' driver.
INFO - 2025-04-24 06:29:07 --> Session: Class initialized using 'CodeIgniter\Session\Handlers\FileHandler' driver.
INFO - 2025-04-24 06:29:10 --> Session: Class initialized using 'CodeIgniter\Session\Handlers\FileHandler' driver.
INFO - 2025-04-24 06:29:10 --> Session: Class initialized using 'CodeIgniter\Session\Handlers\FileHandler' driver.
INFO - 2025-04-24 06:29:27 --> Session: Class initialized using 'CodeIgniter\Session\Handlers\FileHandler' driver.
INFO - 2025-04-24 06:29:30 --> Session: Class initialized using 'CodeIgniter\Session\Handlers\FileHandler' driver.
INFO - 2025-04-24 06:29:33 --> Session: Class initialized using 'CodeIgniter\Session\Handlers\FileHandler' driver.
INFO - 2025-04-24 06:29:38 --> Session: Class initialized using 'CodeIgniter\Session\Handlers\FileHandler' driver.
INFO - 2025-04-24 06:29:41 --> Session: Class initialized using 'CodeIgniter\Session\Handlers\FileHandler' driver.
INFO - 2025-04-24 06:29:41 --> Session: Class initialized using 'CodeIgniter\Session\Handlers\FileHandler' driver.
INFO - 2025-04-24 06:29:44 --> Session: Class initialized using 'CodeIgniter\Session\Handlers\FileHandler' driver.
INFO - 2025-04-24 06:29:49 --> Session: Class initialized using 'CodeIgniter\Session\Handlers\FileHandler' driver.
ERROR - 2025-04-24 06:38:44 --> mysqli_sql_exception: Unknown column 'DISTINCT' in 'field list' in C:\xampp\htdocs\e-reportruangan\system\Database\MySQLi\Connection.php:295
Stack trace:
#0 C:\xampp\htdocs\e-reportruangan\system\Database\MySQLi\Connection.php(295): mysqli->query('SELECT `DISTINC...', 0)
#1 C:\xampp\htdocs\e-reportruangan\system\Database\BaseConnection.php(692): CodeIgniter\Database\MySQLi\Connection->execute('SELECT `DISTINC...')
#2 C:\xampp\htdocs\e-reportruangan\system\Database\BaseConnection.php(606): CodeIgniter\Database\BaseConnection->simpleQuery('SELECT `DISTINC...')
#3 C:\xampp\htdocs\e-reportruangan\system\Database\BaseBuilder.php(1616): CodeIgniter\Database\BaseConnection->query('SELECT `DISTINC...', Array, false)
#4 C:\xampp\htdocs\e-reportruangan\app\Models\AllModel.php(25): CodeIgniter\Database\BaseBuilder->get()
#5 C:\xampp\htdocs\e-reportruangan\app\Controllers\DataPpojSwab.php(21): App\Models\AllModel->List_Kategori()
#6 C:\xampp\htdocs\e-reportruangan\system\CodeIgniter.php(932): App\Controllers\DataPpojSwab->index()
#7 C:\xampp\htdocs\e-reportruangan\system\CodeIgniter.php(497): CodeIgniter\CodeIgniter->runController(Object(App\Controllers\DataPpojSwab))
#8 C:\xampp\htdocs\e-reportruangan\system\CodeIgniter.php(366): CodeIgniter\CodeIgniter->handleRequest(NULL, Object(Config\Cache), false)
#9 C:\xampp\htdocs\e-reportruangan\public\index.php(79): CodeIgniter\CodeIgniter->run()
#10 {main}
CRITICAL - 2025-04-24 06:38:44 --> Unknown column 'DISTINCT' in 'field list'
in SYSTEMPATH\Database\MySQLi\Connection.php on line 295.
 1 SYSTEMPATH\Database\MySQLi\Connection.php(295): mysqli->query('SELECT `DISTINCT` `kategori`
FROM `master_data_swab`', 0)
 2 SYSTEMPATH\Database\BaseConnection.php(692): CodeIgniter\Database\MySQLi\Connection->execute('SELECT `DISTINCT` `kategori`
FROM `master_data_swab`')
 3 SYSTEMPATH\Database\BaseConnection.php(606): CodeIgniter\Database\BaseConnection->simpleQuery('SELECT `DISTINCT` `kategori`
FROM `master_data_swab`')
 4 SYSTEMPATH\Database\BaseBuilder.php(1616): CodeIgniter\Database\BaseConnection->query('SELECT `DISTINCT` `kategori`
FROM `master_data_swab`', [], false)
 5 APPPATH\Models\AllModel.php(25): CodeIgniter\Database\BaseBuilder->get()
 6 APPPATH\Controllers\DataPpojSwab.php(21): App\Models\AllModel->List_Kategori()
 7 SYSTEMPATH\CodeIgniter.php(932): App\Controllers\DataPpojSwab->index()
 8 SYSTEMPATH\CodeIgniter.php(497): CodeIgniter\CodeIgniter->runController(Object(App\Controllers\DataPpojSwab))
 9 SYSTEMPATH\CodeIgniter.php(366): CodeIgniter\CodeIgniter->handleRequest(null, Object(Config\Cache), false)
10 FCPATH\index.php(79): CodeIgniter\CodeIgniter->run()
INFO - 2025-04-24 06:41:07 --> Session: Class initialized using 'CodeIgniter\Session\Handlers\FileHandler' driver.
INFO - 2025-04-24 06:48:10 --> Session: Class initialized using 'CodeIgniter\Session\Handlers\FileHandler' driver.
INFO - 2025-04-24 06:48:41 --> Session: Class initialized using 'CodeIgniter\Session\Handlers\FileHandler' driver.
INFO - 2025-04-24 06:49:05 --> Session: Class initialized using 'CodeIgniter\Session\Handlers\FileHandler' driver.
INFO - 2025-04-24 06:49:28 --> Session: Class initialized using 'CodeIgniter\Session\Handlers\FileHandler' driver.
INFO - 2025-04-24 06:56:26 --> Session: Class initialized using 'CodeIgniter\Session\Handlers\FileHandler' driver.
INFO - 2025-04-24 06:56:34 --> Session: Class initialized using 'CodeIgniter\Session\Handlers\FileHandler' driver.
INFO - 2025-04-24 06:57:15 --> Session: Class initialized using 'CodeIgniter\Session\Handlers\FileHandler' driver.
CRITICAL - 2025-04-24 06:57:15 --> Undefined variable $List_PPOJ_Swab
in APPPATH\Views\AtRest\datappoj_detail_swab.php on line 332.
 1 APPPATH\Views\AtRest\datappoj_detail_swab.php(332): CodeIgniter\Debug\Exceptions->errorHandler(2, 'Undefined variable $List_PPOJ_Swab', 'C:\\xampp\\htdocs\\e-reportruangan\\app\\Views\\AtRest\\datappoj_detail_swab.php', 332)
 2 SYSTEMPATH\View\View.php(224): include('C:\\xampp\\htdocs\\e-reportruangan\\app\\Views\\AtRest\\datappoj_detail_swab.php')
 3 SYSTEMPATH\View\View.php(227): CodeIgniter\View\View->CodeIgniter\View\{closure}()
 4 SYSTEMPATH\Common.php(1180): CodeIgniter\View\View->render('AtRest/datappoj_detail_swab', [], true)
 5 APPPATH\Controllers\DataPpojSwab.php(287): view('AtRest/datappoj_detail_swab', [...])
 6 SYSTEMPATH\CodeIgniter.php(932): App\Controllers\DataPpojSwab->ViewDetail('1')
 7 SYSTEMPATH\CodeIgniter.php(497): CodeIgniter\CodeIgniter->runController(Object(App\Controllers\DataPpojSwab))
 8 SYSTEMPATH\CodeIgniter.php(366): CodeIgniter\CodeIgniter->handleRequest(null, Object(Config\Cache), false)
 9 FCPATH\index.php(79): CodeIgniter\CodeIgniter->run()
INFO - 2025-04-24 07:00:27 --> Session: Class initialized using 'CodeIgniter\Session\Handlers\FileHandler' driver.
CRITICAL - 2025-04-24 07:00:27 --> Undefined variable $List_PPOJ_Swab
in APPPATH\Views\AtRest\datappoj_detail_swab.php on line 332.
 1 APPPATH\Views\AtRest\datappoj_detail_swab.php(332): CodeIgniter\Debug\Exceptions->errorHandler(2, 'Undefined variable $List_PPOJ_Swab', 'C:\\xampp\\htdocs\\e-reportruangan\\app\\Views\\AtRest\\datappoj_detail_swab.php', 332)
 2 SYSTEMPATH\View\View.php(224): include('C:\\xampp\\htdocs\\e-reportruangan\\app\\Views\\AtRest\\datappoj_detail_swab.php')
 3 SYSTEMPATH\View\View.php(227): CodeIgniter\View\View->CodeIgniter\View\{closure}()
 4 SYSTEMPATH\Common.php(1180): CodeIgniter\View\View->render('AtRest/datappoj_detail_swab', [], true)
 5 APPPATH\Controllers\DataPpojSwab.php(287): view('AtRest/datappoj_detail_swab', [...])
 6 SYSTEMPATH\CodeIgniter.php(932): App\Controllers\DataPpojSwab->ViewDetail('1')
 7 SYSTEMPATH\CodeIgniter.php(497): CodeIgniter\CodeIgniter->runController(Object(App\Controllers\DataPpojSwab))
 8 SYSTEMPATH\CodeIgniter.php(366): CodeIgniter\CodeIgniter->handleRequest(null, Object(Config\Cache), false)
 9 FCPATH\index.php(79): CodeIgniter\CodeIgniter->run()
INFO - 2025-04-24 07:00:33 --> Session: Class initialized using 'CodeIgniter\Session\Handlers\FileHandler' driver.
CRITICAL - 2025-04-24 07:00:33 --> Undefined variable $List_PPOJ_Swab
in APPPATH\Views\AtRest\datappoj_detail_swab.php on line 332.
 1 APPPATH\Views\AtRest\datappoj_detail_swab.php(332): CodeIgniter\Debug\Exceptions->errorHandler(2, 'Undefined variable $List_PPOJ_Swab', 'C:\\xampp\\htdocs\\e-reportruangan\\app\\Views\\AtRest\\datappoj_detail_swab.php', 332)
 2 SYSTEMPATH\View\View.php(224): include('C:\\xampp\\htdocs\\e-reportruangan\\app\\Views\\AtRest\\datappoj_detail_swab.php')
 3 SYSTEMPATH\View\View.php(227): CodeIgniter\View\View->CodeIgniter\View\{closure}()
 4 SYSTEMPATH\Common.php(1180): CodeIgniter\View\View->render('AtRest/datappoj_detail_swab', [], true)
 5 APPPATH\Controllers\DataPpojSwab.php(287): view('AtRest/datappoj_detail_swab', [...])
 6 SYSTEMPATH\CodeIgniter.php(932): App\Controllers\DataPpojSwab->ViewDetail('1')
 7 SYSTEMPATH\CodeIgniter.php(497): CodeIgniter\CodeIgniter->runController(Object(App\Controllers\DataPpojSwab))
 8 SYSTEMPATH\CodeIgniter.php(366): CodeIgniter\CodeIgniter->handleRequest(null, Object(Config\Cache), false)
 9 FCPATH\index.php(79): CodeIgniter\CodeIgniter->run()
INFO - 2025-04-24 07:00:33 --> Session: Class initialized using 'CodeIgniter\Session\Handlers\FileHandler' driver.
CRITICAL - 2025-04-24 07:00:33 --> Undefined variable $List_PPOJ_Swab
in APPPATH\Views\AtRest\datappoj_detail_swab.php on line 332.
 1 APPPATH\Views\AtRest\datappoj_detail_swab.php(332): CodeIgniter\Debug\Exceptions->errorHandler(2, 'Undefined variable $List_PPOJ_Swab', 'C:\\xampp\\htdocs\\e-reportruangan\\app\\Views\\AtRest\\datappoj_detail_swab.php', 332)
 2 SYSTEMPATH\View\View.php(224): include('C:\\xampp\\htdocs\\e-reportruangan\\app\\Views\\AtRest\\datappoj_detail_swab.php')
 3 SYSTEMPATH\View\View.php(227): CodeIgniter\View\View->CodeIgniter\View\{closure}()
 4 SYSTEMPATH\Common.php(1180): CodeIgniter\View\View->render('AtRest/datappoj_detail_swab', [], true)
 5 APPPATH\Controllers\DataPpojSwab.php(287): view('AtRest/datappoj_detail_swab', [...])
 6 SYSTEMPATH\CodeIgniter.php(932): App\Controllers\DataPpojSwab->ViewDetail('1')
 7 SYSTEMPATH\CodeIgniter.php(497): CodeIgniter\CodeIgniter->runController(Object(App\Controllers\DataPpojSwab))
 8 SYSTEMPATH\CodeIgniter.php(366): CodeIgniter\CodeIgniter->handleRequest(null, Object(Config\Cache), false)
 9 FCPATH\index.php(79): CodeIgniter\CodeIgniter->run()
INFO - 2025-04-24 07:03:33 --> Session: Class initialized using 'CodeIgniter\Session\Handlers\FileHandler' driver.
CRITICAL - 2025-04-24 07:03:49 --> Undefined variable $AhuSwabModel
in APPPATH\Controllers\DataPpojSwab.php on line 29.
 1 APPPATH\Controllers\DataPpojSwab.php(29): CodeIgniter\Debug\Exceptions->errorHandler(2, 'Undefined variable $AhuSwabModel', 'C:\\xampp\\htdocs\\e-reportruangan\\app\\Controllers\\DataPpojSwab.php', 29)
 2 SYSTEMPATH\CodeIgniter.php(932): App\Controllers\DataPpojSwab->index()
 3 SYSTEMPATH\CodeIgniter.php(497): CodeIgniter\CodeIgniter->runController(Object(App\Controllers\DataPpojSwab))
 4 SYSTEMPATH\CodeIgniter.php(366): CodeIgniter\CodeIgniter->handleRequest(null, Object(Config\Cache), false)
 5 FCPATH\index.php(79): CodeIgniter\CodeIgniter->run()
CRITICAL - 2025-04-24 07:04:49 --> Undefined variable $AhuSwabModel
in APPPATH\Controllers\DataPpojSwab.php on line 29.
 1 APPPATH\Controllers\DataPpojSwab.php(29): CodeIgniter\Debug\Exceptions->errorHandler(2, 'Undefined variable $AhuSwabModel', 'C:\\xampp\\htdocs\\e-reportruangan\\app\\Controllers\\DataPpojSwab.php', 29)
 2 SYSTEMPATH\CodeIgniter.php(932): App\Controllers\DataPpojSwab->index()
 3 SYSTEMPATH\CodeIgniter.php(497): CodeIgniter\CodeIgniter->runController(Object(App\Controllers\DataPpojSwab))
 4 SYSTEMPATH\CodeIgniter.php(366): CodeIgniter\CodeIgniter->handleRequest(null, Object(Config\Cache), false)
 5 FCPATH\index.php(79): CodeIgniter\CodeIgniter->run()
CRITICAL - 2025-04-24 07:04:53 --> Undefined variable $AhuSwabModel
in APPPATH\Controllers\DataPpojSwab.php on line 29.
 1 APPPATH\Controllers\DataPpojSwab.php(29): CodeIgniter\Debug\Exceptions->errorHandler(2, 'Undefined variable $AhuSwabModel', 'C:\\xampp\\htdocs\\e-reportruangan\\app\\Controllers\\DataPpojSwab.php', 29)
 2 SYSTEMPATH\CodeIgniter.php(932): App\Controllers\DataPpojSwab->index()
 3 SYSTEMPATH\CodeIgniter.php(497): CodeIgniter\CodeIgniter->runController(Object(App\Controllers\DataPpojSwab))
 4 SYSTEMPATH\CodeIgniter.php(366): CodeIgniter\CodeIgniter->handleRequest(null, Object(Config\Cache), false)
 5 FCPATH\index.php(79): CodeIgniter\CodeIgniter->run()
CRITICAL - 2025-04-24 07:05:03 --> Undefined variable $AhuSwabModel
in APPPATH\Controllers\DataPpojSwab.php on line 29.
 1 APPPATH\Controllers\DataPpojSwab.php(29): CodeIgniter\Debug\Exceptions->errorHandler(2, 'Undefined variable $AhuSwabModel', 'C:\\xampp\\htdocs\\e-reportruangan\\app\\Controllers\\DataPpojSwab.php', 29)
 2 SYSTEMPATH\CodeIgniter.php(932): App\Controllers\DataPpojSwab->index()
 3 SYSTEMPATH\CodeIgniter.php(497): CodeIgniter\CodeIgniter->runController(Object(App\Controllers\DataPpojSwab))
 4 SYSTEMPATH\CodeIgniter.php(366): CodeIgniter\CodeIgniter->handleRequest(null, Object(Config\Cache), false)
 5 FCPATH\index.php(79): CodeIgniter\CodeIgniter->run()
CRITICAL - 2025-04-24 07:05:04 --> Undefined variable $AhuSwabModel
in APPPATH\Controllers\DataPpojSwab.php on line 29.
 1 APPPATH\Controllers\DataPpojSwab.php(29): CodeIgniter\Debug\Exceptions->errorHandler(2, 'Undefined variable $AhuSwabModel', 'C:\\xampp\\htdocs\\e-reportruangan\\app\\Controllers\\DataPpojSwab.php', 29)
 2 SYSTEMPATH\CodeIgniter.php(932): App\Controllers\DataPpojSwab->index()
 3 SYSTEMPATH\CodeIgniter.php(497): CodeIgniter\CodeIgniter->runController(Object(App\Controllers\DataPpojSwab))
 4 SYSTEMPATH\CodeIgniter.php(366): CodeIgniter\CodeIgniter->handleRequest(null, Object(Config\Cache), false)
 5 FCPATH\index.php(79): CodeIgniter\CodeIgniter->run()
CRITICAL - 2025-04-24 07:05:04 --> Undefined variable $AhuSwabModel
in APPPATH\Controllers\DataPpojSwab.php on line 29.
 1 APPPATH\Controllers\DataPpojSwab.php(29): CodeIgniter\Debug\Exceptions->errorHandler(2, 'Undefined variable $AhuSwabModel', 'C:\\xampp\\htdocs\\e-reportruangan\\app\\Controllers\\DataPpojSwab.php', 29)
 2 SYSTEMPATH\CodeIgniter.php(932): App\Controllers\DataPpojSwab->index()
 3 SYSTEMPATH\CodeIgniter.php(497): CodeIgniter\CodeIgniter->runController(Object(App\Controllers\DataPpojSwab))
 4 SYSTEMPATH\CodeIgniter.php(366): CodeIgniter\CodeIgniter->handleRequest(null, Object(Config\Cache), false)
 5 FCPATH\index.php(79): CodeIgniter\CodeIgniter->run()
INFO - 2025-04-24 07:05:17 --> Session: Class initialized using 'CodeIgniter\Session\Handlers\FileHandler' driver.
CRITICAL - 2025-04-24 07:05:17 --> Undefined variable $List_PPOJ_Swab
in APPPATH\Views\AtRest\datappoj_swab.php on line 229.
 1 APPPATH\Views\AtRest\datappoj_swab.php(229): CodeIgniter\Debug\Exceptions->errorHandler(2, 'Undefined variable $List_PPOJ_Swab', 'C:\\xampp\\htdocs\\e-reportruangan\\app\\Views\\AtRest\\datappoj_swab.php', 229)
 2 SYSTEMPATH\View\View.php(224): include('C:\\xampp\\htdocs\\e-reportruangan\\app\\Views\\AtRest\\datappoj_swab.php')
 3 SYSTEMPATH\View\View.php(227): CodeIgniter\View\View->CodeIgniter\View\{closure}()
 4 SYSTEMPATH\Common.php(1180): CodeIgniter\View\View->render('AtRest/datappoj_swab', [], true)
 5 APPPATH\Controllers\DataPpojSwab.php(32): view('AtRest/datappoj_swab', [...])
 6 SYSTEMPATH\CodeIgniter.php(932): App\Controllers\DataPpojSwab->index()
 7 SYSTEMPATH\CodeIgniter.php(497): CodeIgniter\CodeIgniter->runController(Object(App\Controllers\DataPpojSwab))
 8 SYSTEMPATH\CodeIgniter.php(366): CodeIgniter\CodeIgniter->handleRequest(null, Object(Config\Cache), false)
 9 FCPATH\index.php(79): CodeIgniter\CodeIgniter->run()
CRITICAL - 2025-04-24 07:06:49 --> Undefined variable $AhuSwabModel
in APPPATH\Controllers\DataPpojSwab.php on line 29.
 1 APPPATH\Controllers\DataPpojSwab.php(29): CodeIgniter\Debug\Exceptions->errorHandler(2, 'Undefined variable $AhuSwabModel', 'C:\\xampp\\htdocs\\e-reportruangan\\app\\Controllers\\DataPpojSwab.php', 29)
 2 SYSTEMPATH\CodeIgniter.php(932): App\Controllers\DataPpojSwab->index()
 3 SYSTEMPATH\CodeIgniter.php(497): CodeIgniter\CodeIgniter->runController(Object(App\Controllers\DataPpojSwab))
 4 SYSTEMPATH\CodeIgniter.php(366): CodeIgniter\CodeIgniter->handleRequest(null, Object(Config\Cache), false)
 5 FCPATH\index.php(79): CodeIgniter\CodeIgniter->run()
CRITICAL - 2025-04-24 07:07:02 --> Undefined variable $AhuSwabModel
in APPPATH\Controllers\DataPpojSwab.php on line 29.
 1 APPPATH\Controllers\DataPpojSwab.php(29): CodeIgniter\Debug\Exceptions->errorHandler(2, 'Undefined variable $AhuSwabModel', 'C:\\xampp\\htdocs\\e-reportruangan\\app\\Controllers\\DataPpojSwab.php', 29)
 2 SYSTEMPATH\CodeIgniter.php(932): App\Controllers\DataPpojSwab->index()
 3 SYSTEMPATH\CodeIgniter.php(497): CodeIgniter\CodeIgniter->runController(Object(App\Controllers\DataPpojSwab))
 4 SYSTEMPATH\CodeIgniter.php(366): CodeIgniter\CodeIgniter->handleRequest(null, Object(Config\Cache), false)
 5 FCPATH\index.php(79): CodeIgniter\CodeIgniter->run()
CRITICAL - 2025-04-24 07:07:05 --> Undefined variable $AhuSwabModel
in APPPATH\Controllers\DataPpojSwab.php on line 29.
 1 APPPATH\Controllers\DataPpojSwab.php(29): CodeIgniter\Debug\Exceptions->errorHandler(2, 'Undefined variable $AhuSwabModel', 'C:\\xampp\\htdocs\\e-reportruangan\\app\\Controllers\\DataPpojSwab.php', 29)
 2 SYSTEMPATH\CodeIgniter.php(932): App\Controllers\DataPpojSwab->index()
 3 SYSTEMPATH\CodeIgniter.php(497): CodeIgniter\CodeIgniter->runController(Object(App\Controllers\DataPpojSwab))
 4 SYSTEMPATH\CodeIgniter.php(366): CodeIgniter\CodeIgniter->handleRequest(null, Object(Config\Cache), false)
 5 FCPATH\index.php(79): CodeIgniter\CodeIgniter->run()
CRITICAL - 2025-04-24 07:07:06 --> Undefined variable $AhuSwabModel
in APPPATH\Controllers\DataPpojSwab.php on line 29.
 1 APPPATH\Controllers\DataPpojSwab.php(29): CodeIgniter\Debug\Exceptions->errorHandler(2, 'Undefined variable $AhuSwabModel', 'C:\\xampp\\htdocs\\e-reportruangan\\app\\Controllers\\DataPpojSwab.php', 29)
 2 SYSTEMPATH\CodeIgniter.php(932): App\Controllers\DataPpojSwab->index()
 3 SYSTEMPATH\CodeIgniter.php(497): CodeIgniter\CodeIgniter->runController(Object(App\Controllers\DataPpojSwab))
 4 SYSTEMPATH\CodeIgniter.php(366): CodeIgniter\CodeIgniter->handleRequest(null, Object(Config\Cache), false)
 5 FCPATH\index.php(79): CodeIgniter\CodeIgniter->run()
CRITICAL - 2025-04-24 07:07:24 --> syntax error, unexpected token ";", expecting "]"
in APPPATH\Controllers\DataPpojSwab.php on line 29.
 1 SYSTEMPATH\Autoloader\Autoloader.php(289): CodeIgniter\Autoloader\Autoloader->includeFile('C:\\xampp\\htdocs\\e-reportruangan\\app\\Controllers\\DataPpojSwab.php')
 2 SYSTEMPATH\Autoloader\Autoloader.php(267): CodeIgniter\Autoloader\Autoloader->loadInNamespace('App\\Controllers\\DataPpojSwab')
 3 [internal function]: CodeIgniter\Autoloader\Autoloader->loadClass('App\\Controllers\\DataPpojSwab')
 4 SYSTEMPATH\CodeIgniter.php(890): class_exists('\\App\\Controllers\\DataPpojSwab', true)
 5 SYSTEMPATH\CodeIgniter.php(484): CodeIgniter\CodeIgniter->startController()
 6 SYSTEMPATH\CodeIgniter.php(366): CodeIgniter\CodeIgniter->handleRequest(null, Object(Config\Cache), false)
 7 FCPATH\index.php(79): CodeIgniter\CodeIgniter->run()
CRITICAL - 2025-04-24 07:07:34 --> Undefined variable $AhuSwabModel
in APPPATH\Controllers\DataPpojSwab.php on line 29.
 1 APPPATH\Controllers\DataPpojSwab.php(29): CodeIgniter\Debug\Exceptions->errorHandler(2, 'Undefined variable $AhuSwabModel', 'C:\\xampp\\htdocs\\e-reportruangan\\app\\Controllers\\DataPpojSwab.php', 29)
 2 SYSTEMPATH\CodeIgniter.php(932): App\Controllers\DataPpojSwab->index()
 3 SYSTEMPATH\CodeIgniter.php(497): CodeIgniter\CodeIgniter->runController(Object(App\Controllers\DataPpojSwab))
 4 SYSTEMPATH\CodeIgniter.php(366): CodeIgniter\CodeIgniter->handleRequest(null, Object(Config\Cache), false)
 5 FCPATH\index.php(79): CodeIgniter\CodeIgniter->run()
CRITICAL - 2025-04-24 07:07:35 --> Undefined variable $AhuSwabModel
in APPPATH\Controllers\DataPpojSwab.php on line 29.
 1 APPPATH\Controllers\DataPpojSwab.php(29): CodeIgniter\Debug\Exceptions->errorHandler(2, 'Undefined variable $AhuSwabModel', 'C:\\xampp\\htdocs\\e-reportruangan\\app\\Controllers\\DataPpojSwab.php', 29)
 2 SYSTEMPATH\CodeIgniter.php(932): App\Controllers\DataPpojSwab->index()
 3 SYSTEMPATH\CodeIgniter.php(497): CodeIgniter\CodeIgniter->runController(Object(App\Controllers\DataPpojSwab))
 4 SYSTEMPATH\CodeIgniter.php(366): CodeIgniter\CodeIgniter->handleRequest(null, Object(Config\Cache), false)
 5 FCPATH\index.php(79): CodeIgniter\CodeIgniter->run()
CRITICAL - 2025-04-24 07:08:01 --> Call to undefined method App\Models\AhuSwabModel::List_PPOJ_Swab
in SYSTEMPATH\Model.php on line 838.
 1 APPPATH\Controllers\DataPpojSwab.php(29): CodeIgniter\Model->__call('List_PPOJ_Swab', [])
 2 SYSTEMPATH\CodeIgniter.php(932): App\Controllers\DataPpojSwab->index()
 3 SYSTEMPATH\CodeIgniter.php(497): CodeIgniter\CodeIgniter->runController(Object(App\Controllers\DataPpojSwab))
 4 SYSTEMPATH\CodeIgniter.php(366): CodeIgniter\CodeIgniter->handleRequest(null, Object(Config\Cache), false)
 5 FCPATH\index.php(79): CodeIgniter\CodeIgniter->run()
INFO - 2025-04-24 07:08:46 --> Session: Class initialized using 'CodeIgniter\Session\Handlers\FileHandler' driver.
INFO - 2025-04-24 07:08:52 --> Session: Class initialized using 'CodeIgniter\Session\Handlers\FileHandler' driver.
INFO - 2025-04-24 07:09:01 --> Session: Class initialized using 'CodeIgniter\Session\Handlers\FileHandler' driver.
INFO - 2025-04-24 07:09:36 --> Session: Class initialized using 'CodeIgniter\Session\Handlers\FileHandler' driver.
INFO - 2025-04-24 07:09:43 --> Session: Class initialized using 'CodeIgniter\Session\Handlers\FileHandler' driver.
INFO - 2025-04-24 07:10:12 --> Session: Class initialized using 'CodeIgniter\Session\Handlers\FileHandler' driver.
INFO - 2025-04-24 07:10:29 --> Session: Class initialized using 'CodeIgniter\Session\Handlers\FileHandler' driver.
INFO - 2025-04-24 07:10:29 --> Session: Class initialized using 'CodeIgniter\Session\Handlers\FileHandler' driver.
INFO - 2025-04-24 07:11:51 --> Session: Class initialized using 'CodeIgniter\Session\Handlers\FileHandler' driver.
INFO - 2025-04-24 07:15:37 --> Session: Class initialized using 'CodeIgniter\Session\Handlers\FileHandler' driver.
CRITICAL - 2025-04-24 07:15:37 --> Call to undefined method App\Models\PpojSwabModel::List_PPOJ_Swab_Detail
in SYSTEMPATH\Model.php on line 838.
 1 APPPATH\Controllers\DataPpojSwab.php(280): CodeIgniter\Model->__call('List_PPOJ_Swab_Detail', [...])
 2 SYSTEMPATH\CodeIgniter.php(932): App\Controllers\DataPpojSwab->ViewDetail('1')
 3 SYSTEMPATH\CodeIgniter.php(497): CodeIgniter\CodeIgniter->runController(Object(App\Controllers\DataPpojSwab))
 4 SYSTEMPATH\CodeIgniter.php(366): CodeIgniter\CodeIgniter->handleRequest(null, Object(Config\Cache), false)
 5 FCPATH\index.php(79): CodeIgniter\CodeIgniter->run()
INFO - 2025-04-24 07:19:35 --> Session: Class initialized using 'CodeIgniter\Session\Handlers\FileHandler' driver.
ERROR - 2025-04-24 07:19:35 --> mysqli_sql_exception: Unknown column 'no_ppoj' in 'field list' in C:\xampp\htdocs\e-reportruangan\system\Database\MySQLi\Connection.php:295
Stack trace:
#0 C:\xampp\htdocs\e-reportruangan\system\Database\MySQLi\Connection.php(295): mysqli->query('SELECT `id`, `t...', 0)
#1 C:\xampp\htdocs\e-reportruangan\system\Database\BaseConnection.php(692): CodeIgniter\Database\MySQLi\Connection->execute('SELECT `id`, `t...')
#2 C:\xampp\htdocs\e-reportruangan\system\Database\BaseConnection.php(606): CodeIgniter\Database\BaseConnection->simpleQuery('SELECT `id`, `t...')
#3 C:\xampp\htdocs\e-reportruangan\system\Database\BaseBuilder.php(1616): CodeIgniter\Database\BaseConnection->query('SELECT `id`, `t...', Array, false)
#4 C:\xampp\htdocs\e-reportruangan\app\Models\PpojSwabModel.php(37): CodeIgniter\Database\BaseBuilder->get()
#5 C:\xampp\htdocs\e-reportruangan\app\Controllers\DataPpojSwab.php(280): App\Models\PpojSwabModel->List_PPOJ_Swab_Detail('1')
#6 C:\xampp\htdocs\e-reportruangan\system\CodeIgniter.php(932): App\Controllers\DataPpojSwab->ViewDetail('1')
#7 C:\xampp\htdocs\e-reportruangan\system\CodeIgniter.php(497): CodeIgniter\CodeIgniter->runController(Object(App\Controllers\DataPpojSwab))
#8 C:\xampp\htdocs\e-reportruangan\system\CodeIgniter.php(366): CodeIgniter\CodeIgniter->handleRequest(NULL, Object(Config\Cache), false)
#9 C:\xampp\htdocs\e-reportruangan\public\index.php(79): CodeIgniter\CodeIgniter->run()
#10 {main}
CRITICAL - 2025-04-24 07:19:35 --> Unknown column 'no_ppoj' in 'field list'
in SYSTEMPATH\Database\MySQLi\Connection.php on line 295.
 1 SYSTEMPATH\Database\MySQLi\Connection.php(295): mysqli->query('SELECT `id`, `tanggal_sampling`, `nama_mesin_personil_alat`, `tanggal_dibersihkan`, `kategori`, `kelas`, `departemen`, `nama_ruangan`, `no_ppoj`, `status`
FROM `data_awal_swab`
ORDER BY `tanggal_sampling` DESC', 0)
 2 SYSTEMPATH\Database\BaseConnection.php(692): CodeIgniter\Database\MySQLi\Connection->execute('SELECT `id`, `tanggal_sampling`, `nama_mesin_personil_alat`, `tanggal_dibersihkan`, `kategori`, `kelas`, `departemen`, `nama_ruangan`, `no_ppoj`, `status`
FROM `data_awal_swab`
ORDER BY `tanggal_sampling` DESC')
 3 SYSTEMPATH\Database\BaseConnection.php(606): CodeIgniter\Database\BaseConnection->simpleQuery('SELECT `id`, `tanggal_sampling`, `nama_mesin_personil_alat`, `tanggal_dibersihkan`, `kategori`, `kelas`, `departemen`, `nama_ruangan`, `no_ppoj`, `status`
FROM `data_awal_swab`
ORDER BY `tanggal_sampling` DESC')
 4 SYSTEMPATH\Database\BaseBuilder.php(1616): CodeIgniter\Database\BaseConnection->query('SELECT `id`, `tanggal_sampling`, `nama_mesin_personil_alat`, `tanggal_dibersihkan`, `kategori`, `kelas`, `departemen`, `nama_ruangan`, `no_ppoj`, `status`
FROM `data_awal_swab`
ORDER BY `tanggal_sampling` DESC', [], false)
 5 APPPATH\Models\PpojSwabModel.php(37): CodeIgniter\Database\BaseBuilder->get()
 6 APPPATH\Controllers\DataPpojSwab.php(280): App\Models\PpojSwabModel->List_PPOJ_Swab_Detail('1')
 7 SYSTEMPATH\CodeIgniter.php(932): App\Controllers\DataPpojSwab->ViewDetail('1')
 8 SYSTEMPATH\CodeIgniter.php(497): CodeIgniter\CodeIgniter->runController(Object(App\Controllers\DataPpojSwab))
 9 SYSTEMPATH\CodeIgniter.php(366): CodeIgniter\CodeIgniter->handleRequest(null, Object(Config\Cache), false)
10 FCPATH\index.php(79): CodeIgniter\CodeIgniter->run()
INFO - 2025-04-24 07:19:50 --> Session: Class initialized using 'CodeIgniter\Session\Handlers\FileHandler' driver.
INFO - 2025-04-24 07:20:42 --> Session: Class initialized using 'CodeIgniter\Session\Handlers\FileHandler' driver.
INFO - 2025-04-24 07:20:48 --> Session: Class initialized using 'CodeIgniter\Session\Handlers\FileHandler' driver.
INFO - 2025-04-24 07:21:08 --> Session: Class initialized using 'CodeIgniter\Session\Handlers\FileHandler' driver.
INFO - 2025-04-24 07:21:08 --> Session: Class initialized using 'CodeIgniter\Session\Handlers\FileHandler' driver.
INFO - 2025-04-24 07:21:13 --> Session: Class initialized using 'CodeIgniter\Session\Handlers\FileHandler' driver.
INFO - 2025-04-24 07:21:16 --> Session: Class initialized using 'CodeIgniter\Session\Handlers\FileHandler' driver.
ERROR - 2025-04-24 07:24:33 --> mysqli_sql_exception: Unknown column 'tanggal_sampling' in 'field list' in C:\xampp\htdocs\e-reportruangan\system\Database\MySQLi\Connection.php:295
Stack trace:
#0 C:\xampp\htdocs\e-reportruangan\system\Database\MySQLi\Connection.php(295): mysqli->query('SELECT `id`, `t...', 0)
#1 C:\xampp\htdocs\e-reportruangan\system\Database\BaseConnection.php(692): CodeIgniter\Database\MySQLi\Connection->execute('SELECT `id`, `t...')
#2 C:\xampp\htdocs\e-reportruangan\system\Database\BaseConnection.php(606): CodeIgniter\Database\BaseConnection->simpleQuery('SELECT `id`, `t...')
#3 C:\xampp\htdocs\e-reportruangan\system\Database\BaseBuilder.php(1616): CodeIgniter\Database\BaseConnection->query('SELECT `id`, `t...', Array, false)
#4 C:\xampp\htdocs\e-reportruangan\app\Models\AllModel.php(38): CodeIgniter\Database\BaseBuilder->get()
#5 C:\xampp\htdocs\e-reportruangan\app\Controllers\DataPpojSwab.php(29): App\Models\AllModel->List_PPOJ_Swab()
#6 C:\xampp\htdocs\e-reportruangan\system\CodeIgniter.php(932): App\Controllers\DataPpojSwab->index()
#7 C:\xampp\htdocs\e-reportruangan\system\CodeIgniter.php(497): CodeIgniter\CodeIgniter->runController(Object(App\Controllers\DataPpojSwab))
#8 C:\xampp\htdocs\e-reportruangan\system\CodeIgniter.php(366): CodeIgniter\CodeIgniter->handleRequest(NULL, Object(Config\Cache), false)
#9 C:\xampp\htdocs\e-reportruangan\public\index.php(79): CodeIgniter\CodeIgniter->run()
#10 {main}
CRITICAL - 2025-04-24 07:24:33 --> Unknown column 'tanggal_sampling' in 'field list'
in SYSTEMPATH\Database\MySQLi\Connection.php on line 295.
 1 SYSTEMPATH\Database\MySQLi\Connection.php(295): mysqli->query('SELECT `id`, `tanggal_sampling`, `kategori`, `site`, `keterangan`, `status`
FROM `master_data_swab`', 0)
 2 SYSTEMPATH\Database\BaseConnection.php(692): CodeIgniter\Database\MySQLi\Connection->execute('SELECT `id`, `tanggal_sampling`, `kategori`, `site`, `keterangan`, `status`
FROM `master_data_swab`')
 3 SYSTEMPATH\Database\BaseConnection.php(606): CodeIgniter\Database\BaseConnection->simpleQuery('SELECT `id`, `tanggal_sampling`, `kategori`, `site`, `keterangan`, `status`
FROM `master_data_swab`')
 4 SYSTEMPATH\Database\BaseBuilder.php(1616): CodeIgniter\Database\BaseConnection->query('SELECT `id`, `tanggal_sampling`, `kategori`, `site`, `keterangan`, `status`
FROM `master_data_swab`', [], false)
 5 APPPATH\Models\AllModel.php(38): CodeIgniter\Database\BaseBuilder->get()
 6 APPPATH\Controllers\DataPpojSwab.php(29): App\Models\AllModel->List_PPOJ_Swab()
 7 SYSTEMPATH\CodeIgniter.php(932): App\Controllers\DataPpojSwab->index()
 8 SYSTEMPATH\CodeIgniter.php(497): CodeIgniter\CodeIgniter->runController(Object(App\Controllers\DataPpojSwab))
 9 SYSTEMPATH\CodeIgniter.php(366): CodeIgniter\CodeIgniter->handleRequest(null, Object(Config\Cache), false)
10 FCPATH\index.php(79): CodeIgniter\CodeIgniter->run()
ERROR - 2025-04-24 07:26:16 --> mysqli_sql_exception: Unknown column 'tanggal_sampling' in 'field list' in C:\xampp\htdocs\e-reportruangan\system\Database\MySQLi\Connection.php:295
Stack trace:
#0 C:\xampp\htdocs\e-reportruangan\system\Database\MySQLi\Connection.php(295): mysqli->query('SELECT `id`, `t...', 0)
#1 C:\xampp\htdocs\e-reportruangan\system\Database\BaseConnection.php(692): CodeIgniter\Database\MySQLi\Connection->execute('SELECT `id`, `t...')
#2 C:\xampp\htdocs\e-reportruangan\system\Database\BaseConnection.php(606): CodeIgniter\Database\BaseConnection->simpleQuery('SELECT `id`, `t...')
#3 C:\xampp\htdocs\e-reportruangan\system\Database\BaseBuilder.php(1616): CodeIgniter\Database\BaseConnection->query('SELECT `id`, `t...', Array, false)
#4 C:\xampp\htdocs\e-reportruangan\app\Models\AllModel.php(38): CodeIgniter\Database\BaseBuilder->get()
#5 C:\xampp\htdocs\e-reportruangan\app\Controllers\DataPpojSwab.php(29): App\Models\AllModel->List_PPOJ_Swab()
#6 C:\xampp\htdocs\e-reportruangan\system\CodeIgniter.php(932): App\Controllers\DataPpojSwab->index()
#7 C:\xampp\htdocs\e-reportruangan\system\CodeIgniter.php(497): CodeIgniter\CodeIgniter->runController(Object(App\Controllers\DataPpojSwab))
#8 C:\xampp\htdocs\e-reportruangan\system\CodeIgniter.php(366): CodeIgniter\CodeIgniter->handleRequest(NULL, Object(Config\Cache), false)
#9 C:\xampp\htdocs\e-reportruangan\public\index.php(79): CodeIgniter\CodeIgniter->run()
#10 {main}
CRITICAL - 2025-04-24 07:26:16 --> Unknown column 'tanggal_sampling' in 'field list'
in SYSTEMPATH\Database\MySQLi\Connection.php on line 295.
 1 SYSTEMPATH\Database\MySQLi\Connection.php(295): mysqli->query('SELECT `id`, `tanggal_sampling`, `kategori`, `site`, `keterangan`, `status`
FROM `master_data_swab`
ORDER BY `tanggal_sampling` DESC', 0)
 2 SYSTEMPATH\Database\BaseConnection.php(692): CodeIgniter\Database\MySQLi\Connection->execute('SELECT `id`, `tanggal_sampling`, `kategori`, `site`, `keterangan`, `status`
FROM `master_data_swab`
ORDER BY `tanggal_sampling` DESC')
 3 SYSTEMPATH\Database\BaseConnection.php(606): CodeIgniter\Database\BaseConnection->simpleQuery('SELECT `id`, `tanggal_sampling`, `kategori`, `site`, `keterangan`, `status`
FROM `master_data_swab`
ORDER BY `tanggal_sampling` DESC')
 4 SYSTEMPATH\Database\BaseBuilder.php(1616): CodeIgniter\Database\BaseConnection->query('SELECT `id`, `tanggal_sampling`, `kategori`, `site`, `keterangan`, `status`
FROM `master_data_swab`
ORDER BY `tanggal_sampling` DESC', [], false)
 5 APPPATH\Models\AllModel.php(38): CodeIgniter\Database\BaseBuilder->get()
 6 APPPATH\Controllers\DataPpojSwab.php(29): App\Models\AllModel->List_PPOJ_Swab()
 7 SYSTEMPATH\CodeIgniter.php(932): App\Controllers\DataPpojSwab->index()
 8 SYSTEMPATH\CodeIgniter.php(497): CodeIgniter\CodeIgniter->runController(Object(App\Controllers\DataPpojSwab))
 9 SYSTEMPATH\CodeIgniter.php(366): CodeIgniter\CodeIgniter->handleRequest(null, Object(Config\Cache), false)
10 FCPATH\index.php(79): CodeIgniter\CodeIgniter->run()
ERROR - 2025-04-24 07:26:17 --> mysqli_sql_exception: Unknown column 'tanggal_sampling' in 'field list' in C:\xampp\htdocs\e-reportruangan\system\Database\MySQLi\Connection.php:295
Stack trace:
#0 C:\xampp\htdocs\e-reportruangan\system\Database\MySQLi\Connection.php(295): mysqli->query('SELECT `id`, `t...', 0)
#1 C:\xampp\htdocs\e-reportruangan\system\Database\BaseConnection.php(692): CodeIgniter\Database\MySQLi\Connection->execute('SELECT `id`, `t...')
#2 C:\xampp\htdocs\e-reportruangan\system\Database\BaseConnection.php(606): CodeIgniter\Database\BaseConnection->simpleQuery('SELECT `id`, `t...')
#3 C:\xampp\htdocs\e-reportruangan\system\Database\BaseBuilder.php(1616): CodeIgniter\Database\BaseConnection->query('SELECT `id`, `t...', Array, false)
#4 C:\xampp\htdocs\e-reportruangan\app\Models\AllModel.php(38): CodeIgniter\Database\BaseBuilder->get()
#5 C:\xampp\htdocs\e-reportruangan\app\Controllers\DataPpojSwab.php(29): App\Models\AllModel->List_PPOJ_Swab()
#6 C:\xampp\htdocs\e-reportruangan\system\CodeIgniter.php(932): App\Controllers\DataPpojSwab->index()
#7 C:\xampp\htdocs\e-reportruangan\system\CodeIgniter.php(497): CodeIgniter\CodeIgniter->runController(Object(App\Controllers\DataPpojSwab))
#8 C:\xampp\htdocs\e-reportruangan\system\CodeIgniter.php(366): CodeIgniter\CodeIgniter->handleRequest(NULL, Object(Config\Cache), false)
#9 C:\xampp\htdocs\e-reportruangan\public\index.php(79): CodeIgniter\CodeIgniter->run()
#10 {main}
CRITICAL - 2025-04-24 07:26:17 --> Unknown column 'tanggal_sampling' in 'field list'
in SYSTEMPATH\Database\MySQLi\Connection.php on line 295.
 1 SYSTEMPATH\Database\MySQLi\Connection.php(295): mysqli->query('SELECT `id`, `tanggal_sampling`, `kategori`, `site`, `keterangan`, `status`
FROM `master_data_swab`
ORDER BY `tanggal_sampling` DESC', 0)
 2 SYSTEMPATH\Database\BaseConnection.php(692): CodeIgniter\Database\MySQLi\Connection->execute('SELECT `id`, `tanggal_sampling`, `kategori`, `site`, `keterangan`, `status`
FROM `master_data_swab`
ORDER BY `tanggal_sampling` DESC')
 3 SYSTEMPATH\Database\BaseConnection.php(606): CodeIgniter\Database\BaseConnection->simpleQuery('SELECT `id`, `tanggal_sampling`, `kategori`, `site`, `keterangan`, `status`
FROM `master_data_swab`
ORDER BY `tanggal_sampling` DESC')
 4 SYSTEMPATH\Database\BaseBuilder.php(1616): CodeIgniter\Database\BaseConnection->query('SELECT `id`, `tanggal_sampling`, `kategori`, `site`, `keterangan`, `status`
FROM `master_data_swab`
ORDER BY `tanggal_sampling` DESC', [], false)
 5 APPPATH\Models\AllModel.php(38): CodeIgniter\Database\BaseBuilder->get()
 6 APPPATH\Controllers\DataPpojSwab.php(29): App\Models\AllModel->List_PPOJ_Swab()
 7 SYSTEMPATH\CodeIgniter.php(932): App\Controllers\DataPpojSwab->index()
 8 SYSTEMPATH\CodeIgniter.php(497): CodeIgniter\CodeIgniter->runController(Object(App\Controllers\DataPpojSwab))
 9 SYSTEMPATH\CodeIgniter.php(366): CodeIgniter\CodeIgniter->handleRequest(null, Object(Config\Cache), false)
10 FCPATH\index.php(79): CodeIgniter\CodeIgniter->run()
INFO - 2025-04-24 07:27:18 --> Session: Class initialized using 'CodeIgniter\Session\Handlers\FileHandler' driver.
INFO - 2025-04-24 07:27:22 --> Session: Class initialized using 'CodeIgniter\Session\Handlers\FileHandler' driver.
INFO - 2025-04-24 07:27:22 --> Session: Class initialized using 'CodeIgniter\Session\Handlers\FileHandler' driver.
INFO - 2025-04-24 07:27:26 --> Session: Class initialized using 'CodeIgniter\Session\Handlers\FileHandler' driver.
INFO - 2025-04-24 07:27:27 --> Session: Class initialized using 'CodeIgniter\Session\Handlers\FileHandler' driver.
INFO - 2025-04-24 07:27:33 --> Session: Class initialized using 'CodeIgniter\Session\Handlers\FileHandler' driver.
INFO - 2025-04-24 07:27:37 --> Session: Class initialized using 'CodeIgniter\Session\Handlers\FileHandler' driver.
INFO - 2025-04-24 07:27:37 --> Session: Class initialized using 'CodeIgniter\Session\Handlers\FileHandler' driver.
INFO - 2025-04-24 07:27:40 --> Session: Class initialized using 'CodeIgniter\Session\Handlers\FileHandler' driver.
INFO - 2025-04-24 07:27:50 --> Session: Class initialized using 'CodeIgniter\Session\Handlers\FileHandler' driver.
INFO - 2025-04-24 07:27:56 --> Session: Class initialized using 'CodeIgniter\Session\Handlers\FileHandler' driver.
INFO - 2025-04-24 07:28:01 --> Session: Class initialized using 'CodeIgniter\Session\Handlers\FileHandler' driver.
INFO - 2025-04-24 07:28:07 --> Session: Class initialized using 'CodeIgniter\Session\Handlers\FileHandler' driver.
INFO - 2025-04-24 07:28:07 --> Session: Class initialized using 'CodeIgniter\Session\Handlers\FileHandler' driver.
INFO - 2025-04-24 07:28:10 --> Session: Class initialized using 'CodeIgniter\Session\Handlers\FileHandler' driver.
INFO - 2025-04-24 07:28:10 --> Session: Class initialized using 'CodeIgniter\Session\Handlers\FileHandler' driver.
INFO - 2025-04-24 07:28:13 --> Session: Class initialized using 'CodeIgniter\Session\Handlers\FileHandler' driver.
INFO - 2025-04-24 07:28:13 --> Session: Class initialized using 'CodeIgniter\Session\Handlers\FileHandler' driver.
INFO - 2025-04-24 07:28:16 --> Session: Class initialized using 'CodeIgniter\Session\Handlers\FileHandler' driver.
INFO - 2025-04-24 07:28:21 --> Session: Class initialized using 'CodeIgniter\Session\Handlers\FileHandler' driver.
INFO - 2025-04-24 07:28:23 --> Session: Class initialized using 'CodeIgniter\Session\Handlers\FileHandler' driver.
INFO - 2025-04-24 07:28:23 --> Session: Class initialized using 'CodeIgniter\Session\Handlers\FileHandler' driver.
INFO - 2025-04-24 07:28:25 --> Session: Class initialized using 'CodeIgniter\Session\Handlers\FileHandler' driver.
INFO - 2025-04-24 07:28:25 --> Session: Class initialized using 'CodeIgniter\Session\Handlers\FileHandler' driver.
INFO - 2025-04-24 07:28:26 --> Session: Class initialized using 'CodeIgniter\Session\Handlers\FileHandler' driver.
INFO - 2025-04-24 07:28:26 --> Session: Class initialized using 'CodeIgniter\Session\Handlers\FileHandler' driver.
INFO - 2025-04-24 07:28:27 --> Session: Class initialized using 'CodeIgniter\Session\Handlers\FileHandler' driver.
INFO - 2025-04-24 07:28:27 --> Session: Class initialized using 'CodeIgniter\Session\Handlers\FileHandler' driver.
INFO - 2025-04-24 07:28:28 --> Session: Class initialized using 'CodeIgniter\Session\Handlers\FileHandler' driver.
INFO - 2025-04-24 07:28:28 --> Session: Class initialized using 'CodeIgniter\Session\Handlers\FileHandler' driver.
INFO - 2025-04-24 07:28:31 --> Session: Class initialized using 'CodeIgniter\Session\Handlers\FileHandler' driver.
INFO - 2025-04-24 07:28:34 --> Session: Class initialized using 'CodeIgniter\Session\Handlers\FileHandler' driver.
INFO - 2025-04-24 07:28:36 --> Session: Class initialized using 'CodeIgniter\Session\Handlers\FileHandler' driver.
INFO - 2025-04-24 07:28:36 --> Session: Class initialized using 'CodeIgniter\Session\Handlers\FileHandler' driver.
INFO - 2025-04-24 07:28:38 --> Session: Class initialized using 'CodeIgniter\Session\Handlers\FileHandler' driver.
INFO - 2025-04-24 07:28:38 --> Session: Class initialized using 'CodeIgniter\Session\Handlers\FileHandler' driver.
INFO - 2025-04-24 07:28:39 --> Session: Class initialized using 'CodeIgniter\Session\Handlers\FileHandler' driver.
INFO - 2025-04-24 07:28:39 --> Session: Class initialized using 'CodeIgniter\Session\Handlers\FileHandler' driver.
INFO - 2025-04-24 07:28:39 --> Session: Class initialized using 'CodeIgniter\Session\Handlers\FileHandler' driver.
INFO - 2025-04-24 07:28:40 --> Session: Class initialized using 'CodeIgniter\Session\Handlers\FileHandler' driver.
INFO - 2025-04-24 07:28:40 --> Session: Class initialized using 'CodeIgniter\Session\Handlers\FileHandler' driver.
INFO - 2025-04-24 07:28:41 --> Session: Class initialized using 'CodeIgniter\Session\Handlers\FileHandler' driver.
INFO - 2025-04-24 07:28:43 --> Session: Class initialized using 'CodeIgniter\Session\Handlers\FileHandler' driver.
INFO - 2025-04-24 07:28:47 --> Session: Class initialized using 'CodeIgniter\Session\Handlers\FileHandler' driver.
INFO - 2025-04-24 07:28:51 --> Session: Class initialized using 'CodeIgniter\Session\Handlers\FileHandler' driver.
INFO - 2025-04-24 07:28:51 --> Session: Class initialized using 'CodeIgniter\Session\Handlers\FileHandler' driver.
INFO - 2025-04-24 07:28:52 --> Session: Class initialized using 'CodeIgniter\Session\Handlers\FileHandler' driver.
INFO - 2025-04-24 07:28:52 --> Session: Class initialized using 'CodeIgniter\Session\Handlers\FileHandler' driver.
INFO - 2025-04-24 07:31:23 --> Session: Class initialized using 'CodeIgniter\Session\Handlers\FileHandler' driver.
INFO - 2025-04-24 07:31:24 --> Session: Class initialized using 'CodeIgniter\Session\Handlers\FileHandler' driver.
INFO - 2025-04-24 07:31:24 --> Session: Class initialized using 'CodeIgniter\Session\Handlers\FileHandler' driver.
INFO - 2025-04-24 07:31:25 --> Session: Class initialized using 'CodeIgniter\Session\Handlers\FileHandler' driver.
INFO - 2025-04-24 07:31:26 --> Session: Class initialized using 'CodeIgniter\Session\Handlers\FileHandler' driver.
INFO - 2025-04-24 07:31:26 --> Session: Class initialized using 'CodeIgniter\Session\Handlers\FileHandler' driver.
CRITICAL - 2025-04-24 07:31:26 --> Undefined array key "id_ahu"
in APPPATH\Views\AtRest\datappoj_detail_swab.php on line 203.
 1 APPPATH\Views\AtRest\datappoj_detail_swab.php(203): CodeIgniter\Debug\Exceptions->errorHandler(2, 'Undefined array key "id_ahu"', 'C:\\xampp\\htdocs\\e-reportruangan\\app\\Views\\AtRest\\datappoj_detail_swab.php', 203)
 2 SYSTEMPATH\View\View.php(224): include('C:\\xampp\\htdocs\\e-reportruangan\\app\\Views\\AtRest\\datappoj_detail_swab.php')
 3 SYSTEMPATH\View\View.php(227): CodeIgniter\View\View->CodeIgniter\View\{closure}()
 4 SYSTEMPATH\Common.php(1180): CodeIgniter\View\View->render('AtRest/datappoj_detail_swab', [], true)
 5 APPPATH\Controllers\DataPpojSwab.php(288): view('AtRest/datappoj_detail_swab', [...])
 6 SYSTEMPATH\CodeIgniter.php(932): App\Controllers\DataPpojSwab->ViewDetail('1')
 7 SYSTEMPATH\CodeIgniter.php(497): CodeIgniter\CodeIgniter->runController(Object(App\Controllers\DataPpojSwab))
 8 SYSTEMPATH\CodeIgniter.php(366): CodeIgniter\CodeIgniter->handleRequest(null, Object(Config\Cache), false)
 9 FCPATH\index.php(79): CodeIgniter\CodeIgniter->run()
INFO - 2025-04-24 07:32:28 --> Session: Class initialized using 'CodeIgniter\Session\Handlers\FileHandler' driver.
INFO - 2025-04-24 07:32:30 --> Session: Class initialized using 'CodeIgniter\Session\Handlers\FileHandler' driver.
INFO - 2025-04-24 07:32:42 --> Session: Class initialized using 'CodeIgniter\Session\Handlers\FileHandler' driver.
INFO - 2025-04-24 07:32:42 --> Session: Class initialized using 'CodeIgniter\Session\Handlers\FileHandler' driver.
INFO - 2025-04-24 07:32:46 --> Session: Class initialized using 'CodeIgniter\Session\Handlers\FileHandler' driver.
INFO - 2025-04-24 07:32:47 --> Session: Class initialized using 'CodeIgniter\Session\Handlers\FileHandler' driver.
INFO - 2025-04-24 07:32:50 --> Session: Class initialized using 'CodeIgniter\Session\Handlers\FileHandler' driver.
INFO - 2025-04-24 07:32:51 --> Session: Class initialized using 'CodeIgniter\Session\Handlers\FileHandler' driver.
INFO - 2025-04-24 07:32:52 --> Session: Class initialized using 'CodeIgniter\Session\Handlers\FileHandler' driver.
INFO - 2025-04-24 07:32:53 --> Session: Class initialized using 'CodeIgniter\Session\Handlers\FileHandler' driver.
INFO - 2025-04-24 07:32:56 --> Session: Class initialized using 'CodeIgniter\Session\Handlers\FileHandler' driver.
INFO - 2025-04-24 07:32:57 --> Session: Class initialized using 'CodeIgniter\Session\Handlers\FileHandler' driver.
INFO - 2025-04-24 07:32:57 --> Session: Class initialized using 'CodeIgniter\Session\Handlers\FileHandler' driver.
INFO - 2025-04-24 07:32:59 --> Session: Class initialized using 'CodeIgniter\Session\Handlers\FileHandler' driver.
INFO - 2025-04-24 07:32:59 --> Session: Class initialized using 'CodeIgniter\Session\Handlers\FileHandler' driver.
INFO - 2025-04-24 07:33:00 --> Session: Class initialized using 'CodeIgniter\Session\Handlers\FileHandler' driver.
INFO - 2025-04-24 07:33:00 --> Session: Class initialized using 'CodeIgniter\Session\Handlers\FileHandler' driver.
INFO - 2025-04-24 07:33:01 --> Session: Class initialized using 'CodeIgniter\Session\Handlers\FileHandler' driver.
INFO - 2025-04-24 07:33:01 --> Session: Class initialized using 'CodeIgniter\Session\Handlers\FileHandler' driver.
INFO - 2025-04-24 07:33:02 --> Session: Class initialized using 'CodeIgniter\Session\Handlers\FileHandler' driver.
INFO - 2025-04-24 07:33:02 --> Session: Class initialized using 'CodeIgniter\Session\Handlers\FileHandler' driver.
INFO - 2025-04-24 07:33:02 --> Session: Class initialized using 'CodeIgniter\Session\Handlers\FileHandler' driver.
INFO - 2025-04-24 07:33:02 --> Session: Class initialized using 'CodeIgniter\Session\Handlers\FileHandler' driver.
INFO - 2025-04-24 07:33:03 --> Session: Class initialized using 'CodeIgniter\Session\Handlers\FileHandler' driver.
INFO - 2025-04-24 07:33:03 --> Session: Class initialized using 'CodeIgniter\Session\Handlers\FileHandler' driver.
INFO - 2025-04-24 07:33:03 --> Session: Class initialized using 'CodeIgniter\Session\Handlers\FileHandler' driver.
INFO - 2025-04-24 07:33:03 --> Session: Class initialized using 'CodeIgniter\Session\Handlers\FileHandler' driver.
INFO - 2025-04-24 07:33:04 --> Session: Class initialized using 'CodeIgniter\Session\Handlers\FileHandler' driver.
INFO - 2025-04-24 07:33:04 --> Session: Class initialized using 'CodeIgniter\Session\Handlers\FileHandler' driver.
INFO - 2025-04-24 07:33:05 --> Session: Class initialized using 'CodeIgniter\Session\Handlers\FileHandler' driver.
INFO - 2025-04-24 07:33:05 --> Session: Class initialized using 'CodeIgniter\Session\Handlers\FileHandler' driver.
INFO - 2025-04-24 07:33:05 --> Session: Class initialized using 'CodeIgniter\Session\Handlers\FileHandler' driver.
INFO - 2025-04-24 07:33:06 --> Session: Class initialized using 'CodeIgniter\Session\Handlers\FileHandler' driver.
INFO - 2025-04-24 07:33:06 --> Session: Class initialized using 'CodeIgniter\Session\Handlers\FileHandler' driver.
INFO - 2025-04-24 07:33:36 --> Session: Class initialized using 'CodeIgniter\Session\Handlers\FileHandler' driver.
INFO - 2025-04-24 07:35:04 --> Session: Class initialized using 'CodeIgniter\Session\Handlers\FileHandler' driver.
INFO - 2025-04-24 07:35:07 --> Session: Class initialized using 'CodeIgniter\Session\Handlers\FileHandler' driver.
INFO - 2025-04-24 07:35:09 --> Session: Class initialized using 'CodeIgniter\Session\Handlers\FileHandler' driver.
INFO - 2025-04-24 07:35:14 --> Session: Class initialized using 'CodeIgniter\Session\Handlers\FileHandler' driver.
INFO - 2025-04-24 07:35:15 --> Session: Class initialized using 'CodeIgniter\Session\Handlers\FileHandler' driver.
INFO - 2025-04-24 07:35:17 --> Session: Class initialized using 'CodeIgniter\Session\Handlers\FileHandler' driver.
INFO - 2025-04-24 07:35:18 --> Session: Class initialized using 'CodeIgniter\Session\Handlers\FileHandler' driver.
INFO - 2025-04-24 07:35:18 --> Session: Class initialized using 'CodeIgniter\Session\Handlers\FileHandler' driver.
INFO - 2025-04-24 07:35:20 --> Session: Class initialized using 'CodeIgniter\Session\Handlers\FileHandler' driver.
INFO - 2025-04-24 07:35:25 --> Session: Class initialized using 'CodeIgniter\Session\Handlers\FileHandler' driver.
INFO - 2025-04-24 07:35:41 --> Session: Class initialized using 'CodeIgniter\Session\Handlers\FileHandler' driver.
INFO - 2025-04-24 07:35:42 --> Session: Class initialized using 'CodeIgniter\Session\Handlers\FileHandler' driver.
INFO - 2025-04-24 07:35:44 --> Session: Class initialized using 'CodeIgniter\Session\Handlers\FileHandler' driver.
INFO - 2025-04-24 07:35:44 --> Session: Class initialized using 'CodeIgniter\Session\Handlers\FileHandler' driver.
INFO - 2025-04-24 07:35:45 --> Session: Class initialized using 'CodeIgniter\Session\Handlers\FileHandler' driver.
INFO - 2025-04-24 07:35:45 --> Session: Class initialized using 'CodeIgniter\Session\Handlers\FileHandler' driver.
INFO - 2025-04-24 07:35:46 --> Session: Class initialized using 'CodeIgniter\Session\Handlers\FileHandler' driver.
INFO - 2025-04-24 07:35:46 --> Session: Class initialized using 'CodeIgniter\Session\Handlers\FileHandler' driver.
INFO - 2025-04-24 07:35:47 --> Session: Class initialized using 'CodeIgniter\Session\Handlers\FileHandler' driver.
INFO - 2025-04-24 07:35:47 --> Session: Class initialized using 'CodeIgniter\Session\Handlers\FileHandler' driver.
INFO - 2025-04-24 07:35:47 --> Session: Class initialized using 'CodeIgniter\Session\Handlers\FileHandler' driver.
INFO - 2025-04-24 07:35:47 --> Session: Class initialized using 'CodeIgniter\Session\Handlers\FileHandler' driver.
INFO - 2025-04-24 07:35:48 --> Session: Class initialized using 'CodeIgniter\Session\Handlers\FileHandler' driver.
INFO - 2025-04-24 07:35:48 --> Session: Class initialized using 'CodeIgniter\Session\Handlers\FileHandler' driver.
INFO - 2025-04-24 07:35:49 --> Session: Class initialized using 'CodeIgniter\Session\Handlers\FileHandler' driver.
INFO - 2025-04-24 07:35:49 --> Session: Class initialized using 'CodeIgniter\Session\Handlers\FileHandler' driver.
INFO - 2025-04-24 07:35:49 --> Session: Class initialized using 'CodeIgniter\Session\Handlers\FileHandler' driver.
INFO - 2025-04-24 07:35:51 --> Session: Class initialized using 'CodeIgniter\Session\Handlers\FileHandler' driver.
INFO - 2025-04-24 07:35:54 --> Session: Class initialized using 'CodeIgniter\Session\Handlers\FileHandler' driver.
INFO - 2025-04-24 07:35:55 --> Session: Class initialized using 'CodeIgniter\Session\Handlers\FileHandler' driver.
INFO - 2025-04-24 07:36:18 --> Session: Class initialized using 'CodeIgniter\Session\Handlers\FileHandler' driver.
INFO - 2025-04-24 07:36:20 --> Session: Class initialized using 'CodeIgniter\Session\Handlers\FileHandler' driver.
INFO - 2025-04-24 07:36:30 --> Session: Class initialized using 'CodeIgniter\Session\Handlers\FileHandler' driver.
INFO - 2025-04-24 07:36:33 --> Session: Class initialized using 'CodeIgniter\Session\Handlers\FileHandler' driver.
INFO - 2025-04-24 07:39:49 --> Session: Class initialized using 'CodeIgniter\Session\Handlers\FileHandler' driver.
INFO - 2025-04-24 07:39:53 --> Session: Class initialized using 'CodeIgniter\Session\Handlers\FileHandler' driver.
INFO - 2025-04-24 07:42:20 --> Session: Class initialized using 'CodeIgniter\Session\Handlers\FileHandler' driver.
INFO - 2025-04-24 07:42:25 --> Session: Class initialized using 'CodeIgniter\Session\Handlers\FileHandler' driver.
INFO - 2025-04-24 07:42:41 --> Session: Class initialized using 'CodeIgniter\Session\Handlers\FileHandler' driver.
INFO - 2025-04-24 07:42:48 --> Session: Class initialized using 'CodeIgniter\Session\Handlers\FileHandler' driver.
INFO - 2025-04-24 07:42:49 --> Session: Class initialized using 'CodeIgniter\Session\Handlers\FileHandler' driver.
INFO - 2025-04-24 07:42:50 --> Session: Class initialized using 'CodeIgniter\Session\Handlers\FileHandler' driver.
INFO - 2025-04-24 07:42:51 --> Session: Class initialized using 'CodeIgniter\Session\Handlers\FileHandler' driver.
INFO - 2025-04-24 07:42:52 --> Session: Class initialized using 'CodeIgniter\Session\Handlers\FileHandler' driver.
INFO - 2025-04-24 07:42:52 --> Session: Class initialized using 'CodeIgniter\Session\Handlers\FileHandler' driver.
INFO - 2025-04-24 07:42:53 --> Session: Class initialized using 'CodeIgniter\Session\Handlers\FileHandler' driver.
INFO - 2025-04-24 07:42:53 --> Session: Class initialized using 'CodeIgniter\Session\Handlers\FileHandler' driver.
INFO - 2025-04-24 07:42:54 --> Session: Class initialized using 'CodeIgniter\Session\Handlers\FileHandler' driver.
INFO - 2025-04-24 07:42:54 --> Session: Class initialized using 'CodeIgniter\Session\Handlers\FileHandler' driver.
INFO - 2025-04-24 07:43:03 --> Session: Class initialized using 'CodeIgniter\Session\Handlers\FileHandler' driver.
INFO - 2025-04-24 07:43:03 --> Session: Class initialized using 'CodeIgniter\Session\Handlers\FileHandler' driver.
INFO - 2025-04-24 07:43:04 --> Session: Class initialized using 'CodeIgniter\Session\Handlers\FileHandler' driver.
INFO - 2025-04-24 07:43:04 --> Session: Class initialized using 'CodeIgniter\Session\Handlers\FileHandler' driver.
INFO - 2025-04-24 07:43:05 --> Session: Class initialized using 'CodeIgniter\Session\Handlers\FileHandler' driver.
INFO - 2025-04-24 07:43:05 --> Session: Class initialized using 'CodeIgniter\Session\Handlers\FileHandler' driver.
INFO - 2025-04-24 07:43:06 --> Session: Class initialized using 'CodeIgniter\Session\Handlers\FileHandler' driver.
INFO - 2025-04-24 07:43:06 --> Session: Class initialized using 'CodeIgniter\Session\Handlers\FileHandler' driver.
INFO - 2025-04-24 07:43:08 --> Session: Class initialized using 'CodeIgniter\Session\Handlers\FileHandler' driver.
INFO - 2025-04-24 07:43:13 --> Session: Class initialized using 'CodeIgniter\Session\Handlers\FileHandler' driver.
INFO - 2025-04-24 07:43:15 --> Session: Class initialized using 'CodeIgniter\Session\Handlers\FileHandler' driver.
INFO - 2025-04-24 07:43:22 --> Session: Class initialized using 'CodeIgniter\Session\Handlers\FileHandler' driver.
INFO - 2025-04-24 07:43:23 --> Session: Class initialized using 'CodeIgniter\Session\Handlers\FileHandler' driver.
INFO - 2025-04-24 07:51:13 --> Session: Class initialized using 'CodeIgniter\Session\Handlers\FileHandler' driver.
INFO - 2025-04-24 07:51:16 --> Session: Class initialized using 'CodeIgniter\Session\Handlers\FileHandler' driver.
INFO - 2025-04-24 07:51:35 --> Session: Class initialized using 'CodeIgniter\Session\Handlers\FileHandler' driver.
INFO - 2025-04-24 07:51:36 --> Session: Class initialized using 'CodeIgniter\Session\Handlers\FileHandler' driver.
INFO - 2025-04-24 07:51:37 --> Session: Class initialized using 'CodeIgniter\Session\Handlers\FileHandler' driver.
INFO - 2025-04-24 07:51:37 --> Session: Class initialized using 'CodeIgniter\Session\Handlers\FileHandler' driver.
INFO - 2025-04-24 07:51:38 --> Session: Class initialized using 'CodeIgniter\Session\Handlers\FileHandler' driver.
INFO - 2025-04-24 07:51:38 --> Session: Class initialized using 'CodeIgniter\Session\Handlers\FileHandler' driver.
INFO - 2025-04-24 07:51:39 --> Session: Class initialized using 'CodeIgniter\Session\Handlers\FileHandler' driver.
INFO - 2025-04-24 07:51:39 --> Session: Class initialized using 'CodeIgniter\Session\Handlers\FileHandler' driver.
INFO - 2025-04-24 07:51:40 --> Session: Class initialized using 'CodeIgniter\Session\Handlers\FileHandler' driver.
INFO - 2025-04-24 07:51:40 --> Session: Class initialized using 'CodeIgniter\Session\Handlers\FileHandler' driver.
INFO - 2025-04-24 07:51:41 --> Session: Class initialized using 'CodeIgniter\Session\Handlers\FileHandler' driver.
INFO - 2025-04-24 07:51:41 --> Session: Class initialized using 'CodeIgniter\Session\Handlers\FileHandler' driver.
INFO - 2025-04-24 07:51:41 --> Session: Class initialized using 'CodeIgniter\Session\Handlers\FileHandler' driver.
INFO - 2025-04-24 07:51:41 --> Session: Class initialized using 'CodeIgniter\Session\Handlers\FileHandler' driver.
INFO - 2025-04-24 07:51:42 --> Session: Class initialized using 'CodeIgniter\Session\Handlers\FileHandler' driver.
INFO - 2025-04-24 07:51:43 --> Session: Class initialized using 'CodeIgniter\Session\Handlers\FileHandler' driver.
INFO - 2025-04-24 07:51:52 --> Session: Class initialized using 'CodeIgniter\Session\Handlers\FileHandler' driver.
INFO - 2025-04-24 07:51:54 --> Session: Class initialized using 'CodeIgniter\Session\Handlers\FileHandler' driver.
INFO - 2025-04-24 07:51:58 --> Session: Class initialized using 'CodeIgniter\Session\Handlers\FileHandler' driver.
INFO - 2025-04-24 07:52:00 --> Session: Class initialized using 'CodeIgniter\Session\Handlers\FileHandler' driver.
INFO - 2025-04-24 07:52:01 --> Session: Class initialized using 'CodeIgniter\Session\Handlers\FileHandler' driver.
INFO - 2025-04-24 07:52:01 --> Session: Class initialized using 'CodeIgniter\Session\Handlers\FileHandler' driver.
INFO - 2025-04-24 07:52:02 --> Session: Class initialized using 'CodeIgniter\Session\Handlers\FileHandler' driver.
INFO - 2025-04-24 07:52:02 --> Session: Class initialized using 'CodeIgniter\Session\Handlers\FileHandler' driver.
INFO - 2025-04-24 07:56:06 --> Session: Class initialized using 'CodeIgniter\Session\Handlers\FileHandler' driver.
INFO - 2025-04-24 07:56:25 --> Session: Class initialized using 'CodeIgniter\Session\Handlers\FileHandler' driver.
INFO - 2025-04-24 07:56:47 --> Session: Class initialized using 'CodeIgniter\Session\Handlers\FileHandler' driver.
INFO - 2025-04-24 07:56:47 --> Session: Class initialized using 'CodeIgniter\Session\Handlers\FileHandler' driver.
INFO - 2025-04-24 07:57:10 --> Session: Class initialized using 'CodeIgniter\Session\Handlers\FileHandler' driver.
INFO - 2025-04-24 07:57:10 --> Session: Class initialized using 'CodeIgniter\Session\Handlers\FileHandler' driver.
INFO - 2025-04-24 07:57:12 --> Session: Class initialized using 'CodeIgniter\Session\Handlers\FileHandler' driver.
INFO - 2025-04-24 07:57:12 --> Session: Class initialized using 'CodeIgniter\Session\Handlers\FileHandler' driver.
INFO - 2025-04-24 07:57:12 --> Session: Class initialized using 'CodeIgniter\Session\Handlers\FileHandler' driver.
INFO - 2025-04-24 07:57:13 --> Session: Class initialized using 'CodeIgniter\Session\Handlers\FileHandler' driver.
INFO - 2025-04-24 07:57:13 --> Session: Class initialized using 'CodeIgniter\Session\Handlers\FileHandler' driver.
INFO - 2025-04-24 07:57:13 --> Session: Class initialized using 'CodeIgniter\Session\Handlers\FileHandler' driver.
INFO - 2025-04-24 07:57:14 --> Session: Class initialized using 'CodeIgniter\Session\Handlers\FileHandler' driver.
INFO - 2025-04-24 07:57:14 --> Session: Class initialized using 'CodeIgniter\Session\Handlers\FileHandler' driver.
INFO - 2025-04-24 07:57:14 --> Session: Class initialized using 'CodeIgniter\Session\Handlers\FileHandler' driver.
INFO - 2025-04-24 07:57:14 --> Session: Class initialized using 'CodeIgniter\Session\Handlers\FileHandler' driver.
INFO - 2025-04-24 07:57:15 --> Session: Class initialized using 'CodeIgniter\Session\Handlers\FileHandler' driver.
INFO - 2025-04-24 07:57:15 --> Session: Class initialized using 'CodeIgniter\Session\Handlers\FileHandler' driver.
INFO - 2025-04-24 07:57:15 --> Session: Class initialized using 'CodeIgniter\Session\Handlers\FileHandler' driver.
INFO - 2025-04-24 07:57:16 --> Session: Class initialized using 'CodeIgniter\Session\Handlers\FileHandler' driver.
INFO - 2025-04-24 07:57:16 --> Session: Class initialized using 'CodeIgniter\Session\Handlers\FileHandler' driver.
INFO - 2025-04-24 07:57:16 --> Session: Class initialized using 'CodeIgniter\Session\Handlers\FileHandler' driver.
INFO - 2025-04-24 07:57:17 --> Session: Class initialized using 'CodeIgniter\Session\Handlers\FileHandler' driver.
INFO - 2025-04-24 07:57:17 --> Session: Class initialized using 'CodeIgniter\Session\Handlers\FileHandler' driver.
INFO - 2025-04-24 07:57:19 --> Session: Class initialized using 'CodeIgniter\Session\Handlers\FileHandler' driver.
INFO - 2025-04-24 07:57:20 --> Session: Class initialized using 'CodeIgniter\Session\Handlers\FileHandler' driver.
INFO - 2025-04-24 07:57:21 --> Session: Class initialized using 'CodeIgniter\Session\Handlers\FileHandler' driver.
INFO - 2025-04-24 07:57:21 --> Session: Class initialized using 'CodeIgniter\Session\Handlers\FileHandler' driver.
INFO - 2025-04-24 07:57:23 --> Session: Class initialized using 'CodeIgniter\Session\Handlers\FileHandler' driver.
INFO - 2025-04-24 07:57:23 --> Session: Class initialized using 'CodeIgniter\Session\Handlers\FileHandler' driver.
INFO - 2025-04-24 07:57:24 --> Session: Class initialized using 'CodeIgniter\Session\Handlers\FileHandler' driver.
INFO - 2025-04-24 07:57:24 --> Session: Class initialized using 'CodeIgniter\Session\Handlers\FileHandler' driver.
INFO - 2025-04-24 07:57:24 --> Session: Class initialized using 'CodeIgniter\Session\Handlers\FileHandler' driver.
INFO - 2025-04-24 07:57:24 --> Session: Class initialized using 'CodeIgniter\Session\Handlers\FileHandler' driver.
INFO - 2025-04-24 07:57:25 --> Session: Class initialized using 'CodeIgniter\Session\Handlers\FileHandler' driver.
INFO - 2025-04-24 07:57:25 --> Session: Class initialized using 'CodeIgniter\Session\Handlers\FileHandler' driver.
INFO - 2025-04-24 07:57:25 --> Session: Class initialized using 'CodeIgniter\Session\Handlers\FileHandler' driver.
INFO - 2025-04-24 07:57:25 --> Session: Class initialized using 'CodeIgniter\Session\Handlers\FileHandler' driver.
INFO - 2025-04-24 07:57:26 --> Session: Class initialized using 'CodeIgniter\Session\Handlers\FileHandler' driver.
INFO - 2025-04-24 07:57:26 --> Session: Class initialized using 'CodeIgniter\Session\Handlers\FileHandler' driver.
INFO - 2025-04-24 07:57:27 --> Session: Class initialized using 'CodeIgniter\Session\Handlers\FileHandler' driver.
INFO - 2025-04-24 07:57:27 --> Session: Class initialized using 'CodeIgniter\Session\Handlers\FileHandler' driver.
INFO - 2025-04-24 07:57:40 --> Session: Class initialized using 'CodeIgniter\Session\Handlers\FileHandler' driver.
INFO - 2025-04-24 07:57:40 --> Session: Class initialized using 'CodeIgniter\Session\Handlers\FileHandler' driver.
INFO - 2025-04-24 07:58:27 --> Session: Class initialized using 'CodeIgniter\Session\Handlers\FileHandler' driver.
INFO - 2025-04-24 07:58:49 --> Session: Class initialized using 'CodeIgniter\Session\Handlers\FileHandler' driver.
INFO - 2025-04-24 07:58:49 --> Session: Class initialized using 'CodeIgniter\Session\Handlers\FileHandler' driver.
INFO - 2025-04-24 07:58:55 --> Session: Class initialized using 'CodeIgniter\Session\Handlers\FileHandler' driver.
INFO - 2025-04-24 07:58:55 --> Session: Class initialized using 'CodeIgniter\Session\Handlers\FileHandler' driver.
INFO - 2025-04-24 07:58:59 --> Session: Class initialized using 'CodeIgniter\Session\Handlers\FileHandler' driver.
INFO - 2025-04-24 07:58:59 --> Session: Class initialized using 'CodeIgniter\Session\Handlers\FileHandler' driver.
INFO - 2025-04-24 07:59:02 --> Session: Class initialized using 'CodeIgniter\Session\Handlers\FileHandler' driver.
INFO - 2025-04-24 07:59:02 --> Session: Class initialized using 'CodeIgniter\Session\Handlers\FileHandler' driver.
INFO - 2025-04-24 07:59:23 --> Session: Class initialized using 'CodeIgniter\Session\Handlers\FileHandler' driver.
INFO - 2025-04-24 07:59:24 --> Session: Class initialized using 'CodeIgniter\Session\Handlers\FileHandler' driver.
INFO - 2025-04-24 07:59:24 --> Session: Class initialized using 'CodeIgniter\Session\Handlers\FileHandler' driver.
INFO - 2025-04-24 07:59:25 --> Session: Class initialized using 'CodeIgniter\Session\Handlers\FileHandler' driver.
INFO - 2025-04-24 07:59:26 --> Session: Class initialized using 'CodeIgniter\Session\Handlers\FileHandler' driver.
INFO - 2025-04-24 07:59:30 --> Session: Class initialized using 'CodeIgniter\Session\Handlers\FileHandler' driver.
INFO - 2025-04-24 07:59:30 --> Session: Class initialized using 'CodeIgniter\Session\Handlers\FileHandler' driver.
INFO - 2025-04-24 07:59:31 --> Session: Class initialized using 'CodeIgniter\Session\Handlers\FileHandler' driver.
INFO - 2025-04-24 07:59:31 --> Session: Class initialized using 'CodeIgniter\Session\Handlers\FileHandler' driver.
INFO - 2025-04-24 07:59:33 --> Session: Class initialized using 'CodeIgniter\Session\Handlers\FileHandler' driver.
INFO - 2025-04-24 07:59:33 --> Session: Class initialized using 'CodeIgniter\Session\Handlers\FileHandler' driver.
INFO - 2025-04-24 07:59:37 --> Session: Class initialized using 'CodeIgniter\Session\Handlers\FileHandler' driver.
INFO - 2025-04-24 07:59:47 --> Session: Class initialized using 'CodeIgniter\Session\Handlers\FileHandler' driver.
INFO - 2025-04-24 08:06:13 --> Session: Class initialized using 'CodeIgniter\Session\Handlers\FileHandler' driver.
INFO - 2025-04-24 08:06:16 --> Session: Class initialized using 'CodeIgniter\Session\Handlers\FileHandler' driver.
INFO - 2025-04-24 08:06:16 --> Session: Class initialized using 'CodeIgniter\Session\Handlers\FileHandler' driver.
INFO - 2025-04-24 08:06:21 --> Session: Class initialized using 'CodeIgniter\Session\Handlers\FileHandler' driver.
INFO - 2025-04-24 08:06:21 --> Session: Class initialized using 'CodeIgniter\Session\Handlers\FileHandler' driver.
INFO - 2025-04-24 08:06:57 --> Session: Class initialized using 'CodeIgniter\Session\Handlers\FileHandler' driver.
INFO - 2025-04-24 08:06:58 --> Session: Class initialized using 'CodeIgniter\Session\Handlers\FileHandler' driver.
INFO - 2025-04-24 08:07:23 --> Session: Class initialized using 'CodeIgniter\Session\Handlers\FileHandler' driver.
INFO - 2025-04-24 08:07:23 --> Session: Class initialized using 'CodeIgniter\Session\Handlers\FileHandler' driver.
INFO - 2025-04-24 08:07:24 --> Session: Class initialized using 'CodeIgniter\Session\Handlers\FileHandler' driver.
INFO - 2025-04-24 08:07:25 --> Session: Class initialized using 'CodeIgniter\Session\Handlers\FileHandler' driver.
INFO - 2025-04-24 08:07:26 --> Session: Class initialized using 'CodeIgniter\Session\Handlers\FileHandler' driver.
INFO - 2025-04-24 08:07:26 --> Session: Class initialized using 'CodeIgniter\Session\Handlers\FileHandler' driver.
INFO - 2025-04-24 08:07:27 --> Session: Class initialized using 'CodeIgniter\Session\Handlers\FileHandler' driver.
INFO - 2025-04-24 08:07:27 --> Session: Class initialized using 'CodeIgniter\Session\Handlers\FileHandler' driver.
INFO - 2025-04-24 08:07:28 --> Session: Class initialized using 'CodeIgniter\Session\Handlers\FileHandler' driver.
INFO - 2025-04-24 08:07:28 --> Session: Class initialized using 'CodeIgniter\Session\Handlers\FileHandler' driver.
INFO - 2025-04-24 08:07:29 --> Session: Class initialized using 'CodeIgniter\Session\Handlers\FileHandler' driver.
INFO - 2025-04-24 08:07:29 --> Session: Class initialized using 'CodeIgniter\Session\Handlers\FileHandler' driver.
INFO - 2025-04-24 08:07:34 --> Session: Class initialized using 'CodeIgniter\Session\Handlers\FileHandler' driver.
INFO - 2025-04-24 08:07:34 --> Session: Class initialized using 'CodeIgniter\Session\Handlers\FileHandler' driver.
INFO - 2025-04-24 08:07:35 --> Session: Class initialized using 'CodeIgniter\Session\Handlers\FileHandler' driver.
INFO - 2025-04-24 08:07:35 --> Session: Class initialized using 'CodeIgniter\Session\Handlers\FileHandler' driver.
INFO - 2025-04-24 08:11:44 --> Session: Class initialized using 'CodeIgniter\Session\Handlers\FileHandler' driver.
INFO - 2025-04-24 08:11:46 --> Session: Class initialized using 'CodeIgniter\Session\Handlers\FileHandler' driver.
INFO - 2025-04-24 08:13:20 --> Session: Class initialized using 'CodeIgniter\Session\Handlers\FileHandler' driver.
INFO - 2025-04-24 08:13:23 --> Session: Class initialized using 'CodeIgniter\Session\Handlers\FileHandler' driver.
INFO - 2025-04-24 08:13:23 --> Session: Class initialized using 'CodeIgniter\Session\Handlers\FileHandler' driver.
INFO - 2025-04-24 08:13:24 --> Session: Class initialized using 'CodeIgniter\Session\Handlers\FileHandler' driver.
INFO - 2025-04-24 08:13:24 --> Session: Class initialized using 'CodeIgniter\Session\Handlers\FileHandler' driver.
INFO - 2025-04-24 08:13:25 --> Session: Class initialized using 'CodeIgniter\Session\Handlers\FileHandler' driver.
INFO - 2025-04-24 08:13:25 --> Session: Class initialized using 'CodeIgniter\Session\Handlers\FileHandler' driver.
INFO - 2025-04-24 08:13:45 --> Session: Class initialized using 'CodeIgniter\Session\Handlers\FileHandler' driver.
INFO - 2025-04-24 08:13:47 --> Session: Class initialized using 'CodeIgniter\Session\Handlers\FileHandler' driver.
INFO - 2025-04-24 08:16:48 --> Session: Class initialized using 'CodeIgniter\Session\Handlers\FileHandler' driver.
INFO - 2025-04-24 08:16:49 --> Session: Class initialized using 'CodeIgniter\Session\Handlers\FileHandler' driver.
INFO - 2025-04-24 08:16:50 --> Session: Class initialized using 'CodeIgniter\Session\Handlers\FileHandler' driver.
CRITICAL - 2025-04-24 08:17:52 --> Unclosed '{' on line 13
in APPPATH\Controllers\DataPpojSwab.php on line 292.
 1 SYSTEMPATH\Autoloader\Autoloader.php(289): CodeIgniter\Autoloader\Autoloader->includeFile('C:\\xampp\\htdocs\\e-reportruangan\\app\\Controllers\\DataPpojSwab.php')
 2 SYSTEMPATH\Autoloader\Autoloader.php(267): CodeIgniter\Autoloader\Autoloader->loadInNamespace('App\\Controllers\\DataPpojSwab')
 3 [internal function]: CodeIgniter\Autoloader\Autoloader->loadClass('App\\Controllers\\DataPpojSwab')
 4 SYSTEMPATH\CodeIgniter.php(890): class_exists('\\App\\Controllers\\DataPpojSwab', true)
 5 SYSTEMPATH\CodeIgniter.php(484): CodeIgniter\CodeIgniter->startController()
 6 SYSTEMPATH\CodeIgniter.php(366): CodeIgniter\CodeIgniter->handleRequest(null, Object(Config\Cache), false)
 7 FCPATH\index.php(79): CodeIgniter\CodeIgniter->run()
CRITICAL - 2025-04-24 08:18:26 --> Unclosed '{' on line 13
in APPPATH\Controllers\DataPpojSwab.php on line 292.
 1 SYSTEMPATH\Autoloader\Autoloader.php(289): CodeIgniter\Autoloader\Autoloader->includeFile('C:\\xampp\\htdocs\\e-reportruangan\\app\\Controllers\\DataPpojSwab.php')
 2 SYSTEMPATH\Autoloader\Autoloader.php(267): CodeIgniter\Autoloader\Autoloader->loadInNamespace('App\\Controllers\\DataPpojSwab')
 3 [internal function]: CodeIgniter\Autoloader\Autoloader->loadClass('App\\Controllers\\DataPpojSwab')
 4 SYSTEMPATH\CodeIgniter.php(890): class_exists('\\App\\Controllers\\DataPpojSwab', true)
 5 SYSTEMPATH\CodeIgniter.php(484): CodeIgniter\CodeIgniter->startController()
 6 SYSTEMPATH\CodeIgniter.php(366): CodeIgniter\CodeIgniter->handleRequest(null, Object(Config\Cache), false)
 7 FCPATH\index.php(79): CodeIgniter\CodeIgniter->run()
CRITICAL - 2025-04-24 08:18:26 --> Unclosed '{' on line 13
in APPPATH\Controllers\DataPpojSwab.php on line 292.
 1 SYSTEMPATH\Autoloader\Autoloader.php(289): CodeIgniter\Autoloader\Autoloader->includeFile('C:\\xampp\\htdocs\\e-reportruangan\\app\\Controllers\\DataPpojSwab.php')
 2 SYSTEMPATH\Autoloader\Autoloader.php(267): CodeIgniter\Autoloader\Autoloader->loadInNamespace('App\\Controllers\\DataPpojSwab')
 3 [internal function]: CodeIgniter\Autoloader\Autoloader->loadClass('App\\Controllers\\DataPpojSwab')
 4 SYSTEMPATH\CodeIgniter.php(890): class_exists('\\App\\Controllers\\DataPpojSwab', true)
 5 SYSTEMPATH\CodeIgniter.php(484): CodeIgniter\CodeIgniter->startController()
 6 SYSTEMPATH\CodeIgniter.php(366): CodeIgniter\CodeIgniter->handleRequest(null, Object(Config\Cache), false)
 7 FCPATH\index.php(79): CodeIgniter\CodeIgniter->run()
CRITICAL - 2025-04-24 08:18:27 --> Unclosed '{' on line 13
in APPPATH\Controllers\DataPpojSwab.php on line 292.
 1 SYSTEMPATH\Autoloader\Autoloader.php(289): CodeIgniter\Autoloader\Autoloader->includeFile('C:\\xampp\\htdocs\\e-reportruangan\\app\\Controllers\\DataPpojSwab.php')
 2 SYSTEMPATH\Autoloader\Autoloader.php(267): CodeIgniter\Autoloader\Autoloader->loadInNamespace('App\\Controllers\\DataPpojSwab')
 3 [internal function]: CodeIgniter\Autoloader\Autoloader->loadClass('App\\Controllers\\DataPpojSwab')
 4 SYSTEMPATH\CodeIgniter.php(890): class_exists('\\App\\Controllers\\DataPpojSwab', true)
 5 SYSTEMPATH\CodeIgniter.php(484): CodeIgniter\CodeIgniter->startController()
 6 SYSTEMPATH\CodeIgniter.php(366): CodeIgniter\CodeIgniter->handleRequest(null, Object(Config\Cache), false)
 7 FCPATH\index.php(79): CodeIgniter\CodeIgniter->run()
INFO - 2025-04-24 08:19:15 --> Session: Class initialized using 'CodeIgniter\Session\Handlers\FileHandler' driver.
INFO - 2025-04-24 08:19:35 --> Session: Class initialized using 'CodeIgniter\Session\Handlers\FileHandler' driver.
INFO - 2025-04-24 08:19:41 --> Session: Class initialized using 'CodeIgniter\Session\Handlers\FileHandler' driver.
INFO - 2025-04-24 08:23:56 --> Session: Class initialized using 'CodeIgniter\Session\Handlers\FileHandler' driver.
INFO - 2025-04-24 08:23:59 --> Session: Class initialized using 'CodeIgniter\Session\Handlers\FileHandler' driver.
INFO - 2025-04-24 08:26:38 --> Session: Class initialized using 'CodeIgniter\Session\Handlers\FileHandler' driver.
INFO - 2025-04-24 08:27:01 --> Session: Class initialized using 'CodeIgniter\Session\Handlers\FileHandler' driver.
INFO - 2025-04-24 08:27:03 --> Session: Class initialized using 'CodeIgniter\Session\Handlers\FileHandler' driver.
INFO - 2025-04-24 08:27:03 --> Session: Class initialized using 'CodeIgniter\Session\Handlers\FileHandler' driver.
INFO - 2025-04-24 08:27:04 --> Session: Class initialized using 'CodeIgniter\Session\Handlers\FileHandler' driver.
INFO - 2025-04-24 08:27:04 --> Session: Class initialized using 'CodeIgniter\Session\Handlers\FileHandler' driver.
INFO - 2025-04-24 08:27:05 --> Session: Class initialized using 'CodeIgniter\Session\Handlers\FileHandler' driver.
INFO - 2025-04-24 08:27:05 --> Session: Class initialized using 'CodeIgniter\Session\Handlers\FileHandler' driver.
INFO - 2025-04-24 08:27:06 --> Session: Class initialized using 'CodeIgniter\Session\Handlers\FileHandler' driver.
INFO - 2025-04-24 08:27:06 --> Session: Class initialized using 'CodeIgniter\Session\Handlers\FileHandler' driver.
INFO - 2025-04-24 08:29:05 --> Session: Class initialized using 'CodeIgniter\Session\Handlers\FileHandler' driver.
INFO - 2025-04-24 08:29:06 --> Session: Class initialized using 'CodeIgniter\Session\Handlers\FileHandler' driver.
INFO - 2025-04-24 08:29:06 --> Session: Class initialized using 'CodeIgniter\Session\Handlers\FileHandler' driver.
INFO - 2025-04-24 08:29:07 --> Session: Class initialized using 'CodeIgniter\Session\Handlers\FileHandler' driver.
INFO - 2025-04-24 08:29:07 --> Session: Class initialized using 'CodeIgniter\Session\Handlers\FileHandler' driver.
INFO - 2025-04-24 08:32:40 --> Session: Class initialized using 'CodeIgniter\Session\Handlers\FileHandler' driver.
INFO - 2025-04-24 08:32:41 --> Session: Class initialized using 'CodeIgniter\Session\Handlers\FileHandler' driver.
INFO - 2025-04-24 08:32:41 --> Session: Class initialized using 'CodeIgniter\Session\Handlers\FileHandler' driver.
INFO - 2025-04-24 08:32:42 --> Session: Class initialized using 'CodeIgniter\Session\Handlers\FileHandler' driver.
INFO - 2025-04-24 08:32:43 --> Session: Class initialized using 'CodeIgniter\Session\Handlers\FileHandler' driver.
INFO - 2025-04-24 08:32:44 --> Session: Class initialized using 'CodeIgniter\Session\Handlers\FileHandler' driver.
INFO - 2025-04-24 08:32:44 --> Session: Class initialized using 'CodeIgniter\Session\Handlers\FileHandler' driver.
INFO - 2025-04-24 08:33:23 --> Session: Class initialized using 'CodeIgniter\Session\Handlers\FileHandler' driver.
INFO - 2025-04-24 08:33:24 --> Session: Class initialized using 'CodeIgniter\Session\Handlers\FileHandler' driver.
INFO - 2025-04-24 08:35:32 --> Session: Class initialized using 'CodeIgniter\Session\Handlers\FileHandler' driver.
INFO - 2025-04-24 08:35:34 --> Session: Class initialized using 'CodeIgniter\Session\Handlers\FileHandler' driver.
INFO - 2025-04-24 08:35:34 --> Session: Class initialized using 'CodeIgniter\Session\Handlers\FileHandler' driver.
INFO - 2025-04-24 08:35:35 --> Session: Class initialized using 'CodeIgniter\Session\Handlers\FileHandler' driver.
INFO - 2025-04-24 08:35:35 --> Session: Class initialized using 'CodeIgniter\Session\Handlers\FileHandler' driver.
INFO - 2025-04-24 08:37:01 --> Session: Class initialized using 'CodeIgniter\Session\Handlers\FileHandler' driver.
INFO - 2025-04-24 08:37:16 --> Session: Class initialized using 'CodeIgniter\Session\Handlers\FileHandler' driver.
INFO - 2025-04-24 08:37:17 --> Session: Class initialized using 'CodeIgniter\Session\Handlers\FileHandler' driver.
