INFO - 2025-09-27 03:07:34 --> Session: Class initialized using 'CodeIgniter\Session\Handlers\FileHandler' driver.
INFO - 2025-09-27 03:07:50 --> Session: Class initialized using 'CodeIgniter\Session\Handlers\FileHandler' driver.
INFO - 2025-09-27 03:07:52 --> Session: Class initialized using 'CodeIgniter\Session\Handlers\FileHandler' driver.
INFO - 2025-09-27 03:24:12 --> Session: Class initialized using 'CodeIgniter\Session\Handlers\FileHandler' driver.
INFO - 2025-09-27 03:24:12 --> Session: Class initialized using 'CodeIgniter\Session\Handlers\FileHandler' driver.
INFO - 2025-09-27 03:24:16 --> Session: Class initialized using 'CodeIgniter\Session\Handlers\FileHandler' driver.
INFO - 2025-09-27 03:24:16 --> Session: Class initialized using 'CodeIgniter\Session\Handlers\FileHandler' driver.
INFO - 2025-09-27 03:24:18 --> Session: Class initialized using 'CodeIgniter\Session\Handlers\FileHandler' driver.
INFO - 2025-09-27 03:24:31 --> Session: Class initialized using 'CodeIgniter\Session\Handlers\FileHandler' driver.
INFO - 2025-09-27 03:24:40 --> Session: Class initialized using 'CodeIgniter\Session\Handlers\FileHandler' driver.
INFO - 2025-09-27 03:25:22 --> Session: Class initialized using 'CodeIgniter\Session\Handlers\FileHandler' driver.
INFO - 2025-09-27 03:25:22 --> Session: Class initialized using 'CodeIgniter\Session\Handlers\FileHandler' driver.
INFO - 2025-09-27 03:25:28 --> Session: Class initialized using 'CodeIgniter\Session\Handlers\FileHandler' driver.
INFO - 2025-09-27 03:25:49 --> Session: Class initialized using 'CodeIgniter\Session\Handlers\FileHandler' driver.
INFO - 2025-09-27 03:25:49 --> Session: Class initialized using 'CodeIgniter\Session\Handlers\FileHandler' driver.
INFO - 2025-09-27 03:25:57 --> Session: Class initialized using 'CodeIgniter\Session\Handlers\FileHandler' driver.
INFO - 2025-09-27 03:25:57 --> Session: Class initialized using 'CodeIgniter\Session\Handlers\FileHandler' driver.
INFO - 2025-09-27 03:26:05 --> Session: Class initialized using 'CodeIgniter\Session\Handlers\FileHandler' driver.
INFO - 2025-09-27 03:26:05 --> Session: Class initialized using 'CodeIgniter\Session\Handlers\FileHandler' driver.
INFO - 2025-09-27 03:26:15 --> Session: Class initialized using 'CodeIgniter\Session\Handlers\FileHandler' driver.
INFO - 2025-09-27 03:26:16 --> Session: Class initialized using 'CodeIgniter\Session\Handlers\FileHandler' driver.
INFO - 2025-09-27 03:26:31 --> Session: Class initialized using 'CodeIgniter\Session\Handlers\FileHandler' driver.
INFO - 2025-09-27 03:26:31 --> Session: Class initialized using 'CodeIgniter\Session\Handlers\FileHandler' driver.
INFO - 2025-09-27 03:26:43 --> Session: Class initialized using 'CodeIgniter\Session\Handlers\FileHandler' driver.
INFO - 2025-09-27 03:26:44 --> Session: Class initialized using 'CodeIgniter\Session\Handlers\FileHandler' driver.
INFO - 2025-09-27 03:26:55 --> Session: Class initialized using 'CodeIgniter\Session\Handlers\FileHandler' driver.
INFO - 2025-09-27 03:26:55 --> Session: Class initialized using 'CodeIgniter\Session\Handlers\FileHandler' driver.
INFO - 2025-09-27 03:27:14 --> Session: Class initialized using 'CodeIgniter\Session\Handlers\FileHandler' driver.
INFO - 2025-09-27 03:27:14 --> Session: Class initialized using 'CodeIgniter\Session\Handlers\FileHandler' driver.
INFO - 2025-09-27 03:27:34 --> Session: Class initialized using 'CodeIgniter\Session\Handlers\FileHandler' driver.
INFO - 2025-09-27 03:27:34 --> Session: Class initialized using 'CodeIgniter\Session\Handlers\FileHandler' driver.
INFO - 2025-09-27 03:27:42 --> Session: Class initialized using 'CodeIgniter\Session\Handlers\FileHandler' driver.
INFO - 2025-09-27 03:27:43 --> Session: Class initialized using 'CodeIgniter\Session\Handlers\FileHandler' driver.
INFO - 2025-09-27 03:27:53 --> Session: Class initialized using 'CodeIgniter\Session\Handlers\FileHandler' driver.
INFO - 2025-09-27 03:27:53 --> Session: Class initialized using 'CodeIgniter\Session\Handlers\FileHandler' driver.
INFO - 2025-09-27 03:28:01 --> Session: Class initialized using 'CodeIgniter\Session\Handlers\FileHandler' driver.
INFO - 2025-09-27 03:28:02 --> Session: Class initialized using 'CodeIgniter\Session\Handlers\FileHandler' driver.
INFO - 2025-09-27 03:39:40 --> Session: Class initialized using 'CodeIgniter\Session\Handlers\FileHandler' driver.
INFO - 2025-09-27 03:39:40 --> Session: Class initialized using 'CodeIgniter\Session\Handlers\FileHandler' driver.
INFO - 2025-09-27 03:39:45 --> Session: Class initialized using 'CodeIgniter\Session\Handlers\FileHandler' driver.
INFO - 2025-09-27 03:39:45 --> Session: Class initialized using 'CodeIgniter\Session\Handlers\FileHandler' driver.
INFO - 2025-09-27 03:39:47 --> Session: Class initialized using 'CodeIgniter\Session\Handlers\FileHandler' driver.
INFO - 2025-09-27 03:40:00 --> Session: Class initialized using 'CodeIgniter\Session\Handlers\FileHandler' driver.
INFO - 2025-09-27 03:40:06 --> Session: Class initialized using 'CodeIgniter\Session\Handlers\FileHandler' driver.
INFO - 2025-09-27 03:40:21 --> Session: Class initialized using 'CodeIgniter\Session\Handlers\FileHandler' driver.
INFO - 2025-09-27 03:40:31 --> Session: Class initialized using 'CodeIgniter\Session\Handlers\FileHandler' driver.
INFO - 2025-09-27 03:40:43 --> Session: Class initialized using 'CodeIgniter\Session\Handlers\FileHandler' driver.
INFO - 2025-09-27 03:40:51 --> Session: Class initialized using 'CodeIgniter\Session\Handlers\FileHandler' driver.
INFO - 2025-09-27 03:41:20 --> Session: Class initialized using 'CodeIgniter\Session\Handlers\FileHandler' driver.
INFO - 2025-09-27 03:41:20 --> Session: Class initialized using 'CodeIgniter\Session\Handlers\FileHandler' driver.
INFO - 2025-09-27 03:41:44 --> Session: Class initialized using 'CodeIgniter\Session\Handlers\FileHandler' driver.
INFO - 2025-09-27 03:41:44 --> Session: Class initialized using 'CodeIgniter\Session\Handlers\FileHandler' driver.
INFO - 2025-09-27 03:41:47 --> Session: Class initialized using 'CodeIgniter\Session\Handlers\FileHandler' driver.
INFO - 2025-09-27 03:41:51 --> Session: Class initialized using 'CodeIgniter\Session\Handlers\FileHandler' driver.
INFO - 2025-09-27 03:42:17 --> Session: Class initialized using 'CodeIgniter\Session\Handlers\FileHandler' driver.
INFO - 2025-09-27 03:42:17 --> Session: Class initialized using 'CodeIgniter\Session\Handlers\FileHandler' driver.
INFO - 2025-09-27 03:42:22 --> Session: Class initialized using 'CodeIgniter\Session\Handlers\FileHandler' driver.
INFO - 2025-09-27 03:42:25 --> Session: Class initialized using 'CodeIgniter\Session\Handlers\FileHandler' driver.
INFO - 2025-09-27 03:42:53 --> Session: Class initialized using 'CodeIgniter\Session\Handlers\FileHandler' driver.
INFO - 2025-09-27 03:42:53 --> Session: Class initialized using 'CodeIgniter\Session\Handlers\FileHandler' driver.
INFO - 2025-09-27 03:43:44 --> Session: Class initialized using 'CodeIgniter\Session\Handlers\FileHandler' driver.
INFO - 2025-09-27 03:43:44 --> Session: Class initialized using 'CodeIgniter\Session\Handlers\FileHandler' driver.
INFO - 2025-09-27 03:43:51 --> Session: Class initialized using 'CodeIgniter\Session\Handlers\FileHandler' driver.
INFO - 2025-09-27 03:43:59 --> Session: Class initialized using 'CodeIgniter\Session\Handlers\FileHandler' driver.
INFO - 2025-09-27 03:44:22 --> Session: Class initialized using 'CodeIgniter\Session\Handlers\FileHandler' driver.
INFO - 2025-09-27 03:44:23 --> Session: Class initialized using 'CodeIgniter\Session\Handlers\FileHandler' driver.
INFO - 2025-09-27 03:44:29 --> Session: Class initialized using 'CodeIgniter\Session\Handlers\FileHandler' driver.
INFO - 2025-09-27 03:44:34 --> Session: Class initialized using 'CodeIgniter\Session\Handlers\FileHandler' driver.
INFO - 2025-09-27 03:45:01 --> Session: Class initialized using 'CodeIgniter\Session\Handlers\FileHandler' driver.
INFO - 2025-09-27 03:45:01 --> Session: Class initialized using 'CodeIgniter\Session\Handlers\FileHandler' driver.
INFO - 2025-09-27 03:45:06 --> Session: Class initialized using 'CodeIgniter\Session\Handlers\FileHandler' driver.
INFO - 2025-09-27 03:45:12 --> Session: Class initialized using 'CodeIgniter\Session\Handlers\FileHandler' driver.
INFO - 2025-09-27 03:45:25 --> Session: Class initialized using 'CodeIgniter\Session\Handlers\FileHandler' driver.
INFO - 2025-09-27 03:45:25 --> Session: Class initialized using 'CodeIgniter\Session\Handlers\FileHandler' driver.
INFO - 2025-09-27 03:45:28 --> Session: Class initialized using 'CodeIgniter\Session\Handlers\FileHandler' driver.
INFO - 2025-09-27 03:45:33 --> Session: Class initialized using 'CodeIgniter\Session\Handlers\FileHandler' driver.
INFO - 2025-09-27 03:45:56 --> Session: Class initialized using 'CodeIgniter\Session\Handlers\FileHandler' driver.
INFO - 2025-09-27 03:45:56 --> Session: Class initialized using 'CodeIgniter\Session\Handlers\FileHandler' driver.
INFO - 2025-09-27 03:46:05 --> Session: Class initialized using 'CodeIgniter\Session\Handlers\FileHandler' driver.
INFO - 2025-09-27 03:46:10 --> Session: Class initialized using 'CodeIgniter\Session\Handlers\FileHandler' driver.
INFO - 2025-09-27 03:46:21 --> Session: Class initialized using 'CodeIgniter\Session\Handlers\FileHandler' driver.
INFO - 2025-09-27 03:46:22 --> Session: Class initialized using 'CodeIgniter\Session\Handlers\FileHandler' driver.
INFO - 2025-09-27 03:46:24 --> Session: Class initialized using 'CodeIgniter\Session\Handlers\FileHandler' driver.
INFO - 2025-09-27 03:46:29 --> Session: Class initialized using 'CodeIgniter\Session\Handlers\FileHandler' driver.
INFO - 2025-09-27 03:46:43 --> Session: Class initialized using 'CodeIgniter\Session\Handlers\FileHandler' driver.
INFO - 2025-09-27 03:46:44 --> Session: Class initialized using 'CodeIgniter\Session\Handlers\FileHandler' driver.
INFO - 2025-09-27 03:46:47 --> Session: Class initialized using 'CodeIgniter\Session\Handlers\FileHandler' driver.
INFO - 2025-09-27 03:47:00 --> Session: Class initialized using 'CodeIgniter\Session\Handlers\FileHandler' driver.
INFO - 2025-09-27 03:47:19 --> Session: Class initialized using 'CodeIgniter\Session\Handlers\FileHandler' driver.
INFO - 2025-09-27 03:47:19 --> Session: Class initialized using 'CodeIgniter\Session\Handlers\FileHandler' driver.
INFO - 2025-09-27 03:47:23 --> Session: Class initialized using 'CodeIgniter\Session\Handlers\FileHandler' driver.
INFO - 2025-09-27 03:47:28 --> Session: Class initialized using 'CodeIgniter\Session\Handlers\FileHandler' driver.
INFO - 2025-09-27 03:47:46 --> Session: Class initialized using 'CodeIgniter\Session\Handlers\FileHandler' driver.
INFO - 2025-09-27 03:47:46 --> Session: Class initialized using 'CodeIgniter\Session\Handlers\FileHandler' driver.
INFO - 2025-09-27 03:47:53 --> Session: Class initialized using 'CodeIgniter\Session\Handlers\FileHandler' driver.
INFO - 2025-09-27 03:47:58 --> Session: Class initialized using 'CodeIgniter\Session\Handlers\FileHandler' driver.
INFO - 2025-09-27 03:48:24 --> Session: Class initialized using 'CodeIgniter\Session\Handlers\FileHandler' driver.
INFO - 2025-09-27 03:48:24 --> Session: Class initialized using 'CodeIgniter\Session\Handlers\FileHandler' driver.
INFO - 2025-09-27 03:48:30 --> Session: Class initialized using 'CodeIgniter\Session\Handlers\FileHandler' driver.
INFO - 2025-09-27 03:48:35 --> Session: Class initialized using 'CodeIgniter\Session\Handlers\FileHandler' driver.
INFO - 2025-09-27 03:48:35 --> Session: Class initialized using 'CodeIgniter\Session\Handlers\FileHandler' driver.
INFO - 2025-09-27 03:50:03 --> Session: Class initialized using 'CodeIgniter\Session\Handlers\FileHandler' driver.
INFO - 2025-09-27 03:50:13 --> Session: Class initialized using 'CodeIgniter\Session\Handlers\FileHandler' driver.
INFO - 2025-09-27 03:50:24 --> Session: Class initialized using 'CodeIgniter\Session\Handlers\FileHandler' driver.
INFO - 2025-09-27 03:50:57 --> Session: Class initialized using 'CodeIgniter\Session\Handlers\FileHandler' driver.
INFO - 2025-09-27 03:50:58 --> Session: Class initialized using 'CodeIgniter\Session\Handlers\FileHandler' driver.
INFO - 2025-09-27 03:51:01 --> Session: Class initialized using 'CodeIgniter\Session\Handlers\FileHandler' driver.
INFO - 2025-09-27 03:51:12 --> Session: Class initialized using 'CodeIgniter\Session\Handlers\FileHandler' driver.
INFO - 2025-09-27 03:51:12 --> Session: Class initialized using 'CodeIgniter\Session\Handlers\FileHandler' driver.
INFO - 2025-09-27 03:51:16 --> Session: Class initialized using 'CodeIgniter\Session\Handlers\FileHandler' driver.
INFO - 2025-09-27 03:51:37 --> Session: Class initialized using 'CodeIgniter\Session\Handlers\FileHandler' driver.
INFO - 2025-09-27 03:51:37 --> Session: Class initialized using 'CodeIgniter\Session\Handlers\FileHandler' driver.
INFO - 2025-09-27 03:51:40 --> Session: Class initialized using 'CodeIgniter\Session\Handlers\FileHandler' driver.
INFO - 2025-09-27 03:51:50 --> Session: Class initialized using 'CodeIgniter\Session\Handlers\FileHandler' driver.
INFO - 2025-09-27 03:51:50 --> Session: Class initialized using 'CodeIgniter\Session\Handlers\FileHandler' driver.
INFO - 2025-09-27 03:51:54 --> Session: Class initialized using 'CodeIgniter\Session\Handlers\FileHandler' driver.
INFO - 2025-09-27 04:01:22 --> Session: Class initialized using 'CodeIgniter\Session\Handlers\FileHandler' driver.
INFO - 2025-09-27 04:01:23 --> Session: Class initialized using 'CodeIgniter\Session\Handlers\FileHandler' driver.
INFO - 2025-09-27 04:01:43 --> Session: Class initialized using 'CodeIgniter\Session\Handlers\FileHandler' driver.
INFO - 2025-09-27 04:01:44 --> Session: Class initialized using 'CodeIgniter\Session\Handlers\FileHandler' driver.
INFO - 2025-09-27 04:02:00 --> Session: Class initialized using 'CodeIgniter\Session\Handlers\FileHandler' driver.
INFO - 2025-09-27 04:02:00 --> Session: Class initialized using 'CodeIgniter\Session\Handlers\FileHandler' driver.
INFO - 2025-09-27 04:02:06 --> Session: Class initialized using 'CodeIgniter\Session\Handlers\FileHandler' driver.
INFO - 2025-09-27 04:02:18 --> Session: Class initialized using 'CodeIgniter\Session\Handlers\FileHandler' driver.
INFO - 2025-09-27 04:02:18 --> Session: Class initialized using 'CodeIgniter\Session\Handlers\FileHandler' driver.
INFO - 2025-09-27 04:02:23 --> Session: Class initialized using 'CodeIgniter\Session\Handlers\FileHandler' driver.
INFO - 2025-09-27 04:02:48 --> Session: Class initialized using 'CodeIgniter\Session\Handlers\FileHandler' driver.
INFO - 2025-09-27 04:02:49 --> Session: Class initialized using 'CodeIgniter\Session\Handlers\FileHandler' driver.
INFO - 2025-09-27 04:03:06 --> Session: Class initialized using 'CodeIgniter\Session\Handlers\FileHandler' driver.
INFO - 2025-09-27 04:03:07 --> Session: Class initialized using 'CodeIgniter\Session\Handlers\FileHandler' driver.
INFO - 2025-09-27 04:03:10 --> Session: Class initialized using 'CodeIgniter\Session\Handlers\FileHandler' driver.
INFO - 2025-09-27 04:03:15 --> Session: Class initialized using 'CodeIgniter\Session\Handlers\FileHandler' driver.
INFO - 2025-09-27 04:03:39 --> Session: Class initialized using 'CodeIgniter\Session\Handlers\FileHandler' driver.
INFO - 2025-09-27 04:03:40 --> Session: Class initialized using 'CodeIgniter\Session\Handlers\FileHandler' driver.
INFO - 2025-09-27 04:03:43 --> Session: Class initialized using 'CodeIgniter\Session\Handlers\FileHandler' driver.
INFO - 2025-09-27 04:03:58 --> Session: Class initialized using 'CodeIgniter\Session\Handlers\FileHandler' driver.
INFO - 2025-09-27 04:03:58 --> Session: Class initialized using 'CodeIgniter\Session\Handlers\FileHandler' driver.
INFO - 2025-09-27 04:04:14 --> Session: Class initialized using 'CodeIgniter\Session\Handlers\FileHandler' driver.
INFO - 2025-09-27 04:04:15 --> Session: Class initialized using 'CodeIgniter\Session\Handlers\FileHandler' driver.
INFO - 2025-09-27 04:04:20 --> Session: Class initialized using 'CodeIgniter\Session\Handlers\FileHandler' driver.
INFO - 2025-09-27 04:05:19 --> Session: Class initialized using 'CodeIgniter\Session\Handlers\FileHandler' driver.
INFO - 2025-09-27 04:05:20 --> Session: Class initialized using 'CodeIgniter\Session\Handlers\FileHandler' driver.
INFO - 2025-09-27 04:05:39 --> Session: Class initialized using 'CodeIgniter\Session\Handlers\FileHandler' driver.
INFO - 2025-09-27 04:05:39 --> Session: Class initialized using 'CodeIgniter\Session\Handlers\FileHandler' driver.
INFO - 2025-09-27 04:05:55 --> Session: Class initialized using 'CodeIgniter\Session\Handlers\FileHandler' driver.
INFO - 2025-09-27 04:05:55 --> Session: Class initialized using 'CodeIgniter\Session\Handlers\FileHandler' driver.
INFO - 2025-09-27 04:06:12 --> Session: Class initialized using 'CodeIgniter\Session\Handlers\FileHandler' driver.
INFO - 2025-09-27 04:06:13 --> Session: Class initialized using 'CodeIgniter\Session\Handlers\FileHandler' driver.
INFO - 2025-09-27 04:06:29 --> Session: Class initialized using 'CodeIgniter\Session\Handlers\FileHandler' driver.
INFO - 2025-09-27 04:06:29 --> Session: Class initialized using 'CodeIgniter\Session\Handlers\FileHandler' driver.
INFO - 2025-09-27 04:06:42 --> Session: Class initialized using 'CodeIgniter\Session\Handlers\FileHandler' driver.
INFO - 2025-09-27 04:06:42 --> Session: Class initialized using 'CodeIgniter\Session\Handlers\FileHandler' driver.
INFO - 2025-09-27 04:06:57 --> Session: Class initialized using 'CodeIgniter\Session\Handlers\FileHandler' driver.
INFO - 2025-09-27 04:06:57 --> Session: Class initialized using 'CodeIgniter\Session\Handlers\FileHandler' driver.
INFO - 2025-09-27 04:07:31 --> Session: Class initialized using 'CodeIgniter\Session\Handlers\FileHandler' driver.
INFO - 2025-09-27 04:07:31 --> Session: Class initialized using 'CodeIgniter\Session\Handlers\FileHandler' driver.
INFO - 2025-09-27 04:07:44 --> Session: Class initialized using 'CodeIgniter\Session\Handlers\FileHandler' driver.
INFO - 2025-09-27 04:07:44 --> Session: Class initialized using 'CodeIgniter\Session\Handlers\FileHandler' driver.
INFO - 2025-09-27 04:07:48 --> Session: Class initialized using 'CodeIgniter\Session\Handlers\FileHandler' driver.
INFO - 2025-09-27 04:08:00 --> Session: Class initialized using 'CodeIgniter\Session\Handlers\FileHandler' driver.
INFO - 2025-09-27 04:08:00 --> Session: Class initialized using 'CodeIgniter\Session\Handlers\FileHandler' driver.
INFO - 2025-09-27 04:08:06 --> Session: Class initialized using 'CodeIgniter\Session\Handlers\FileHandler' driver.
INFO - 2025-09-27 04:08:36 --> Session: Class initialized using 'CodeIgniter\Session\Handlers\FileHandler' driver.
INFO - 2025-09-27 04:08:36 --> Session: Class initialized using 'CodeIgniter\Session\Handlers\FileHandler' driver.
INFO - 2025-09-27 04:08:45 --> Session: Class initialized using 'CodeIgniter\Session\Handlers\FileHandler' driver.
INFO - 2025-09-27 04:08:57 --> Session: Class initialized using 'CodeIgniter\Session\Handlers\FileHandler' driver.
INFO - 2025-09-27 04:08:57 --> Session: Class initialized using 'CodeIgniter\Session\Handlers\FileHandler' driver.
INFO - 2025-09-27 04:09:02 --> Session: Class initialized using 'CodeIgniter\Session\Handlers\FileHandler' driver.
INFO - 2025-09-27 04:09:21 --> Session: Class initialized using 'CodeIgniter\Session\Handlers\FileHandler' driver.
INFO - 2025-09-27 04:09:21 --> Session: Class initialized using 'CodeIgniter\Session\Handlers\FileHandler' driver.
INFO - 2025-09-27 04:09:38 --> Session: Class initialized using 'CodeIgniter\Session\Handlers\FileHandler' driver.
INFO - 2025-09-27 04:09:39 --> Session: Class initialized using 'CodeIgniter\Session\Handlers\FileHandler' driver.
INFO - 2025-09-27 04:10:07 --> Session: Class initialized using 'CodeIgniter\Session\Handlers\FileHandler' driver.
INFO - 2025-09-27 04:10:07 --> Session: Class initialized using 'CodeIgniter\Session\Handlers\FileHandler' driver.
INFO - 2025-09-27 04:10:27 --> Session: Class initialized using 'CodeIgniter\Session\Handlers\FileHandler' driver.
INFO - 2025-09-27 04:10:28 --> Session: Class initialized using 'CodeIgniter\Session\Handlers\FileHandler' driver.
INFO - 2025-09-27 04:10:45 --> Session: Class initialized using 'CodeIgniter\Session\Handlers\FileHandler' driver.
INFO - 2025-09-27 04:10:45 --> Session: Class initialized using 'CodeIgniter\Session\Handlers\FileHandler' driver.
INFO - 2025-09-27 04:11:23 --> Session: Class initialized using 'CodeIgniter\Session\Handlers\FileHandler' driver.
INFO - 2025-09-27 04:11:23 --> Session: Class initialized using 'CodeIgniter\Session\Handlers\FileHandler' driver.
INFO - 2025-09-27 04:11:42 --> Session: Class initialized using 'CodeIgniter\Session\Handlers\FileHandler' driver.
INFO - 2025-09-27 04:11:43 --> Session: Class initialized using 'CodeIgniter\Session\Handlers\FileHandler' driver.
INFO - 2025-09-27 04:12:00 --> Session: Class initialized using 'CodeIgniter\Session\Handlers\FileHandler' driver.
INFO - 2025-09-27 04:12:00 --> Session: Class initialized using 'CodeIgniter\Session\Handlers\FileHandler' driver.
INFO - 2025-09-27 04:12:07 --> Session: Class initialized using 'CodeIgniter\Session\Handlers\FileHandler' driver.
INFO - 2025-09-27 04:12:20 --> Session: Class initialized using 'CodeIgniter\Session\Handlers\FileHandler' driver.
INFO - 2025-09-27 04:12:20 --> Session: Class initialized using 'CodeIgniter\Session\Handlers\FileHandler' driver.
INFO - 2025-09-27 04:12:27 --> Session: Class initialized using 'CodeIgniter\Session\Handlers\FileHandler' driver.
INFO - 2025-09-27 04:12:48 --> Session: Class initialized using 'CodeIgniter\Session\Handlers\FileHandler' driver.
INFO - 2025-09-27 04:12:48 --> Session: Class initialized using 'CodeIgniter\Session\Handlers\FileHandler' driver.
INFO - 2025-09-27 04:13:01 --> Session: Class initialized using 'CodeIgniter\Session\Handlers\FileHandler' driver.
INFO - 2025-09-27 04:13:19 --> Session: Class initialized using 'CodeIgniter\Session\Handlers\FileHandler' driver.
INFO - 2025-09-27 04:13:19 --> Session: Class initialized using 'CodeIgniter\Session\Handlers\FileHandler' driver.
INFO - 2025-09-27 04:13:29 --> Session: Class initialized using 'CodeIgniter\Session\Handlers\FileHandler' driver.
INFO - 2025-09-27 04:13:29 --> Session: Class initialized using 'CodeIgniter\Session\Handlers\FileHandler' driver.
INFO - 2025-09-27 04:13:40 --> Session: Class initialized using 'CodeIgniter\Session\Handlers\FileHandler' driver.
INFO - 2025-09-27 04:13:54 --> Session: Class initialized using 'CodeIgniter\Session\Handlers\FileHandler' driver.
INFO - 2025-09-27 04:13:54 --> Session: Class initialized using 'CodeIgniter\Session\Handlers\FileHandler' driver.
INFO - 2025-09-27 04:14:06 --> Session: Class initialized using 'CodeIgniter\Session\Handlers\FileHandler' driver.
INFO - 2025-09-27 04:14:07 --> Session: Class initialized using 'CodeIgniter\Session\Handlers\FileHandler' driver.
INFO - 2025-09-27 04:14:31 --> Session: Class initialized using 'CodeIgniter\Session\Handlers\FileHandler' driver.
INFO - 2025-09-27 04:14:31 --> Session: Class initialized using 'CodeIgniter\Session\Handlers\FileHandler' driver.
INFO - 2025-09-27 04:14:50 --> Session: Class initialized using 'CodeIgniter\Session\Handlers\FileHandler' driver.
INFO - 2025-09-27 04:14:50 --> Session: Class initialized using 'CodeIgniter\Session\Handlers\FileHandler' driver.
INFO - 2025-09-27 04:15:08 --> Session: Class initialized using 'CodeIgniter\Session\Handlers\FileHandler' driver.
INFO - 2025-09-27 04:15:08 --> Session: Class initialized using 'CodeIgniter\Session\Handlers\FileHandler' driver.
INFO - 2025-09-27 04:15:47 --> Session: Class initialized using 'CodeIgniter\Session\Handlers\FileHandler' driver.
INFO - 2025-09-27 04:15:47 --> Session: Class initialized using 'CodeIgniter\Session\Handlers\FileHandler' driver.
INFO - 2025-09-27 04:16:04 --> Session: Class initialized using 'CodeIgniter\Session\Handlers\FileHandler' driver.
INFO - 2025-09-27 04:16:05 --> Session: Class initialized using 'CodeIgniter\Session\Handlers\FileHandler' driver.
INFO - 2025-09-27 04:16:22 --> Session: Class initialized using 'CodeIgniter\Session\Handlers\FileHandler' driver.
INFO - 2025-09-27 04:16:22 --> Session: Class initialized using 'CodeIgniter\Session\Handlers\FileHandler' driver.
INFO - 2025-09-27 04:16:27 --> Session: Class initialized using 'CodeIgniter\Session\Handlers\FileHandler' driver.
INFO - 2025-09-27 04:16:39 --> Session: Class initialized using 'CodeIgniter\Session\Handlers\FileHandler' driver.
INFO - 2025-09-27 04:17:01 --> Session: Class initialized using 'CodeIgniter\Session\Handlers\FileHandler' driver.
INFO - 2025-09-27 04:17:01 --> Session: Class initialized using 'CodeIgniter\Session\Handlers\FileHandler' driver.
INFO - 2025-09-27 04:17:07 --> Session: Class initialized using 'CodeIgniter\Session\Handlers\FileHandler' driver.
INFO - 2025-09-27 04:17:20 --> Session: Class initialized using 'CodeIgniter\Session\Handlers\FileHandler' driver.
INFO - 2025-09-27 04:17:20 --> Session: Class initialized using 'CodeIgniter\Session\Handlers\FileHandler' driver.
INFO - 2025-09-27 04:17:27 --> Session: Class initialized using 'CodeIgniter\Session\Handlers\FileHandler' driver.
INFO - 2025-09-27 04:17:50 --> Session: Class initialized using 'CodeIgniter\Session\Handlers\FileHandler' driver.
INFO - 2025-09-27 04:17:50 --> Session: Class initialized using 'CodeIgniter\Session\Handlers\FileHandler' driver.
INFO - 2025-09-27 04:17:57 --> Session: Class initialized using 'CodeIgniter\Session\Handlers\FileHandler' driver.
INFO - 2025-09-27 04:18:11 --> Session: Class initialized using 'CodeIgniter\Session\Handlers\FileHandler' driver.
INFO - 2025-09-27 04:18:11 --> Session: Class initialized using 'CodeIgniter\Session\Handlers\FileHandler' driver.
INFO - 2025-09-27 04:18:22 --> Session: Class initialized using 'CodeIgniter\Session\Handlers\FileHandler' driver.
INFO - 2025-09-27 04:18:22 --> Session: Class initialized using 'CodeIgniter\Session\Handlers\FileHandler' driver.
INFO - 2025-09-27 06:31:52 --> Session: Class initialized using 'CodeIgniter\Session\Handlers\FileHandler' driver.
INFO - 2025-09-27 06:31:53 --> Session: Class initialized using 'CodeIgniter\Session\Handlers\FileHandler' driver.
INFO - 2025-09-27 06:31:57 --> Session: Class initialized using 'CodeIgniter\Session\Handlers\FileHandler' driver.
INFO - 2025-09-27 06:31:57 --> Session: Class initialized using 'CodeIgniter\Session\Handlers\FileHandler' driver.
INFO - 2025-09-27 06:32:02 --> Session: Class initialized using 'CodeIgniter\Session\Handlers\FileHandler' driver.
WARNING - 2025-09-27 06:32:03 --> [DEPRECATED] Creation of dynamic property App\Controllers\Suhu::$MasterDataModel is deprecated in APPPATH\Controllers\Suhu.php on line 205.
 1 SYSTEMPATH\CodeIgniter.php(904): App\Controllers\Suhu->__construct()
 2 SYSTEMPATH\CodeIgniter.php(488): CodeIgniter\CodeIgniter->createController()
 3 SYSTEMPATH\CodeIgniter.php(366): CodeIgniter\CodeIgniter->handleRequest(null, Object(Config\Cache), false)
 4 FCPATH\index.php(81): CodeIgniter\CodeIgniter->run()
WARNING - 2025-09-27 06:32:10 --> [DEPRECATED] Creation of dynamic property App\Controllers\Suhu::$MasterDataModel is deprecated in APPPATH\Controllers\Suhu.php on line 205.
 1 SYSTEMPATH\CodeIgniter.php(904): App\Controllers\Suhu->__construct()
 2 SYSTEMPATH\CodeIgniter.php(488): CodeIgniter\CodeIgniter->createController()
 3 SYSTEMPATH\CodeIgniter.php(366): CodeIgniter\CodeIgniter->handleRequest(null, Object(Config\Cache), false)
 4 FCPATH\index.php(81): CodeIgniter\CodeIgniter->run()
INFO - 2025-09-27 06:32:10 --> Session: Class initialized using 'CodeIgniter\Session\Handlers\FileHandler' driver.
WARNING - 2025-09-27 06:32:14 --> [DEPRECATED] Creation of dynamic property App\Controllers\Suhu::$MasterDataModel is deprecated in APPPATH\Controllers\Suhu.php on line 205.
 1 SYSTEMPATH\CodeIgniter.php(904): App\Controllers\Suhu->__construct()
 2 SYSTEMPATH\CodeIgniter.php(488): CodeIgniter\CodeIgniter->createController()
 3 SYSTEMPATH\CodeIgniter.php(366): CodeIgniter\CodeIgniter->handleRequest(null, Object(Config\Cache), false)
 4 FCPATH\index.php(81): CodeIgniter\CodeIgniter->run()
INFO - 2025-09-27 06:32:14 --> Session: Class initialized using 'CodeIgniter\Session\Handlers\FileHandler' driver.
WARNING - 2025-09-27 06:32:14 --> [DEPRECATED] Creation of dynamic property App\Controllers\Suhu::$MasterDataModel is deprecated in APPPATH\Controllers\Suhu.php on line 205.
 1 SYSTEMPATH\CodeIgniter.php(904): App\Controllers\Suhu->__construct()
 2 SYSTEMPATH\CodeIgniter.php(488): CodeIgniter\CodeIgniter->createController()
 3 SYSTEMPATH\CodeIgniter.php(366): CodeIgniter\CodeIgniter->handleRequest(null, Object(Config\Cache), false)
 4 FCPATH\index.php(81): CodeIgniter\CodeIgniter->run()
CRITICAL - 2025-09-27 06:32:14 --> Trying to access array offset on value of type null
in APPPATH\Controllers\Suhu.php on line 162.
 1 APPPATH\Controllers\Suhu.php(162): CodeIgniter\Debug\Exceptions->errorHandler(2, 'Trying to access array offset on value of type null', 'C:\\xampp\\htdocs\\ereport-ehm\\app\\Controllers\\Suhu.php', 162)
 2 SYSTEMPATH\CodeIgniter.php(932): App\Controllers\Suhu->AddSuhu('jquery.js')
 3 SYSTEMPATH\CodeIgniter.php(497): CodeIgniter\CodeIgniter->runController(Object(App\Controllers\Suhu))
 4 SYSTEMPATH\CodeIgniter.php(366): CodeIgniter\CodeIgniter->handleRequest(null, Object(Config\Cache), false)
 5 FCPATH\index.php(81): CodeIgniter\CodeIgniter->run()
WARNING - 2025-09-27 06:32:14 --> [DEPRECATED] Creation of dynamic property App\Controllers\Suhu::$MasterDataModel is deprecated in APPPATH\Controllers\Suhu.php on line 205.
 1 SYSTEMPATH\CodeIgniter.php(904): App\Controllers\Suhu->__construct()
 2 SYSTEMPATH\CodeIgniter.php(488): CodeIgniter\CodeIgniter->createController()
 3 SYSTEMPATH\CodeIgniter.php(366): CodeIgniter\CodeIgniter->handleRequest(null, Object(Config\Cache), false)
 4 FCPATH\index.php(81): CodeIgniter\CodeIgniter->run()
CRITICAL - 2025-09-27 06:32:14 --> Trying to access array offset on value of type null
in APPPATH\Controllers\Suhu.php on line 162.
 1 APPPATH\Controllers\Suhu.php(162): CodeIgniter\Debug\Exceptions->errorHandler(2, 'Trying to access array offset on value of type null', 'C:\\xampp\\htdocs\\ereport-ehm\\app\\Controllers\\Suhu.php', 162)
 2 SYSTEMPATH\CodeIgniter.php(932): App\Controllers\Suhu->AddSuhu('bootstrap.js')
 3 SYSTEMPATH\CodeIgniter.php(497): CodeIgniter\CodeIgniter->runController(Object(App\Controllers\Suhu))
 4 SYSTEMPATH\CodeIgniter.php(366): CodeIgniter\CodeIgniter->handleRequest(null, Object(Config\Cache), false)
 5 FCPATH\index.php(81): CodeIgniter\CodeIgniter->run()
WARNING - 2025-09-27 06:33:01 --> [DEPRECATED] Creation of dynamic property App\Controllers\Suhu::$MasterDataModel is deprecated in APPPATH\Controllers\Suhu.php on line 205.
 1 SYSTEMPATH\CodeIgniter.php(904): App\Controllers\Suhu->__construct()
 2 SYSTEMPATH\CodeIgniter.php(488): CodeIgniter\CodeIgniter->createController()
 3 SYSTEMPATH\CodeIgniter.php(366): CodeIgniter\CodeIgniter->handleRequest(null, Object(Config\Cache), false)
 4 FCPATH\index.php(81): CodeIgniter\CodeIgniter->run()
INFO - 2025-09-27 06:33:01 --> Session: Class initialized using 'CodeIgniter\Session\Handlers\FileHandler' driver.
WARNING - 2025-09-27 06:33:01 --> [DEPRECATED] Creation of dynamic property App\Controllers\Suhu::$MasterDataModel is deprecated in APPPATH\Controllers\Suhu.php on line 205.
 1 SYSTEMPATH\CodeIgniter.php(904): App\Controllers\Suhu->__construct()
 2 SYSTEMPATH\CodeIgniter.php(488): CodeIgniter\CodeIgniter->createController()
 3 SYSTEMPATH\CodeIgniter.php(366): CodeIgniter\CodeIgniter->handleRequest(null, Object(Config\Cache), false)
 4 FCPATH\index.php(81): CodeIgniter\CodeIgniter->run()
INFO - 2025-09-27 06:33:01 --> Session: Class initialized using 'CodeIgniter\Session\Handlers\FileHandler' driver.
WARNING - 2025-09-27 06:33:01 --> [DEPRECATED] Creation of dynamic property App\Controllers\Suhu::$MasterDataModel is deprecated in APPPATH\Controllers\Suhu.php on line 205.
 1 SYSTEMPATH\CodeIgniter.php(904): App\Controllers\Suhu->__construct()
 2 SYSTEMPATH\CodeIgniter.php(488): CodeIgniter\CodeIgniter->createController()
 3 SYSTEMPATH\CodeIgniter.php(366): CodeIgniter\CodeIgniter->handleRequest(null, Object(Config\Cache), false)
 4 FCPATH\index.php(81): CodeIgniter\CodeIgniter->run()
WARNING - 2025-09-27 06:33:01 --> [DEPRECATED] Creation of dynamic property App\Controllers\Suhu::$MasterDataModel is deprecated in APPPATH\Controllers\Suhu.php on line 205.
 1 SYSTEMPATH\CodeIgniter.php(904): App\Controllers\Suhu->__construct()
 2 SYSTEMPATH\CodeIgniter.php(488): CodeIgniter\CodeIgniter->createController()
 3 SYSTEMPATH\CodeIgniter.php(366): CodeIgniter\CodeIgniter->handleRequest(null, Object(Config\Cache), false)
 4 FCPATH\index.php(81): CodeIgniter\CodeIgniter->run()
CRITICAL - 2025-09-27 06:33:02 --> Trying to access array offset on value of type null
in APPPATH\Controllers\Suhu.php on line 162.
 1 APPPATH\Controllers\Suhu.php(162): CodeIgniter\Debug\Exceptions->errorHandler(2, 'Trying to access array offset on value of type null', 'C:\\xampp\\htdocs\\ereport-ehm\\app\\Controllers\\Suhu.php', 162)
 2 SYSTEMPATH\CodeIgniter.php(932): App\Controllers\Suhu->AddSuhu('jquery.js')
 3 SYSTEMPATH\CodeIgniter.php(497): CodeIgniter\CodeIgniter->runController(Object(App\Controllers\Suhu))
 4 SYSTEMPATH\CodeIgniter.php(366): CodeIgniter\CodeIgniter->handleRequest(null, Object(Config\Cache), false)
 5 FCPATH\index.php(81): CodeIgniter\CodeIgniter->run()
CRITICAL - 2025-09-27 06:33:02 --> Trying to access array offset on value of type null
in APPPATH\Controllers\Suhu.php on line 162.
 1 APPPATH\Controllers\Suhu.php(162): CodeIgniter\Debug\Exceptions->errorHandler(2, 'Trying to access array offset on value of type null', 'C:\\xampp\\htdocs\\ereport-ehm\\app\\Controllers\\Suhu.php', 162)
 2 SYSTEMPATH\CodeIgniter.php(932): App\Controllers\Suhu->AddSuhu('bootstrap.js')
 3 SYSTEMPATH\CodeIgniter.php(497): CodeIgniter\CodeIgniter->runController(Object(App\Controllers\Suhu))
 4 SYSTEMPATH\CodeIgniter.php(366): CodeIgniter\CodeIgniter->handleRequest(null, Object(Config\Cache), false)
 5 FCPATH\index.php(81): CodeIgniter\CodeIgniter->run()
WARNING - 2025-09-27 06:33:03 --> [DEPRECATED] Creation of dynamic property App\Controllers\Suhu::$MasterDataModel is deprecated in APPPATH\Controllers\Suhu.php on line 205.
 1 SYSTEMPATH\CodeIgniter.php(904): App\Controllers\Suhu->__construct()
 2 SYSTEMPATH\CodeIgniter.php(488): CodeIgniter\CodeIgniter->createController()
 3 SYSTEMPATH\CodeIgniter.php(366): CodeIgniter\CodeIgniter->handleRequest(null, Object(Config\Cache), false)
 4 FCPATH\index.php(81): CodeIgniter\CodeIgniter->run()
INFO - 2025-09-27 06:33:04 --> Session: Class initialized using 'CodeIgniter\Session\Handlers\FileHandler' driver.
WARNING - 2025-09-27 06:33:06 --> [DEPRECATED] Creation of dynamic property App\Controllers\Suhu::$MasterDataModel is deprecated in APPPATH\Controllers\Suhu.php on line 205.
 1 SYSTEMPATH\CodeIgniter.php(904): App\Controllers\Suhu->__construct()
 2 SYSTEMPATH\CodeIgniter.php(488): CodeIgniter\CodeIgniter->createController()
 3 SYSTEMPATH\CodeIgniter.php(366): CodeIgniter\CodeIgniter->handleRequest(null, Object(Config\Cache), false)
 4 FCPATH\index.php(81): CodeIgniter\CodeIgniter->run()
INFO - 2025-09-27 06:33:06 --> Session: Class initialized using 'CodeIgniter\Session\Handlers\FileHandler' driver.
WARNING - 2025-09-27 06:33:07 --> [DEPRECATED] Creation of dynamic property App\Controllers\Suhu::$MasterDataModel is deprecated in APPPATH\Controllers\Suhu.php on line 205.
 1 SYSTEMPATH\CodeIgniter.php(904): App\Controllers\Suhu->__construct()
 2 SYSTEMPATH\CodeIgniter.php(488): CodeIgniter\CodeIgniter->createController()
 3 SYSTEMPATH\CodeIgniter.php(366): CodeIgniter\CodeIgniter->handleRequest(null, Object(Config\Cache), false)
 4 FCPATH\index.php(81): CodeIgniter\CodeIgniter->run()
CRITICAL - 2025-09-27 06:33:07 --> Trying to access array offset on value of type null
in APPPATH\Controllers\Suhu.php on line 162.
 1 APPPATH\Controllers\Suhu.php(162): CodeIgniter\Debug\Exceptions->errorHandler(2, 'Trying to access array offset on value of type null', 'C:\\xampp\\htdocs\\ereport-ehm\\app\\Controllers\\Suhu.php', 162)
 2 SYSTEMPATH\CodeIgniter.php(932): App\Controllers\Suhu->AddSuhu('jquery.js')
 3 SYSTEMPATH\CodeIgniter.php(497): CodeIgniter\CodeIgniter->runController(Object(App\Controllers\Suhu))
 4 SYSTEMPATH\CodeIgniter.php(366): CodeIgniter\CodeIgniter->handleRequest(null, Object(Config\Cache), false)
 5 FCPATH\index.php(81): CodeIgniter\CodeIgniter->run()
WARNING - 2025-09-27 06:33:07 --> [DEPRECATED] Creation of dynamic property App\Controllers\Suhu::$MasterDataModel is deprecated in APPPATH\Controllers\Suhu.php on line 205.
 1 SYSTEMPATH\CodeIgniter.php(904): App\Controllers\Suhu->__construct()
 2 SYSTEMPATH\CodeIgniter.php(488): CodeIgniter\CodeIgniter->createController()
 3 SYSTEMPATH\CodeIgniter.php(366): CodeIgniter\CodeIgniter->handleRequest(null, Object(Config\Cache), false)
 4 FCPATH\index.php(81): CodeIgniter\CodeIgniter->run()
CRITICAL - 2025-09-27 06:33:07 --> Trying to access array offset on value of type null
in APPPATH\Controllers\Suhu.php on line 162.
 1 APPPATH\Controllers\Suhu.php(162): CodeIgniter\Debug\Exceptions->errorHandler(2, 'Trying to access array offset on value of type null', 'C:\\xampp\\htdocs\\ereport-ehm\\app\\Controllers\\Suhu.php', 162)
 2 SYSTEMPATH\CodeIgniter.php(932): App\Controllers\Suhu->AddSuhu('bootstrap.js')
 3 SYSTEMPATH\CodeIgniter.php(497): CodeIgniter\CodeIgniter->runController(Object(App\Controllers\Suhu))
 4 SYSTEMPATH\CodeIgniter.php(366): CodeIgniter\CodeIgniter->handleRequest(null, Object(Config\Cache), false)
 5 FCPATH\index.php(81): CodeIgniter\CodeIgniter->run()
WARNING - 2025-09-27 06:33:17 --> [DEPRECATED] Creation of dynamic property App\Controllers\Suhu::$MasterDataModel is deprecated in APPPATH\Controllers\Suhu.php on line 205.
 1 SYSTEMPATH\CodeIgniter.php(904): App\Controllers\Suhu->__construct()
 2 SYSTEMPATH\CodeIgniter.php(488): CodeIgniter\CodeIgniter->createController()
 3 SYSTEMPATH\CodeIgniter.php(366): CodeIgniter\CodeIgniter->handleRequest(null, Object(Config\Cache), false)
 4 FCPATH\index.php(81): CodeIgniter\CodeIgniter->run()
INFO - 2025-09-27 06:33:17 --> Session: Class initialized using 'CodeIgniter\Session\Handlers\FileHandler' driver.
WARNING - 2025-09-27 06:33:18 --> [DEPRECATED] Creation of dynamic property App\Controllers\Suhu::$MasterDataModel is deprecated in APPPATH\Controllers\Suhu.php on line 205.
 1 SYSTEMPATH\CodeIgniter.php(904): App\Controllers\Suhu->__construct()
 2 SYSTEMPATH\CodeIgniter.php(488): CodeIgniter\CodeIgniter->createController()
 3 SYSTEMPATH\CodeIgniter.php(366): CodeIgniter\CodeIgniter->handleRequest(null, Object(Config\Cache), false)
 4 FCPATH\index.php(81): CodeIgniter\CodeIgniter->run()
INFO - 2025-09-27 06:33:18 --> Session: Class initialized using 'CodeIgniter\Session\Handlers\FileHandler' driver.
WARNING - 2025-09-27 06:33:18 --> [DEPRECATED] Creation of dynamic property App\Controllers\Suhu::$MasterDataModel is deprecated in APPPATH\Controllers\Suhu.php on line 205.
 1 SYSTEMPATH\CodeIgniter.php(904): App\Controllers\Suhu->__construct()
 2 SYSTEMPATH\CodeIgniter.php(488): CodeIgniter\CodeIgniter->createController()
 3 SYSTEMPATH\CodeIgniter.php(366): CodeIgniter\CodeIgniter->handleRequest(null, Object(Config\Cache), false)
 4 FCPATH\index.php(81): CodeIgniter\CodeIgniter->run()
WARNING - 2025-09-27 06:33:18 --> [DEPRECATED] Creation of dynamic property App\Controllers\Suhu::$MasterDataModel is deprecated in APPPATH\Controllers\Suhu.php on line 205.
 1 SYSTEMPATH\CodeIgniter.php(904): App\Controllers\Suhu->__construct()
 2 SYSTEMPATH\CodeIgniter.php(488): CodeIgniter\CodeIgniter->createController()
 3 SYSTEMPATH\CodeIgniter.php(366): CodeIgniter\CodeIgniter->handleRequest(null, Object(Config\Cache), false)
 4 FCPATH\index.php(81): CodeIgniter\CodeIgniter->run()
CRITICAL - 2025-09-27 06:33:18 --> Trying to access array offset on value of type null
in APPPATH\Controllers\Suhu.php on line 162.
 1 APPPATH\Controllers\Suhu.php(162): CodeIgniter\Debug\Exceptions->errorHandler(2, 'Trying to access array offset on value of type null', 'C:\\xampp\\htdocs\\ereport-ehm\\app\\Controllers\\Suhu.php', 162)
 2 SYSTEMPATH\CodeIgniter.php(932): App\Controllers\Suhu->AddSuhu('jquery.js')
 3 SYSTEMPATH\CodeIgniter.php(497): CodeIgniter\CodeIgniter->runController(Object(App\Controllers\Suhu))
 4 SYSTEMPATH\CodeIgniter.php(366): CodeIgniter\CodeIgniter->handleRequest(null, Object(Config\Cache), false)
 5 FCPATH\index.php(81): CodeIgniter\CodeIgniter->run()
CRITICAL - 2025-09-27 06:33:18 --> Trying to access array offset on value of type null
in APPPATH\Controllers\Suhu.php on line 162.
 1 APPPATH\Controllers\Suhu.php(162): CodeIgniter\Debug\Exceptions->errorHandler(2, 'Trying to access array offset on value of type null', 'C:\\xampp\\htdocs\\ereport-ehm\\app\\Controllers\\Suhu.php', 162)
 2 SYSTEMPATH\CodeIgniter.php(932): App\Controllers\Suhu->AddSuhu('bootstrap.js')
 3 SYSTEMPATH\CodeIgniter.php(497): CodeIgniter\CodeIgniter->runController(Object(App\Controllers\Suhu))
 4 SYSTEMPATH\CodeIgniter.php(366): CodeIgniter\CodeIgniter->handleRequest(null, Object(Config\Cache), false)
 5 FCPATH\index.php(81): CodeIgniter\CodeIgniter->run()
WARNING - 2025-09-27 06:33:19 --> [DEPRECATED] Creation of dynamic property App\Controllers\Suhu::$MasterDataModel is deprecated in APPPATH\Controllers\Suhu.php on line 205.
 1 SYSTEMPATH\CodeIgniter.php(904): App\Controllers\Suhu->__construct()
 2 SYSTEMPATH\CodeIgniter.php(488): CodeIgniter\CodeIgniter->createController()
 3 SYSTEMPATH\CodeIgniter.php(366): CodeIgniter\CodeIgniter->handleRequest(null, Object(Config\Cache), false)
 4 FCPATH\index.php(81): CodeIgniter\CodeIgniter->run()
INFO - 2025-09-27 06:33:19 --> Session: Class initialized using 'CodeIgniter\Session\Handlers\FileHandler' driver.
WARNING - 2025-09-27 06:33:22 --> [DEPRECATED] Creation of dynamic property App\Controllers\Suhu::$MasterDataModel is deprecated in APPPATH\Controllers\Suhu.php on line 205.
 1 SYSTEMPATH\CodeIgniter.php(904): App\Controllers\Suhu->__construct()
 2 SYSTEMPATH\CodeIgniter.php(488): CodeIgniter\CodeIgniter->createController()
 3 SYSTEMPATH\CodeIgniter.php(366): CodeIgniter\CodeIgniter->handleRequest(null, Object(Config\Cache), false)
 4 FCPATH\index.php(81): CodeIgniter\CodeIgniter->run()
INFO - 2025-09-27 06:33:22 --> Session: Class initialized using 'CodeIgniter\Session\Handlers\FileHandler' driver.
WARNING - 2025-09-27 06:33:23 --> [DEPRECATED] Creation of dynamic property App\Controllers\Suhu::$MasterDataModel is deprecated in APPPATH\Controllers\Suhu.php on line 205.
 1 SYSTEMPATH\CodeIgniter.php(904): App\Controllers\Suhu->__construct()
 2 SYSTEMPATH\CodeIgniter.php(488): CodeIgniter\CodeIgniter->createController()
 3 SYSTEMPATH\CodeIgniter.php(366): CodeIgniter\CodeIgniter->handleRequest(null, Object(Config\Cache), false)
 4 FCPATH\index.php(81): CodeIgniter\CodeIgniter->run()
CRITICAL - 2025-09-27 06:33:23 --> Trying to access array offset on value of type null
in APPPATH\Controllers\Suhu.php on line 162.
 1 APPPATH\Controllers\Suhu.php(162): CodeIgniter\Debug\Exceptions->errorHandler(2, 'Trying to access array offset on value of type null', 'C:\\xampp\\htdocs\\ereport-ehm\\app\\Controllers\\Suhu.php', 162)
 2 SYSTEMPATH\CodeIgniter.php(932): App\Controllers\Suhu->AddSuhu('bootstrap.js')
 3 SYSTEMPATH\CodeIgniter.php(497): CodeIgniter\CodeIgniter->runController(Object(App\Controllers\Suhu))
 4 SYSTEMPATH\CodeIgniter.php(366): CodeIgniter\CodeIgniter->handleRequest(null, Object(Config\Cache), false)
 5 FCPATH\index.php(81): CodeIgniter\CodeIgniter->run()
WARNING - 2025-09-27 06:33:23 --> [DEPRECATED] Creation of dynamic property App\Controllers\Suhu::$MasterDataModel is deprecated in APPPATH\Controllers\Suhu.php on line 205.
 1 SYSTEMPATH\CodeIgniter.php(904): App\Controllers\Suhu->__construct()
 2 SYSTEMPATH\CodeIgniter.php(488): CodeIgniter\CodeIgniter->createController()
 3 SYSTEMPATH\CodeIgniter.php(366): CodeIgniter\CodeIgniter->handleRequest(null, Object(Config\Cache), false)
 4 FCPATH\index.php(81): CodeIgniter\CodeIgniter->run()
CRITICAL - 2025-09-27 06:33:23 --> Trying to access array offset on value of type null
in APPPATH\Controllers\Suhu.php on line 162.
 1 APPPATH\Controllers\Suhu.php(162): CodeIgniter\Debug\Exceptions->errorHandler(2, 'Trying to access array offset on value of type null', 'C:\\xampp\\htdocs\\ereport-ehm\\app\\Controllers\\Suhu.php', 162)
 2 SYSTEMPATH\CodeIgniter.php(932): App\Controllers\Suhu->AddSuhu('jquery.js')
 3 SYSTEMPATH\CodeIgniter.php(497): CodeIgniter\CodeIgniter->runController(Object(App\Controllers\Suhu))
 4 SYSTEMPATH\CodeIgniter.php(366): CodeIgniter\CodeIgniter->handleRequest(null, Object(Config\Cache), false)
 5 FCPATH\index.php(81): CodeIgniter\CodeIgniter->run()
WARNING - 2025-09-27 06:33:34 --> [DEPRECATED] Creation of dynamic property App\Controllers\Suhu::$MasterDataModel is deprecated in APPPATH\Controllers\Suhu.php on line 205.
 1 SYSTEMPATH\CodeIgniter.php(904): App\Controllers\Suhu->__construct()
 2 SYSTEMPATH\CodeIgniter.php(488): CodeIgniter\CodeIgniter->createController()
 3 SYSTEMPATH\CodeIgniter.php(366): CodeIgniter\CodeIgniter->handleRequest(null, Object(Config\Cache), false)
 4 FCPATH\index.php(81): CodeIgniter\CodeIgniter->run()
INFO - 2025-09-27 06:33:34 --> Session: Class initialized using 'CodeIgniter\Session\Handlers\FileHandler' driver.
WARNING - 2025-09-27 06:33:35 --> [DEPRECATED] Creation of dynamic property App\Controllers\Suhu::$MasterDataModel is deprecated in APPPATH\Controllers\Suhu.php on line 205.
 1 SYSTEMPATH\CodeIgniter.php(904): App\Controllers\Suhu->__construct()
 2 SYSTEMPATH\CodeIgniter.php(488): CodeIgniter\CodeIgniter->createController()
 3 SYSTEMPATH\CodeIgniter.php(366): CodeIgniter\CodeIgniter->handleRequest(null, Object(Config\Cache), false)
 4 FCPATH\index.php(81): CodeIgniter\CodeIgniter->run()
INFO - 2025-09-27 06:33:35 --> Session: Class initialized using 'CodeIgniter\Session\Handlers\FileHandler' driver.
WARNING - 2025-09-27 06:33:35 --> [DEPRECATED] Creation of dynamic property App\Controllers\Suhu::$MasterDataModel is deprecated in APPPATH\Controllers\Suhu.php on line 205.
 1 SYSTEMPATH\CodeIgniter.php(904): App\Controllers\Suhu->__construct()
 2 SYSTEMPATH\CodeIgniter.php(488): CodeIgniter\CodeIgniter->createController()
 3 SYSTEMPATH\CodeIgniter.php(366): CodeIgniter\CodeIgniter->handleRequest(null, Object(Config\Cache), false)
 4 FCPATH\index.php(81): CodeIgniter\CodeIgniter->run()
WARNING - 2025-09-27 06:33:35 --> [DEPRECATED] Creation of dynamic property App\Controllers\Suhu::$MasterDataModel is deprecated in APPPATH\Controllers\Suhu.php on line 205.
 1 SYSTEMPATH\CodeIgniter.php(904): App\Controllers\Suhu->__construct()
 2 SYSTEMPATH\CodeIgniter.php(488): CodeIgniter\CodeIgniter->createController()
 3 SYSTEMPATH\CodeIgniter.php(366): CodeIgniter\CodeIgniter->handleRequest(null, Object(Config\Cache), false)
 4 FCPATH\index.php(81): CodeIgniter\CodeIgniter->run()
CRITICAL - 2025-09-27 06:33:35 --> Trying to access array offset on value of type null
in APPPATH\Controllers\Suhu.php on line 162.
 1 APPPATH\Controllers\Suhu.php(162): CodeIgniter\Debug\Exceptions->errorHandler(2, 'Trying to access array offset on value of type null', 'C:\\xampp\\htdocs\\ereport-ehm\\app\\Controllers\\Suhu.php', 162)
 2 SYSTEMPATH\CodeIgniter.php(932): App\Controllers\Suhu->AddSuhu('bootstrap.js')
 3 SYSTEMPATH\CodeIgniter.php(497): CodeIgniter\CodeIgniter->runController(Object(App\Controllers\Suhu))
 4 SYSTEMPATH\CodeIgniter.php(366): CodeIgniter\CodeIgniter->handleRequest(null, Object(Config\Cache), false)
 5 FCPATH\index.php(81): CodeIgniter\CodeIgniter->run()
CRITICAL - 2025-09-27 06:33:35 --> Trying to access array offset on value of type null
in APPPATH\Controllers\Suhu.php on line 162.
 1 APPPATH\Controllers\Suhu.php(162): CodeIgniter\Debug\Exceptions->errorHandler(2, 'Trying to access array offset on value of type null', 'C:\\xampp\\htdocs\\ereport-ehm\\app\\Controllers\\Suhu.php', 162)
 2 SYSTEMPATH\CodeIgniter.php(932): App\Controllers\Suhu->AddSuhu('jquery.js')
 3 SYSTEMPATH\CodeIgniter.php(497): CodeIgniter\CodeIgniter->runController(Object(App\Controllers\Suhu))
 4 SYSTEMPATH\CodeIgniter.php(366): CodeIgniter\CodeIgniter->handleRequest(null, Object(Config\Cache), false)
 5 FCPATH\index.php(81): CodeIgniter\CodeIgniter->run()
WARNING - 2025-09-27 06:33:36 --> [DEPRECATED] Creation of dynamic property App\Controllers\Suhu::$MasterDataModel is deprecated in APPPATH\Controllers\Suhu.php on line 205.
 1 SYSTEMPATH\CodeIgniter.php(904): App\Controllers\Suhu->__construct()
 2 SYSTEMPATH\CodeIgniter.php(488): CodeIgniter\CodeIgniter->createController()
 3 SYSTEMPATH\CodeIgniter.php(366): CodeIgniter\CodeIgniter->handleRequest(null, Object(Config\Cache), false)
 4 FCPATH\index.php(81): CodeIgniter\CodeIgniter->run()
INFO - 2025-09-27 06:33:36 --> Session: Class initialized using 'CodeIgniter\Session\Handlers\FileHandler' driver.
WARNING - 2025-09-27 06:33:40 --> [DEPRECATED] Creation of dynamic property App\Controllers\Suhu::$MasterDataModel is deprecated in APPPATH\Controllers\Suhu.php on line 205.
 1 SYSTEMPATH\CodeIgniter.php(904): App\Controllers\Suhu->__construct()
 2 SYSTEMPATH\CodeIgniter.php(488): CodeIgniter\CodeIgniter->createController()
 3 SYSTEMPATH\CodeIgniter.php(366): CodeIgniter\CodeIgniter->handleRequest(null, Object(Config\Cache), false)
 4 FCPATH\index.php(81): CodeIgniter\CodeIgniter->run()
INFO - 2025-09-27 06:33:40 --> Session: Class initialized using 'CodeIgniter\Session\Handlers\FileHandler' driver.
WARNING - 2025-09-27 06:33:40 --> [DEPRECATED] Creation of dynamic property App\Controllers\Suhu::$MasterDataModel is deprecated in APPPATH\Controllers\Suhu.php on line 205.
 1 SYSTEMPATH\CodeIgniter.php(904): App\Controllers\Suhu->__construct()
 2 SYSTEMPATH\CodeIgniter.php(488): CodeIgniter\CodeIgniter->createController()
 3 SYSTEMPATH\CodeIgniter.php(366): CodeIgniter\CodeIgniter->handleRequest(null, Object(Config\Cache), false)
 4 FCPATH\index.php(81): CodeIgniter\CodeIgniter->run()
WARNING - 2025-09-27 06:33:40 --> [DEPRECATED] Creation of dynamic property App\Controllers\Suhu::$MasterDataModel is deprecated in APPPATH\Controllers\Suhu.php on line 205.
 1 SYSTEMPATH\CodeIgniter.php(904): App\Controllers\Suhu->__construct()
 2 SYSTEMPATH\CodeIgniter.php(488): CodeIgniter\CodeIgniter->createController()
 3 SYSTEMPATH\CodeIgniter.php(366): CodeIgniter\CodeIgniter->handleRequest(null, Object(Config\Cache), false)
 4 FCPATH\index.php(81): CodeIgniter\CodeIgniter->run()
CRITICAL - 2025-09-27 06:33:40 --> Trying to access array offset on value of type null
in APPPATH\Controllers\Suhu.php on line 162.
 1 APPPATH\Controllers\Suhu.php(162): CodeIgniter\Debug\Exceptions->errorHandler(2, 'Trying to access array offset on value of type null', 'C:\\xampp\\htdocs\\ereport-ehm\\app\\Controllers\\Suhu.php', 162)
 2 SYSTEMPATH\CodeIgniter.php(932): App\Controllers\Suhu->AddSuhu('jquery.js')
 3 SYSTEMPATH\CodeIgniter.php(497): CodeIgniter\CodeIgniter->runController(Object(App\Controllers\Suhu))
 4 SYSTEMPATH\CodeIgniter.php(366): CodeIgniter\CodeIgniter->handleRequest(null, Object(Config\Cache), false)
 5 FCPATH\index.php(81): CodeIgniter\CodeIgniter->run()
CRITICAL - 2025-09-27 06:33:40 --> Trying to access array offset on value of type null
in APPPATH\Controllers\Suhu.php on line 162.
 1 APPPATH\Controllers\Suhu.php(162): CodeIgniter\Debug\Exceptions->errorHandler(2, 'Trying to access array offset on value of type null', 'C:\\xampp\\htdocs\\ereport-ehm\\app\\Controllers\\Suhu.php', 162)
 2 SYSTEMPATH\CodeIgniter.php(932): App\Controllers\Suhu->AddSuhu('bootstrap.js')
 3 SYSTEMPATH\CodeIgniter.php(497): CodeIgniter\CodeIgniter->runController(Object(App\Controllers\Suhu))
 4 SYSTEMPATH\CodeIgniter.php(366): CodeIgniter\CodeIgniter->handleRequest(null, Object(Config\Cache), false)
 5 FCPATH\index.php(81): CodeIgniter\CodeIgniter->run()
WARNING - 2025-09-27 06:33:50 --> [DEPRECATED] Creation of dynamic property App\Controllers\Suhu::$MasterDataModel is deprecated in APPPATH\Controllers\Suhu.php on line 205.
 1 SYSTEMPATH\CodeIgniter.php(904): App\Controllers\Suhu->__construct()
 2 SYSTEMPATH\CodeIgniter.php(488): CodeIgniter\CodeIgniter->createController()
 3 SYSTEMPATH\CodeIgniter.php(366): CodeIgniter\CodeIgniter->handleRequest(null, Object(Config\Cache), false)
 4 FCPATH\index.php(81): CodeIgniter\CodeIgniter->run()
INFO - 2025-09-27 06:33:50 --> Session: Class initialized using 'CodeIgniter\Session\Handlers\FileHandler' driver.
WARNING - 2025-09-27 06:33:51 --> [DEPRECATED] Creation of dynamic property App\Controllers\Suhu::$MasterDataModel is deprecated in APPPATH\Controllers\Suhu.php on line 205.
 1 SYSTEMPATH\CodeIgniter.php(904): App\Controllers\Suhu->__construct()
 2 SYSTEMPATH\CodeIgniter.php(488): CodeIgniter\CodeIgniter->createController()
 3 SYSTEMPATH\CodeIgniter.php(366): CodeIgniter\CodeIgniter->handleRequest(null, Object(Config\Cache), false)
 4 FCPATH\index.php(81): CodeIgniter\CodeIgniter->run()
INFO - 2025-09-27 06:33:51 --> Session: Class initialized using 'CodeIgniter\Session\Handlers\FileHandler' driver.
WARNING - 2025-09-27 06:33:51 --> [DEPRECATED] Creation of dynamic property App\Controllers\Suhu::$MasterDataModel is deprecated in APPPATH\Controllers\Suhu.php on line 205.
 1 SYSTEMPATH\CodeIgniter.php(904): App\Controllers\Suhu->__construct()
 2 SYSTEMPATH\CodeIgniter.php(488): CodeIgniter\CodeIgniter->createController()
 3 SYSTEMPATH\CodeIgniter.php(366): CodeIgniter\CodeIgniter->handleRequest(null, Object(Config\Cache), false)
 4 FCPATH\index.php(81): CodeIgniter\CodeIgniter->run()
CRITICAL - 2025-09-27 06:33:51 --> Trying to access array offset on value of type null
in APPPATH\Controllers\Suhu.php on line 162.
 1 APPPATH\Controllers\Suhu.php(162): CodeIgniter\Debug\Exceptions->errorHandler(2, 'Trying to access array offset on value of type null', 'C:\\xampp\\htdocs\\ereport-ehm\\app\\Controllers\\Suhu.php', 162)
 2 SYSTEMPATH\CodeIgniter.php(932): App\Controllers\Suhu->AddSuhu('jquery.js')
 3 SYSTEMPATH\CodeIgniter.php(497): CodeIgniter\CodeIgniter->runController(Object(App\Controllers\Suhu))
 4 SYSTEMPATH\CodeIgniter.php(366): CodeIgniter\CodeIgniter->handleRequest(null, Object(Config\Cache), false)
 5 FCPATH\index.php(81): CodeIgniter\CodeIgniter->run()
WARNING - 2025-09-27 06:33:51 --> [DEPRECATED] Creation of dynamic property App\Controllers\Suhu::$MasterDataModel is deprecated in APPPATH\Controllers\Suhu.php on line 205.
 1 SYSTEMPATH\CodeIgniter.php(904): App\Controllers\Suhu->__construct()
 2 SYSTEMPATH\CodeIgniter.php(488): CodeIgniter\CodeIgniter->createController()
 3 SYSTEMPATH\CodeIgniter.php(366): CodeIgniter\CodeIgniter->handleRequest(null, Object(Config\Cache), false)
 4 FCPATH\index.php(81): CodeIgniter\CodeIgniter->run()
CRITICAL - 2025-09-27 06:33:51 --> Trying to access array offset on value of type null
in APPPATH\Controllers\Suhu.php on line 162.
 1 APPPATH\Controllers\Suhu.php(162): CodeIgniter\Debug\Exceptions->errorHandler(2, 'Trying to access array offset on value of type null', 'C:\\xampp\\htdocs\\ereport-ehm\\app\\Controllers\\Suhu.php', 162)
 2 SYSTEMPATH\CodeIgniter.php(932): App\Controllers\Suhu->AddSuhu('bootstrap.js')
 3 SYSTEMPATH\CodeIgniter.php(497): CodeIgniter\CodeIgniter->runController(Object(App\Controllers\Suhu))
 4 SYSTEMPATH\CodeIgniter.php(366): CodeIgniter\CodeIgniter->handleRequest(null, Object(Config\Cache), false)
 5 FCPATH\index.php(81): CodeIgniter\CodeIgniter->run()
WARNING - 2025-09-27 06:33:52 --> [DEPRECATED] Creation of dynamic property App\Controllers\Suhu::$MasterDataModel is deprecated in APPPATH\Controllers\Suhu.php on line 205.
 1 SYSTEMPATH\CodeIgniter.php(904): App\Controllers\Suhu->__construct()
 2 SYSTEMPATH\CodeIgniter.php(488): CodeIgniter\CodeIgniter->createController()
 3 SYSTEMPATH\CodeIgniter.php(366): CodeIgniter\CodeIgniter->handleRequest(null, Object(Config\Cache), false)
 4 FCPATH\index.php(81): CodeIgniter\CodeIgniter->run()
INFO - 2025-09-27 06:33:52 --> Session: Class initialized using 'CodeIgniter\Session\Handlers\FileHandler' driver.
WARNING - 2025-09-27 06:33:56 --> [DEPRECATED] Creation of dynamic property App\Controllers\Suhu::$MasterDataModel is deprecated in APPPATH\Controllers\Suhu.php on line 205.
 1 SYSTEMPATH\CodeIgniter.php(904): App\Controllers\Suhu->__construct()
 2 SYSTEMPATH\CodeIgniter.php(488): CodeIgniter\CodeIgniter->createController()
 3 SYSTEMPATH\CodeIgniter.php(366): CodeIgniter\CodeIgniter->handleRequest(null, Object(Config\Cache), false)
 4 FCPATH\index.php(81): CodeIgniter\CodeIgniter->run()
INFO - 2025-09-27 06:33:56 --> Session: Class initialized using 'CodeIgniter\Session\Handlers\FileHandler' driver.
WARNING - 2025-09-27 06:33:56 --> [DEPRECATED] Creation of dynamic property App\Controllers\Suhu::$MasterDataModel is deprecated in APPPATH\Controllers\Suhu.php on line 205.
 1 SYSTEMPATH\CodeIgniter.php(904): App\Controllers\Suhu->__construct()
 2 SYSTEMPATH\CodeIgniter.php(488): CodeIgniter\CodeIgniter->createController()
 3 SYSTEMPATH\CodeIgniter.php(366): CodeIgniter\CodeIgniter->handleRequest(null, Object(Config\Cache), false)
 4 FCPATH\index.php(81): CodeIgniter\CodeIgniter->run()
CRITICAL - 2025-09-27 06:33:56 --> Trying to access array offset on value of type null
in APPPATH\Controllers\Suhu.php on line 162.
 1 APPPATH\Controllers\Suhu.php(162): CodeIgniter\Debug\Exceptions->errorHandler(2, 'Trying to access array offset on value of type null', 'C:\\xampp\\htdocs\\ereport-ehm\\app\\Controllers\\Suhu.php', 162)
 2 SYSTEMPATH\CodeIgniter.php(932): App\Controllers\Suhu->AddSuhu('jquery.js')
 3 SYSTEMPATH\CodeIgniter.php(497): CodeIgniter\CodeIgniter->runController(Object(App\Controllers\Suhu))
 4 SYSTEMPATH\CodeIgniter.php(366): CodeIgniter\CodeIgniter->handleRequest(null, Object(Config\Cache), false)
 5 FCPATH\index.php(81): CodeIgniter\CodeIgniter->run()
WARNING - 2025-09-27 06:33:56 --> [DEPRECATED] Creation of dynamic property App\Controllers\Suhu::$MasterDataModel is deprecated in APPPATH\Controllers\Suhu.php on line 205.
 1 SYSTEMPATH\CodeIgniter.php(904): App\Controllers\Suhu->__construct()
 2 SYSTEMPATH\CodeIgniter.php(488): CodeIgniter\CodeIgniter->createController()
 3 SYSTEMPATH\CodeIgniter.php(366): CodeIgniter\CodeIgniter->handleRequest(null, Object(Config\Cache), false)
 4 FCPATH\index.php(81): CodeIgniter\CodeIgniter->run()
CRITICAL - 2025-09-27 06:33:56 --> Trying to access array offset on value of type null
in APPPATH\Controllers\Suhu.php on line 162.
 1 APPPATH\Controllers\Suhu.php(162): CodeIgniter\Debug\Exceptions->errorHandler(2, 'Trying to access array offset on value of type null', 'C:\\xampp\\htdocs\\ereport-ehm\\app\\Controllers\\Suhu.php', 162)
 2 SYSTEMPATH\CodeIgniter.php(932): App\Controllers\Suhu->AddSuhu('bootstrap.js')
 3 SYSTEMPATH\CodeIgniter.php(497): CodeIgniter\CodeIgniter->runController(Object(App\Controllers\Suhu))
 4 SYSTEMPATH\CodeIgniter.php(366): CodeIgniter\CodeIgniter->handleRequest(null, Object(Config\Cache), false)
 5 FCPATH\index.php(81): CodeIgniter\CodeIgniter->run()
WARNING - 2025-09-27 06:34:08 --> [DEPRECATED] Creation of dynamic property App\Controllers\Suhu::$MasterDataModel is deprecated in APPPATH\Controllers\Suhu.php on line 205.
 1 SYSTEMPATH\CodeIgniter.php(904): App\Controllers\Suhu->__construct()
 2 SYSTEMPATH\CodeIgniter.php(488): CodeIgniter\CodeIgniter->createController()
 3 SYSTEMPATH\CodeIgniter.php(366): CodeIgniter\CodeIgniter->handleRequest(null, Object(Config\Cache), false)
 4 FCPATH\index.php(81): CodeIgniter\CodeIgniter->run()
INFO - 2025-09-27 06:34:08 --> Session: Class initialized using 'CodeIgniter\Session\Handlers\FileHandler' driver.
WARNING - 2025-09-27 06:34:08 --> [DEPRECATED] Creation of dynamic property App\Controllers\Suhu::$MasterDataModel is deprecated in APPPATH\Controllers\Suhu.php on line 205.
 1 SYSTEMPATH\CodeIgniter.php(904): App\Controllers\Suhu->__construct()
 2 SYSTEMPATH\CodeIgniter.php(488): CodeIgniter\CodeIgniter->createController()
 3 SYSTEMPATH\CodeIgniter.php(366): CodeIgniter\CodeIgniter->handleRequest(null, Object(Config\Cache), false)
 4 FCPATH\index.php(81): CodeIgniter\CodeIgniter->run()
INFO - 2025-09-27 06:34:08 --> Session: Class initialized using 'CodeIgniter\Session\Handlers\FileHandler' driver.
WARNING - 2025-09-27 06:34:09 --> [DEPRECATED] Creation of dynamic property App\Controllers\Suhu::$MasterDataModel is deprecated in APPPATH\Controllers\Suhu.php on line 205.
 1 SYSTEMPATH\CodeIgniter.php(904): App\Controllers\Suhu->__construct()
 2 SYSTEMPATH\CodeIgniter.php(488): CodeIgniter\CodeIgniter->createController()
 3 SYSTEMPATH\CodeIgniter.php(366): CodeIgniter\CodeIgniter->handleRequest(null, Object(Config\Cache), false)
 4 FCPATH\index.php(81): CodeIgniter\CodeIgniter->run()
WARNING - 2025-09-27 06:34:09 --> [DEPRECATED] Creation of dynamic property App\Controllers\Suhu::$MasterDataModel is deprecated in APPPATH\Controllers\Suhu.php on line 205.
 1 SYSTEMPATH\CodeIgniter.php(904): App\Controllers\Suhu->__construct()
 2 SYSTEMPATH\CodeIgniter.php(488): CodeIgniter\CodeIgniter->createController()
 3 SYSTEMPATH\CodeIgniter.php(366): CodeIgniter\CodeIgniter->handleRequest(null, Object(Config\Cache), false)
 4 FCPATH\index.php(81): CodeIgniter\CodeIgniter->run()
CRITICAL - 2025-09-27 06:34:09 --> Trying to access array offset on value of type null
in APPPATH\Controllers\Suhu.php on line 162.
 1 APPPATH\Controllers\Suhu.php(162): CodeIgniter\Debug\Exceptions->errorHandler(2, 'Trying to access array offset on value of type null', 'C:\\xampp\\htdocs\\ereport-ehm\\app\\Controllers\\Suhu.php', 162)
 2 SYSTEMPATH\CodeIgniter.php(932): App\Controllers\Suhu->AddSuhu('jquery.js')
 3 SYSTEMPATH\CodeIgniter.php(497): CodeIgniter\CodeIgniter->runController(Object(App\Controllers\Suhu))
 4 SYSTEMPATH\CodeIgniter.php(366): CodeIgniter\CodeIgniter->handleRequest(null, Object(Config\Cache), false)
 5 FCPATH\index.php(81): CodeIgniter\CodeIgniter->run()
CRITICAL - 2025-09-27 06:34:09 --> Trying to access array offset on value of type null
in APPPATH\Controllers\Suhu.php on line 162.
 1 APPPATH\Controllers\Suhu.php(162): CodeIgniter\Debug\Exceptions->errorHandler(2, 'Trying to access array offset on value of type null', 'C:\\xampp\\htdocs\\ereport-ehm\\app\\Controllers\\Suhu.php', 162)
 2 SYSTEMPATH\CodeIgniter.php(932): App\Controllers\Suhu->AddSuhu('bootstrap.js')
 3 SYSTEMPATH\CodeIgniter.php(497): CodeIgniter\CodeIgniter->runController(Object(App\Controllers\Suhu))
 4 SYSTEMPATH\CodeIgniter.php(366): CodeIgniter\CodeIgniter->handleRequest(null, Object(Config\Cache), false)
 5 FCPATH\index.php(81): CodeIgniter\CodeIgniter->run()
WARNING - 2025-09-27 06:34:10 --> [DEPRECATED] Creation of dynamic property App\Controllers\Suhu::$MasterDataModel is deprecated in APPPATH\Controllers\Suhu.php on line 205.
 1 SYSTEMPATH\CodeIgniter.php(904): App\Controllers\Suhu->__construct()
 2 SYSTEMPATH\CodeIgniter.php(488): CodeIgniter\CodeIgniter->createController()
 3 SYSTEMPATH\CodeIgniter.php(366): CodeIgniter\CodeIgniter->handleRequest(null, Object(Config\Cache), false)
 4 FCPATH\index.php(81): CodeIgniter\CodeIgniter->run()
INFO - 2025-09-27 06:34:10 --> Session: Class initialized using 'CodeIgniter\Session\Handlers\FileHandler' driver.
WARNING - 2025-09-27 06:34:14 --> [DEPRECATED] Creation of dynamic property App\Controllers\Suhu::$MasterDataModel is deprecated in APPPATH\Controllers\Suhu.php on line 205.
 1 SYSTEMPATH\CodeIgniter.php(904): App\Controllers\Suhu->__construct()
 2 SYSTEMPATH\CodeIgniter.php(488): CodeIgniter\CodeIgniter->createController()
 3 SYSTEMPATH\CodeIgniter.php(366): CodeIgniter\CodeIgniter->handleRequest(null, Object(Config\Cache), false)
 4 FCPATH\index.php(81): CodeIgniter\CodeIgniter->run()
INFO - 2025-09-27 06:34:14 --> Session: Class initialized using 'CodeIgniter\Session\Handlers\FileHandler' driver.
WARNING - 2025-09-27 06:34:14 --> [DEPRECATED] Creation of dynamic property App\Controllers\Suhu::$MasterDataModel is deprecated in APPPATH\Controllers\Suhu.php on line 205.
 1 SYSTEMPATH\CodeIgniter.php(904): App\Controllers\Suhu->__construct()
 2 SYSTEMPATH\CodeIgniter.php(488): CodeIgniter\CodeIgniter->createController()
 3 SYSTEMPATH\CodeIgniter.php(366): CodeIgniter\CodeIgniter->handleRequest(null, Object(Config\Cache), false)
 4 FCPATH\index.php(81): CodeIgniter\CodeIgniter->run()
WARNING - 2025-09-27 06:34:14 --> [DEPRECATED] Creation of dynamic property App\Controllers\Suhu::$MasterDataModel is deprecated in APPPATH\Controllers\Suhu.php on line 205.
 1 SYSTEMPATH\CodeIgniter.php(904): App\Controllers\Suhu->__construct()
 2 SYSTEMPATH\CodeIgniter.php(488): CodeIgniter\CodeIgniter->createController()
 3 SYSTEMPATH\CodeIgniter.php(366): CodeIgniter\CodeIgniter->handleRequest(null, Object(Config\Cache), false)
 4 FCPATH\index.php(81): CodeIgniter\CodeIgniter->run()
CRITICAL - 2025-09-27 06:34:14 --> Trying to access array offset on value of type null
in APPPATH\Controllers\Suhu.php on line 162.
 1 APPPATH\Controllers\Suhu.php(162): CodeIgniter\Debug\Exceptions->errorHandler(2, 'Trying to access array offset on value of type null', 'C:\\xampp\\htdocs\\ereport-ehm\\app\\Controllers\\Suhu.php', 162)
 2 SYSTEMPATH\CodeIgniter.php(932): App\Controllers\Suhu->AddSuhu('bootstrap.js')
 3 SYSTEMPATH\CodeIgniter.php(497): CodeIgniter\CodeIgniter->runController(Object(App\Controllers\Suhu))
 4 SYSTEMPATH\CodeIgniter.php(366): CodeIgniter\CodeIgniter->handleRequest(null, Object(Config\Cache), false)
 5 FCPATH\index.php(81): CodeIgniter\CodeIgniter->run()
CRITICAL - 2025-09-27 06:34:14 --> Trying to access array offset on value of type null
in APPPATH\Controllers\Suhu.php on line 162.
 1 APPPATH\Controllers\Suhu.php(162): CodeIgniter\Debug\Exceptions->errorHandler(2, 'Trying to access array offset on value of type null', 'C:\\xampp\\htdocs\\ereport-ehm\\app\\Controllers\\Suhu.php', 162)
 2 SYSTEMPATH\CodeIgniter.php(932): App\Controllers\Suhu->AddSuhu('jquery.js')
 3 SYSTEMPATH\CodeIgniter.php(497): CodeIgniter\CodeIgniter->runController(Object(App\Controllers\Suhu))
 4 SYSTEMPATH\CodeIgniter.php(366): CodeIgniter\CodeIgniter->handleRequest(null, Object(Config\Cache), false)
 5 FCPATH\index.php(81): CodeIgniter\CodeIgniter->run()
WARNING - 2025-09-27 06:34:28 --> [DEPRECATED] Creation of dynamic property App\Controllers\Suhu::$MasterDataModel is deprecated in APPPATH\Controllers\Suhu.php on line 205.
 1 SYSTEMPATH\CodeIgniter.php(904): App\Controllers\Suhu->__construct()
 2 SYSTEMPATH\CodeIgniter.php(488): CodeIgniter\CodeIgniter->createController()
 3 SYSTEMPATH\CodeIgniter.php(366): CodeIgniter\CodeIgniter->handleRequest(null, Object(Config\Cache), false)
 4 FCPATH\index.php(81): CodeIgniter\CodeIgniter->run()
INFO - 2025-09-27 06:34:28 --> Session: Class initialized using 'CodeIgniter\Session\Handlers\FileHandler' driver.
WARNING - 2025-09-27 06:34:29 --> [DEPRECATED] Creation of dynamic property App\Controllers\Suhu::$MasterDataModel is deprecated in APPPATH\Controllers\Suhu.php on line 205.
 1 SYSTEMPATH\CodeIgniter.php(904): App\Controllers\Suhu->__construct()
 2 SYSTEMPATH\CodeIgniter.php(488): CodeIgniter\CodeIgniter->createController()
 3 SYSTEMPATH\CodeIgniter.php(366): CodeIgniter\CodeIgniter->handleRequest(null, Object(Config\Cache), false)
 4 FCPATH\index.php(81): CodeIgniter\CodeIgniter->run()
INFO - 2025-09-27 06:34:29 --> Session: Class initialized using 'CodeIgniter\Session\Handlers\FileHandler' driver.
WARNING - 2025-09-27 06:34:29 --> [DEPRECATED] Creation of dynamic property App\Controllers\Suhu::$MasterDataModel is deprecated in APPPATH\Controllers\Suhu.php on line 205.
 1 SYSTEMPATH\CodeIgniter.php(904): App\Controllers\Suhu->__construct()
 2 SYSTEMPATH\CodeIgniter.php(488): CodeIgniter\CodeIgniter->createController()
 3 SYSTEMPATH\CodeIgniter.php(366): CodeIgniter\CodeIgniter->handleRequest(null, Object(Config\Cache), false)
 4 FCPATH\index.php(81): CodeIgniter\CodeIgniter->run()
CRITICAL - 2025-09-27 06:34:29 --> Trying to access array offset on value of type null
in APPPATH\Controllers\Suhu.php on line 162.
 1 APPPATH\Controllers\Suhu.php(162): CodeIgniter\Debug\Exceptions->errorHandler(2, 'Trying to access array offset on value of type null', 'C:\\xampp\\htdocs\\ereport-ehm\\app\\Controllers\\Suhu.php', 162)
 2 SYSTEMPATH\CodeIgniter.php(932): App\Controllers\Suhu->AddSuhu('bootstrap.js')
 3 SYSTEMPATH\CodeIgniter.php(497): CodeIgniter\CodeIgniter->runController(Object(App\Controllers\Suhu))
 4 SYSTEMPATH\CodeIgniter.php(366): CodeIgniter\CodeIgniter->handleRequest(null, Object(Config\Cache), false)
 5 FCPATH\index.php(81): CodeIgniter\CodeIgniter->run()
WARNING - 2025-09-27 06:34:29 --> [DEPRECATED] Creation of dynamic property App\Controllers\Suhu::$MasterDataModel is deprecated in APPPATH\Controllers\Suhu.php on line 205.
 1 SYSTEMPATH\CodeIgniter.php(904): App\Controllers\Suhu->__construct()
 2 SYSTEMPATH\CodeIgniter.php(488): CodeIgniter\CodeIgniter->createController()
 3 SYSTEMPATH\CodeIgniter.php(366): CodeIgniter\CodeIgniter->handleRequest(null, Object(Config\Cache), false)
 4 FCPATH\index.php(81): CodeIgniter\CodeIgniter->run()
CRITICAL - 2025-09-27 06:34:29 --> Trying to access array offset on value of type null
in APPPATH\Controllers\Suhu.php on line 162.
 1 APPPATH\Controllers\Suhu.php(162): CodeIgniter\Debug\Exceptions->errorHandler(2, 'Trying to access array offset on value of type null', 'C:\\xampp\\htdocs\\ereport-ehm\\app\\Controllers\\Suhu.php', 162)
 2 SYSTEMPATH\CodeIgniter.php(932): App\Controllers\Suhu->AddSuhu('jquery.js')
 3 SYSTEMPATH\CodeIgniter.php(497): CodeIgniter\CodeIgniter->runController(Object(App\Controllers\Suhu))
 4 SYSTEMPATH\CodeIgniter.php(366): CodeIgniter\CodeIgniter->handleRequest(null, Object(Config\Cache), false)
 5 FCPATH\index.php(81): CodeIgniter\CodeIgniter->run()
WARNING - 2025-09-27 06:34:31 --> [DEPRECATED] Creation of dynamic property App\Controllers\Suhu::$MasterDataModel is deprecated in APPPATH\Controllers\Suhu.php on line 205.
 1 SYSTEMPATH\CodeIgniter.php(904): App\Controllers\Suhu->__construct()
 2 SYSTEMPATH\CodeIgniter.php(488): CodeIgniter\CodeIgniter->createController()
 3 SYSTEMPATH\CodeIgniter.php(366): CodeIgniter\CodeIgniter->handleRequest(null, Object(Config\Cache), false)
 4 FCPATH\index.php(81): CodeIgniter\CodeIgniter->run()
INFO - 2025-09-27 06:34:31 --> Session: Class initialized using 'CodeIgniter\Session\Handlers\FileHandler' driver.
WARNING - 2025-09-27 06:34:36 --> [DEPRECATED] Creation of dynamic property App\Controllers\Suhu::$MasterDataModel is deprecated in APPPATH\Controllers\Suhu.php on line 205.
 1 SYSTEMPATH\CodeIgniter.php(904): App\Controllers\Suhu->__construct()
 2 SYSTEMPATH\CodeIgniter.php(488): CodeIgniter\CodeIgniter->createController()
 3 SYSTEMPATH\CodeIgniter.php(366): CodeIgniter\CodeIgniter->handleRequest(null, Object(Config\Cache), false)
 4 FCPATH\index.php(81): CodeIgniter\CodeIgniter->run()
INFO - 2025-09-27 06:34:36 --> Session: Class initialized using 'CodeIgniter\Session\Handlers\FileHandler' driver.
WARNING - 2025-09-27 06:34:36 --> [DEPRECATED] Creation of dynamic property App\Controllers\Suhu::$MasterDataModel is deprecated in APPPATH\Controllers\Suhu.php on line 205.
 1 SYSTEMPATH\CodeIgniter.php(904): App\Controllers\Suhu->__construct()
 2 SYSTEMPATH\CodeIgniter.php(488): CodeIgniter\CodeIgniter->createController()
 3 SYSTEMPATH\CodeIgniter.php(366): CodeIgniter\CodeIgniter->handleRequest(null, Object(Config\Cache), false)
 4 FCPATH\index.php(81): CodeIgniter\CodeIgniter->run()
CRITICAL - 2025-09-27 06:34:36 --> Trying to access array offset on value of type null
in APPPATH\Controllers\Suhu.php on line 162.
 1 APPPATH\Controllers\Suhu.php(162): CodeIgniter\Debug\Exceptions->errorHandler(2, 'Trying to access array offset on value of type null', 'C:\\xampp\\htdocs\\ereport-ehm\\app\\Controllers\\Suhu.php', 162)
 2 SYSTEMPATH\CodeIgniter.php(932): App\Controllers\Suhu->AddSuhu('jquery.js')
 3 SYSTEMPATH\CodeIgniter.php(497): CodeIgniter\CodeIgniter->runController(Object(App\Controllers\Suhu))
 4 SYSTEMPATH\CodeIgniter.php(366): CodeIgniter\CodeIgniter->handleRequest(null, Object(Config\Cache), false)
 5 FCPATH\index.php(81): CodeIgniter\CodeIgniter->run()
WARNING - 2025-09-27 06:34:36 --> [DEPRECATED] Creation of dynamic property App\Controllers\Suhu::$MasterDataModel is deprecated in APPPATH\Controllers\Suhu.php on line 205.
 1 SYSTEMPATH\CodeIgniter.php(904): App\Controllers\Suhu->__construct()
 2 SYSTEMPATH\CodeIgniter.php(488): CodeIgniter\CodeIgniter->createController()
 3 SYSTEMPATH\CodeIgniter.php(366): CodeIgniter\CodeIgniter->handleRequest(null, Object(Config\Cache), false)
 4 FCPATH\index.php(81): CodeIgniter\CodeIgniter->run()
CRITICAL - 2025-09-27 06:34:36 --> Trying to access array offset on value of type null
in APPPATH\Controllers\Suhu.php on line 162.
 1 APPPATH\Controllers\Suhu.php(162): CodeIgniter\Debug\Exceptions->errorHandler(2, 'Trying to access array offset on value of type null', 'C:\\xampp\\htdocs\\ereport-ehm\\app\\Controllers\\Suhu.php', 162)
 2 SYSTEMPATH\CodeIgniter.php(932): App\Controllers\Suhu->AddSuhu('bootstrap.js')
 3 SYSTEMPATH\CodeIgniter.php(497): CodeIgniter\CodeIgniter->runController(Object(App\Controllers\Suhu))
 4 SYSTEMPATH\CodeIgniter.php(366): CodeIgniter\CodeIgniter->handleRequest(null, Object(Config\Cache), false)
 5 FCPATH\index.php(81): CodeIgniter\CodeIgniter->run()
WARNING - 2025-09-27 06:34:47 --> [DEPRECATED] Creation of dynamic property App\Controllers\Suhu::$MasterDataModel is deprecated in APPPATH\Controllers\Suhu.php on line 205.
 1 SYSTEMPATH\CodeIgniter.php(904): App\Controllers\Suhu->__construct()
 2 SYSTEMPATH\CodeIgniter.php(488): CodeIgniter\CodeIgniter->createController()
 3 SYSTEMPATH\CodeIgniter.php(366): CodeIgniter\CodeIgniter->handleRequest(null, Object(Config\Cache), false)
 4 FCPATH\index.php(81): CodeIgniter\CodeIgniter->run()
INFO - 2025-09-27 06:34:48 --> Session: Class initialized using 'CodeIgniter\Session\Handlers\FileHandler' driver.
WARNING - 2025-09-27 06:34:48 --> [DEPRECATED] Creation of dynamic property App\Controllers\Suhu::$MasterDataModel is deprecated in APPPATH\Controllers\Suhu.php on line 205.
 1 SYSTEMPATH\CodeIgniter.php(904): App\Controllers\Suhu->__construct()
 2 SYSTEMPATH\CodeIgniter.php(488): CodeIgniter\CodeIgniter->createController()
 3 SYSTEMPATH\CodeIgniter.php(366): CodeIgniter\CodeIgniter->handleRequest(null, Object(Config\Cache), false)
 4 FCPATH\index.php(81): CodeIgniter\CodeIgniter->run()
INFO - 2025-09-27 06:34:48 --> Session: Class initialized using 'CodeIgniter\Session\Handlers\FileHandler' driver.
WARNING - 2025-09-27 06:34:48 --> [DEPRECATED] Creation of dynamic property App\Controllers\Suhu::$MasterDataModel is deprecated in APPPATH\Controllers\Suhu.php on line 205.
 1 SYSTEMPATH\CodeIgniter.php(904): App\Controllers\Suhu->__construct()
 2 SYSTEMPATH\CodeIgniter.php(488): CodeIgniter\CodeIgniter->createController()
 3 SYSTEMPATH\CodeIgniter.php(366): CodeIgniter\CodeIgniter->handleRequest(null, Object(Config\Cache), false)
 4 FCPATH\index.php(81): CodeIgniter\CodeIgniter->run()
CRITICAL - 2025-09-27 06:34:48 --> Trying to access array offset on value of type null
in APPPATH\Controllers\Suhu.php on line 162.
 1 APPPATH\Controllers\Suhu.php(162): CodeIgniter\Debug\Exceptions->errorHandler(2, 'Trying to access array offset on value of type null', 'C:\\xampp\\htdocs\\ereport-ehm\\app\\Controllers\\Suhu.php', 162)
 2 SYSTEMPATH\CodeIgniter.php(932): App\Controllers\Suhu->AddSuhu('jquery.js')
 3 SYSTEMPATH\CodeIgniter.php(497): CodeIgniter\CodeIgniter->runController(Object(App\Controllers\Suhu))
 4 SYSTEMPATH\CodeIgniter.php(366): CodeIgniter\CodeIgniter->handleRequest(null, Object(Config\Cache), false)
 5 FCPATH\index.php(81): CodeIgniter\CodeIgniter->run()
WARNING - 2025-09-27 06:34:48 --> [DEPRECATED] Creation of dynamic property App\Controllers\Suhu::$MasterDataModel is deprecated in APPPATH\Controllers\Suhu.php on line 205.
 1 SYSTEMPATH\CodeIgniter.php(904): App\Controllers\Suhu->__construct()
 2 SYSTEMPATH\CodeIgniter.php(488): CodeIgniter\CodeIgniter->createController()
 3 SYSTEMPATH\CodeIgniter.php(366): CodeIgniter\CodeIgniter->handleRequest(null, Object(Config\Cache), false)
 4 FCPATH\index.php(81): CodeIgniter\CodeIgniter->run()
CRITICAL - 2025-09-27 06:34:48 --> Trying to access array offset on value of type null
in APPPATH\Controllers\Suhu.php on line 162.
 1 APPPATH\Controllers\Suhu.php(162): CodeIgniter\Debug\Exceptions->errorHandler(2, 'Trying to access array offset on value of type null', 'C:\\xampp\\htdocs\\ereport-ehm\\app\\Controllers\\Suhu.php', 162)
 2 SYSTEMPATH\CodeIgniter.php(932): App\Controllers\Suhu->AddSuhu('bootstrap.js')
 3 SYSTEMPATH\CodeIgniter.php(497): CodeIgniter\CodeIgniter->runController(Object(App\Controllers\Suhu))
 4 SYSTEMPATH\CodeIgniter.php(366): CodeIgniter\CodeIgniter->handleRequest(null, Object(Config\Cache), false)
 5 FCPATH\index.php(81): CodeIgniter\CodeIgniter->run()
WARNING - 2025-09-27 06:34:51 --> [DEPRECATED] Creation of dynamic property App\Controllers\Suhu::$MasterDataModel is deprecated in APPPATH\Controllers\Suhu.php on line 205.
 1 SYSTEMPATH\CodeIgniter.php(904): App\Controllers\Suhu->__construct()
 2 SYSTEMPATH\CodeIgniter.php(488): CodeIgniter\CodeIgniter->createController()
 3 SYSTEMPATH\CodeIgniter.php(366): CodeIgniter\CodeIgniter->handleRequest(null, Object(Config\Cache), false)
 4 FCPATH\index.php(81): CodeIgniter\CodeIgniter->run()
INFO - 2025-09-27 06:34:51 --> Session: Class initialized using 'CodeIgniter\Session\Handlers\FileHandler' driver.
WARNING - 2025-09-27 06:34:55 --> [DEPRECATED] Creation of dynamic property App\Controllers\Suhu::$MasterDataModel is deprecated in APPPATH\Controllers\Suhu.php on line 205.
 1 SYSTEMPATH\CodeIgniter.php(904): App\Controllers\Suhu->__construct()
 2 SYSTEMPATH\CodeIgniter.php(488): CodeIgniter\CodeIgniter->createController()
 3 SYSTEMPATH\CodeIgniter.php(366): CodeIgniter\CodeIgniter->handleRequest(null, Object(Config\Cache), false)
 4 FCPATH\index.php(81): CodeIgniter\CodeIgniter->run()
INFO - 2025-09-27 06:34:55 --> Session: Class initialized using 'CodeIgniter\Session\Handlers\FileHandler' driver.
WARNING - 2025-09-27 06:34:55 --> [DEPRECATED] Creation of dynamic property App\Controllers\Suhu::$MasterDataModel is deprecated in APPPATH\Controllers\Suhu.php on line 205.
 1 SYSTEMPATH\CodeIgniter.php(904): App\Controllers\Suhu->__construct()
 2 SYSTEMPATH\CodeIgniter.php(488): CodeIgniter\CodeIgniter->createController()
 3 SYSTEMPATH\CodeIgniter.php(366): CodeIgniter\CodeIgniter->handleRequest(null, Object(Config\Cache), false)
 4 FCPATH\index.php(81): CodeIgniter\CodeIgniter->run()
WARNING - 2025-09-27 06:34:55 --> [DEPRECATED] Creation of dynamic property App\Controllers\Suhu::$MasterDataModel is deprecated in APPPATH\Controllers\Suhu.php on line 205.
 1 SYSTEMPATH\CodeIgniter.php(904): App\Controllers\Suhu->__construct()
 2 SYSTEMPATH\CodeIgniter.php(488): CodeIgniter\CodeIgniter->createController()
 3 SYSTEMPATH\CodeIgniter.php(366): CodeIgniter\CodeIgniter->handleRequest(null, Object(Config\Cache), false)
 4 FCPATH\index.php(81): CodeIgniter\CodeIgniter->run()
CRITICAL - 2025-09-27 06:34:55 --> Trying to access array offset on value of type null
in APPPATH\Controllers\Suhu.php on line 162.
 1 APPPATH\Controllers\Suhu.php(162): CodeIgniter\Debug\Exceptions->errorHandler(2, 'Trying to access array offset on value of type null', 'C:\\xampp\\htdocs\\ereport-ehm\\app\\Controllers\\Suhu.php', 162)
 2 SYSTEMPATH\CodeIgniter.php(932): App\Controllers\Suhu->AddSuhu('bootstrap.js')
 3 SYSTEMPATH\CodeIgniter.php(497): CodeIgniter\CodeIgniter->runController(Object(App\Controllers\Suhu))
 4 SYSTEMPATH\CodeIgniter.php(366): CodeIgniter\CodeIgniter->handleRequest(null, Object(Config\Cache), false)
 5 FCPATH\index.php(81): CodeIgniter\CodeIgniter->run()
CRITICAL - 2025-09-27 06:34:55 --> Trying to access array offset on value of type null
in APPPATH\Controllers\Suhu.php on line 162.
 1 APPPATH\Controllers\Suhu.php(162): CodeIgniter\Debug\Exceptions->errorHandler(2, 'Trying to access array offset on value of type null', 'C:\\xampp\\htdocs\\ereport-ehm\\app\\Controllers\\Suhu.php', 162)
 2 SYSTEMPATH\CodeIgniter.php(932): App\Controllers\Suhu->AddSuhu('jquery.js')
 3 SYSTEMPATH\CodeIgniter.php(497): CodeIgniter\CodeIgniter->runController(Object(App\Controllers\Suhu))
 4 SYSTEMPATH\CodeIgniter.php(366): CodeIgniter\CodeIgniter->handleRequest(null, Object(Config\Cache), false)
 5 FCPATH\index.php(81): CodeIgniter\CodeIgniter->run()
WARNING - 2025-09-27 06:35:11 --> [DEPRECATED] Creation of dynamic property App\Controllers\Suhu::$MasterDataModel is deprecated in APPPATH\Controllers\Suhu.php on line 205.
 1 SYSTEMPATH\CodeIgniter.php(904): App\Controllers\Suhu->__construct()
 2 SYSTEMPATH\CodeIgniter.php(488): CodeIgniter\CodeIgniter->createController()
 3 SYSTEMPATH\CodeIgniter.php(366): CodeIgniter\CodeIgniter->handleRequest(null, Object(Config\Cache), false)
 4 FCPATH\index.php(81): CodeIgniter\CodeIgniter->run()
INFO - 2025-09-27 06:35:11 --> Session: Class initialized using 'CodeIgniter\Session\Handlers\FileHandler' driver.
WARNING - 2025-09-27 06:35:11 --> [DEPRECATED] Creation of dynamic property App\Controllers\Suhu::$MasterDataModel is deprecated in APPPATH\Controllers\Suhu.php on line 205.
 1 SYSTEMPATH\CodeIgniter.php(904): App\Controllers\Suhu->__construct()
 2 SYSTEMPATH\CodeIgniter.php(488): CodeIgniter\CodeIgniter->createController()
 3 SYSTEMPATH\CodeIgniter.php(366): CodeIgniter\CodeIgniter->handleRequest(null, Object(Config\Cache), false)
 4 FCPATH\index.php(81): CodeIgniter\CodeIgniter->run()
INFO - 2025-09-27 06:35:11 --> Session: Class initialized using 'CodeIgniter\Session\Handlers\FileHandler' driver.
WARNING - 2025-09-27 06:35:11 --> [DEPRECATED] Creation of dynamic property App\Controllers\Suhu::$MasterDataModel is deprecated in APPPATH\Controllers\Suhu.php on line 205.
 1 SYSTEMPATH\CodeIgniter.php(904): App\Controllers\Suhu->__construct()
 2 SYSTEMPATH\CodeIgniter.php(488): CodeIgniter\CodeIgniter->createController()
 3 SYSTEMPATH\CodeIgniter.php(366): CodeIgniter\CodeIgniter->handleRequest(null, Object(Config\Cache), false)
 4 FCPATH\index.php(81): CodeIgniter\CodeIgniter->run()
CRITICAL - 2025-09-27 06:35:11 --> Trying to access array offset on value of type null
in APPPATH\Controllers\Suhu.php on line 162.
 1 APPPATH\Controllers\Suhu.php(162): CodeIgniter\Debug\Exceptions->errorHandler(2, 'Trying to access array offset on value of type null', 'C:\\xampp\\htdocs\\ereport-ehm\\app\\Controllers\\Suhu.php', 162)
 2 SYSTEMPATH\CodeIgniter.php(932): App\Controllers\Suhu->AddSuhu('jquery.js')
 3 SYSTEMPATH\CodeIgniter.php(497): CodeIgniter\CodeIgniter->runController(Object(App\Controllers\Suhu))
 4 SYSTEMPATH\CodeIgniter.php(366): CodeIgniter\CodeIgniter->handleRequest(null, Object(Config\Cache), false)
 5 FCPATH\index.php(81): CodeIgniter\CodeIgniter->run()
WARNING - 2025-09-27 06:35:12 --> [DEPRECATED] Creation of dynamic property App\Controllers\Suhu::$MasterDataModel is deprecated in APPPATH\Controllers\Suhu.php on line 205.
 1 SYSTEMPATH\CodeIgniter.php(904): App\Controllers\Suhu->__construct()
 2 SYSTEMPATH\CodeIgniter.php(488): CodeIgniter\CodeIgniter->createController()
 3 SYSTEMPATH\CodeIgniter.php(366): CodeIgniter\CodeIgniter->handleRequest(null, Object(Config\Cache), false)
 4 FCPATH\index.php(81): CodeIgniter\CodeIgniter->run()
CRITICAL - 2025-09-27 06:35:12 --> Trying to access array offset on value of type null
in APPPATH\Controllers\Suhu.php on line 162.
 1 APPPATH\Controllers\Suhu.php(162): CodeIgniter\Debug\Exceptions->errorHandler(2, 'Trying to access array offset on value of type null', 'C:\\xampp\\htdocs\\ereport-ehm\\app\\Controllers\\Suhu.php', 162)
 2 SYSTEMPATH\CodeIgniter.php(932): App\Controllers\Suhu->AddSuhu('bootstrap.js')
 3 SYSTEMPATH\CodeIgniter.php(497): CodeIgniter\CodeIgniter->runController(Object(App\Controllers\Suhu))
 4 SYSTEMPATH\CodeIgniter.php(366): CodeIgniter\CodeIgniter->handleRequest(null, Object(Config\Cache), false)
 5 FCPATH\index.php(81): CodeIgniter\CodeIgniter->run()
WARNING - 2025-09-27 06:35:14 --> [DEPRECATED] Creation of dynamic property App\Controllers\Suhu::$MasterDataModel is deprecated in APPPATH\Controllers\Suhu.php on line 205.
 1 SYSTEMPATH\CodeIgniter.php(904): App\Controllers\Suhu->__construct()
 2 SYSTEMPATH\CodeIgniter.php(488): CodeIgniter\CodeIgniter->createController()
 3 SYSTEMPATH\CodeIgniter.php(366): CodeIgniter\CodeIgniter->handleRequest(null, Object(Config\Cache), false)
 4 FCPATH\index.php(81): CodeIgniter\CodeIgniter->run()
INFO - 2025-09-27 06:35:14 --> Session: Class initialized using 'CodeIgniter\Session\Handlers\FileHandler' driver.
WARNING - 2025-09-27 06:35:18 --> [DEPRECATED] Creation of dynamic property App\Controllers\Suhu::$MasterDataModel is deprecated in APPPATH\Controllers\Suhu.php on line 205.
 1 SYSTEMPATH\CodeIgniter.php(904): App\Controllers\Suhu->__construct()
 2 SYSTEMPATH\CodeIgniter.php(488): CodeIgniter\CodeIgniter->createController()
 3 SYSTEMPATH\CodeIgniter.php(366): CodeIgniter\CodeIgniter->handleRequest(null, Object(Config\Cache), false)
 4 FCPATH\index.php(81): CodeIgniter\CodeIgniter->run()
INFO - 2025-09-27 06:35:18 --> Session: Class initialized using 'CodeIgniter\Session\Handlers\FileHandler' driver.
WARNING - 2025-09-27 06:35:18 --> [DEPRECATED] Creation of dynamic property App\Controllers\Suhu::$MasterDataModel is deprecated in APPPATH\Controllers\Suhu.php on line 205.
 1 SYSTEMPATH\CodeIgniter.php(904): App\Controllers\Suhu->__construct()
 2 SYSTEMPATH\CodeIgniter.php(488): CodeIgniter\CodeIgniter->createController()
 3 SYSTEMPATH\CodeIgniter.php(366): CodeIgniter\CodeIgniter->handleRequest(null, Object(Config\Cache), false)
 4 FCPATH\index.php(81): CodeIgniter\CodeIgniter->run()
CRITICAL - 2025-09-27 06:35:18 --> Trying to access array offset on value of type null
in APPPATH\Controllers\Suhu.php on line 162.
 1 APPPATH\Controllers\Suhu.php(162): CodeIgniter\Debug\Exceptions->errorHandler(2, 'Trying to access array offset on value of type null', 'C:\\xampp\\htdocs\\ereport-ehm\\app\\Controllers\\Suhu.php', 162)
 2 SYSTEMPATH\CodeIgniter.php(932): App\Controllers\Suhu->AddSuhu('jquery.js')
 3 SYSTEMPATH\CodeIgniter.php(497): CodeIgniter\CodeIgniter->runController(Object(App\Controllers\Suhu))
 4 SYSTEMPATH\CodeIgniter.php(366): CodeIgniter\CodeIgniter->handleRequest(null, Object(Config\Cache), false)
 5 FCPATH\index.php(81): CodeIgniter\CodeIgniter->run()
WARNING - 2025-09-27 06:35:18 --> [DEPRECATED] Creation of dynamic property App\Controllers\Suhu::$MasterDataModel is deprecated in APPPATH\Controllers\Suhu.php on line 205.
 1 SYSTEMPATH\CodeIgniter.php(904): App\Controllers\Suhu->__construct()
 2 SYSTEMPATH\CodeIgniter.php(488): CodeIgniter\CodeIgniter->createController()
 3 SYSTEMPATH\CodeIgniter.php(366): CodeIgniter\CodeIgniter->handleRequest(null, Object(Config\Cache), false)
 4 FCPATH\index.php(81): CodeIgniter\CodeIgniter->run()
CRITICAL - 2025-09-27 06:35:18 --> Trying to access array offset on value of type null
in APPPATH\Controllers\Suhu.php on line 162.
 1 APPPATH\Controllers\Suhu.php(162): CodeIgniter\Debug\Exceptions->errorHandler(2, 'Trying to access array offset on value of type null', 'C:\\xampp\\htdocs\\ereport-ehm\\app\\Controllers\\Suhu.php', 162)
 2 SYSTEMPATH\CodeIgniter.php(932): App\Controllers\Suhu->AddSuhu('bootstrap.js')
 3 SYSTEMPATH\CodeIgniter.php(497): CodeIgniter\CodeIgniter->runController(Object(App\Controllers\Suhu))
 4 SYSTEMPATH\CodeIgniter.php(366): CodeIgniter\CodeIgniter->handleRequest(null, Object(Config\Cache), false)
 5 FCPATH\index.php(81): CodeIgniter\CodeIgniter->run()
WARNING - 2025-09-27 06:35:28 --> [DEPRECATED] Creation of dynamic property App\Controllers\Suhu::$MasterDataModel is deprecated in APPPATH\Controllers\Suhu.php on line 205.
 1 SYSTEMPATH\CodeIgniter.php(904): App\Controllers\Suhu->__construct()
 2 SYSTEMPATH\CodeIgniter.php(488): CodeIgniter\CodeIgniter->createController()
 3 SYSTEMPATH\CodeIgniter.php(366): CodeIgniter\CodeIgniter->handleRequest(null, Object(Config\Cache), false)
 4 FCPATH\index.php(81): CodeIgniter\CodeIgniter->run()
INFO - 2025-09-27 06:35:28 --> Session: Class initialized using 'CodeIgniter\Session\Handlers\FileHandler' driver.
WARNING - 2025-09-27 06:35:28 --> [DEPRECATED] Creation of dynamic property App\Controllers\Suhu::$MasterDataModel is deprecated in APPPATH\Controllers\Suhu.php on line 205.
 1 SYSTEMPATH\CodeIgniter.php(904): App\Controllers\Suhu->__construct()
 2 SYSTEMPATH\CodeIgniter.php(488): CodeIgniter\CodeIgniter->createController()
 3 SYSTEMPATH\CodeIgniter.php(366): CodeIgniter\CodeIgniter->handleRequest(null, Object(Config\Cache), false)
 4 FCPATH\index.php(81): CodeIgniter\CodeIgniter->run()
INFO - 2025-09-27 06:35:28 --> Session: Class initialized using 'CodeIgniter\Session\Handlers\FileHandler' driver.
WARNING - 2025-09-27 06:35:28 --> [DEPRECATED] Creation of dynamic property App\Controllers\Suhu::$MasterDataModel is deprecated in APPPATH\Controllers\Suhu.php on line 205.
 1 SYSTEMPATH\CodeIgniter.php(904): App\Controllers\Suhu->__construct()
 2 SYSTEMPATH\CodeIgniter.php(488): CodeIgniter\CodeIgniter->createController()
 3 SYSTEMPATH\CodeIgniter.php(366): CodeIgniter\CodeIgniter->handleRequest(null, Object(Config\Cache), false)
 4 FCPATH\index.php(81): CodeIgniter\CodeIgniter->run()
CRITICAL - 2025-09-27 06:35:28 --> Trying to access array offset on value of type null
in APPPATH\Controllers\Suhu.php on line 162.
 1 APPPATH\Controllers\Suhu.php(162): CodeIgniter\Debug\Exceptions->errorHandler(2, 'Trying to access array offset on value of type null', 'C:\\xampp\\htdocs\\ereport-ehm\\app\\Controllers\\Suhu.php', 162)
 2 SYSTEMPATH\CodeIgniter.php(932): App\Controllers\Suhu->AddSuhu('jquery.js')
 3 SYSTEMPATH\CodeIgniter.php(497): CodeIgniter\CodeIgniter->runController(Object(App\Controllers\Suhu))
 4 SYSTEMPATH\CodeIgniter.php(366): CodeIgniter\CodeIgniter->handleRequest(null, Object(Config\Cache), false)
 5 FCPATH\index.php(81): CodeIgniter\CodeIgniter->run()
WARNING - 2025-09-27 06:35:28 --> [DEPRECATED] Creation of dynamic property App\Controllers\Suhu::$MasterDataModel is deprecated in APPPATH\Controllers\Suhu.php on line 205.
 1 SYSTEMPATH\CodeIgniter.php(904): App\Controllers\Suhu->__construct()
 2 SYSTEMPATH\CodeIgniter.php(488): CodeIgniter\CodeIgniter->createController()
 3 SYSTEMPATH\CodeIgniter.php(366): CodeIgniter\CodeIgniter->handleRequest(null, Object(Config\Cache), false)
 4 FCPATH\index.php(81): CodeIgniter\CodeIgniter->run()
CRITICAL - 2025-09-27 06:35:28 --> Trying to access array offset on value of type null
in APPPATH\Controllers\Suhu.php on line 162.
 1 APPPATH\Controllers\Suhu.php(162): CodeIgniter\Debug\Exceptions->errorHandler(2, 'Trying to access array offset on value of type null', 'C:\\xampp\\htdocs\\ereport-ehm\\app\\Controllers\\Suhu.php', 162)
 2 SYSTEMPATH\CodeIgniter.php(932): App\Controllers\Suhu->AddSuhu('bootstrap.js')
 3 SYSTEMPATH\CodeIgniter.php(497): CodeIgniter\CodeIgniter->runController(Object(App\Controllers\Suhu))
 4 SYSTEMPATH\CodeIgniter.php(366): CodeIgniter\CodeIgniter->handleRequest(null, Object(Config\Cache), false)
 5 FCPATH\index.php(81): CodeIgniter\CodeIgniter->run()
WARNING - 2025-09-27 06:35:30 --> [DEPRECATED] Creation of dynamic property App\Controllers\Suhu::$MasterDataModel is deprecated in APPPATH\Controllers\Suhu.php on line 205.
 1 SYSTEMPATH\CodeIgniter.php(904): App\Controllers\Suhu->__construct()
 2 SYSTEMPATH\CodeIgniter.php(488): CodeIgniter\CodeIgniter->createController()
 3 SYSTEMPATH\CodeIgniter.php(366): CodeIgniter\CodeIgniter->handleRequest(null, Object(Config\Cache), false)
 4 FCPATH\index.php(81): CodeIgniter\CodeIgniter->run()
INFO - 2025-09-27 06:35:30 --> Session: Class initialized using 'CodeIgniter\Session\Handlers\FileHandler' driver.
WARNING - 2025-09-27 06:35:33 --> [DEPRECATED] Creation of dynamic property App\Controllers\Suhu::$MasterDataModel is deprecated in APPPATH\Controllers\Suhu.php on line 205.
 1 SYSTEMPATH\CodeIgniter.php(904): App\Controllers\Suhu->__construct()
 2 SYSTEMPATH\CodeIgniter.php(488): CodeIgniter\CodeIgniter->createController()
 3 SYSTEMPATH\CodeIgniter.php(366): CodeIgniter\CodeIgniter->handleRequest(null, Object(Config\Cache), false)
 4 FCPATH\index.php(81): CodeIgniter\CodeIgniter->run()
INFO - 2025-09-27 06:35:33 --> Session: Class initialized using 'CodeIgniter\Session\Handlers\FileHandler' driver.
WARNING - 2025-09-27 06:35:33 --> [DEPRECATED] Creation of dynamic property App\Controllers\Suhu::$MasterDataModel is deprecated in APPPATH\Controllers\Suhu.php on line 205.
 1 SYSTEMPATH\CodeIgniter.php(904): App\Controllers\Suhu->__construct()
 2 SYSTEMPATH\CodeIgniter.php(488): CodeIgniter\CodeIgniter->createController()
 3 SYSTEMPATH\CodeIgniter.php(366): CodeIgniter\CodeIgniter->handleRequest(null, Object(Config\Cache), false)
 4 FCPATH\index.php(81): CodeIgniter\CodeIgniter->run()
CRITICAL - 2025-09-27 06:35:33 --> Trying to access array offset on value of type null
in APPPATH\Controllers\Suhu.php on line 162.
 1 APPPATH\Controllers\Suhu.php(162): CodeIgniter\Debug\Exceptions->errorHandler(2, 'Trying to access array offset on value of type null', 'C:\\xampp\\htdocs\\ereport-ehm\\app\\Controllers\\Suhu.php', 162)
 2 SYSTEMPATH\CodeIgniter.php(932): App\Controllers\Suhu->AddSuhu('jquery.js')
 3 SYSTEMPATH\CodeIgniter.php(497): CodeIgniter\CodeIgniter->runController(Object(App\Controllers\Suhu))
 4 SYSTEMPATH\CodeIgniter.php(366): CodeIgniter\CodeIgniter->handleRequest(null, Object(Config\Cache), false)
 5 FCPATH\index.php(81): CodeIgniter\CodeIgniter->run()
WARNING - 2025-09-27 06:35:34 --> [DEPRECATED] Creation of dynamic property App\Controllers\Suhu::$MasterDataModel is deprecated in APPPATH\Controllers\Suhu.php on line 205.
 1 SYSTEMPATH\CodeIgniter.php(904): App\Controllers\Suhu->__construct()
 2 SYSTEMPATH\CodeIgniter.php(488): CodeIgniter\CodeIgniter->createController()
 3 SYSTEMPATH\CodeIgniter.php(366): CodeIgniter\CodeIgniter->handleRequest(null, Object(Config\Cache), false)
 4 FCPATH\index.php(81): CodeIgniter\CodeIgniter->run()
CRITICAL - 2025-09-27 06:35:34 --> Trying to access array offset on value of type null
in APPPATH\Controllers\Suhu.php on line 162.
 1 APPPATH\Controllers\Suhu.php(162): CodeIgniter\Debug\Exceptions->errorHandler(2, 'Trying to access array offset on value of type null', 'C:\\xampp\\htdocs\\ereport-ehm\\app\\Controllers\\Suhu.php', 162)
 2 SYSTEMPATH\CodeIgniter.php(932): App\Controllers\Suhu->AddSuhu('bootstrap.js')
 3 SYSTEMPATH\CodeIgniter.php(497): CodeIgniter\CodeIgniter->runController(Object(App\Controllers\Suhu))
 4 SYSTEMPATH\CodeIgniter.php(366): CodeIgniter\CodeIgniter->handleRequest(null, Object(Config\Cache), false)
 5 FCPATH\index.php(81): CodeIgniter\CodeIgniter->run()
WARNING - 2025-09-27 06:35:43 --> [DEPRECATED] Creation of dynamic property App\Controllers\Suhu::$MasterDataModel is deprecated in APPPATH\Controllers\Suhu.php on line 205.
 1 SYSTEMPATH\CodeIgniter.php(904): App\Controllers\Suhu->__construct()
 2 SYSTEMPATH\CodeIgniter.php(488): CodeIgniter\CodeIgniter->createController()
 3 SYSTEMPATH\CodeIgniter.php(366): CodeIgniter\CodeIgniter->handleRequest(null, Object(Config\Cache), false)
 4 FCPATH\index.php(81): CodeIgniter\CodeIgniter->run()
INFO - 2025-09-27 06:35:43 --> Session: Class initialized using 'CodeIgniter\Session\Handlers\FileHandler' driver.
WARNING - 2025-09-27 06:35:44 --> [DEPRECATED] Creation of dynamic property App\Controllers\Suhu::$MasterDataModel is deprecated in APPPATH\Controllers\Suhu.php on line 205.
 1 SYSTEMPATH\CodeIgniter.php(904): App\Controllers\Suhu->__construct()
 2 SYSTEMPATH\CodeIgniter.php(488): CodeIgniter\CodeIgniter->createController()
 3 SYSTEMPATH\CodeIgniter.php(366): CodeIgniter\CodeIgniter->handleRequest(null, Object(Config\Cache), false)
 4 FCPATH\index.php(81): CodeIgniter\CodeIgniter->run()
INFO - 2025-09-27 06:35:44 --> Session: Class initialized using 'CodeIgniter\Session\Handlers\FileHandler' driver.
WARNING - 2025-09-27 06:35:44 --> [DEPRECATED] Creation of dynamic property App\Controllers\Suhu::$MasterDataModel is deprecated in APPPATH\Controllers\Suhu.php on line 205.
 1 SYSTEMPATH\CodeIgniter.php(904): App\Controllers\Suhu->__construct()
 2 SYSTEMPATH\CodeIgniter.php(488): CodeIgniter\CodeIgniter->createController()
 3 SYSTEMPATH\CodeIgniter.php(366): CodeIgniter\CodeIgniter->handleRequest(null, Object(Config\Cache), false)
 4 FCPATH\index.php(81): CodeIgniter\CodeIgniter->run()
CRITICAL - 2025-09-27 06:35:44 --> Trying to access array offset on value of type null
in APPPATH\Controllers\Suhu.php on line 162.
 1 APPPATH\Controllers\Suhu.php(162): CodeIgniter\Debug\Exceptions->errorHandler(2, 'Trying to access array offset on value of type null', 'C:\\xampp\\htdocs\\ereport-ehm\\app\\Controllers\\Suhu.php', 162)
 2 SYSTEMPATH\CodeIgniter.php(932): App\Controllers\Suhu->AddSuhu('bootstrap.js')
 3 SYSTEMPATH\CodeIgniter.php(497): CodeIgniter\CodeIgniter->runController(Object(App\Controllers\Suhu))
 4 SYSTEMPATH\CodeIgniter.php(366): CodeIgniter\CodeIgniter->handleRequest(null, Object(Config\Cache), false)
 5 FCPATH\index.php(81): CodeIgniter\CodeIgniter->run()
WARNING - 2025-09-27 06:35:44 --> [DEPRECATED] Creation of dynamic property App\Controllers\Suhu::$MasterDataModel is deprecated in APPPATH\Controllers\Suhu.php on line 205.
 1 SYSTEMPATH\CodeIgniter.php(904): App\Controllers\Suhu->__construct()
 2 SYSTEMPATH\CodeIgniter.php(488): CodeIgniter\CodeIgniter->createController()
 3 SYSTEMPATH\CodeIgniter.php(366): CodeIgniter\CodeIgniter->handleRequest(null, Object(Config\Cache), false)
 4 FCPATH\index.php(81): CodeIgniter\CodeIgniter->run()
CRITICAL - 2025-09-27 06:35:44 --> Trying to access array offset on value of type null
in APPPATH\Controllers\Suhu.php on line 162.
 1 APPPATH\Controllers\Suhu.php(162): CodeIgniter\Debug\Exceptions->errorHandler(2, 'Trying to access array offset on value of type null', 'C:\\xampp\\htdocs\\ereport-ehm\\app\\Controllers\\Suhu.php', 162)
 2 SYSTEMPATH\CodeIgniter.php(932): App\Controllers\Suhu->AddSuhu('jquery.js')
 3 SYSTEMPATH\CodeIgniter.php(497): CodeIgniter\CodeIgniter->runController(Object(App\Controllers\Suhu))
 4 SYSTEMPATH\CodeIgniter.php(366): CodeIgniter\CodeIgniter->handleRequest(null, Object(Config\Cache), false)
 5 FCPATH\index.php(81): CodeIgniter\CodeIgniter->run()
WARNING - 2025-09-27 06:35:45 --> [DEPRECATED] Creation of dynamic property App\Controllers\Suhu::$MasterDataModel is deprecated in APPPATH\Controllers\Suhu.php on line 205.
 1 SYSTEMPATH\CodeIgniter.php(904): App\Controllers\Suhu->__construct()
 2 SYSTEMPATH\CodeIgniter.php(488): CodeIgniter\CodeIgniter->createController()
 3 SYSTEMPATH\CodeIgniter.php(366): CodeIgniter\CodeIgniter->handleRequest(null, Object(Config\Cache), false)
 4 FCPATH\index.php(81): CodeIgniter\CodeIgniter->run()
INFO - 2025-09-27 06:35:45 --> Session: Class initialized using 'CodeIgniter\Session\Handlers\FileHandler' driver.
WARNING - 2025-09-27 06:35:49 --> [DEPRECATED] Creation of dynamic property App\Controllers\Suhu::$MasterDataModel is deprecated in APPPATH\Controllers\Suhu.php on line 205.
 1 SYSTEMPATH\CodeIgniter.php(904): App\Controllers\Suhu->__construct()
 2 SYSTEMPATH\CodeIgniter.php(488): CodeIgniter\CodeIgniter->createController()
 3 SYSTEMPATH\CodeIgniter.php(366): CodeIgniter\CodeIgniter->handleRequest(null, Object(Config\Cache), false)
 4 FCPATH\index.php(81): CodeIgniter\CodeIgniter->run()
INFO - 2025-09-27 06:35:50 --> Session: Class initialized using 'CodeIgniter\Session\Handlers\FileHandler' driver.
WARNING - 2025-09-27 06:35:50 --> [DEPRECATED] Creation of dynamic property App\Controllers\Suhu::$MasterDataModel is deprecated in APPPATH\Controllers\Suhu.php on line 205.
 1 SYSTEMPATH\CodeIgniter.php(904): App\Controllers\Suhu->__construct()
 2 SYSTEMPATH\CodeIgniter.php(488): CodeIgniter\CodeIgniter->createController()
 3 SYSTEMPATH\CodeIgniter.php(366): CodeIgniter\CodeIgniter->handleRequest(null, Object(Config\Cache), false)
 4 FCPATH\index.php(81): CodeIgniter\CodeIgniter->run()
CRITICAL - 2025-09-27 06:35:50 --> Trying to access array offset on value of type null
in APPPATH\Controllers\Suhu.php on line 162.
 1 APPPATH\Controllers\Suhu.php(162): CodeIgniter\Debug\Exceptions->errorHandler(2, 'Trying to access array offset on value of type null', 'C:\\xampp\\htdocs\\ereport-ehm\\app\\Controllers\\Suhu.php', 162)
 2 SYSTEMPATH\CodeIgniter.php(932): App\Controllers\Suhu->AddSuhu('jquery.js')
 3 SYSTEMPATH\CodeIgniter.php(497): CodeIgniter\CodeIgniter->runController(Object(App\Controllers\Suhu))
 4 SYSTEMPATH\CodeIgniter.php(366): CodeIgniter\CodeIgniter->handleRequest(null, Object(Config\Cache), false)
 5 FCPATH\index.php(81): CodeIgniter\CodeIgniter->run()
WARNING - 2025-09-27 06:35:50 --> [DEPRECATED] Creation of dynamic property App\Controllers\Suhu::$MasterDataModel is deprecated in APPPATH\Controllers\Suhu.php on line 205.
 1 SYSTEMPATH\CodeIgniter.php(904): App\Controllers\Suhu->__construct()
 2 SYSTEMPATH\CodeIgniter.php(488): CodeIgniter\CodeIgniter->createController()
 3 SYSTEMPATH\CodeIgniter.php(366): CodeIgniter\CodeIgniter->handleRequest(null, Object(Config\Cache), false)
 4 FCPATH\index.php(81): CodeIgniter\CodeIgniter->run()
CRITICAL - 2025-09-27 06:35:50 --> Trying to access array offset on value of type null
in APPPATH\Controllers\Suhu.php on line 162.
 1 APPPATH\Controllers\Suhu.php(162): CodeIgniter\Debug\Exceptions->errorHandler(2, 'Trying to access array offset on value of type null', 'C:\\xampp\\htdocs\\ereport-ehm\\app\\Controllers\\Suhu.php', 162)
 2 SYSTEMPATH\CodeIgniter.php(932): App\Controllers\Suhu->AddSuhu('bootstrap.js')
 3 SYSTEMPATH\CodeIgniter.php(497): CodeIgniter\CodeIgniter->runController(Object(App\Controllers\Suhu))
 4 SYSTEMPATH\CodeIgniter.php(366): CodeIgniter\CodeIgniter->handleRequest(null, Object(Config\Cache), false)
 5 FCPATH\index.php(81): CodeIgniter\CodeIgniter->run()
WARNING - 2025-09-27 06:36:00 --> [DEPRECATED] Creation of dynamic property App\Controllers\Suhu::$MasterDataModel is deprecated in APPPATH\Controllers\Suhu.php on line 205.
 1 SYSTEMPATH\CodeIgniter.php(904): App\Controllers\Suhu->__construct()
 2 SYSTEMPATH\CodeIgniter.php(488): CodeIgniter\CodeIgniter->createController()
 3 SYSTEMPATH\CodeIgniter.php(366): CodeIgniter\CodeIgniter->handleRequest(null, Object(Config\Cache), false)
 4 FCPATH\index.php(81): CodeIgniter\CodeIgniter->run()
INFO - 2025-09-27 06:36:00 --> Session: Class initialized using 'CodeIgniter\Session\Handlers\FileHandler' driver.
WARNING - 2025-09-27 06:36:01 --> [DEPRECATED] Creation of dynamic property App\Controllers\Suhu::$MasterDataModel is deprecated in APPPATH\Controllers\Suhu.php on line 205.
 1 SYSTEMPATH\CodeIgniter.php(904): App\Controllers\Suhu->__construct()
 2 SYSTEMPATH\CodeIgniter.php(488): CodeIgniter\CodeIgniter->createController()
 3 SYSTEMPATH\CodeIgniter.php(366): CodeIgniter\CodeIgniter->handleRequest(null, Object(Config\Cache), false)
 4 FCPATH\index.php(81): CodeIgniter\CodeIgniter->run()
INFO - 2025-09-27 06:36:01 --> Session: Class initialized using 'CodeIgniter\Session\Handlers\FileHandler' driver.
WARNING - 2025-09-27 06:36:01 --> [DEPRECATED] Creation of dynamic property App\Controllers\Suhu::$MasterDataModel is deprecated in APPPATH\Controllers\Suhu.php on line 205.
 1 SYSTEMPATH\CodeIgniter.php(904): App\Controllers\Suhu->__construct()
 2 SYSTEMPATH\CodeIgniter.php(488): CodeIgniter\CodeIgniter->createController()
 3 SYSTEMPATH\CodeIgniter.php(366): CodeIgniter\CodeIgniter->handleRequest(null, Object(Config\Cache), false)
 4 FCPATH\index.php(81): CodeIgniter\CodeIgniter->run()
CRITICAL - 2025-09-27 06:36:01 --> Trying to access array offset on value of type null
in APPPATH\Controllers\Suhu.php on line 162.
 1 APPPATH\Controllers\Suhu.php(162): CodeIgniter\Debug\Exceptions->errorHandler(2, 'Trying to access array offset on value of type null', 'C:\\xampp\\htdocs\\ereport-ehm\\app\\Controllers\\Suhu.php', 162)
 2 SYSTEMPATH\CodeIgniter.php(932): App\Controllers\Suhu->AddSuhu('jquery.js')
 3 SYSTEMPATH\CodeIgniter.php(497): CodeIgniter\CodeIgniter->runController(Object(App\Controllers\Suhu))
 4 SYSTEMPATH\CodeIgniter.php(366): CodeIgniter\CodeIgniter->handleRequest(null, Object(Config\Cache), false)
 5 FCPATH\index.php(81): CodeIgniter\CodeIgniter->run()
WARNING - 2025-09-27 06:36:01 --> [DEPRECATED] Creation of dynamic property App\Controllers\Suhu::$MasterDataModel is deprecated in APPPATH\Controllers\Suhu.php on line 205.
 1 SYSTEMPATH\CodeIgniter.php(904): App\Controllers\Suhu->__construct()
 2 SYSTEMPATH\CodeIgniter.php(488): CodeIgniter\CodeIgniter->createController()
 3 SYSTEMPATH\CodeIgniter.php(366): CodeIgniter\CodeIgniter->handleRequest(null, Object(Config\Cache), false)
 4 FCPATH\index.php(81): CodeIgniter\CodeIgniter->run()
CRITICAL - 2025-09-27 06:36:01 --> Trying to access array offset on value of type null
in APPPATH\Controllers\Suhu.php on line 162.
 1 APPPATH\Controllers\Suhu.php(162): CodeIgniter\Debug\Exceptions->errorHandler(2, 'Trying to access array offset on value of type null', 'C:\\xampp\\htdocs\\ereport-ehm\\app\\Controllers\\Suhu.php', 162)
 2 SYSTEMPATH\CodeIgniter.php(932): App\Controllers\Suhu->AddSuhu('bootstrap.js')
 3 SYSTEMPATH\CodeIgniter.php(497): CodeIgniter\CodeIgniter->runController(Object(App\Controllers\Suhu))
 4 SYSTEMPATH\CodeIgniter.php(366): CodeIgniter\CodeIgniter->handleRequest(null, Object(Config\Cache), false)
 5 FCPATH\index.php(81): CodeIgniter\CodeIgniter->run()
WARNING - 2025-09-27 06:36:04 --> [DEPRECATED] Creation of dynamic property App\Controllers\Suhu::$MasterDataModel is deprecated in APPPATH\Controllers\Suhu.php on line 205.
 1 SYSTEMPATH\CodeIgniter.php(904): App\Controllers\Suhu->__construct()
 2 SYSTEMPATH\CodeIgniter.php(488): CodeIgniter\CodeIgniter->createController()
 3 SYSTEMPATH\CodeIgniter.php(366): CodeIgniter\CodeIgniter->handleRequest(null, Object(Config\Cache), false)
 4 FCPATH\index.php(81): CodeIgniter\CodeIgniter->run()
INFO - 2025-09-27 06:36:04 --> Session: Class initialized using 'CodeIgniter\Session\Handlers\FileHandler' driver.
WARNING - 2025-09-27 06:36:08 --> [DEPRECATED] Creation of dynamic property App\Controllers\Suhu::$MasterDataModel is deprecated in APPPATH\Controllers\Suhu.php on line 205.
 1 SYSTEMPATH\CodeIgniter.php(904): App\Controllers\Suhu->__construct()
 2 SYSTEMPATH\CodeIgniter.php(488): CodeIgniter\CodeIgniter->createController()
 3 SYSTEMPATH\CodeIgniter.php(366): CodeIgniter\CodeIgniter->handleRequest(null, Object(Config\Cache), false)
 4 FCPATH\index.php(81): CodeIgniter\CodeIgniter->run()
INFO - 2025-09-27 06:36:08 --> Session: Class initialized using 'CodeIgniter\Session\Handlers\FileHandler' driver.
WARNING - 2025-09-27 06:36:08 --> [DEPRECATED] Creation of dynamic property App\Controllers\Suhu::$MasterDataModel is deprecated in APPPATH\Controllers\Suhu.php on line 205.
 1 SYSTEMPATH\CodeIgniter.php(904): App\Controllers\Suhu->__construct()
 2 SYSTEMPATH\CodeIgniter.php(488): CodeIgniter\CodeIgniter->createController()
 3 SYSTEMPATH\CodeIgniter.php(366): CodeIgniter\CodeIgniter->handleRequest(null, Object(Config\Cache), false)
 4 FCPATH\index.php(81): CodeIgniter\CodeIgniter->run()
CRITICAL - 2025-09-27 06:36:09 --> Trying to access array offset on value of type null
in APPPATH\Controllers\Suhu.php on line 162.
 1 APPPATH\Controllers\Suhu.php(162): CodeIgniter\Debug\Exceptions->errorHandler(2, 'Trying to access array offset on value of type null', 'C:\\xampp\\htdocs\\ereport-ehm\\app\\Controllers\\Suhu.php', 162)
 2 SYSTEMPATH\CodeIgniter.php(932): App\Controllers\Suhu->AddSuhu('jquery.js')
 3 SYSTEMPATH\CodeIgniter.php(497): CodeIgniter\CodeIgniter->runController(Object(App\Controllers\Suhu))
 4 SYSTEMPATH\CodeIgniter.php(366): CodeIgniter\CodeIgniter->handleRequest(null, Object(Config\Cache), false)
 5 FCPATH\index.php(81): CodeIgniter\CodeIgniter->run()
WARNING - 2025-09-27 06:36:09 --> [DEPRECATED] Creation of dynamic property App\Controllers\Suhu::$MasterDataModel is deprecated in APPPATH\Controllers\Suhu.php on line 205.
 1 SYSTEMPATH\CodeIgniter.php(904): App\Controllers\Suhu->__construct()
 2 SYSTEMPATH\CodeIgniter.php(488): CodeIgniter\CodeIgniter->createController()
 3 SYSTEMPATH\CodeIgniter.php(366): CodeIgniter\CodeIgniter->handleRequest(null, Object(Config\Cache), false)
 4 FCPATH\index.php(81): CodeIgniter\CodeIgniter->run()
CRITICAL - 2025-09-27 06:36:09 --> Trying to access array offset on value of type null
in APPPATH\Controllers\Suhu.php on line 162.
 1 APPPATH\Controllers\Suhu.php(162): CodeIgniter\Debug\Exceptions->errorHandler(2, 'Trying to access array offset on value of type null', 'C:\\xampp\\htdocs\\ereport-ehm\\app\\Controllers\\Suhu.php', 162)
 2 SYSTEMPATH\CodeIgniter.php(932): App\Controllers\Suhu->AddSuhu('bootstrap.js')
 3 SYSTEMPATH\CodeIgniter.php(497): CodeIgniter\CodeIgniter->runController(Object(App\Controllers\Suhu))
 4 SYSTEMPATH\CodeIgniter.php(366): CodeIgniter\CodeIgniter->handleRequest(null, Object(Config\Cache), false)
 5 FCPATH\index.php(81): CodeIgniter\CodeIgniter->run()
WARNING - 2025-09-27 06:36:24 --> [DEPRECATED] Creation of dynamic property App\Controllers\Suhu::$MasterDataModel is deprecated in APPPATH\Controllers\Suhu.php on line 205.
 1 SYSTEMPATH\CodeIgniter.php(904): App\Controllers\Suhu->__construct()
 2 SYSTEMPATH\CodeIgniter.php(488): CodeIgniter\CodeIgniter->createController()
 3 SYSTEMPATH\CodeIgniter.php(366): CodeIgniter\CodeIgniter->handleRequest(null, Object(Config\Cache), false)
 4 FCPATH\index.php(81): CodeIgniter\CodeIgniter->run()
INFO - 2025-09-27 06:36:24 --> Session: Class initialized using 'CodeIgniter\Session\Handlers\FileHandler' driver.
WARNING - 2025-09-27 06:36:24 --> [DEPRECATED] Creation of dynamic property App\Controllers\Suhu::$MasterDataModel is deprecated in APPPATH\Controllers\Suhu.php on line 205.
 1 SYSTEMPATH\CodeIgniter.php(904): App\Controllers\Suhu->__construct()
 2 SYSTEMPATH\CodeIgniter.php(488): CodeIgniter\CodeIgniter->createController()
 3 SYSTEMPATH\CodeIgniter.php(366): CodeIgniter\CodeIgniter->handleRequest(null, Object(Config\Cache), false)
 4 FCPATH\index.php(81): CodeIgniter\CodeIgniter->run()
INFO - 2025-09-27 06:36:24 --> Session: Class initialized using 'CodeIgniter\Session\Handlers\FileHandler' driver.
WARNING - 2025-09-27 06:36:24 --> [DEPRECATED] Creation of dynamic property App\Controllers\Suhu::$MasterDataModel is deprecated in APPPATH\Controllers\Suhu.php on line 205.
 1 SYSTEMPATH\CodeIgniter.php(904): App\Controllers\Suhu->__construct()
 2 SYSTEMPATH\CodeIgniter.php(488): CodeIgniter\CodeIgniter->createController()
 3 SYSTEMPATH\CodeIgniter.php(366): CodeIgniter\CodeIgniter->handleRequest(null, Object(Config\Cache), false)
 4 FCPATH\index.php(81): CodeIgniter\CodeIgniter->run()
WARNING - 2025-09-27 06:36:24 --> [DEPRECATED] Creation of dynamic property App\Controllers\Suhu::$MasterDataModel is deprecated in APPPATH\Controllers\Suhu.php on line 205.
 1 SYSTEMPATH\CodeIgniter.php(904): App\Controllers\Suhu->__construct()
 2 SYSTEMPATH\CodeIgniter.php(488): CodeIgniter\CodeIgniter->createController()
 3 SYSTEMPATH\CodeIgniter.php(366): CodeIgniter\CodeIgniter->handleRequest(null, Object(Config\Cache), false)
 4 FCPATH\index.php(81): CodeIgniter\CodeIgniter->run()
CRITICAL - 2025-09-27 06:36:24 --> Trying to access array offset on value of type null
in APPPATH\Controllers\Suhu.php on line 162.
 1 APPPATH\Controllers\Suhu.php(162): CodeIgniter\Debug\Exceptions->errorHandler(2, 'Trying to access array offset on value of type null', 'C:\\xampp\\htdocs\\ereport-ehm\\app\\Controllers\\Suhu.php', 162)
 2 SYSTEMPATH\CodeIgniter.php(932): App\Controllers\Suhu->AddSuhu('jquery.js')
 3 SYSTEMPATH\CodeIgniter.php(497): CodeIgniter\CodeIgniter->runController(Object(App\Controllers\Suhu))
 4 SYSTEMPATH\CodeIgniter.php(366): CodeIgniter\CodeIgniter->handleRequest(null, Object(Config\Cache), false)
 5 FCPATH\index.php(81): CodeIgniter\CodeIgniter->run()
CRITICAL - 2025-09-27 06:36:24 --> Trying to access array offset on value of type null
in APPPATH\Controllers\Suhu.php on line 162.
 1 APPPATH\Controllers\Suhu.php(162): CodeIgniter\Debug\Exceptions->errorHandler(2, 'Trying to access array offset on value of type null', 'C:\\xampp\\htdocs\\ereport-ehm\\app\\Controllers\\Suhu.php', 162)
 2 SYSTEMPATH\CodeIgniter.php(932): App\Controllers\Suhu->AddSuhu('bootstrap.js')
 3 SYSTEMPATH\CodeIgniter.php(497): CodeIgniter\CodeIgniter->runController(Object(App\Controllers\Suhu))
 4 SYSTEMPATH\CodeIgniter.php(366): CodeIgniter\CodeIgniter->handleRequest(null, Object(Config\Cache), false)
 5 FCPATH\index.php(81): CodeIgniter\CodeIgniter->run()
WARNING - 2025-09-27 06:36:26 --> [DEPRECATED] Creation of dynamic property App\Controllers\Suhu::$MasterDataModel is deprecated in APPPATH\Controllers\Suhu.php on line 205.
 1 SYSTEMPATH\CodeIgniter.php(904): App\Controllers\Suhu->__construct()
 2 SYSTEMPATH\CodeIgniter.php(488): CodeIgniter\CodeIgniter->createController()
 3 SYSTEMPATH\CodeIgniter.php(366): CodeIgniter\CodeIgniter->handleRequest(null, Object(Config\Cache), false)
 4 FCPATH\index.php(81): CodeIgniter\CodeIgniter->run()
INFO - 2025-09-27 06:36:26 --> Session: Class initialized using 'CodeIgniter\Session\Handlers\FileHandler' driver.
INFO - 2025-09-27 06:36:30 --> Session: Class initialized using 'CodeIgniter\Session\Handlers\FileHandler' driver.
INFO - 2025-09-27 06:36:35 --> Session: Class initialized using 'CodeIgniter\Session\Handlers\FileHandler' driver.
INFO - 2025-09-27 06:36:39 --> Session: Class initialized using 'CodeIgniter\Session\Handlers\FileHandler' driver.
INFO - 2025-09-27 06:37:01 --> Session: Class initialized using 'CodeIgniter\Session\Handlers\FileHandler' driver.
INFO - 2025-09-27 06:37:01 --> Session: Class initialized using 'CodeIgniter\Session\Handlers\FileHandler' driver.
INFO - 2025-09-27 06:37:04 --> Session: Class initialized using 'CodeIgniter\Session\Handlers\FileHandler' driver.
INFO - 2025-09-27 06:37:06 --> Session: Class initialized using 'CodeIgniter\Session\Handlers\FileHandler' driver.
INFO - 2025-09-27 06:37:16 --> Session: Class initialized using 'CodeIgniter\Session\Handlers\FileHandler' driver.
INFO - 2025-09-27 06:37:17 --> Session: Class initialized using 'CodeIgniter\Session\Handlers\FileHandler' driver.
INFO - 2025-09-27 06:37:19 --> Session: Class initialized using 'CodeIgniter\Session\Handlers\FileHandler' driver.
INFO - 2025-09-27 06:37:24 --> Session: Class initialized using 'CodeIgniter\Session\Handlers\FileHandler' driver.
INFO - 2025-09-27 06:37:38 --> Session: Class initialized using 'CodeIgniter\Session\Handlers\FileHandler' driver.
INFO - 2025-09-27 06:37:38 --> Session: Class initialized using 'CodeIgniter\Session\Handlers\FileHandler' driver.
INFO - 2025-09-27 06:37:40 --> Session: Class initialized using 'CodeIgniter\Session\Handlers\FileHandler' driver.
INFO - 2025-09-27 06:37:44 --> Session: Class initialized using 'CodeIgniter\Session\Handlers\FileHandler' driver.
INFO - 2025-09-27 06:37:58 --> Session: Class initialized using 'CodeIgniter\Session\Handlers\FileHandler' driver.
INFO - 2025-09-27 06:37:59 --> Session: Class initialized using 'CodeIgniter\Session\Handlers\FileHandler' driver.
INFO - 2025-09-27 06:38:01 --> Session: Class initialized using 'CodeIgniter\Session\Handlers\FileHandler' driver.
INFO - 2025-09-27 06:38:05 --> Session: Class initialized using 'CodeIgniter\Session\Handlers\FileHandler' driver.
INFO - 2025-09-27 06:38:19 --> Session: Class initialized using 'CodeIgniter\Session\Handlers\FileHandler' driver.
INFO - 2025-09-27 06:38:19 --> Session: Class initialized using 'CodeIgniter\Session\Handlers\FileHandler' driver.
INFO - 2025-09-27 06:38:22 --> Session: Class initialized using 'CodeIgniter\Session\Handlers\FileHandler' driver.
INFO - 2025-09-27 06:38:26 --> Session: Class initialized using 'CodeIgniter\Session\Handlers\FileHandler' driver.
INFO - 2025-09-27 06:38:38 --> Session: Class initialized using 'CodeIgniter\Session\Handlers\FileHandler' driver.
INFO - 2025-09-27 06:38:38 --> Session: Class initialized using 'CodeIgniter\Session\Handlers\FileHandler' driver.
INFO - 2025-09-27 06:38:41 --> Session: Class initialized using 'CodeIgniter\Session\Handlers\FileHandler' driver.
INFO - 2025-09-27 06:38:44 --> Session: Class initialized using 'CodeIgniter\Session\Handlers\FileHandler' driver.
INFO - 2025-09-27 06:38:55 --> Session: Class initialized using 'CodeIgniter\Session\Handlers\FileHandler' driver.
INFO - 2025-09-27 06:38:56 --> Session: Class initialized using 'CodeIgniter\Session\Handlers\FileHandler' driver.
INFO - 2025-09-27 06:38:58 --> Session: Class initialized using 'CodeIgniter\Session\Handlers\FileHandler' driver.
INFO - 2025-09-27 06:39:03 --> Session: Class initialized using 'CodeIgniter\Session\Handlers\FileHandler' driver.
INFO - 2025-09-27 06:39:17 --> Session: Class initialized using 'CodeIgniter\Session\Handlers\FileHandler' driver.
INFO - 2025-09-27 06:39:17 --> Session: Class initialized using 'CodeIgniter\Session\Handlers\FileHandler' driver.
INFO - 2025-09-27 06:39:19 --> Session: Class initialized using 'CodeIgniter\Session\Handlers\FileHandler' driver.
INFO - 2025-09-27 06:39:23 --> Session: Class initialized using 'CodeIgniter\Session\Handlers\FileHandler' driver.
INFO - 2025-09-27 06:41:09 --> Session: Class initialized using 'CodeIgniter\Session\Handlers\FileHandler' driver.
INFO - 2025-09-27 06:41:10 --> Session: Class initialized using 'CodeIgniter\Session\Handlers\FileHandler' driver.
INFO - 2025-09-27 06:41:13 --> Session: Class initialized using 'CodeIgniter\Session\Handlers\FileHandler' driver.
INFO - 2025-09-27 06:41:16 --> Session: Class initialized using 'CodeIgniter\Session\Handlers\FileHandler' driver.
INFO - 2025-09-27 06:41:29 --> Session: Class initialized using 'CodeIgniter\Session\Handlers\FileHandler' driver.
INFO - 2025-09-27 06:41:30 --> Session: Class initialized using 'CodeIgniter\Session\Handlers\FileHandler' driver.
INFO - 2025-09-27 06:41:31 --> Session: Class initialized using 'CodeIgniter\Session\Handlers\FileHandler' driver.
INFO - 2025-09-27 06:41:37 --> Session: Class initialized using 'CodeIgniter\Session\Handlers\FileHandler' driver.
INFO - 2025-09-27 06:41:48 --> Session: Class initialized using 'CodeIgniter\Session\Handlers\FileHandler' driver.
INFO - 2025-09-27 06:41:48 --> Session: Class initialized using 'CodeIgniter\Session\Handlers\FileHandler' driver.
INFO - 2025-09-27 06:41:50 --> Session: Class initialized using 'CodeIgniter\Session\Handlers\FileHandler' driver.
INFO - 2025-09-27 06:41:55 --> Session: Class initialized using 'CodeIgniter\Session\Handlers\FileHandler' driver.
INFO - 2025-09-27 06:42:05 --> Session: Class initialized using 'CodeIgniter\Session\Handlers\FileHandler' driver.
INFO - 2025-09-27 06:42:06 --> Session: Class initialized using 'CodeIgniter\Session\Handlers\FileHandler' driver.
INFO - 2025-09-27 06:42:09 --> Session: Class initialized using 'CodeIgniter\Session\Handlers\FileHandler' driver.
INFO - 2025-09-27 06:42:14 --> Session: Class initialized using 'CodeIgniter\Session\Handlers\FileHandler' driver.
INFO - 2025-09-27 06:42:14 --> Session: Class initialized using 'CodeIgniter\Session\Handlers\FileHandler' driver.
INFO - 2025-09-27 06:42:17 --> Session: Class initialized using 'CodeIgniter\Session\Handlers\FileHandler' driver.
WARNING - 2025-09-27 06:42:17 --> [DEPRECATED] Creation of dynamic property App\Controllers\Suhu::$MasterDataModel is deprecated in APPPATH\Controllers\Suhu.php on line 205.
 1 SYSTEMPATH\CodeIgniter.php(904): App\Controllers\Suhu->__construct()
 2 SYSTEMPATH\CodeIgniter.php(488): CodeIgniter\CodeIgniter->createController()
 3 SYSTEMPATH\CodeIgniter.php(366): CodeIgniter\CodeIgniter->handleRequest(null, Object(Config\Cache), false)
 4 FCPATH\index.php(81): CodeIgniter\CodeIgniter->run()
WARNING - 2025-09-27 06:42:23 --> [DEPRECATED] Creation of dynamic property App\Controllers\Suhu::$MasterDataModel is deprecated in APPPATH\Controllers\Suhu.php on line 205.
 1 SYSTEMPATH\CodeIgniter.php(904): App\Controllers\Suhu->__construct()
 2 SYSTEMPATH\CodeIgniter.php(488): CodeIgniter\CodeIgniter->createController()
 3 SYSTEMPATH\CodeIgniter.php(366): CodeIgniter\CodeIgniter->handleRequest(null, Object(Config\Cache), false)
 4 FCPATH\index.php(81): CodeIgniter\CodeIgniter->run()
INFO - 2025-09-27 06:42:23 --> Session: Class initialized using 'CodeIgniter\Session\Handlers\FileHandler' driver.
WARNING - 2025-09-27 06:42:26 --> [DEPRECATED] Creation of dynamic property App\Controllers\Suhu::$MasterDataModel is deprecated in APPPATH\Controllers\Suhu.php on line 205.
 1 SYSTEMPATH\CodeIgniter.php(904): App\Controllers\Suhu->__construct()
 2 SYSTEMPATH\CodeIgniter.php(488): CodeIgniter\CodeIgniter->createController()
 3 SYSTEMPATH\CodeIgniter.php(366): CodeIgniter\CodeIgniter->handleRequest(null, Object(Config\Cache), false)
 4 FCPATH\index.php(81): CodeIgniter\CodeIgniter->run()
INFO - 2025-09-27 06:42:26 --> Session: Class initialized using 'CodeIgniter\Session\Handlers\FileHandler' driver.
WARNING - 2025-09-27 06:42:26 --> [DEPRECATED] Creation of dynamic property App\Controllers\Suhu::$MasterDataModel is deprecated in APPPATH\Controllers\Suhu.php on line 205.
 1 SYSTEMPATH\CodeIgniter.php(904): App\Controllers\Suhu->__construct()
 2 SYSTEMPATH\CodeIgniter.php(488): CodeIgniter\CodeIgniter->createController()
 3 SYSTEMPATH\CodeIgniter.php(366): CodeIgniter\CodeIgniter->handleRequest(null, Object(Config\Cache), false)
 4 FCPATH\index.php(81): CodeIgniter\CodeIgniter->run()
INFO - 2025-09-27 06:42:26 --> Session: Class initialized using 'CodeIgniter\Session\Handlers\FileHandler' driver.
INFO - 2025-09-27 06:42:29 --> Session: Class initialized using 'CodeIgniter\Session\Handlers\FileHandler' driver.
INFO - 2025-09-27 06:42:37 --> Session: Class initialized using 'CodeIgniter\Session\Handlers\FileHandler' driver.
INFO - 2025-09-27 06:42:43 --> Session: Class initialized using 'CodeIgniter\Session\Handlers\FileHandler' driver.
INFO - 2025-09-27 06:42:43 --> Session: Class initialized using 'CodeIgniter\Session\Handlers\FileHandler' driver.
INFO - 2025-09-27 06:42:46 --> Session: Class initialized using 'CodeIgniter\Session\Handlers\FileHandler' driver.
INFO - 2025-09-27 06:43:08 --> Session: Class initialized using 'CodeIgniter\Session\Handlers\FileHandler' driver.
INFO - 2025-09-27 06:43:16 --> Session: Class initialized using 'CodeIgniter\Session\Handlers\FileHandler' driver.
