INFO - 2024-05-15 00:39:37 --> Session: Class initialized using 'CodeIgniter\Session\Handlers\FileHandler' driver.
INFO - 2024-05-15 00:39:56 --> Session: Class initialized using 'CodeIgniter\Session\Handlers\FileHandler' driver.
INFO - 2024-05-15 00:39:56 --> Session: Class initialized using 'CodeIgniter\Session\Handlers\FileHandler' driver.
INFO - 2024-05-15 00:40:04 --> Session: Class initialized using 'CodeIgniter\Session\Handlers\FileHandler' driver.
INFO - 2024-05-15 00:40:06 --> Session: Class initialized using 'CodeIgniter\Session\Handlers\FileHandler' driver.
INFO - 2024-05-15 00:40:07 --> Session: Class initialized using 'CodeIgniter\Session\Handlers\FileHandler' driver.
INFO - 2024-05-15 00:40:09 --> Session: Class initialized using 'CodeIgniter\Session\Handlers\FileHandler' driver.
INFO - 2024-05-15 00:48:36 --> Session: Class initialized using 'CodeIgniter\Session\Handlers\FileHandler' driver.
INFO - 2024-05-15 00:48:36 --> Session: Class initialized using 'CodeIgniter\Session\Handlers\FileHandler' driver.
INFO - 2024-05-15 00:49:15 --> Session: Class initialized using 'CodeIgniter\Session\Handlers\FileHandler' driver.
INFO - 2024-05-15 00:49:15 --> Session: Class initialized using 'CodeIgniter\Session\Handlers\FileHandler' driver.
INFO - 2024-05-15 00:49:17 --> Session: Class initialized using 'CodeIgniter\Session\Handlers\FileHandler' driver.
INFO - 2024-05-15 00:49:37 --> Session: Class initialized using 'CodeIgniter\Session\Handlers\FileHandler' driver.
INFO - 2024-05-15 00:49:37 --> Session: Class initialized using 'CodeIgniter\Session\Handlers\FileHandler' driver.
INFO - 2024-05-15 00:49:46 --> Session: Class initialized using 'CodeIgniter\Session\Handlers\FileHandler' driver.
INFO - 2024-05-15 00:49:47 --> Session: Class initialized using 'CodeIgniter\Session\Handlers\FileHandler' driver.
INFO - 2024-05-15 00:49:51 --> Session: Class initialized using 'CodeIgniter\Session\Handlers\FileHandler' driver.
INFO - 2024-05-15 00:49:51 --> Session: Class initialized using 'CodeIgniter\Session\Handlers\FileHandler' driver.
INFO - 2024-05-15 00:49:53 --> Session: Class initialized using 'CodeIgniter\Session\Handlers\FileHandler' driver.
INFO - 2024-05-15 00:49:55 --> Session: Class initialized using 'CodeIgniter\Session\Handlers\FileHandler' driver.
INFO - 2024-05-15 00:50:13 --> Session: Class initialized using 'CodeIgniter\Session\Handlers\FileHandler' driver.
INFO - 2024-05-15 00:50:16 --> Session: Class initialized using 'CodeIgniter\Session\Handlers\FileHandler' driver.
INFO - 2024-05-15 00:50:26 --> Session: Class initialized using 'CodeIgniter\Session\Handlers\FileHandler' driver.
INFO - 2024-05-15 00:54:53 --> Session: Class initialized using 'CodeIgniter\Session\Handlers\FileHandler' driver.
INFO - 2024-05-15 00:54:55 --> Session: Class initialized using 'CodeIgniter\Session\Handlers\FileHandler' driver.
INFO - 2024-05-15 00:54:58 --> Session: Class initialized using 'CodeIgniter\Session\Handlers\FileHandler' driver.
INFO - 2024-05-15 00:55:15 --> Session: Class initialized using 'CodeIgniter\Session\Handlers\FileHandler' driver.
INFO - 2024-05-15 00:55:19 --> Session: Class initialized using 'CodeIgniter\Session\Handlers\FileHandler' driver.
INFO - 2024-05-15 01:01:38 --> Session: Class initialized using 'CodeIgniter\Session\Handlers\FileHandler' driver.
INFO - 2024-05-15 01:01:39 --> Session: Class initialized using 'CodeIgniter\Session\Handlers\FileHandler' driver.
INFO - 2024-05-15 01:01:53 --> Session: Class initialized using 'CodeIgniter\Session\Handlers\FileHandler' driver.
INFO - 2024-05-15 01:01:53 --> Session: Class initialized using 'CodeIgniter\Session\Handlers\FileHandler' driver.
INFO - 2024-05-15 01:02:00 --> Session: Class initialized using 'CodeIgniter\Session\Handlers\FileHandler' driver.
INFO - 2024-05-15 01:02:08 --> Session: Class initialized using 'CodeIgniter\Session\Handlers\FileHandler' driver.
INFO - 2024-05-15 01:02:15 --> Session: Class initialized using 'CodeIgniter\Session\Handlers\FileHandler' driver.
INFO - 2024-05-15 01:02:16 --> Session: Class initialized using 'CodeIgniter\Session\Handlers\FileHandler' driver.
INFO - 2024-05-15 01:02:18 --> Session: Class initialized using 'CodeIgniter\Session\Handlers\FileHandler' driver.
INFO - 2024-05-15 01:02:19 --> Session: Class initialized using 'CodeIgniter\Session\Handlers\FileHandler' driver.
INFO - 2024-05-15 01:02:32 --> Session: Class initialized using 'CodeIgniter\Session\Handlers\FileHandler' driver.
INFO - 2024-05-15 01:02:37 --> Session: Class initialized using 'CodeIgniter\Session\Handlers\FileHandler' driver.
INFO - 2024-05-15 01:02:42 --> Session: Class initialized using 'CodeIgniter\Session\Handlers\FileHandler' driver.
INFO - 2024-05-15 01:02:42 --> Session: Class initialized using 'CodeIgniter\Session\Handlers\FileHandler' driver.
INFO - 2024-05-15 01:02:47 --> Session: Class initialized using 'CodeIgniter\Session\Handlers\FileHandler' driver.
INFO - 2024-05-15 01:02:47 --> Session: Class initialized using 'CodeIgniter\Session\Handlers\FileHandler' driver.
INFO - 2024-05-15 01:02:59 --> Session: Class initialized using 'CodeIgniter\Session\Handlers\FileHandler' driver.
INFO - 2024-05-15 01:03:03 --> Session: Class initialized using 'CodeIgniter\Session\Handlers\FileHandler' driver.
INFO - 2024-05-15 01:03:09 --> Session: Class initialized using 'CodeIgniter\Session\Handlers\FileHandler' driver.
INFO - 2024-05-15 01:03:24 --> Session: Class initialized using 'CodeIgniter\Session\Handlers\FileHandler' driver.
INFO - 2024-05-15 01:03:35 --> Session: Class initialized using 'CodeIgniter\Session\Handlers\FileHandler' driver.
INFO - 2024-05-15 01:03:41 --> Session: Class initialized using 'CodeIgniter\Session\Handlers\FileHandler' driver.
INFO - 2024-05-15 01:03:48 --> Session: Class initialized using 'CodeIgniter\Session\Handlers\FileHandler' driver.
INFO - 2024-05-15 01:05:16 --> Session: Class initialized using 'CodeIgniter\Session\Handlers\FileHandler' driver.
INFO - 2024-05-15 01:05:31 --> Session: Class initialized using 'CodeIgniter\Session\Handlers\FileHandler' driver.
INFO - 2024-05-15 01:05:41 --> Session: Class initialized using 'CodeIgniter\Session\Handlers\FileHandler' driver.
INFO - 2024-05-15 01:05:43 --> Session: Class initialized using 'CodeIgniter\Session\Handlers\FileHandler' driver.
INFO - 2024-05-15 01:05:46 --> Session: Class initialized using 'CodeIgniter\Session\Handlers\FileHandler' driver.
INFO - 2024-05-15 01:05:47 --> Session: Class initialized using 'CodeIgniter\Session\Handlers\FileHandler' driver.
INFO - 2024-05-15 01:05:52 --> Session: Class initialized using 'CodeIgniter\Session\Handlers\FileHandler' driver.
INFO - 2024-05-15 01:05:54 --> Session: Class initialized using 'CodeIgniter\Session\Handlers\FileHandler' driver.
INFO - 2024-05-15 01:06:25 --> Session: Class initialized using 'CodeIgniter\Session\Handlers\FileHandler' driver.
INFO - 2024-05-15 01:06:27 --> Session: Class initialized using 'CodeIgniter\Session\Handlers\FileHandler' driver.
INFO - 2024-05-15 01:06:35 --> Session: Class initialized using 'CodeIgniter\Session\Handlers\FileHandler' driver.
INFO - 2024-05-15 01:06:42 --> Session: Class initialized using 'CodeIgniter\Session\Handlers\FileHandler' driver.
INFO - 2024-05-15 01:06:53 --> Session: Class initialized using 'CodeIgniter\Session\Handlers\FileHandler' driver.
INFO - 2024-05-15 01:06:57 --> Session: Class initialized using 'CodeIgniter\Session\Handlers\FileHandler' driver.
INFO - 2024-05-15 01:06:59 --> Session: Class initialized using 'CodeIgniter\Session\Handlers\FileHandler' driver.
INFO - 2024-05-15 01:07:35 --> Session: Class initialized using 'CodeIgniter\Session\Handlers\FileHandler' driver.
INFO - 2024-05-15 01:07:37 --> Session: Class initialized using 'CodeIgniter\Session\Handlers\FileHandler' driver.
INFO - 2024-05-15 01:07:41 --> Session: Class initialized using 'CodeIgniter\Session\Handlers\FileHandler' driver.
INFO - 2024-05-15 01:08:14 --> Session: Class initialized using 'CodeIgniter\Session\Handlers\FileHandler' driver.
INFO - 2024-05-15 01:08:22 --> Session: Class initialized using 'CodeIgniter\Session\Handlers\FileHandler' driver.
INFO - 2024-05-15 01:08:22 --> Session: Class initialized using 'CodeIgniter\Session\Handlers\FileHandler' driver.
INFO - 2024-05-15 01:08:22 --> Session: Class initialized using 'CodeIgniter\Session\Handlers\FileHandler' driver.
INFO - 2024-05-15 01:10:09 --> Session: Class initialized using 'CodeIgniter\Session\Handlers\FileHandler' driver.
INFO - 2024-05-15 01:10:10 --> Session: Class initialized using 'CodeIgniter\Session\Handlers\FileHandler' driver.
INFO - 2024-05-15 01:10:13 --> Session: Class initialized using 'CodeIgniter\Session\Handlers\FileHandler' driver.
INFO - 2024-05-15 01:10:15 --> Session: Class initialized using 'CodeIgniter\Session\Handlers\FileHandler' driver.
INFO - 2024-05-15 01:10:20 --> Session: Class initialized using 'CodeIgniter\Session\Handlers\FileHandler' driver.
INFO - 2024-05-15 01:10:20 --> Session: Class initialized using 'CodeIgniter\Session\Handlers\FileHandler' driver.
INFO - 2024-05-15 01:10:24 --> Session: Class initialized using 'CodeIgniter\Session\Handlers\FileHandler' driver.
INFO - 2024-05-15 01:11:15 --> Session: Class initialized using 'CodeIgniter\Session\Handlers\FileHandler' driver.
INFO - 2024-05-15 01:11:22 --> Session: Class initialized using 'CodeIgniter\Session\Handlers\FileHandler' driver.
INFO - 2024-05-15 01:11:34 --> Session: Class initialized using 'CodeIgniter\Session\Handlers\FileHandler' driver.
INFO - 2024-05-15 01:11:35 --> Session: Class initialized using 'CodeIgniter\Session\Handlers\FileHandler' driver.
INFO - 2024-05-15 01:11:41 --> Session: Class initialized using 'CodeIgniter\Session\Handlers\FileHandler' driver.
INFO - 2024-05-15 01:11:50 --> Session: Class initialized using 'CodeIgniter\Session\Handlers\FileHandler' driver.
INFO - 2024-05-15 01:11:51 --> Session: Class initialized using 'CodeIgniter\Session\Handlers\FileHandler' driver.
INFO - 2024-05-15 01:12:03 --> Session: Class initialized using 'CodeIgniter\Session\Handlers\FileHandler' driver.
INFO - 2024-05-15 01:12:03 --> Session: Class initialized using 'CodeIgniter\Session\Handlers\FileHandler' driver.
INFO - 2024-05-15 01:12:14 --> Session: Class initialized using 'CodeIgniter\Session\Handlers\FileHandler' driver.
INFO - 2024-05-15 01:12:16 --> Session: Class initialized using 'CodeIgniter\Session\Handlers\FileHandler' driver.
INFO - 2024-05-15 01:12:18 --> Session: Class initialized using 'CodeIgniter\Session\Handlers\FileHandler' driver.
ERROR - 2024-05-15 01:12:18 --> mysqli_sql_exception: Unknown column 't3.rn' in 'on clause' in /home/validas1/ci4_core/system/Database/MySQLi/Connection.php:295
Stack trace:
#0 /home/validas1/ci4_core/system/Database/MySQLi/Connection.php(295): mysqli->query('SELECT \t\t \r\n   ...', 0)
#1 /home/validas1/ci4_core/system/Database/BaseConnection.php(692): CodeIgniter\Database\MySQLi\Connection->execute('SELECT \t\t \r\n   ...')
#2 /home/validas1/ci4_core/system/Database/BaseConnection.php(606): CodeIgniter\Database\BaseConnection->simpleQuery('SELECT \t\t \r\n   ...')
#3 /home/validas1/ci4_core/app/Models/PpojModel.php(373): CodeIgniter\Database\BaseConnection->query('SELECT \t\t \r\n   ...')
#4 /home/validas1/ci4_core/app/Models/PpojModel.php(344): App\Models\PpojModel->DataSuhuRH('( select \r\n    ...', '(select \r\n     ...', ' ( select \r\n   ...', '( select \r\n    ...', '3', 't4', 't1', 't2', 't3')
#5 /home/validas1/ci4_core/app/Controllers/DataPpoj.php(109): App\Models\PpojModel->DataPDF(0, 0, 0, 1, '3')
#6 /home/validas1/ci4_core/system/CodeIgniter.php(932): App\Controllers\DataPpoj->Detail('3')
#7 /home/validas1/ci4_core/system/CodeIgniter.php(497): CodeIgniter\CodeIgniter->runController(Object(App\Controllers\DataPpoj))
#8 /home/validas1/ci4_core/system/CodeIgniter.php(366): CodeIgniter\CodeIgniter->handleRequest(NULL, Object(Config\Cache), false)
#9 /home/validas1/ereport.validasickr.my.id/index.php(79): CodeIgniter\CodeIgniter->run()
#10 {main}
CRITICAL - 2024-05-15 01:12:18 --> Unknown column 't3.rn' in 'on clause'
in SYSTEMPATH/Database/MySQLi/Connection.php on line 295.
 1 SYSTEMPATH/Database/MySQLi/Connection.php(295): mysqli->query('SELECT 		 
        DAP.KELAS,
        DAP.ID ID_PPOJ,
        t1.SUHU_MIN, 
        t1.SUHU_MAX, 
        t2.RH_MIN, 
        t2.RH_MAX,
        t3.HASIL_TPC CAPAR_TPC,
        t3.HASIL_KK CAPAR_KK,
        t4.HASIL_TPC MIKRO_TPC,
        t4.HASIL_KK MIKRO_KK
    FROM 
    data_awal_ppoj DAP 
    LEFT JOIN 
    ( select 
      ID_PPOJ, 
      ROW_NUMBER() over (partition by ID_PPOJ order by HASIL_TPC) as rn, 
      HASIL_TPC, 
      HASIL_KK 
    from mikro_volumetrik ) t4 ON DAP.id = t4.ID_PPOJ left join 
    (select 
      ID_PPOJ, 
      ROW_NUMBER() over (partition by ID_PPOJ order by SUHU_MIN) as rn, 
      SUHU_MIN, 
      SUHU_MAX 
    from 
      suhu ) t1 on DAP.id = t1.ID_PPOJ   and t1.rn = t2.rn LEFT join 
     ( select 
      ID_PPOJ, 
      ROW_NUMBER() over (partition by ID_PPOJ order by RH_MIN) as rn, 
      RH_MIN, 
      RH_MAX 
    from rh ) t2 ON DAP.id = t2.id_ppoj AND t2.rn = t3.rn left JOIN
    ( select 
      ID_PPOJ, 
      ROW_NUMBER() over (partition by ID_PPOJ order by HASIL_TPC) as rn, 
      HASIL_TPC, 
      HASIL_KK 
    from mikro_capar ) t3 ON DAP.id = t3.id_ppoj AND t3.rn = t4.rn
      
      WHERE 
        DAP.id =3;
      ', 0)
 2 SYSTEMPATH/Database/BaseConnection.php(692): CodeIgniter\Database\MySQLi\Connection->execute('SELECT 		 
        DAP.KELAS,
        DAP.ID ID_PPOJ,
        t1.SUHU_MIN, 
        t1.SUHU_MAX, 
        t2.RH_MIN, 
        t2.RH_MAX,
        t3.HASIL_TPC CAPAR_TPC,
        t3.HASIL_KK CAPAR_KK,
        t4.HASIL_TPC MIKRO_TPC,
        t4.HASIL_KK MIKRO_KK
    FROM 
    data_awal_ppoj DAP 
    LEFT JOIN 
    ( select 
      ID_PPOJ, 
      ROW_NUMBER() over (partition by ID_PPOJ order by HASIL_TPC) as rn, 
      HASIL_TPC, 
      HASIL_KK 
    from mikro_volumetrik ) t4 ON DAP.id = t4.ID_PPOJ left join 
    (select 
      ID_PPOJ, 
      ROW_NUMBER() over (partition by ID_PPOJ order by SUHU_MIN) as rn, 
      SUHU_MIN, 
      SUHU_MAX 
    from 
      suhu ) t1 on DAP.id = t1.ID_PPOJ   and t1.rn = t2.rn LEFT join 
     ( select 
      ID_PPOJ, 
      ROW_NUMBER() over (partition by ID_PPOJ order by RH_MIN) as rn, 
      RH_MIN, 
      RH_MAX 
    from rh ) t2 ON DAP.id = t2.id_ppoj AND t2.rn = t3.rn left JOIN
    ( select 
      ID_PPOJ, 
      ROW_NUMBER() over (partition by ID_PPOJ order by HASIL_TPC) as rn, 
      HASIL_TPC, 
      HASIL_KK 
    from mikro_capar ) t3 ON DAP.id = t3.id_ppoj AND t3.rn = t4.rn
      
      WHERE 
        DAP.id =3;
      ')
 3 SYSTEMPATH/Database/BaseConnection.php(606): CodeIgniter\Database\BaseConnection->simpleQuery('SELECT 		 
        DAP.KELAS,
        DAP.ID ID_PPOJ,
        t1.SUHU_MIN, 
        t1.SUHU_MAX, 
        t2.RH_MIN, 
        t2.RH_MAX,
        t3.HASIL_TPC CAPAR_TPC,
        t3.HASIL_KK CAPAR_KK,
        t4.HASIL_TPC MIKRO_TPC,
        t4.HASIL_KK MIKRO_KK
    FROM 
    data_awal_ppoj DAP 
    LEFT JOIN 
    ( select 
      ID_PPOJ, 
      ROW_NUMBER() over (partition by ID_PPOJ order by HASIL_TPC) as rn, 
      HASIL_TPC, 
      HASIL_KK 
    from mikro_volumetrik ) t4 ON DAP.id = t4.ID_PPOJ left join 
    (select 
      ID_PPOJ, 
      ROW_NUMBER() over (partition by ID_PPOJ order by SUHU_MIN) as rn, 
      SUHU_MIN, 
      SUHU_MAX 
    from 
      suhu ) t1 on DAP.id = t1.ID_PPOJ   and t1.rn = t2.rn LEFT join 
     ( select 
      ID_PPOJ, 
      ROW_NUMBER() over (partition by ID_PPOJ order by RH_MIN) as rn, 
      RH_MIN, 
      RH_MAX 
    from rh ) t2 ON DAP.id = t2.id_ppoj AND t2.rn = t3.rn left JOIN
    ( select 
      ID_PPOJ, 
      ROW_NUMBER() over (partition by ID_PPOJ order by HASIL_TPC) as rn, 
      HASIL_TPC, 
      HASIL_KK 
    from mikro_capar ) t3 ON DAP.id = t3.id_ppoj AND t3.rn = t4.rn
      
      WHERE 
        DAP.id =3;
      ')
 4 APPPATH/Models/PpojModel.php(373): CodeIgniter\Database\BaseConnection->query('SELECT 		 
        DAP.KELAS,
        DAP.ID ID_PPOJ,
        t1.SUHU_MIN, 
        t1.SUHU_MAX, 
        t2.RH_MIN, 
        t2.RH_MAX,
        t3.HASIL_TPC CAPAR_TPC,
        t3.HASIL_KK CAPAR_KK,
        t4.HASIL_TPC MIKRO_TPC,
        t4.HASIL_KK MIKRO_KK
    FROM 
    data_awal_ppoj DAP 
    LEFT JOIN 
    ( select 
      ID_PPOJ, 
      ROW_NUMBER() over (partition by ID_PPOJ order by HASIL_TPC) as rn, 
      HASIL_TPC, 
      HASIL_KK 
    from mikro_volumetrik ) t4 ON DAP.id = t4.ID_PPOJ left join 
    (select 
      ID_PPOJ, 
      ROW_NUMBER() over (partition by ID_PPOJ order by SUHU_MIN) as rn, 
      SUHU_MIN, 
      SUHU_MAX 
    from 
      suhu ) t1 on DAP.id = t1.ID_PPOJ   and t1.rn = t2.rn LEFT join 
     ( select 
      ID_PPOJ, 
      ROW_NUMBER() over (partition by ID_PPOJ order by RH_MIN) as rn, 
      RH_MIN, 
      RH_MAX 
    from rh ) t2 ON DAP.id = t2.id_ppoj AND t2.rn = t3.rn left JOIN
    ( select 
      ID_PPOJ, 
      ROW_NUMBER() over (partition by ID_PPOJ order by HASIL_TPC) as rn, 
      HASIL_TPC, 
      HASIL_KK 
    from mikro_capar ) t3 ON DAP.id = t3.id_ppoj AND t3.rn = t4.rn
      
      WHERE 
        DAP.id =3;
      ')
 5 APPPATH/Models/PpojModel.php(344): App\Models\PpojModel->DataSuhuRH('( select 
      ID_PPOJ, 
      ROW_NUMBER() over (partition by ID_PPOJ order by HASIL_TPC) as rn, 
      HASIL_TPC, 
      HASIL_KK 
    from mikro_volumetrik )', '(select 
      ID_PPOJ, 
      ROW_NUMBER() over (partition by ID_PPOJ order by SUHU_MIN) as rn, 
      SUHU_MIN, 
      SUHU_MAX 
    from 
      suhu )', ' ( select 
      ID_PPOJ, 
      ROW_NUMBER() over (partition by ID_PPOJ order by RH_MIN) as rn, 
      RH_MIN, 
      RH_MAX 
    from rh )', '( select 
      ID_PPOJ, 
      ROW_NUMBER() over (partition by ID_PPOJ order by HASIL_TPC) as rn, 
      HASIL_TPC, 
      HASIL_KK 
    from mikro_capar )', '3', 't4', 't1', 't2', 't3')
 6 APPPATH/Controllers/DataPpoj.php(109): App\Models\PpojModel->DataPDF(0, 0, 0, 1, '3')
 7 SYSTEMPATH/CodeIgniter.php(932): App\Controllers\DataPpoj->Detail('3')
 8 SYSTEMPATH/CodeIgniter.php(497): CodeIgniter\CodeIgniter->runController(Object(App\Controllers\DataPpoj))
 9 SYSTEMPATH/CodeIgniter.php(366): CodeIgniter\CodeIgniter->handleRequest(null, Object(Config\Cache), false)
10 FCPATH/index.php(79): CodeIgniter\CodeIgniter->run()
INFO - 2024-05-15 01:12:20 --> Session: Class initialized using 'CodeIgniter\Session\Handlers\FileHandler' driver.
INFO - 2024-05-15 01:12:22 --> Session: Class initialized using 'CodeIgniter\Session\Handlers\FileHandler' driver.
ERROR - 2024-05-15 01:12:22 --> mysqli_sql_exception: Unknown column 't3.rn' in 'on clause' in /home/validas1/ci4_core/system/Database/MySQLi/Connection.php:295
Stack trace:
#0 /home/validas1/ci4_core/system/Database/MySQLi/Connection.php(295): mysqli->query('SELECT \t\t \r\n   ...', 0)
#1 /home/validas1/ci4_core/system/Database/BaseConnection.php(692): CodeIgniter\Database\MySQLi\Connection->execute('SELECT \t\t \r\n   ...')
#2 /home/validas1/ci4_core/system/Database/BaseConnection.php(606): CodeIgniter\Database\BaseConnection->simpleQuery('SELECT \t\t \r\n   ...')
#3 /home/validas1/ci4_core/app/Models/PpojModel.php(373): CodeIgniter\Database\BaseConnection->query('SELECT \t\t \r\n   ...')
#4 /home/validas1/ci4_core/app/Models/PpojModel.php(344): App\Models\PpojModel->DataSuhuRH('( select \r\n    ...', '(select \r\n     ...', ' ( select \r\n   ...', '( select \r\n    ...', '3', 't4', 't1', 't2', 't3')
#5 /home/validas1/ci4_core/app/Controllers/DataPpoj.php(109): App\Models\PpojModel->DataPDF(0, 0, 0, 1, '3')
#6 /home/validas1/ci4_core/system/CodeIgniter.php(932): App\Controllers\DataPpoj->Detail('3')
#7 /home/validas1/ci4_core/system/CodeIgniter.php(497): CodeIgniter\CodeIgniter->runController(Object(App\Controllers\DataPpoj))
#8 /home/validas1/ci4_core/system/CodeIgniter.php(366): CodeIgniter\CodeIgniter->handleRequest(NULL, Object(Config\Cache), false)
#9 /home/validas1/ereport.validasickr.my.id/index.php(79): CodeIgniter\CodeIgniter->run()
#10 {main}
CRITICAL - 2024-05-15 01:12:22 --> Unknown column 't3.rn' in 'on clause'
in SYSTEMPATH/Database/MySQLi/Connection.php on line 295.
 1 SYSTEMPATH/Database/MySQLi/Connection.php(295): mysqli->query('SELECT 		 
        DAP.KELAS,
        DAP.ID ID_PPOJ,
        t1.SUHU_MIN, 
        t1.SUHU_MAX, 
        t2.RH_MIN, 
        t2.RH_MAX,
        t3.HASIL_TPC CAPAR_TPC,
        t3.HASIL_KK CAPAR_KK,
        t4.HASIL_TPC MIKRO_TPC,
        t4.HASIL_KK MIKRO_KK
    FROM 
    data_awal_ppoj DAP 
    LEFT JOIN 
    ( select 
      ID_PPOJ, 
      ROW_NUMBER() over (partition by ID_PPOJ order by HASIL_TPC) as rn, 
      HASIL_TPC, 
      HASIL_KK 
    from mikro_volumetrik ) t4 ON DAP.id = t4.ID_PPOJ left join 
    (select 
      ID_PPOJ, 
      ROW_NUMBER() over (partition by ID_PPOJ order by SUHU_MIN) as rn, 
      SUHU_MIN, 
      SUHU_MAX 
    from 
      suhu ) t1 on DAP.id = t1.ID_PPOJ   and t1.rn = t2.rn LEFT join 
     ( select 
      ID_PPOJ, 
      ROW_NUMBER() over (partition by ID_PPOJ order by RH_MIN) as rn, 
      RH_MIN, 
      RH_MAX 
    from rh ) t2 ON DAP.id = t2.id_ppoj AND t2.rn = t3.rn left JOIN
    ( select 
      ID_PPOJ, 
      ROW_NUMBER() over (partition by ID_PPOJ order by HASIL_TPC) as rn, 
      HASIL_TPC, 
      HASIL_KK 
    from mikro_capar ) t3 ON DAP.id = t3.id_ppoj AND t3.rn = t4.rn
      
      WHERE 
        DAP.id =3;
      ', 0)
 2 SYSTEMPATH/Database/BaseConnection.php(692): CodeIgniter\Database\MySQLi\Connection->execute('SELECT 		 
        DAP.KELAS,
        DAP.ID ID_PPOJ,
        t1.SUHU_MIN, 
        t1.SUHU_MAX, 
        t2.RH_MIN, 
        t2.RH_MAX,
        t3.HASIL_TPC CAPAR_TPC,
        t3.HASIL_KK CAPAR_KK,
        t4.HASIL_TPC MIKRO_TPC,
        t4.HASIL_KK MIKRO_KK
    FROM 
    data_awal_ppoj DAP 
    LEFT JOIN 
    ( select 
      ID_PPOJ, 
      ROW_NUMBER() over (partition by ID_PPOJ order by HASIL_TPC) as rn, 
      HASIL_TPC, 
      HASIL_KK 
    from mikro_volumetrik ) t4 ON DAP.id = t4.ID_PPOJ left join 
    (select 
      ID_PPOJ, 
      ROW_NUMBER() over (partition by ID_PPOJ order by SUHU_MIN) as rn, 
      SUHU_MIN, 
      SUHU_MAX 
    from 
      suhu ) t1 on DAP.id = t1.ID_PPOJ   and t1.rn = t2.rn LEFT join 
     ( select 
      ID_PPOJ, 
      ROW_NUMBER() over (partition by ID_PPOJ order by RH_MIN) as rn, 
      RH_MIN, 
      RH_MAX 
    from rh ) t2 ON DAP.id = t2.id_ppoj AND t2.rn = t3.rn left JOIN
    ( select 
      ID_PPOJ, 
      ROW_NUMBER() over (partition by ID_PPOJ order by HASIL_TPC) as rn, 
      HASIL_TPC, 
      HASIL_KK 
    from mikro_capar ) t3 ON DAP.id = t3.id_ppoj AND t3.rn = t4.rn
      
      WHERE 
        DAP.id =3;
      ')
 3 SYSTEMPATH/Database/BaseConnection.php(606): CodeIgniter\Database\BaseConnection->simpleQuery('SELECT 		 
        DAP.KELAS,
        DAP.ID ID_PPOJ,
        t1.SUHU_MIN, 
        t1.SUHU_MAX, 
        t2.RH_MIN, 
        t2.RH_MAX,
        t3.HASIL_TPC CAPAR_TPC,
        t3.HASIL_KK CAPAR_KK,
        t4.HASIL_TPC MIKRO_TPC,
        t4.HASIL_KK MIKRO_KK
    FROM 
    data_awal_ppoj DAP 
    LEFT JOIN 
    ( select 
      ID_PPOJ, 
      ROW_NUMBER() over (partition by ID_PPOJ order by HASIL_TPC) as rn, 
      HASIL_TPC, 
      HASIL_KK 
    from mikro_volumetrik ) t4 ON DAP.id = t4.ID_PPOJ left join 
    (select 
      ID_PPOJ, 
      ROW_NUMBER() over (partition by ID_PPOJ order by SUHU_MIN) as rn, 
      SUHU_MIN, 
      SUHU_MAX 
    from 
      suhu ) t1 on DAP.id = t1.ID_PPOJ   and t1.rn = t2.rn LEFT join 
     ( select 
      ID_PPOJ, 
      ROW_NUMBER() over (partition by ID_PPOJ order by RH_MIN) as rn, 
      RH_MIN, 
      RH_MAX 
    from rh ) t2 ON DAP.id = t2.id_ppoj AND t2.rn = t3.rn left JOIN
    ( select 
      ID_PPOJ, 
      ROW_NUMBER() over (partition by ID_PPOJ order by HASIL_TPC) as rn, 
      HASIL_TPC, 
      HASIL_KK 
    from mikro_capar ) t3 ON DAP.id = t3.id_ppoj AND t3.rn = t4.rn
      
      WHERE 
        DAP.id =3;
      ')
 4 APPPATH/Models/PpojModel.php(373): CodeIgniter\Database\BaseConnection->query('SELECT 		 
        DAP.KELAS,
        DAP.ID ID_PPOJ,
        t1.SUHU_MIN, 
        t1.SUHU_MAX, 
        t2.RH_MIN, 
        t2.RH_MAX,
        t3.HASIL_TPC CAPAR_TPC,
        t3.HASIL_KK CAPAR_KK,
        t4.HASIL_TPC MIKRO_TPC,
        t4.HASIL_KK MIKRO_KK
    FROM 
    data_awal_ppoj DAP 
    LEFT JOIN 
    ( select 
      ID_PPOJ, 
      ROW_NUMBER() over (partition by ID_PPOJ order by HASIL_TPC) as rn, 
      HASIL_TPC, 
      HASIL_KK 
    from mikro_volumetrik ) t4 ON DAP.id = t4.ID_PPOJ left join 
    (select 
      ID_PPOJ, 
      ROW_NUMBER() over (partition by ID_PPOJ order by SUHU_MIN) as rn, 
      SUHU_MIN, 
      SUHU_MAX 
    from 
      suhu ) t1 on DAP.id = t1.ID_PPOJ   and t1.rn = t2.rn LEFT join 
     ( select 
      ID_PPOJ, 
      ROW_NUMBER() over (partition by ID_PPOJ order by RH_MIN) as rn, 
      RH_MIN, 
      RH_MAX 
    from rh ) t2 ON DAP.id = t2.id_ppoj AND t2.rn = t3.rn left JOIN
    ( select 
      ID_PPOJ, 
      ROW_NUMBER() over (partition by ID_PPOJ order by HASIL_TPC) as rn, 
      HASIL_TPC, 
      HASIL_KK 
    from mikro_capar ) t3 ON DAP.id = t3.id_ppoj AND t3.rn = t4.rn
      
      WHERE 
        DAP.id =3;
      ')
 5 APPPATH/Models/PpojModel.php(344): App\Models\PpojModel->DataSuhuRH('( select 
      ID_PPOJ, 
      ROW_NUMBER() over (partition by ID_PPOJ order by HASIL_TPC) as rn, 
      HASIL_TPC, 
      HASIL_KK 
    from mikro_volumetrik )', '(select 
      ID_PPOJ, 
      ROW_NUMBER() over (partition by ID_PPOJ order by SUHU_MIN) as rn, 
      SUHU_MIN, 
      SUHU_MAX 
    from 
      suhu )', ' ( select 
      ID_PPOJ, 
      ROW_NUMBER() over (partition by ID_PPOJ order by RH_MIN) as rn, 
      RH_MIN, 
      RH_MAX 
    from rh )', '( select 
      ID_PPOJ, 
      ROW_NUMBER() over (partition by ID_PPOJ order by HASIL_TPC) as rn, 
      HASIL_TPC, 
      HASIL_KK 
    from mikro_capar )', '3', 't4', 't1', 't2', 't3')
 6 APPPATH/Controllers/DataPpoj.php(109): App\Models\PpojModel->DataPDF(0, 0, 0, 1, '3')
 7 SYSTEMPATH/CodeIgniter.php(932): App\Controllers\DataPpoj->Detail('3')
 8 SYSTEMPATH/CodeIgniter.php(497): CodeIgniter\CodeIgniter->runController(Object(App\Controllers\DataPpoj))
 9 SYSTEMPATH/CodeIgniter.php(366): CodeIgniter\CodeIgniter->handleRequest(null, Object(Config\Cache), false)
10 FCPATH/index.php(79): CodeIgniter\CodeIgniter->run()
INFO - 2024-05-15 01:13:12 --> Session: Class initialized using 'CodeIgniter\Session\Handlers\FileHandler' driver.
INFO - 2024-05-15 01:13:12 --> Session: Class initialized using 'CodeIgniter\Session\Handlers\FileHandler' driver.
INFO - 2024-05-15 01:13:12 --> Session: Class initialized using 'CodeIgniter\Session\Handlers\FileHandler' driver.
INFO - 2024-05-15 01:13:18 --> Session: Class initialized using 'CodeIgniter\Session\Handlers\FileHandler' driver.
INFO - 2024-05-15 01:13:30 --> Session: Class initialized using 'CodeIgniter\Session\Handlers\FileHandler' driver.
INFO - 2024-05-15 01:13:30 --> Session: Class initialized using 'CodeIgniter\Session\Handlers\FileHandler' driver.
INFO - 2024-05-15 01:13:33 --> Session: Class initialized using 'CodeIgniter\Session\Handlers\FileHandler' driver.
INFO - 2024-05-15 01:13:35 --> Session: Class initialized using 'CodeIgniter\Session\Handlers\FileHandler' driver.
INFO - 2024-05-15 01:13:37 --> Session: Class initialized using 'CodeIgniter\Session\Handlers\FileHandler' driver.
INFO - 2024-05-15 01:13:41 --> Session: Class initialized using 'CodeIgniter\Session\Handlers\FileHandler' driver.
INFO - 2024-05-15 01:13:44 --> Session: Class initialized using 'CodeIgniter\Session\Handlers\FileHandler' driver.
INFO - 2024-05-15 01:13:46 --> Session: Class initialized using 'CodeIgniter\Session\Handlers\FileHandler' driver.
INFO - 2024-05-15 01:13:49 --> Session: Class initialized using 'CodeIgniter\Session\Handlers\FileHandler' driver.
INFO - 2024-05-15 01:13:52 --> Session: Class initialized using 'CodeIgniter\Session\Handlers\FileHandler' driver.
INFO - 2024-05-15 01:13:54 --> Session: Class initialized using 'CodeIgniter\Session\Handlers\FileHandler' driver.
ERROR - 2024-05-15 01:13:54 --> mysqli_sql_exception: Unknown column 't3.rn' in 'on clause' in /home/validas1/ci4_core/system/Database/MySQLi/Connection.php:295
Stack trace:
#0 /home/validas1/ci4_core/system/Database/MySQLi/Connection.php(295): mysqli->query('SELECT \t\t \r\n   ...', 0)
#1 /home/validas1/ci4_core/system/Database/BaseConnection.php(692): CodeIgniter\Database\MySQLi\Connection->execute('SELECT \t\t \r\n   ...')
#2 /home/validas1/ci4_core/system/Database/BaseConnection.php(606): CodeIgniter\Database\BaseConnection->simpleQuery('SELECT \t\t \r\n   ...')
#3 /home/validas1/ci4_core/app/Models/PpojModel.php(373): CodeIgniter\Database\BaseConnection->query('SELECT \t\t \r\n   ...')
#4 /home/validas1/ci4_core/app/Models/PpojModel.php(344): App\Models\PpojModel->DataSuhuRH('( select \r\n    ...', '(select \r\n     ...', ' ( select \r\n   ...', '( select \r\n    ...', '3', 't4', 't1', 't2', 't3')
#5 /home/validas1/ci4_core/app/Controllers/DataPpoj.php(109): App\Models\PpojModel->DataPDF(0, 0, 0, 1, '3')
#6 /home/validas1/ci4_core/system/CodeIgniter.php(932): App\Controllers\DataPpoj->Detail('3')
#7 /home/validas1/ci4_core/system/CodeIgniter.php(497): CodeIgniter\CodeIgniter->runController(Object(App\Controllers\DataPpoj))
#8 /home/validas1/ci4_core/system/CodeIgniter.php(366): CodeIgniter\CodeIgniter->handleRequest(NULL, Object(Config\Cache), false)
#9 /home/validas1/ereport.validasickr.my.id/index.php(79): CodeIgniter\CodeIgniter->run()
#10 {main}
CRITICAL - 2024-05-15 01:13:54 --> Unknown column 't3.rn' in 'on clause'
in SYSTEMPATH/Database/MySQLi/Connection.php on line 295.
 1 SYSTEMPATH/Database/MySQLi/Connection.php(295): mysqli->query('SELECT 		 
        DAP.KELAS,
        DAP.ID ID_PPOJ,
        t1.SUHU_MIN, 
        t1.SUHU_MAX, 
        t2.RH_MIN, 
        t2.RH_MAX,
        t3.HASIL_TPC CAPAR_TPC,
        t3.HASIL_KK CAPAR_KK,
        t4.HASIL_TPC MIKRO_TPC,
        t4.HASIL_KK MIKRO_KK
    FROM 
    data_awal_ppoj DAP 
    LEFT JOIN 
    ( select 
      ID_PPOJ, 
      ROW_NUMBER() over (partition by ID_PPOJ order by HASIL_TPC) as rn, 
      HASIL_TPC, 
      HASIL_KK 
    from mikro_volumetrik ) t4 ON DAP.id = t4.ID_PPOJ left join 
    (select 
      ID_PPOJ, 
      ROW_NUMBER() over (partition by ID_PPOJ order by SUHU_MIN) as rn, 
      SUHU_MIN, 
      SUHU_MAX 
    from 
      suhu ) t1 on DAP.id = t1.ID_PPOJ   and t1.rn = t2.rn LEFT join 
     ( select 
      ID_PPOJ, 
      ROW_NUMBER() over (partition by ID_PPOJ order by RH_MIN) as rn, 
      RH_MIN, 
      RH_MAX 
    from rh ) t2 ON DAP.id = t2.id_ppoj AND t2.rn = t3.rn left JOIN
    ( select 
      ID_PPOJ, 
      ROW_NUMBER() over (partition by ID_PPOJ order by HASIL_TPC) as rn, 
      HASIL_TPC, 
      HASIL_KK 
    from mikro_capar ) t3 ON DAP.id = t3.id_ppoj AND t3.rn = t4.rn
      
      WHERE 
        DAP.id =3;
      ', 0)
 2 SYSTEMPATH/Database/BaseConnection.php(692): CodeIgniter\Database\MySQLi\Connection->execute('SELECT 		 
        DAP.KELAS,
        DAP.ID ID_PPOJ,
        t1.SUHU_MIN, 
        t1.SUHU_MAX, 
        t2.RH_MIN, 
        t2.RH_MAX,
        t3.HASIL_TPC CAPAR_TPC,
        t3.HASIL_KK CAPAR_KK,
        t4.HASIL_TPC MIKRO_TPC,
        t4.HASIL_KK MIKRO_KK
    FROM 
    data_awal_ppoj DAP 
    LEFT JOIN 
    ( select 
      ID_PPOJ, 
      ROW_NUMBER() over (partition by ID_PPOJ order by HASIL_TPC) as rn, 
      HASIL_TPC, 
      HASIL_KK 
    from mikro_volumetrik ) t4 ON DAP.id = t4.ID_PPOJ left join 
    (select 
      ID_PPOJ, 
      ROW_NUMBER() over (partition by ID_PPOJ order by SUHU_MIN) as rn, 
      SUHU_MIN, 
      SUHU_MAX 
    from 
      suhu ) t1 on DAP.id = t1.ID_PPOJ   and t1.rn = t2.rn LEFT join 
     ( select 
      ID_PPOJ, 
      ROW_NUMBER() over (partition by ID_PPOJ order by RH_MIN) as rn, 
      RH_MIN, 
      RH_MAX 
    from rh ) t2 ON DAP.id = t2.id_ppoj AND t2.rn = t3.rn left JOIN
    ( select 
      ID_PPOJ, 
      ROW_NUMBER() over (partition by ID_PPOJ order by HASIL_TPC) as rn, 
      HASIL_TPC, 
      HASIL_KK 
    from mikro_capar ) t3 ON DAP.id = t3.id_ppoj AND t3.rn = t4.rn
      
      WHERE 
        DAP.id =3;
      ')
 3 SYSTEMPATH/Database/BaseConnection.php(606): CodeIgniter\Database\BaseConnection->simpleQuery('SELECT 		 
        DAP.KELAS,
        DAP.ID ID_PPOJ,
        t1.SUHU_MIN, 
        t1.SUHU_MAX, 
        t2.RH_MIN, 
        t2.RH_MAX,
        t3.HASIL_TPC CAPAR_TPC,
        t3.HASIL_KK CAPAR_KK,
        t4.HASIL_TPC MIKRO_TPC,
        t4.HASIL_KK MIKRO_KK
    FROM 
    data_awal_ppoj DAP 
    LEFT JOIN 
    ( select 
      ID_PPOJ, 
      ROW_NUMBER() over (partition by ID_PPOJ order by HASIL_TPC) as rn, 
      HASIL_TPC, 
      HASIL_KK 
    from mikro_volumetrik ) t4 ON DAP.id = t4.ID_PPOJ left join 
    (select 
      ID_PPOJ, 
      ROW_NUMBER() over (partition by ID_PPOJ order by SUHU_MIN) as rn, 
      SUHU_MIN, 
      SUHU_MAX 
    from 
      suhu ) t1 on DAP.id = t1.ID_PPOJ   and t1.rn = t2.rn LEFT join 
     ( select 
      ID_PPOJ, 
      ROW_NUMBER() over (partition by ID_PPOJ order by RH_MIN) as rn, 
      RH_MIN, 
      RH_MAX 
    from rh ) t2 ON DAP.id = t2.id_ppoj AND t2.rn = t3.rn left JOIN
    ( select 
      ID_PPOJ, 
      ROW_NUMBER() over (partition by ID_PPOJ order by HASIL_TPC) as rn, 
      HASIL_TPC, 
      HASIL_KK 
    from mikro_capar ) t3 ON DAP.id = t3.id_ppoj AND t3.rn = t4.rn
      
      WHERE 
        DAP.id =3;
      ')
 4 APPPATH/Models/PpojModel.php(373): CodeIgniter\Database\BaseConnection->query('SELECT 		 
        DAP.KELAS,
        DAP.ID ID_PPOJ,
        t1.SUHU_MIN, 
        t1.SUHU_MAX, 
        t2.RH_MIN, 
        t2.RH_MAX,
        t3.HASIL_TPC CAPAR_TPC,
        t3.HASIL_KK CAPAR_KK,
        t4.HASIL_TPC MIKRO_TPC,
        t4.HASIL_KK MIKRO_KK
    FROM 
    data_awal_ppoj DAP 
    LEFT JOIN 
    ( select 
      ID_PPOJ, 
      ROW_NUMBER() over (partition by ID_PPOJ order by HASIL_TPC) as rn, 
      HASIL_TPC, 
      HASIL_KK 
    from mikro_volumetrik ) t4 ON DAP.id = t4.ID_PPOJ left join 
    (select 
      ID_PPOJ, 
      ROW_NUMBER() over (partition by ID_PPOJ order by SUHU_MIN) as rn, 
      SUHU_MIN, 
      SUHU_MAX 
    from 
      suhu ) t1 on DAP.id = t1.ID_PPOJ   and t1.rn = t2.rn LEFT join 
     ( select 
      ID_PPOJ, 
      ROW_NUMBER() over (partition by ID_PPOJ order by RH_MIN) as rn, 
      RH_MIN, 
      RH_MAX 
    from rh ) t2 ON DAP.id = t2.id_ppoj AND t2.rn = t3.rn left JOIN
    ( select 
      ID_PPOJ, 
      ROW_NUMBER() over (partition by ID_PPOJ order by HASIL_TPC) as rn, 
      HASIL_TPC, 
      HASIL_KK 
    from mikro_capar ) t3 ON DAP.id = t3.id_ppoj AND t3.rn = t4.rn
      
      WHERE 
        DAP.id =3;
      ')
 5 APPPATH/Models/PpojModel.php(344): App\Models\PpojModel->DataSuhuRH('( select 
      ID_PPOJ, 
      ROW_NUMBER() over (partition by ID_PPOJ order by HASIL_TPC) as rn, 
      HASIL_TPC, 
      HASIL_KK 
    from mikro_volumetrik )', '(select 
      ID_PPOJ, 
      ROW_NUMBER() over (partition by ID_PPOJ order by SUHU_MIN) as rn, 
      SUHU_MIN, 
      SUHU_MAX 
    from 
      suhu )', ' ( select 
      ID_PPOJ, 
      ROW_NUMBER() over (partition by ID_PPOJ order by RH_MIN) as rn, 
      RH_MIN, 
      RH_MAX 
    from rh )', '( select 
      ID_PPOJ, 
      ROW_NUMBER() over (partition by ID_PPOJ order by HASIL_TPC) as rn, 
      HASIL_TPC, 
      HASIL_KK 
    from mikro_capar )', '3', 't4', 't1', 't2', 't3')
 6 APPPATH/Controllers/DataPpoj.php(109): App\Models\PpojModel->DataPDF(0, 0, 0, 1, '3')
 7 SYSTEMPATH/CodeIgniter.php(932): App\Controllers\DataPpoj->Detail('3')
 8 SYSTEMPATH/CodeIgniter.php(497): CodeIgniter\CodeIgniter->runController(Object(App\Controllers\DataPpoj))
 9 SYSTEMPATH/CodeIgniter.php(366): CodeIgniter\CodeIgniter->handleRequest(null, Object(Config\Cache), false)
10 FCPATH/index.php(79): CodeIgniter\CodeIgniter->run()
INFO - 2024-05-15 01:14:01 --> Session: Class initialized using 'CodeIgniter\Session\Handlers\FileHandler' driver.
INFO - 2024-05-15 01:14:08 --> Session: Class initialized using 'CodeIgniter\Session\Handlers\FileHandler' driver.
INFO - 2024-05-15 01:14:12 --> Session: Class initialized using 'CodeIgniter\Session\Handlers\FileHandler' driver.
INFO - 2024-05-15 01:14:15 --> Session: Class initialized using 'CodeIgniter\Session\Handlers\FileHandler' driver.
INFO - 2024-05-15 01:14:18 --> Session: Class initialized using 'CodeIgniter\Session\Handlers\FileHandler' driver.
ERROR - 2024-05-15 01:14:18 --> mysqli_sql_exception: Unknown column 't3.rn' in 'on clause' in /home/validas1/ci4_core/system/Database/MySQLi/Connection.php:295
Stack trace:
#0 /home/validas1/ci4_core/system/Database/MySQLi/Connection.php(295): mysqli->query('SELECT \t\t \r\n   ...', 0)
#1 /home/validas1/ci4_core/system/Database/BaseConnection.php(692): CodeIgniter\Database\MySQLi\Connection->execute('SELECT \t\t \r\n   ...')
#2 /home/validas1/ci4_core/system/Database/BaseConnection.php(606): CodeIgniter\Database\BaseConnection->simpleQuery('SELECT \t\t \r\n   ...')
#3 /home/validas1/ci4_core/app/Models/PpojModel.php(373): CodeIgniter\Database\BaseConnection->query('SELECT \t\t \r\n   ...')
#4 /home/validas1/ci4_core/app/Models/PpojModel.php(344): App\Models\PpojModel->DataSuhuRH('( select \r\n    ...', '(select \r\n     ...', ' ( select \r\n   ...', '( select \r\n    ...', '3', 't4', 't1', 't2', 't3')
#5 /home/validas1/ci4_core/app/Controllers/DataPpoj.php(109): App\Models\PpojModel->DataPDF(0, 0, 0, 1, '3')
#6 /home/validas1/ci4_core/system/CodeIgniter.php(932): App\Controllers\DataPpoj->Detail('3')
#7 /home/validas1/ci4_core/system/CodeIgniter.php(497): CodeIgniter\CodeIgniter->runController(Object(App\Controllers\DataPpoj))
#8 /home/validas1/ci4_core/system/CodeIgniter.php(366): CodeIgniter\CodeIgniter->handleRequest(NULL, Object(Config\Cache), false)
#9 /home/validas1/ereport.validasickr.my.id/index.php(79): CodeIgniter\CodeIgniter->run()
#10 {main}
CRITICAL - 2024-05-15 01:14:18 --> Unknown column 't3.rn' in 'on clause'
in SYSTEMPATH/Database/MySQLi/Connection.php on line 295.
 1 SYSTEMPATH/Database/MySQLi/Connection.php(295): mysqli->query('SELECT 		 
        DAP.KELAS,
        DAP.ID ID_PPOJ,
        t1.SUHU_MIN, 
        t1.SUHU_MAX, 
        t2.RH_MIN, 
        t2.RH_MAX,
        t3.HASIL_TPC CAPAR_TPC,
        t3.HASIL_KK CAPAR_KK,
        t4.HASIL_TPC MIKRO_TPC,
        t4.HASIL_KK MIKRO_KK
    FROM 
    data_awal_ppoj DAP 
    LEFT JOIN 
    ( select 
      ID_PPOJ, 
      ROW_NUMBER() over (partition by ID_PPOJ order by HASIL_TPC) as rn, 
      HASIL_TPC, 
      HASIL_KK 
    from mikro_volumetrik ) t4 ON DAP.id = t4.ID_PPOJ left join 
    (select 
      ID_PPOJ, 
      ROW_NUMBER() over (partition by ID_PPOJ order by SUHU_MIN) as rn, 
      SUHU_MIN, 
      SUHU_MAX 
    from 
      suhu ) t1 on DAP.id = t1.ID_PPOJ   and t1.rn = t2.rn LEFT join 
     ( select 
      ID_PPOJ, 
      ROW_NUMBER() over (partition by ID_PPOJ order by RH_MIN) as rn, 
      RH_MIN, 
      RH_MAX 
    from rh ) t2 ON DAP.id = t2.id_ppoj AND t2.rn = t3.rn left JOIN
    ( select 
      ID_PPOJ, 
      ROW_NUMBER() over (partition by ID_PPOJ order by HASIL_TPC) as rn, 
      HASIL_TPC, 
      HASIL_KK 
    from mikro_capar ) t3 ON DAP.id = t3.id_ppoj AND t3.rn = t4.rn
      
      WHERE 
        DAP.id =3;
      ', 0)
 2 SYSTEMPATH/Database/BaseConnection.php(692): CodeIgniter\Database\MySQLi\Connection->execute('SELECT 		 
        DAP.KELAS,
        DAP.ID ID_PPOJ,
        t1.SUHU_MIN, 
        t1.SUHU_MAX, 
        t2.RH_MIN, 
        t2.RH_MAX,
        t3.HASIL_TPC CAPAR_TPC,
        t3.HASIL_KK CAPAR_KK,
        t4.HASIL_TPC MIKRO_TPC,
        t4.HASIL_KK MIKRO_KK
    FROM 
    data_awal_ppoj DAP 
    LEFT JOIN 
    ( select 
      ID_PPOJ, 
      ROW_NUMBER() over (partition by ID_PPOJ order by HASIL_TPC) as rn, 
      HASIL_TPC, 
      HASIL_KK 
    from mikro_volumetrik ) t4 ON DAP.id = t4.ID_PPOJ left join 
    (select 
      ID_PPOJ, 
      ROW_NUMBER() over (partition by ID_PPOJ order by SUHU_MIN) as rn, 
      SUHU_MIN, 
      SUHU_MAX 
    from 
      suhu ) t1 on DAP.id = t1.ID_PPOJ   and t1.rn = t2.rn LEFT join 
     ( select 
      ID_PPOJ, 
      ROW_NUMBER() over (partition by ID_PPOJ order by RH_MIN) as rn, 
      RH_MIN, 
      RH_MAX 
    from rh ) t2 ON DAP.id = t2.id_ppoj AND t2.rn = t3.rn left JOIN
    ( select 
      ID_PPOJ, 
      ROW_NUMBER() over (partition by ID_PPOJ order by HASIL_TPC) as rn, 
      HASIL_TPC, 
      HASIL_KK 
    from mikro_capar ) t3 ON DAP.id = t3.id_ppoj AND t3.rn = t4.rn
      
      WHERE 
        DAP.id =3;
      ')
 3 SYSTEMPATH/Database/BaseConnection.php(606): CodeIgniter\Database\BaseConnection->simpleQuery('SELECT 		 
        DAP.KELAS,
        DAP.ID ID_PPOJ,
        t1.SUHU_MIN, 
        t1.SUHU_MAX, 
        t2.RH_MIN, 
        t2.RH_MAX,
        t3.HASIL_TPC CAPAR_TPC,
        t3.HASIL_KK CAPAR_KK,
        t4.HASIL_TPC MIKRO_TPC,
        t4.HASIL_KK MIKRO_KK
    FROM 
    data_awal_ppoj DAP 
    LEFT JOIN 
    ( select 
      ID_PPOJ, 
      ROW_NUMBER() over (partition by ID_PPOJ order by HASIL_TPC) as rn, 
      HASIL_TPC, 
      HASIL_KK 
    from mikro_volumetrik ) t4 ON DAP.id = t4.ID_PPOJ left join 
    (select 
      ID_PPOJ, 
      ROW_NUMBER() over (partition by ID_PPOJ order by SUHU_MIN) as rn, 
      SUHU_MIN, 
      SUHU_MAX 
    from 
      suhu ) t1 on DAP.id = t1.ID_PPOJ   and t1.rn = t2.rn LEFT join 
     ( select 
      ID_PPOJ, 
      ROW_NUMBER() over (partition by ID_PPOJ order by RH_MIN) as rn, 
      RH_MIN, 
      RH_MAX 
    from rh ) t2 ON DAP.id = t2.id_ppoj AND t2.rn = t3.rn left JOIN
    ( select 
      ID_PPOJ, 
      ROW_NUMBER() over (partition by ID_PPOJ order by HASIL_TPC) as rn, 
      HASIL_TPC, 
      HASIL_KK 
    from mikro_capar ) t3 ON DAP.id = t3.id_ppoj AND t3.rn = t4.rn
      
      WHERE 
        DAP.id =3;
      ')
 4 APPPATH/Models/PpojModel.php(373): CodeIgniter\Database\BaseConnection->query('SELECT 		 
        DAP.KELAS,
        DAP.ID ID_PPOJ,
        t1.SUHU_MIN, 
        t1.SUHU_MAX, 
        t2.RH_MIN, 
        t2.RH_MAX,
        t3.HASIL_TPC CAPAR_TPC,
        t3.HASIL_KK CAPAR_KK,
        t4.HASIL_TPC MIKRO_TPC,
        t4.HASIL_KK MIKRO_KK
    FROM 
    data_awal_ppoj DAP 
    LEFT JOIN 
    ( select 
      ID_PPOJ, 
      ROW_NUMBER() over (partition by ID_PPOJ order by HASIL_TPC) as rn, 
      HASIL_TPC, 
      HASIL_KK 
    from mikro_volumetrik ) t4 ON DAP.id = t4.ID_PPOJ left join 
    (select 
      ID_PPOJ, 
      ROW_NUMBER() over (partition by ID_PPOJ order by SUHU_MIN) as rn, 
      SUHU_MIN, 
      SUHU_MAX 
    from 
      suhu ) t1 on DAP.id = t1.ID_PPOJ   and t1.rn = t2.rn LEFT join 
     ( select 
      ID_PPOJ, 
      ROW_NUMBER() over (partition by ID_PPOJ order by RH_MIN) as rn, 
      RH_MIN, 
      RH_MAX 
    from rh ) t2 ON DAP.id = t2.id_ppoj AND t2.rn = t3.rn left JOIN
    ( select 
      ID_PPOJ, 
      ROW_NUMBER() over (partition by ID_PPOJ order by HASIL_TPC) as rn, 
      HASIL_TPC, 
      HASIL_KK 
    from mikro_capar ) t3 ON DAP.id = t3.id_ppoj AND t3.rn = t4.rn
      
      WHERE 
        DAP.id =3;
      ')
 5 APPPATH/Models/PpojModel.php(344): App\Models\PpojModel->DataSuhuRH('( select 
      ID_PPOJ, 
      ROW_NUMBER() over (partition by ID_PPOJ order by HASIL_TPC) as rn, 
      HASIL_TPC, 
      HASIL_KK 
    from mikro_volumetrik )', '(select 
      ID_PPOJ, 
      ROW_NUMBER() over (partition by ID_PPOJ order by SUHU_MIN) as rn, 
      SUHU_MIN, 
      SUHU_MAX 
    from 
      suhu )', ' ( select 
      ID_PPOJ, 
      ROW_NUMBER() over (partition by ID_PPOJ order by RH_MIN) as rn, 
      RH_MIN, 
      RH_MAX 
    from rh )', '( select 
      ID_PPOJ, 
      ROW_NUMBER() over (partition by ID_PPOJ order by HASIL_TPC) as rn, 
      HASIL_TPC, 
      HASIL_KK 
    from mikro_capar )', '3', 't4', 't1', 't2', 't3')
 6 APPPATH/Controllers/DataPpoj.php(109): App\Models\PpojModel->DataPDF(0, 0, 0, 1, '3')
 7 SYSTEMPATH/CodeIgniter.php(932): App\Controllers\DataPpoj->Detail('3')
 8 SYSTEMPATH/CodeIgniter.php(497): CodeIgniter\CodeIgniter->runController(Object(App\Controllers\DataPpoj))
 9 SYSTEMPATH/CodeIgniter.php(366): CodeIgniter\CodeIgniter->handleRequest(null, Object(Config\Cache), false)
10 FCPATH/index.php(79): CodeIgniter\CodeIgniter->run()
INFO - 2024-05-15 01:14:19 --> Session: Class initialized using 'CodeIgniter\Session\Handlers\FileHandler' driver.
INFO - 2024-05-15 01:14:22 --> Session: Class initialized using 'CodeIgniter\Session\Handlers\FileHandler' driver.
INFO - 2024-05-15 01:14:27 --> Session: Class initialized using 'CodeIgniter\Session\Handlers\FileHandler' driver.
INFO - 2024-05-15 01:14:29 --> Session: Class initialized using 'CodeIgniter\Session\Handlers\FileHandler' driver.
INFO - 2024-05-15 01:14:31 --> Session: Class initialized using 'CodeIgniter\Session\Handlers\FileHandler' driver.
ERROR - 2024-05-15 01:14:31 --> mysqli_sql_exception: Unknown column 't3.rn' in 'on clause' in /home/validas1/ci4_core/system/Database/MySQLi/Connection.php:295
Stack trace:
#0 /home/validas1/ci4_core/system/Database/MySQLi/Connection.php(295): mysqli->query('SELECT \t\t \r\n   ...', 0)
#1 /home/validas1/ci4_core/system/Database/BaseConnection.php(692): CodeIgniter\Database\MySQLi\Connection->execute('SELECT \t\t \r\n   ...')
#2 /home/validas1/ci4_core/system/Database/BaseConnection.php(606): CodeIgniter\Database\BaseConnection->simpleQuery('SELECT \t\t \r\n   ...')
#3 /home/validas1/ci4_core/app/Models/PpojModel.php(373): CodeIgniter\Database\BaseConnection->query('SELECT \t\t \r\n   ...')
#4 /home/validas1/ci4_core/app/Models/PpojModel.php(344): App\Models\PpojModel->DataSuhuRH('( select \r\n    ...', '(select \r\n     ...', ' ( select \r\n   ...', '( select \r\n    ...', '3', 't4', 't1', 't2', 't3')
#5 /home/validas1/ci4_core/app/Controllers/DataPpoj.php(109): App\Models\PpojModel->DataPDF(0, 0, 0, 1, '3')
#6 /home/validas1/ci4_core/system/CodeIgniter.php(932): App\Controllers\DataPpoj->Detail('3')
#7 /home/validas1/ci4_core/system/CodeIgniter.php(497): CodeIgniter\CodeIgniter->runController(Object(App\Controllers\DataPpoj))
#8 /home/validas1/ci4_core/system/CodeIgniter.php(366): CodeIgniter\CodeIgniter->handleRequest(NULL, Object(Config\Cache), false)
#9 /home/validas1/ereport.validasickr.my.id/index.php(79): CodeIgniter\CodeIgniter->run()
#10 {main}
CRITICAL - 2024-05-15 01:14:31 --> Unknown column 't3.rn' in 'on clause'
in SYSTEMPATH/Database/MySQLi/Connection.php on line 295.
 1 SYSTEMPATH/Database/MySQLi/Connection.php(295): mysqli->query('SELECT 		 
        DAP.KELAS,
        DAP.ID ID_PPOJ,
        t1.SUHU_MIN, 
        t1.SUHU_MAX, 
        t2.RH_MIN, 
        t2.RH_MAX,
        t3.HASIL_TPC CAPAR_TPC,
        t3.HASIL_KK CAPAR_KK,
        t4.HASIL_TPC MIKRO_TPC,
        t4.HASIL_KK MIKRO_KK
    FROM 
    data_awal_ppoj DAP 
    LEFT JOIN 
    ( select 
      ID_PPOJ, 
      ROW_NUMBER() over (partition by ID_PPOJ order by HASIL_TPC) as rn, 
      HASIL_TPC, 
      HASIL_KK 
    from mikro_volumetrik ) t4 ON DAP.id = t4.ID_PPOJ left join 
    (select 
      ID_PPOJ, 
      ROW_NUMBER() over (partition by ID_PPOJ order by SUHU_MIN) as rn, 
      SUHU_MIN, 
      SUHU_MAX 
    from 
      suhu ) t1 on DAP.id = t1.ID_PPOJ   and t1.rn = t2.rn LEFT join 
     ( select 
      ID_PPOJ, 
      ROW_NUMBER() over (partition by ID_PPOJ order by RH_MIN) as rn, 
      RH_MIN, 
      RH_MAX 
    from rh ) t2 ON DAP.id = t2.id_ppoj AND t2.rn = t3.rn left JOIN
    ( select 
      ID_PPOJ, 
      ROW_NUMBER() over (partition by ID_PPOJ order by HASIL_TPC) as rn, 
      HASIL_TPC, 
      HASIL_KK 
    from mikro_capar ) t3 ON DAP.id = t3.id_ppoj AND t3.rn = t4.rn
      
      WHERE 
        DAP.id =3;
      ', 0)
 2 SYSTEMPATH/Database/BaseConnection.php(692): CodeIgniter\Database\MySQLi\Connection->execute('SELECT 		 
        DAP.KELAS,
        DAP.ID ID_PPOJ,
        t1.SUHU_MIN, 
        t1.SUHU_MAX, 
        t2.RH_MIN, 
        t2.RH_MAX,
        t3.HASIL_TPC CAPAR_TPC,
        t3.HASIL_KK CAPAR_KK,
        t4.HASIL_TPC MIKRO_TPC,
        t4.HASIL_KK MIKRO_KK
    FROM 
    data_awal_ppoj DAP 
    LEFT JOIN 
    ( select 
      ID_PPOJ, 
      ROW_NUMBER() over (partition by ID_PPOJ order by HASIL_TPC) as rn, 
      HASIL_TPC, 
      HASIL_KK 
    from mikro_volumetrik ) t4 ON DAP.id = t4.ID_PPOJ left join 
    (select 
      ID_PPOJ, 
      ROW_NUMBER() over (partition by ID_PPOJ order by SUHU_MIN) as rn, 
      SUHU_MIN, 
      SUHU_MAX 
    from 
      suhu ) t1 on DAP.id = t1.ID_PPOJ   and t1.rn = t2.rn LEFT join 
     ( select 
      ID_PPOJ, 
      ROW_NUMBER() over (partition by ID_PPOJ order by RH_MIN) as rn, 
      RH_MIN, 
      RH_MAX 
    from rh ) t2 ON DAP.id = t2.id_ppoj AND t2.rn = t3.rn left JOIN
    ( select 
      ID_PPOJ, 
      ROW_NUMBER() over (partition by ID_PPOJ order by HASIL_TPC) as rn, 
      HASIL_TPC, 
      HASIL_KK 
    from mikro_capar ) t3 ON DAP.id = t3.id_ppoj AND t3.rn = t4.rn
      
      WHERE 
        DAP.id =3;
      ')
 3 SYSTEMPATH/Database/BaseConnection.php(606): CodeIgniter\Database\BaseConnection->simpleQuery('SELECT 		 
        DAP.KELAS,
        DAP.ID ID_PPOJ,
        t1.SUHU_MIN, 
        t1.SUHU_MAX, 
        t2.RH_MIN, 
        t2.RH_MAX,
        t3.HASIL_TPC CAPAR_TPC,
        t3.HASIL_KK CAPAR_KK,
        t4.HASIL_TPC MIKRO_TPC,
        t4.HASIL_KK MIKRO_KK
    FROM 
    data_awal_ppoj DAP 
    LEFT JOIN 
    ( select 
      ID_PPOJ, 
      ROW_NUMBER() over (partition by ID_PPOJ order by HASIL_TPC) as rn, 
      HASIL_TPC, 
      HASIL_KK 
    from mikro_volumetrik ) t4 ON DAP.id = t4.ID_PPOJ left join 
    (select 
      ID_PPOJ, 
      ROW_NUMBER() over (partition by ID_PPOJ order by SUHU_MIN) as rn, 
      SUHU_MIN, 
      SUHU_MAX 
    from 
      suhu ) t1 on DAP.id = t1.ID_PPOJ   and t1.rn = t2.rn LEFT join 
     ( select 
      ID_PPOJ, 
      ROW_NUMBER() over (partition by ID_PPOJ order by RH_MIN) as rn, 
      RH_MIN, 
      RH_MAX 
    from rh ) t2 ON DAP.id = t2.id_ppoj AND t2.rn = t3.rn left JOIN
    ( select 
      ID_PPOJ, 
      ROW_NUMBER() over (partition by ID_PPOJ order by HASIL_TPC) as rn, 
      HASIL_TPC, 
      HASIL_KK 
    from mikro_capar ) t3 ON DAP.id = t3.id_ppoj AND t3.rn = t4.rn
      
      WHERE 
        DAP.id =3;
      ')
 4 APPPATH/Models/PpojModel.php(373): CodeIgniter\Database\BaseConnection->query('SELECT 		 
        DAP.KELAS,
        DAP.ID ID_PPOJ,
        t1.SUHU_MIN, 
        t1.SUHU_MAX, 
        t2.RH_MIN, 
        t2.RH_MAX,
        t3.HASIL_TPC CAPAR_TPC,
        t3.HASIL_KK CAPAR_KK,
        t4.HASIL_TPC MIKRO_TPC,
        t4.HASIL_KK MIKRO_KK
    FROM 
    data_awal_ppoj DAP 
    LEFT JOIN 
    ( select 
      ID_PPOJ, 
      ROW_NUMBER() over (partition by ID_PPOJ order by HASIL_TPC) as rn, 
      HASIL_TPC, 
      HASIL_KK 
    from mikro_volumetrik ) t4 ON DAP.id = t4.ID_PPOJ left join 
    (select 
      ID_PPOJ, 
      ROW_NUMBER() over (partition by ID_PPOJ order by SUHU_MIN) as rn, 
      SUHU_MIN, 
      SUHU_MAX 
    from 
      suhu ) t1 on DAP.id = t1.ID_PPOJ   and t1.rn = t2.rn LEFT join 
     ( select 
      ID_PPOJ, 
      ROW_NUMBER() over (partition by ID_PPOJ order by RH_MIN) as rn, 
      RH_MIN, 
      RH_MAX 
    from rh ) t2 ON DAP.id = t2.id_ppoj AND t2.rn = t3.rn left JOIN
    ( select 
      ID_PPOJ, 
      ROW_NUMBER() over (partition by ID_PPOJ order by HASIL_TPC) as rn, 
      HASIL_TPC, 
      HASIL_KK 
    from mikro_capar ) t3 ON DAP.id = t3.id_ppoj AND t3.rn = t4.rn
      
      WHERE 
        DAP.id =3;
      ')
 5 APPPATH/Models/PpojModel.php(344): App\Models\PpojModel->DataSuhuRH('( select 
      ID_PPOJ, 
      ROW_NUMBER() over (partition by ID_PPOJ order by HASIL_TPC) as rn, 
      HASIL_TPC, 
      HASIL_KK 
    from mikro_volumetrik )', '(select 
      ID_PPOJ, 
      ROW_NUMBER() over (partition by ID_PPOJ order by SUHU_MIN) as rn, 
      SUHU_MIN, 
      SUHU_MAX 
    from 
      suhu )', ' ( select 
      ID_PPOJ, 
      ROW_NUMBER() over (partition by ID_PPOJ order by RH_MIN) as rn, 
      RH_MIN, 
      RH_MAX 
    from rh )', '( select 
      ID_PPOJ, 
      ROW_NUMBER() over (partition by ID_PPOJ order by HASIL_TPC) as rn, 
      HASIL_TPC, 
      HASIL_KK 
    from mikro_capar )', '3', 't4', 't1', 't2', 't3')
 6 APPPATH/Controllers/DataPpoj.php(109): App\Models\PpojModel->DataPDF(0, 0, 0, 1, '3')
 7 SYSTEMPATH/CodeIgniter.php(932): App\Controllers\DataPpoj->Detail('3')
 8 SYSTEMPATH/CodeIgniter.php(497): CodeIgniter\CodeIgniter->runController(Object(App\Controllers\DataPpoj))
 9 SYSTEMPATH/CodeIgniter.php(366): CodeIgniter\CodeIgniter->handleRequest(null, Object(Config\Cache), false)
10 FCPATH/index.php(79): CodeIgniter\CodeIgniter->run()
INFO - 2024-05-15 01:15:07 --> Session: Class initialized using 'CodeIgniter\Session\Handlers\FileHandler' driver.
INFO - 2024-05-15 01:15:20 --> Session: Class initialized using 'CodeIgniter\Session\Handlers\FileHandler' driver.
INFO - 2024-05-15 01:15:20 --> Session: Class initialized using 'CodeIgniter\Session\Handlers\FileHandler' driver.
INFO - 2024-05-15 01:15:21 --> Session: Class initialized using 'CodeIgniter\Session\Handlers\FileHandler' driver.
INFO - 2024-05-15 01:15:21 --> Session: Class initialized using 'CodeIgniter\Session\Handlers\FileHandler' driver.
INFO - 2024-05-15 01:15:24 --> Session: Class initialized using 'CodeIgniter\Session\Handlers\FileHandler' driver.
INFO - 2024-05-15 01:15:24 --> Session: Class initialized using 'CodeIgniter\Session\Handlers\FileHandler' driver.
INFO - 2024-05-15 01:15:25 --> Session: Class initialized using 'CodeIgniter\Session\Handlers\FileHandler' driver.
INFO - 2024-05-15 01:15:29 --> Session: Class initialized using 'CodeIgniter\Session\Handlers\FileHandler' driver.
INFO - 2024-05-15 01:15:33 --> Session: Class initialized using 'CodeIgniter\Session\Handlers\FileHandler' driver.
INFO - 2024-05-15 01:15:34 --> Session: Class initialized using 'CodeIgniter\Session\Handlers\FileHandler' driver.
INFO - 2024-05-15 01:15:48 --> Session: Class initialized using 'CodeIgniter\Session\Handlers\FileHandler' driver.
INFO - 2024-05-15 01:15:51 --> Session: Class initialized using 'CodeIgniter\Session\Handlers\FileHandler' driver.
INFO - 2024-05-15 01:15:53 --> Session: Class initialized using 'CodeIgniter\Session\Handlers\FileHandler' driver.
INFO - 2024-05-15 01:15:55 --> Session: Class initialized using 'CodeIgniter\Session\Handlers\FileHandler' driver.
INFO - 2024-05-15 01:16:00 --> Session: Class initialized using 'CodeIgniter\Session\Handlers\FileHandler' driver.
INFO - 2024-05-15 01:16:32 --> Session: Class initialized using 'CodeIgniter\Session\Handlers\FileHandler' driver.
INFO - 2024-05-15 01:17:32 --> Session: Class initialized using 'CodeIgniter\Session\Handlers\FileHandler' driver.
INFO - 2024-05-15 01:17:35 --> Session: Class initialized using 'CodeIgniter\Session\Handlers\FileHandler' driver.
INFO - 2024-05-15 01:17:37 --> Session: Class initialized using 'CodeIgniter\Session\Handlers\FileHandler' driver.
INFO - 2024-05-15 01:17:45 --> Session: Class initialized using 'CodeIgniter\Session\Handlers\FileHandler' driver.
INFO - 2024-05-15 01:17:46 --> Session: Class initialized using 'CodeIgniter\Session\Handlers\FileHandler' driver.
INFO - 2024-05-15 01:17:51 --> Session: Class initialized using 'CodeIgniter\Session\Handlers\FileHandler' driver.
INFO - 2024-05-15 01:17:55 --> Session: Class initialized using 'CodeIgniter\Session\Handlers\FileHandler' driver.
INFO - 2024-05-15 01:17:56 --> Session: Class initialized using 'CodeIgniter\Session\Handlers\FileHandler' driver.
INFO - 2024-05-15 01:17:56 --> Session: Class initialized using 'CodeIgniter\Session\Handlers\FileHandler' driver.
INFO - 2024-05-15 01:17:59 --> Session: Class initialized using 'CodeIgniter\Session\Handlers\FileHandler' driver.
INFO - 2024-05-15 01:17:59 --> Session: Class initialized using 'CodeIgniter\Session\Handlers\FileHandler' driver.
INFO - 2024-05-15 01:18:03 --> Session: Class initialized using 'CodeIgniter\Session\Handlers\FileHandler' driver.
INFO - 2024-05-15 01:18:10 --> Session: Class initialized using 'CodeIgniter\Session\Handlers\FileHandler' driver.
INFO - 2024-05-15 01:18:10 --> Session: Class initialized using 'CodeIgniter\Session\Handlers\FileHandler' driver.
INFO - 2024-05-15 01:18:12 --> Session: Class initialized using 'CodeIgniter\Session\Handlers\FileHandler' driver.
INFO - 2024-05-15 01:18:12 --> Session: Class initialized using 'CodeIgniter\Session\Handlers\FileHandler' driver.
ERROR - 2024-05-15 01:18:12 --> mysqli_sql_exception: Unknown column 't3.rn' in 'on clause' in /home/validas1/ci4_core/system/Database/MySQLi/Connection.php:295
Stack trace:
#0 /home/validas1/ci4_core/system/Database/MySQLi/Connection.php(295): mysqli->query('SELECT \t\t \r\n   ...', 0)
#1 /home/validas1/ci4_core/system/Database/BaseConnection.php(692): CodeIgniter\Database\MySQLi\Connection->execute('SELECT \t\t \r\n   ...')
#2 /home/validas1/ci4_core/system/Database/BaseConnection.php(606): CodeIgniter\Database\BaseConnection->simpleQuery('SELECT \t\t \r\n   ...')
#3 /home/validas1/ci4_core/app/Models/PpojModel.php(373): CodeIgniter\Database\BaseConnection->query('SELECT \t\t \r\n   ...')
#4 /home/validas1/ci4_core/app/Models/PpojModel.php(344): App\Models\PpojModel->DataSuhuRH('( select \r\n    ...', '(select \r\n     ...', ' ( select \r\n   ...', '( select \r\n    ...', '3', 't4', 't1', 't2', 't3')
#5 /home/validas1/ci4_core/app/Controllers/DataPpoj.php(109): App\Models\PpojModel->DataPDF(0, 0, 0, 1, '3')
#6 /home/validas1/ci4_core/system/CodeIgniter.php(932): App\Controllers\DataPpoj->Detail('3')
#7 /home/validas1/ci4_core/system/CodeIgniter.php(497): CodeIgniter\CodeIgniter->runController(Object(App\Controllers\DataPpoj))
#8 /home/validas1/ci4_core/system/CodeIgniter.php(366): CodeIgniter\CodeIgniter->handleRequest(NULL, Object(Config\Cache), false)
#9 /home/validas1/ereport.validasickr.my.id/index.php(79): CodeIgniter\CodeIgniter->run()
#10 {main}
CRITICAL - 2024-05-15 01:18:12 --> Unknown column 't3.rn' in 'on clause'
in SYSTEMPATH/Database/MySQLi/Connection.php on line 295.
 1 SYSTEMPATH/Database/MySQLi/Connection.php(295): mysqli->query('SELECT 		 
        DAP.KELAS,
        DAP.ID ID_PPOJ,
        t1.SUHU_MIN, 
        t1.SUHU_MAX, 
        t2.RH_MIN, 
        t2.RH_MAX,
        t3.HASIL_TPC CAPAR_TPC,
        t3.HASIL_KK CAPAR_KK,
        t4.HASIL_TPC MIKRO_TPC,
        t4.HASIL_KK MIKRO_KK
    FROM 
    data_awal_ppoj DAP 
    LEFT JOIN 
    ( select 
      ID_PPOJ, 
      ROW_NUMBER() over (partition by ID_PPOJ order by HASIL_TPC) as rn, 
      HASIL_TPC, 
      HASIL_KK 
    from mikro_volumetrik ) t4 ON DAP.id = t4.ID_PPOJ left join 
    (select 
      ID_PPOJ, 
      ROW_NUMBER() over (partition by ID_PPOJ order by SUHU_MIN) as rn, 
      SUHU_MIN, 
      SUHU_MAX 
    from 
      suhu ) t1 on DAP.id = t1.ID_PPOJ   and t1.rn = t2.rn LEFT join 
     ( select 
      ID_PPOJ, 
      ROW_NUMBER() over (partition by ID_PPOJ order by RH_MIN) as rn, 
      RH_MIN, 
      RH_MAX 
    from rh ) t2 ON DAP.id = t2.id_ppoj AND t2.rn = t3.rn left JOIN
    ( select 
      ID_PPOJ, 
      ROW_NUMBER() over (partition by ID_PPOJ order by HASIL_TPC) as rn, 
      HASIL_TPC, 
      HASIL_KK 
    from mikro_capar ) t3 ON DAP.id = t3.id_ppoj AND t3.rn = t4.rn
      
      WHERE 
        DAP.id =3;
      ', 0)
 2 SYSTEMPATH/Database/BaseConnection.php(692): CodeIgniter\Database\MySQLi\Connection->execute('SELECT 		 
        DAP.KELAS,
        DAP.ID ID_PPOJ,
        t1.SUHU_MIN, 
        t1.SUHU_MAX, 
        t2.RH_MIN, 
        t2.RH_MAX,
        t3.HASIL_TPC CAPAR_TPC,
        t3.HASIL_KK CAPAR_KK,
        t4.HASIL_TPC MIKRO_TPC,
        t4.HASIL_KK MIKRO_KK
    FROM 
    data_awal_ppoj DAP 
    LEFT JOIN 
    ( select 
      ID_PPOJ, 
      ROW_NUMBER() over (partition by ID_PPOJ order by HASIL_TPC) as rn, 
      HASIL_TPC, 
      HASIL_KK 
    from mikro_volumetrik ) t4 ON DAP.id = t4.ID_PPOJ left join 
    (select 
      ID_PPOJ, 
      ROW_NUMBER() over (partition by ID_PPOJ order by SUHU_MIN) as rn, 
      SUHU_MIN, 
      SUHU_MAX 
    from 
      suhu ) t1 on DAP.id = t1.ID_PPOJ   and t1.rn = t2.rn LEFT join 
     ( select 
      ID_PPOJ, 
      ROW_NUMBER() over (partition by ID_PPOJ order by RH_MIN) as rn, 
      RH_MIN, 
      RH_MAX 
    from rh ) t2 ON DAP.id = t2.id_ppoj AND t2.rn = t3.rn left JOIN
    ( select 
      ID_PPOJ, 
      ROW_NUMBER() over (partition by ID_PPOJ order by HASIL_TPC) as rn, 
      HASIL_TPC, 
      HASIL_KK 
    from mikro_capar ) t3 ON DAP.id = t3.id_ppoj AND t3.rn = t4.rn
      
      WHERE 
        DAP.id =3;
      ')
 3 SYSTEMPATH/Database/BaseConnection.php(606): CodeIgniter\Database\BaseConnection->simpleQuery('SELECT 		 
        DAP.KELAS,
        DAP.ID ID_PPOJ,
        t1.SUHU_MIN, 
        t1.SUHU_MAX, 
        t2.RH_MIN, 
        t2.RH_MAX,
        t3.HASIL_TPC CAPAR_TPC,
        t3.HASIL_KK CAPAR_KK,
        t4.HASIL_TPC MIKRO_TPC,
        t4.HASIL_KK MIKRO_KK
    FROM 
    data_awal_ppoj DAP 
    LEFT JOIN 
    ( select 
      ID_PPOJ, 
      ROW_NUMBER() over (partition by ID_PPOJ order by HASIL_TPC) as rn, 
      HASIL_TPC, 
      HASIL_KK 
    from mikro_volumetrik ) t4 ON DAP.id = t4.ID_PPOJ left join 
    (select 
      ID_PPOJ, 
      ROW_NUMBER() over (partition by ID_PPOJ order by SUHU_MIN) as rn, 
      SUHU_MIN, 
      SUHU_MAX 
    from 
      suhu ) t1 on DAP.id = t1.ID_PPOJ   and t1.rn = t2.rn LEFT join 
     ( select 
      ID_PPOJ, 
      ROW_NUMBER() over (partition by ID_PPOJ order by RH_MIN) as rn, 
      RH_MIN, 
      RH_MAX 
    from rh ) t2 ON DAP.id = t2.id_ppoj AND t2.rn = t3.rn left JOIN
    ( select 
      ID_PPOJ, 
      ROW_NUMBER() over (partition by ID_PPOJ order by HASIL_TPC) as rn, 
      HASIL_TPC, 
      HASIL_KK 
    from mikro_capar ) t3 ON DAP.id = t3.id_ppoj AND t3.rn = t4.rn
      
      WHERE 
        DAP.id =3;
      ')
 4 APPPATH/Models/PpojModel.php(373): CodeIgniter\Database\BaseConnection->query('SELECT 		 
        DAP.KELAS,
        DAP.ID ID_PPOJ,
        t1.SUHU_MIN, 
        t1.SUHU_MAX, 
        t2.RH_MIN, 
        t2.RH_MAX,
        t3.HASIL_TPC CAPAR_TPC,
        t3.HASIL_KK CAPAR_KK,
        t4.HASIL_TPC MIKRO_TPC,
        t4.HASIL_KK MIKRO_KK
    FROM 
    data_awal_ppoj DAP 
    LEFT JOIN 
    ( select 
      ID_PPOJ, 
      ROW_NUMBER() over (partition by ID_PPOJ order by HASIL_TPC) as rn, 
      HASIL_TPC, 
      HASIL_KK 
    from mikro_volumetrik ) t4 ON DAP.id = t4.ID_PPOJ left join 
    (select 
      ID_PPOJ, 
      ROW_NUMBER() over (partition by ID_PPOJ order by SUHU_MIN) as rn, 
      SUHU_MIN, 
      SUHU_MAX 
    from 
      suhu ) t1 on DAP.id = t1.ID_PPOJ   and t1.rn = t2.rn LEFT join 
     ( select 
      ID_PPOJ, 
      ROW_NUMBER() over (partition by ID_PPOJ order by RH_MIN) as rn, 
      RH_MIN, 
      RH_MAX 
    from rh ) t2 ON DAP.id = t2.id_ppoj AND t2.rn = t3.rn left JOIN
    ( select 
      ID_PPOJ, 
      ROW_NUMBER() over (partition by ID_PPOJ order by HASIL_TPC) as rn, 
      HASIL_TPC, 
      HASIL_KK 
    from mikro_capar ) t3 ON DAP.id = t3.id_ppoj AND t3.rn = t4.rn
      
      WHERE 
        DAP.id =3;
      ')
 5 APPPATH/Models/PpojModel.php(344): App\Models\PpojModel->DataSuhuRH('( select 
      ID_PPOJ, 
      ROW_NUMBER() over (partition by ID_PPOJ order by HASIL_TPC) as rn, 
      HASIL_TPC, 
      HASIL_KK 
    from mikro_volumetrik )', '(select 
      ID_PPOJ, 
      ROW_NUMBER() over (partition by ID_PPOJ order by SUHU_MIN) as rn, 
      SUHU_MIN, 
      SUHU_MAX 
    from 
      suhu )', ' ( select 
      ID_PPOJ, 
      ROW_NUMBER() over (partition by ID_PPOJ order by RH_MIN) as rn, 
      RH_MIN, 
      RH_MAX 
    from rh )', '( select 
      ID_PPOJ, 
      ROW_NUMBER() over (partition by ID_PPOJ order by HASIL_TPC) as rn, 
      HASIL_TPC, 
      HASIL_KK 
    from mikro_capar )', '3', 't4', 't1', 't2', 't3')
 6 APPPATH/Controllers/DataPpoj.php(109): App\Models\PpojModel->DataPDF(0, 0, 0, 1, '3')
 7 SYSTEMPATH/CodeIgniter.php(932): App\Controllers\DataPpoj->Detail('3')
 8 SYSTEMPATH/CodeIgniter.php(497): CodeIgniter\CodeIgniter->runController(Object(App\Controllers\DataPpoj))
 9 SYSTEMPATH/CodeIgniter.php(366): CodeIgniter\CodeIgniter->handleRequest(null, Object(Config\Cache), false)
10 FCPATH/index.php(79): CodeIgniter\CodeIgniter->run()
INFO - 2024-05-15 01:18:15 --> Session: Class initialized using 'CodeIgniter\Session\Handlers\FileHandler' driver.
INFO - 2024-05-15 01:18:17 --> Session: Class initialized using 'CodeIgniter\Session\Handlers\FileHandler' driver.
INFO - 2024-05-15 01:18:20 --> Session: Class initialized using 'CodeIgniter\Session\Handlers\FileHandler' driver.
INFO - 2024-05-15 01:18:21 --> Session: Class initialized using 'CodeIgniter\Session\Handlers\FileHandler' driver.
INFO - 2024-05-15 01:18:22 --> Session: Class initialized using 'CodeIgniter\Session\Handlers\FileHandler' driver.
ERROR - 2024-05-15 01:18:22 --> mysqli_sql_exception: Unknown column 't3.rn' in 'on clause' in /home/validas1/ci4_core/system/Database/MySQLi/Connection.php:295
Stack trace:
#0 /home/validas1/ci4_core/system/Database/MySQLi/Connection.php(295): mysqli->query('SELECT \t\t \r\n   ...', 0)
#1 /home/validas1/ci4_core/system/Database/BaseConnection.php(692): CodeIgniter\Database\MySQLi\Connection->execute('SELECT \t\t \r\n   ...')
#2 /home/validas1/ci4_core/system/Database/BaseConnection.php(606): CodeIgniter\Database\BaseConnection->simpleQuery('SELECT \t\t \r\n   ...')
#3 /home/validas1/ci4_core/app/Models/PpojModel.php(373): CodeIgniter\Database\BaseConnection->query('SELECT \t\t \r\n   ...')
#4 /home/validas1/ci4_core/app/Models/PpojModel.php(344): App\Models\PpojModel->DataSuhuRH('( select \r\n    ...', '(select \r\n     ...', ' ( select \r\n   ...', '( select \r\n    ...', '2', 't4', 't1', 't2', 't3')
#5 /home/validas1/ci4_core/app/Controllers/DataPpoj.php(109): App\Models\PpojModel->DataPDF(0, 0, 0, 1, '2')
#6 /home/validas1/ci4_core/system/CodeIgniter.php(932): App\Controllers\DataPpoj->Detail('2')
#7 /home/validas1/ci4_core/system/CodeIgniter.php(497): CodeIgniter\CodeIgniter->runController(Object(App\Controllers\DataPpoj))
#8 /home/validas1/ci4_core/system/CodeIgniter.php(366): CodeIgniter\CodeIgniter->handleRequest(NULL, Object(Config\Cache), false)
#9 /home/validas1/ereport.validasickr.my.id/index.php(79): CodeIgniter\CodeIgniter->run()
#10 {main}
CRITICAL - 2024-05-15 01:18:22 --> Unknown column 't3.rn' in 'on clause'
in SYSTEMPATH/Database/MySQLi/Connection.php on line 295.
 1 SYSTEMPATH/Database/MySQLi/Connection.php(295): mysqli->query('SELECT 		 
        DAP.KELAS,
        DAP.ID ID_PPOJ,
        t1.SUHU_MIN, 
        t1.SUHU_MAX, 
        t2.RH_MIN, 
        t2.RH_MAX,
        t3.HASIL_TPC CAPAR_TPC,
        t3.HASIL_KK CAPAR_KK,
        t4.HASIL_TPC MIKRO_TPC,
        t4.HASIL_KK MIKRO_KK
    FROM 
    data_awal_ppoj DAP 
    LEFT JOIN 
    ( select 
      ID_PPOJ, 
      ROW_NUMBER() over (partition by ID_PPOJ order by HASIL_TPC) as rn, 
      HASIL_TPC, 
      HASIL_KK 
    from mikro_volumetrik ) t4 ON DAP.id = t4.ID_PPOJ left join 
    (select 
      ID_PPOJ, 
      ROW_NUMBER() over (partition by ID_PPOJ order by SUHU_MIN) as rn, 
      SUHU_MIN, 
      SUHU_MAX 
    from 
      suhu ) t1 on DAP.id = t1.ID_PPOJ   and t1.rn = t2.rn LEFT join 
     ( select 
      ID_PPOJ, 
      ROW_NUMBER() over (partition by ID_PPOJ order by RH_MIN) as rn, 
      RH_MIN, 
      RH_MAX 
    from rh ) t2 ON DAP.id = t2.id_ppoj AND t2.rn = t3.rn left JOIN
    ( select 
      ID_PPOJ, 
      ROW_NUMBER() over (partition by ID_PPOJ order by HASIL_TPC) as rn, 
      HASIL_TPC, 
      HASIL_KK 
    from mikro_capar ) t3 ON DAP.id = t3.id_ppoj AND t3.rn = t4.rn
      
      WHERE 
        DAP.id =2;
      ', 0)
 2 SYSTEMPATH/Database/BaseConnection.php(692): CodeIgniter\Database\MySQLi\Connection->execute('SELECT 		 
        DAP.KELAS,
        DAP.ID ID_PPOJ,
        t1.SUHU_MIN, 
        t1.SUHU_MAX, 
        t2.RH_MIN, 
        t2.RH_MAX,
        t3.HASIL_TPC CAPAR_TPC,
        t3.HASIL_KK CAPAR_KK,
        t4.HASIL_TPC MIKRO_TPC,
        t4.HASIL_KK MIKRO_KK
    FROM 
    data_awal_ppoj DAP 
    LEFT JOIN 
    ( select 
      ID_PPOJ, 
      ROW_NUMBER() over (partition by ID_PPOJ order by HASIL_TPC) as rn, 
      HASIL_TPC, 
      HASIL_KK 
    from mikro_volumetrik ) t4 ON DAP.id = t4.ID_PPOJ left join 
    (select 
      ID_PPOJ, 
      ROW_NUMBER() over (partition by ID_PPOJ order by SUHU_MIN) as rn, 
      SUHU_MIN, 
      SUHU_MAX 
    from 
      suhu ) t1 on DAP.id = t1.ID_PPOJ   and t1.rn = t2.rn LEFT join 
     ( select 
      ID_PPOJ, 
      ROW_NUMBER() over (partition by ID_PPOJ order by RH_MIN) as rn, 
      RH_MIN, 
      RH_MAX 
    from rh ) t2 ON DAP.id = t2.id_ppoj AND t2.rn = t3.rn left JOIN
    ( select 
      ID_PPOJ, 
      ROW_NUMBER() over (partition by ID_PPOJ order by HASIL_TPC) as rn, 
      HASIL_TPC, 
      HASIL_KK 
    from mikro_capar ) t3 ON DAP.id = t3.id_ppoj AND t3.rn = t4.rn
      
      WHERE 
        DAP.id =2;
      ')
 3 SYSTEMPATH/Database/BaseConnection.php(606): CodeIgniter\Database\BaseConnection->simpleQuery('SELECT 		 
        DAP.KELAS,
        DAP.ID ID_PPOJ,
        t1.SUHU_MIN, 
        t1.SUHU_MAX, 
        t2.RH_MIN, 
        t2.RH_MAX,
        t3.HASIL_TPC CAPAR_TPC,
        t3.HASIL_KK CAPAR_KK,
        t4.HASIL_TPC MIKRO_TPC,
        t4.HASIL_KK MIKRO_KK
    FROM 
    data_awal_ppoj DAP 
    LEFT JOIN 
    ( select 
      ID_PPOJ, 
      ROW_NUMBER() over (partition by ID_PPOJ order by HASIL_TPC) as rn, 
      HASIL_TPC, 
      HASIL_KK 
    from mikro_volumetrik ) t4 ON DAP.id = t4.ID_PPOJ left join 
    (select 
      ID_PPOJ, 
      ROW_NUMBER() over (partition by ID_PPOJ order by SUHU_MIN) as rn, 
      SUHU_MIN, 
      SUHU_MAX 
    from 
      suhu ) t1 on DAP.id = t1.ID_PPOJ   and t1.rn = t2.rn LEFT join 
     ( select 
      ID_PPOJ, 
      ROW_NUMBER() over (partition by ID_PPOJ order by RH_MIN) as rn, 
      RH_MIN, 
      RH_MAX 
    from rh ) t2 ON DAP.id = t2.id_ppoj AND t2.rn = t3.rn left JOIN
    ( select 
      ID_PPOJ, 
      ROW_NUMBER() over (partition by ID_PPOJ order by HASIL_TPC) as rn, 
      HASIL_TPC, 
      HASIL_KK 
    from mikro_capar ) t3 ON DAP.id = t3.id_ppoj AND t3.rn = t4.rn
      
      WHERE 
        DAP.id =2;
      ')
 4 APPPATH/Models/PpojModel.php(373): CodeIgniter\Database\BaseConnection->query('SELECT 		 
        DAP.KELAS,
        DAP.ID ID_PPOJ,
        t1.SUHU_MIN, 
        t1.SUHU_MAX, 
        t2.RH_MIN, 
        t2.RH_MAX,
        t3.HASIL_TPC CAPAR_TPC,
        t3.HASIL_KK CAPAR_KK,
        t4.HASIL_TPC MIKRO_TPC,
        t4.HASIL_KK MIKRO_KK
    FROM 
    data_awal_ppoj DAP 
    LEFT JOIN 
    ( select 
      ID_PPOJ, 
      ROW_NUMBER() over (partition by ID_PPOJ order by HASIL_TPC) as rn, 
      HASIL_TPC, 
      HASIL_KK 
    from mikro_volumetrik ) t4 ON DAP.id = t4.ID_PPOJ left join 
    (select 
      ID_PPOJ, 
      ROW_NUMBER() over (partition by ID_PPOJ order by SUHU_MIN) as rn, 
      SUHU_MIN, 
      SUHU_MAX 
    from 
      suhu ) t1 on DAP.id = t1.ID_PPOJ   and t1.rn = t2.rn LEFT join 
     ( select 
      ID_PPOJ, 
      ROW_NUMBER() over (partition by ID_PPOJ order by RH_MIN) as rn, 
      RH_MIN, 
      RH_MAX 
    from rh ) t2 ON DAP.id = t2.id_ppoj AND t2.rn = t3.rn left JOIN
    ( select 
      ID_PPOJ, 
      ROW_NUMBER() over (partition by ID_PPOJ order by HASIL_TPC) as rn, 
      HASIL_TPC, 
      HASIL_KK 
    from mikro_capar ) t3 ON DAP.id = t3.id_ppoj AND t3.rn = t4.rn
      
      WHERE 
        DAP.id =2;
      ')
 5 APPPATH/Models/PpojModel.php(344): App\Models\PpojModel->DataSuhuRH('( select 
      ID_PPOJ, 
      ROW_NUMBER() over (partition by ID_PPOJ order by HASIL_TPC) as rn, 
      HASIL_TPC, 
      HASIL_KK 
    from mikro_volumetrik )', '(select 
      ID_PPOJ, 
      ROW_NUMBER() over (partition by ID_PPOJ order by SUHU_MIN) as rn, 
      SUHU_MIN, 
      SUHU_MAX 
    from 
      suhu )', ' ( select 
      ID_PPOJ, 
      ROW_NUMBER() over (partition by ID_PPOJ order by RH_MIN) as rn, 
      RH_MIN, 
      RH_MAX 
    from rh )', '( select 
      ID_PPOJ, 
      ROW_NUMBER() over (partition by ID_PPOJ order by HASIL_TPC) as rn, 
      HASIL_TPC, 
      HASIL_KK 
    from mikro_capar )', '2', 't4', 't1', 't2', 't3')
 6 APPPATH/Controllers/DataPpoj.php(109): App\Models\PpojModel->DataPDF(0, 0, 0, 1, '2')
 7 SYSTEMPATH/CodeIgniter.php(932): App\Controllers\DataPpoj->Detail('2')
 8 SYSTEMPATH/CodeIgniter.php(497): CodeIgniter\CodeIgniter->runController(Object(App\Controllers\DataPpoj))
 9 SYSTEMPATH/CodeIgniter.php(366): CodeIgniter\CodeIgniter->handleRequest(null, Object(Config\Cache), false)
10 FCPATH/index.php(79): CodeIgniter\CodeIgniter->run()
INFO - 2024-05-15 01:18:26 --> Session: Class initialized using 'CodeIgniter\Session\Handlers\FileHandler' driver.
INFO - 2024-05-15 01:19:07 --> Session: Class initialized using 'CodeIgniter\Session\Handlers\FileHandler' driver.
INFO - 2024-05-15 01:19:16 --> Session: Class initialized using 'CodeIgniter\Session\Handlers\FileHandler' driver.
INFO - 2024-05-15 01:19:18 --> Session: Class initialized using 'CodeIgniter\Session\Handlers\FileHandler' driver.
INFO - 2024-05-15 01:19:25 --> Session: Class initialized using 'CodeIgniter\Session\Handlers\FileHandler' driver.
INFO - 2024-05-15 01:19:25 --> Session: Class initialized using 'CodeIgniter\Session\Handlers\FileHandler' driver.
INFO - 2024-05-15 01:19:27 --> Session: Class initialized using 'CodeIgniter\Session\Handlers\FileHandler' driver.
INFO - 2024-05-15 01:19:29 --> Session: Class initialized using 'CodeIgniter\Session\Handlers\FileHandler' driver.
INFO - 2024-05-15 01:19:30 --> Session: Class initialized using 'CodeIgniter\Session\Handlers\FileHandler' driver.
INFO - 2024-05-15 01:19:31 --> Session: Class initialized using 'CodeIgniter\Session\Handlers\FileHandler' driver.
INFO - 2024-05-15 01:19:39 --> Session: Class initialized using 'CodeIgniter\Session\Handlers\FileHandler' driver.
INFO - 2024-05-15 01:19:39 --> Session: Class initialized using 'CodeIgniter\Session\Handlers\FileHandler' driver.
INFO - 2024-05-15 01:19:39 --> Session: Class initialized using 'CodeIgniter\Session\Handlers\FileHandler' driver.
INFO - 2024-05-15 01:19:49 --> Session: Class initialized using 'CodeIgniter\Session\Handlers\FileHandler' driver.
INFO - 2024-05-15 01:19:50 --> Session: Class initialized using 'CodeIgniter\Session\Handlers\FileHandler' driver.
INFO - 2024-05-15 01:19:53 --> Session: Class initialized using 'CodeIgniter\Session\Handlers\FileHandler' driver.
INFO - 2024-05-15 01:19:54 --> Session: Class initialized using 'CodeIgniter\Session\Handlers\FileHandler' driver.
INFO - 2024-05-15 01:20:06 --> Session: Class initialized using 'CodeIgniter\Session\Handlers\FileHandler' driver.
INFO - 2024-05-15 01:20:06 --> Session: Class initialized using 'CodeIgniter\Session\Handlers\FileHandler' driver.
INFO - 2024-05-15 01:20:09 --> Session: Class initialized using 'CodeIgniter\Session\Handlers\FileHandler' driver.
INFO - 2024-05-15 01:20:21 --> Session: Class initialized using 'CodeIgniter\Session\Handlers\FileHandler' driver.
INFO - 2024-05-15 01:20:22 --> Session: Class initialized using 'CodeIgniter\Session\Handlers\FileHandler' driver.
INFO - 2024-05-15 01:20:28 --> Session: Class initialized using 'CodeIgniter\Session\Handlers\FileHandler' driver.
INFO - 2024-05-15 01:20:32 --> Session: Class initialized using 'CodeIgniter\Session\Handlers\FileHandler' driver.
INFO - 2024-05-15 01:20:34 --> Session: Class initialized using 'CodeIgniter\Session\Handlers\FileHandler' driver.
ERROR - 2024-05-15 01:20:34 --> mysqli_sql_exception: Unknown column 't3.rn' in 'on clause' in /home/validas1/ci4_core/system/Database/MySQLi/Connection.php:295
Stack trace:
#0 /home/validas1/ci4_core/system/Database/MySQLi/Connection.php(295): mysqli->query('SELECT \t\t \r\n   ...', 0)
#1 /home/validas1/ci4_core/system/Database/BaseConnection.php(692): CodeIgniter\Database\MySQLi\Connection->execute('SELECT \t\t \r\n   ...')
#2 /home/validas1/ci4_core/system/Database/BaseConnection.php(606): CodeIgniter\Database\BaseConnection->simpleQuery('SELECT \t\t \r\n   ...')
#3 /home/validas1/ci4_core/app/Models/PpojModel.php(373): CodeIgniter\Database\BaseConnection->query('SELECT \t\t \r\n   ...')
#4 /home/validas1/ci4_core/app/Models/PpojModel.php(344): App\Models\PpojModel->DataSuhuRH('( select \r\n    ...', '(select \r\n     ...', ' ( select \r\n   ...', '( select \r\n    ...', '2', 't4', 't1', 't2', 't3')
#5 /home/validas1/ci4_core/app/Controllers/DataPpoj.php(109): App\Models\PpojModel->DataPDF(0, 0, 0, 2, '2')
#6 /home/validas1/ci4_core/system/CodeIgniter.php(932): App\Controllers\DataPpoj->Detail('2')
#7 /home/validas1/ci4_core/system/CodeIgniter.php(497): CodeIgniter\CodeIgniter->runController(Object(App\Controllers\DataPpoj))
#8 /home/validas1/ci4_core/system/CodeIgniter.php(366): CodeIgniter\CodeIgniter->handleRequest(NULL, Object(Config\Cache), false)
#9 /home/validas1/ereport.validasickr.my.id/index.php(79): CodeIgniter\CodeIgniter->run()
#10 {main}
CRITICAL - 2024-05-15 01:20:34 --> Unknown column 't3.rn' in 'on clause'
in SYSTEMPATH/Database/MySQLi/Connection.php on line 295.
 1 SYSTEMPATH/Database/MySQLi/Connection.php(295): mysqli->query('SELECT 		 
        DAP.KELAS,
        DAP.ID ID_PPOJ,
        t1.SUHU_MIN, 
        t1.SUHU_MAX, 
        t2.RH_MIN, 
        t2.RH_MAX,
        t3.HASIL_TPC CAPAR_TPC,
        t3.HASIL_KK CAPAR_KK,
        t4.HASIL_TPC MIKRO_TPC,
        t4.HASIL_KK MIKRO_KK
    FROM 
    data_awal_ppoj DAP 
    LEFT JOIN 
    ( select 
      ID_PPOJ, 
      ROW_NUMBER() over (partition by ID_PPOJ order by HASIL_TPC) as rn, 
      HASIL_TPC, 
      HASIL_KK 
    from mikro_volumetrik ) t4 ON DAP.id = t4.ID_PPOJ left join 
    (select 
      ID_PPOJ, 
      ROW_NUMBER() over (partition by ID_PPOJ order by SUHU_MIN) as rn, 
      SUHU_MIN, 
      SUHU_MAX 
    from 
      suhu ) t1 on DAP.id = t1.ID_PPOJ   and t1.rn = t2.rn LEFT join 
     ( select 
      ID_PPOJ, 
      ROW_NUMBER() over (partition by ID_PPOJ order by RH_MIN) as rn, 
      RH_MIN, 
      RH_MAX 
    from rh ) t2 ON DAP.id = t2.id_ppoj AND t2.rn = t3.rn left JOIN
    ( select 
      ID_PPOJ, 
      ROW_NUMBER() over (partition by ID_PPOJ order by HASIL_TPC) as rn, 
      HASIL_TPC, 
      HASIL_KK 
    from mikro_capar ) t3 ON DAP.id = t3.id_ppoj AND t3.rn = t4.rn
      
      WHERE 
        DAP.id =2;
      ', 0)
 2 SYSTEMPATH/Database/BaseConnection.php(692): CodeIgniter\Database\MySQLi\Connection->execute('SELECT 		 
        DAP.KELAS,
        DAP.ID ID_PPOJ,
        t1.SUHU_MIN, 
        t1.SUHU_MAX, 
        t2.RH_MIN, 
        t2.RH_MAX,
        t3.HASIL_TPC CAPAR_TPC,
        t3.HASIL_KK CAPAR_KK,
        t4.HASIL_TPC MIKRO_TPC,
        t4.HASIL_KK MIKRO_KK
    FROM 
    data_awal_ppoj DAP 
    LEFT JOIN 
    ( select 
      ID_PPOJ, 
      ROW_NUMBER() over (partition by ID_PPOJ order by HASIL_TPC) as rn, 
      HASIL_TPC, 
      HASIL_KK 
    from mikro_volumetrik ) t4 ON DAP.id = t4.ID_PPOJ left join 
    (select 
      ID_PPOJ, 
      ROW_NUMBER() over (partition by ID_PPOJ order by SUHU_MIN) as rn, 
      SUHU_MIN, 
      SUHU_MAX 
    from 
      suhu ) t1 on DAP.id = t1.ID_PPOJ   and t1.rn = t2.rn LEFT join 
     ( select 
      ID_PPOJ, 
      ROW_NUMBER() over (partition by ID_PPOJ order by RH_MIN) as rn, 
      RH_MIN, 
      RH_MAX 
    from rh ) t2 ON DAP.id = t2.id_ppoj AND t2.rn = t3.rn left JOIN
    ( select 
      ID_PPOJ, 
      ROW_NUMBER() over (partition by ID_PPOJ order by HASIL_TPC) as rn, 
      HASIL_TPC, 
      HASIL_KK 
    from mikro_capar ) t3 ON DAP.id = t3.id_ppoj AND t3.rn = t4.rn
      
      WHERE 
        DAP.id =2;
      ')
 3 SYSTEMPATH/Database/BaseConnection.php(606): CodeIgniter\Database\BaseConnection->simpleQuery('SELECT 		 
        DAP.KELAS,
        DAP.ID ID_PPOJ,
        t1.SUHU_MIN, 
        t1.SUHU_MAX, 
        t2.RH_MIN, 
        t2.RH_MAX,
        t3.HASIL_TPC CAPAR_TPC,
        t3.HASIL_KK CAPAR_KK,
        t4.HASIL_TPC MIKRO_TPC,
        t4.HASIL_KK MIKRO_KK
    FROM 
    data_awal_ppoj DAP 
    LEFT JOIN 
    ( select 
      ID_PPOJ, 
      ROW_NUMBER() over (partition by ID_PPOJ order by HASIL_TPC) as rn, 
      HASIL_TPC, 
      HASIL_KK 
    from mikro_volumetrik ) t4 ON DAP.id = t4.ID_PPOJ left join 
    (select 
      ID_PPOJ, 
      ROW_NUMBER() over (partition by ID_PPOJ order by SUHU_MIN) as rn, 
      SUHU_MIN, 
      SUHU_MAX 
    from 
      suhu ) t1 on DAP.id = t1.ID_PPOJ   and t1.rn = t2.rn LEFT join 
     ( select 
      ID_PPOJ, 
      ROW_NUMBER() over (partition by ID_PPOJ order by RH_MIN) as rn, 
      RH_MIN, 
      RH_MAX 
    from rh ) t2 ON DAP.id = t2.id_ppoj AND t2.rn = t3.rn left JOIN
    ( select 
      ID_PPOJ, 
      ROW_NUMBER() over (partition by ID_PPOJ order by HASIL_TPC) as rn, 
      HASIL_TPC, 
      HASIL_KK 
    from mikro_capar ) t3 ON DAP.id = t3.id_ppoj AND t3.rn = t4.rn
      
      WHERE 
        DAP.id =2;
      ')
 4 APPPATH/Models/PpojModel.php(373): CodeIgniter\Database\BaseConnection->query('SELECT 		 
        DAP.KELAS,
        DAP.ID ID_PPOJ,
        t1.SUHU_MIN, 
        t1.SUHU_MAX, 
        t2.RH_MIN, 
        t2.RH_MAX,
        t3.HASIL_TPC CAPAR_TPC,
        t3.HASIL_KK CAPAR_KK,
        t4.HASIL_TPC MIKRO_TPC,
        t4.HASIL_KK MIKRO_KK
    FROM 
    data_awal_ppoj DAP 
    LEFT JOIN 
    ( select 
      ID_PPOJ, 
      ROW_NUMBER() over (partition by ID_PPOJ order by HASIL_TPC) as rn, 
      HASIL_TPC, 
      HASIL_KK 
    from mikro_volumetrik ) t4 ON DAP.id = t4.ID_PPOJ left join 
    (select 
      ID_PPOJ, 
      ROW_NUMBER() over (partition by ID_PPOJ order by SUHU_MIN) as rn, 
      SUHU_MIN, 
      SUHU_MAX 
    from 
      suhu ) t1 on DAP.id = t1.ID_PPOJ   and t1.rn = t2.rn LEFT join 
     ( select 
      ID_PPOJ, 
      ROW_NUMBER() over (partition by ID_PPOJ order by RH_MIN) as rn, 
      RH_MIN, 
      RH_MAX 
    from rh ) t2 ON DAP.id = t2.id_ppoj AND t2.rn = t3.rn left JOIN
    ( select 
      ID_PPOJ, 
      ROW_NUMBER() over (partition by ID_PPOJ order by HASIL_TPC) as rn, 
      HASIL_TPC, 
      HASIL_KK 
    from mikro_capar ) t3 ON DAP.id = t3.id_ppoj AND t3.rn = t4.rn
      
      WHERE 
        DAP.id =2;
      ')
 5 APPPATH/Models/PpojModel.php(344): App\Models\PpojModel->DataSuhuRH('( select 
      ID_PPOJ, 
      ROW_NUMBER() over (partition by ID_PPOJ order by HASIL_TPC) as rn, 
      HASIL_TPC, 
      HASIL_KK 
    from mikro_volumetrik )', '(select 
      ID_PPOJ, 
      ROW_NUMBER() over (partition by ID_PPOJ order by SUHU_MIN) as rn, 
      SUHU_MIN, 
      SUHU_MAX 
    from 
      suhu )', ' ( select 
      ID_PPOJ, 
      ROW_NUMBER() over (partition by ID_PPOJ order by RH_MIN) as rn, 
      RH_MIN, 
      RH_MAX 
    from rh )', '( select 
      ID_PPOJ, 
      ROW_NUMBER() over (partition by ID_PPOJ order by HASIL_TPC) as rn, 
      HASIL_TPC, 
      HASIL_KK 
    from mikro_capar )', '2', 't4', 't1', 't2', 't3')
 6 APPPATH/Controllers/DataPpoj.php(109): App\Models\PpojModel->DataPDF(0, 0, 0, 2, '2')
 7 SYSTEMPATH/CodeIgniter.php(932): App\Controllers\DataPpoj->Detail('2')
 8 SYSTEMPATH/CodeIgniter.php(497): CodeIgniter\CodeIgniter->runController(Object(App\Controllers\DataPpoj))
 9 SYSTEMPATH/CodeIgniter.php(366): CodeIgniter\CodeIgniter->handleRequest(null, Object(Config\Cache), false)
10 FCPATH/index.php(79): CodeIgniter\CodeIgniter->run()
INFO - 2024-05-15 01:20:49 --> Session: Class initialized using 'CodeIgniter\Session\Handlers\FileHandler' driver.
INFO - 2024-05-15 01:20:52 --> Session: Class initialized using 'CodeIgniter\Session\Handlers\FileHandler' driver.
INFO - 2024-05-15 01:20:53 --> Session: Class initialized using 'CodeIgniter\Session\Handlers\FileHandler' driver.
INFO - 2024-05-15 01:20:55 --> Session: Class initialized using 'CodeIgniter\Session\Handlers\FileHandler' driver.
INFO - 2024-05-15 01:20:57 --> Session: Class initialized using 'CodeIgniter\Session\Handlers\FileHandler' driver.
INFO - 2024-05-15 01:40:02 --> Session: Class initialized using 'CodeIgniter\Session\Handlers\FileHandler' driver.
INFO - 2024-05-15 01:40:03 --> Session: Class initialized using 'CodeIgniter\Session\Handlers\FileHandler' driver.
INFO - 2024-05-15 01:40:08 --> Session: Class initialized using 'CodeIgniter\Session\Handlers\FileHandler' driver.
INFO - 2024-05-15 01:40:09 --> Session: Class initialized using 'CodeIgniter\Session\Handlers\FileHandler' driver.
INFO - 2024-05-15 01:40:09 --> Session: Class initialized using 'CodeIgniter\Session\Handlers\FileHandler' driver.
INFO - 2024-05-15 01:40:13 --> Session: Class initialized using 'CodeIgniter\Session\Handlers\FileHandler' driver.
INFO - 2024-05-15 01:40:13 --> Session: Class initialized using 'CodeIgniter\Session\Handlers\FileHandler' driver.
INFO - 2024-05-15 01:40:17 --> Session: Class initialized using 'CodeIgniter\Session\Handlers\FileHandler' driver.
INFO - 2024-05-15 01:40:20 --> Session: Class initialized using 'CodeIgniter\Session\Handlers\FileHandler' driver.
INFO - 2024-05-15 01:40:22 --> Session: Class initialized using 'CodeIgniter\Session\Handlers\FileHandler' driver.
INFO - 2024-05-15 01:40:26 --> Session: Class initialized using 'CodeIgniter\Session\Handlers\FileHandler' driver.
INFO - 2024-05-15 01:40:40 --> Session: Class initialized using 'CodeIgniter\Session\Handlers\FileHandler' driver.
INFO - 2024-05-15 01:40:41 --> Session: Class initialized using 'CodeIgniter\Session\Handlers\FileHandler' driver.
INFO - 2024-05-15 01:40:50 --> Session: Class initialized using 'CodeIgniter\Session\Handlers\FileHandler' driver.
INFO - 2024-05-15 01:40:52 --> Session: Class initialized using 'CodeIgniter\Session\Handlers\FileHandler' driver.
INFO - 2024-05-15 01:40:54 --> Session: Class initialized using 'CodeIgniter\Session\Handlers\FileHandler' driver.
INFO - 2024-05-15 01:40:55 --> Session: Class initialized using 'CodeIgniter\Session\Handlers\FileHandler' driver.
INFO - 2024-05-15 01:40:57 --> Session: Class initialized using 'CodeIgniter\Session\Handlers\FileHandler' driver.
INFO - 2024-05-15 01:40:57 --> Session: Class initialized using 'CodeIgniter\Session\Handlers\FileHandler' driver.
INFO - 2024-05-15 01:40:58 --> Session: Class initialized using 'CodeIgniter\Session\Handlers\FileHandler' driver.
ERROR - 2024-05-15 01:40:58 --> mysqli_sql_exception: Unknown column 't3.rn' in 'on clause' in /home/validas1/ci4_core/system/Database/MySQLi/Connection.php:295
Stack trace:
#0 /home/validas1/ci4_core/system/Database/MySQLi/Connection.php(295): mysqli->query('SELECT \t\t \r\n   ...', 0)
#1 /home/validas1/ci4_core/system/Database/BaseConnection.php(692): CodeIgniter\Database\MySQLi\Connection->execute('SELECT \t\t \r\n   ...')
#2 /home/validas1/ci4_core/system/Database/BaseConnection.php(606): CodeIgniter\Database\BaseConnection->simpleQuery('SELECT \t\t \r\n   ...')
#3 /home/validas1/ci4_core/app/Models/PpojModel.php(373): CodeIgniter\Database\BaseConnection->query('SELECT \t\t \r\n   ...')
#4 /home/validas1/ci4_core/app/Models/PpojModel.php(344): App\Models\PpojModel->DataSuhuRH('( select \r\n    ...', '(select \r\n     ...', ' ( select \r\n   ...', '( select \r\n    ...', '2', 't4', 't1', 't2', 't3')
#5 /home/validas1/ci4_core/app/Controllers/DataPpoj.php(109): App\Models\PpojModel->DataPDF(1, 0, 0, 2, '2')
#6 /home/validas1/ci4_core/system/CodeIgniter.php(932): App\Controllers\DataPpoj->Detail('2')
#7 /home/validas1/ci4_core/system/CodeIgniter.php(497): CodeIgniter\CodeIgniter->runController(Object(App\Controllers\DataPpoj))
#8 /home/validas1/ci4_core/system/CodeIgniter.php(366): CodeIgniter\CodeIgniter->handleRequest(NULL, Object(Config\Cache), false)
#9 /home/validas1/ereport.validasickr.my.id/index.php(79): CodeIgniter\CodeIgniter->run()
#10 {main}
CRITICAL - 2024-05-15 01:40:58 --> Unknown column 't3.rn' in 'on clause'
in SYSTEMPATH/Database/MySQLi/Connection.php on line 295.
 1 SYSTEMPATH/Database/MySQLi/Connection.php(295): mysqli->query('SELECT 		 
        DAP.KELAS,
        DAP.ID ID_PPOJ,
        t1.SUHU_MIN, 
        t1.SUHU_MAX, 
        t2.RH_MIN, 
        t2.RH_MAX,
        t3.HASIL_TPC CAPAR_TPC,
        t3.HASIL_KK CAPAR_KK,
        t4.HASIL_TPC MIKRO_TPC,
        t4.HASIL_KK MIKRO_KK
    FROM 
    data_awal_ppoj DAP 
    LEFT JOIN 
    ( select 
      ID_PPOJ, 
      ROW_NUMBER() over (partition by ID_PPOJ order by HASIL_TPC) as rn, 
      HASIL_TPC, 
      HASIL_KK 
    from mikro_volumetrik ) t4 ON DAP.id = t4.ID_PPOJ left join 
    (select 
      ID_PPOJ, 
      ROW_NUMBER() over (partition by ID_PPOJ order by SUHU_MIN) as rn, 
      SUHU_MIN, 
      SUHU_MAX 
    from 
      suhu ) t1 on DAP.id = t1.ID_PPOJ   and t1.rn = t2.rn LEFT join 
     ( select 
      ID_PPOJ, 
      ROW_NUMBER() over (partition by ID_PPOJ order by RH_MIN) as rn, 
      RH_MIN, 
      RH_MAX 
    from rh ) t2 ON DAP.id = t2.id_ppoj AND t2.rn = t3.rn left JOIN
    ( select 
      ID_PPOJ, 
      ROW_NUMBER() over (partition by ID_PPOJ order by HASIL_TPC) as rn, 
      HASIL_TPC, 
      HASIL_KK 
    from mikro_capar ) t3 ON DAP.id = t3.id_ppoj AND t3.rn = t4.rn
      
      WHERE 
        DAP.id =2;
      ', 0)
 2 SYSTEMPATH/Database/BaseConnection.php(692): CodeIgniter\Database\MySQLi\Connection->execute('SELECT 		 
        DAP.KELAS,
        DAP.ID ID_PPOJ,
        t1.SUHU_MIN, 
        t1.SUHU_MAX, 
        t2.RH_MIN, 
        t2.RH_MAX,
        t3.HASIL_TPC CAPAR_TPC,
        t3.HASIL_KK CAPAR_KK,
        t4.HASIL_TPC MIKRO_TPC,
        t4.HASIL_KK MIKRO_KK
    FROM 
    data_awal_ppoj DAP 
    LEFT JOIN 
    ( select 
      ID_PPOJ, 
      ROW_NUMBER() over (partition by ID_PPOJ order by HASIL_TPC) as rn, 
      HASIL_TPC, 
      HASIL_KK 
    from mikro_volumetrik ) t4 ON DAP.id = t4.ID_PPOJ left join 
    (select 
      ID_PPOJ, 
      ROW_NUMBER() over (partition by ID_PPOJ order by SUHU_MIN) as rn, 
      SUHU_MIN, 
      SUHU_MAX 
    from 
      suhu ) t1 on DAP.id = t1.ID_PPOJ   and t1.rn = t2.rn LEFT join 
     ( select 
      ID_PPOJ, 
      ROW_NUMBER() over (partition by ID_PPOJ order by RH_MIN) as rn, 
      RH_MIN, 
      RH_MAX 
    from rh ) t2 ON DAP.id = t2.id_ppoj AND t2.rn = t3.rn left JOIN
    ( select 
      ID_PPOJ, 
      ROW_NUMBER() over (partition by ID_PPOJ order by HASIL_TPC) as rn, 
      HASIL_TPC, 
      HASIL_KK 
    from mikro_capar ) t3 ON DAP.id = t3.id_ppoj AND t3.rn = t4.rn
      
      WHERE 
        DAP.id =2;
      ')
 3 SYSTEMPATH/Database/BaseConnection.php(606): CodeIgniter\Database\BaseConnection->simpleQuery('SELECT 		 
        DAP.KELAS,
        DAP.ID ID_PPOJ,
        t1.SUHU_MIN, 
        t1.SUHU_MAX, 
        t2.RH_MIN, 
        t2.RH_MAX,
        t3.HASIL_TPC CAPAR_TPC,
        t3.HASIL_KK CAPAR_KK,
        t4.HASIL_TPC MIKRO_TPC,
        t4.HASIL_KK MIKRO_KK
    FROM 
    data_awal_ppoj DAP 
    LEFT JOIN 
    ( select 
      ID_PPOJ, 
      ROW_NUMBER() over (partition by ID_PPOJ order by HASIL_TPC) as rn, 
      HASIL_TPC, 
      HASIL_KK 
    from mikro_volumetrik ) t4 ON DAP.id = t4.ID_PPOJ left join 
    (select 
      ID_PPOJ, 
      ROW_NUMBER() over (partition by ID_PPOJ order by SUHU_MIN) as rn, 
      SUHU_MIN, 
      SUHU_MAX 
    from 
      suhu ) t1 on DAP.id = t1.ID_PPOJ   and t1.rn = t2.rn LEFT join 
     ( select 
      ID_PPOJ, 
      ROW_NUMBER() over (partition by ID_PPOJ order by RH_MIN) as rn, 
      RH_MIN, 
      RH_MAX 
    from rh ) t2 ON DAP.id = t2.id_ppoj AND t2.rn = t3.rn left JOIN
    ( select 
      ID_PPOJ, 
      ROW_NUMBER() over (partition by ID_PPOJ order by HASIL_TPC) as rn, 
      HASIL_TPC, 
      HASIL_KK 
    from mikro_capar ) t3 ON DAP.id = t3.id_ppoj AND t3.rn = t4.rn
      
      WHERE 
        DAP.id =2;
      ')
 4 APPPATH/Models/PpojModel.php(373): CodeIgniter\Database\BaseConnection->query('SELECT 		 
        DAP.KELAS,
        DAP.ID ID_PPOJ,
        t1.SUHU_MIN, 
        t1.SUHU_MAX, 
        t2.RH_MIN, 
        t2.RH_MAX,
        t3.HASIL_TPC CAPAR_TPC,
        t3.HASIL_KK CAPAR_KK,
        t4.HASIL_TPC MIKRO_TPC,
        t4.HASIL_KK MIKRO_KK
    FROM 
    data_awal_ppoj DAP 
    LEFT JOIN 
    ( select 
      ID_PPOJ, 
      ROW_NUMBER() over (partition by ID_PPOJ order by HASIL_TPC) as rn, 
      HASIL_TPC, 
      HASIL_KK 
    from mikro_volumetrik ) t4 ON DAP.id = t4.ID_PPOJ left join 
    (select 
      ID_PPOJ, 
      ROW_NUMBER() over (partition by ID_PPOJ order by SUHU_MIN) as rn, 
      SUHU_MIN, 
      SUHU_MAX 
    from 
      suhu ) t1 on DAP.id = t1.ID_PPOJ   and t1.rn = t2.rn LEFT join 
     ( select 
      ID_PPOJ, 
      ROW_NUMBER() over (partition by ID_PPOJ order by RH_MIN) as rn, 
      RH_MIN, 
      RH_MAX 
    from rh ) t2 ON DAP.id = t2.id_ppoj AND t2.rn = t3.rn left JOIN
    ( select 
      ID_PPOJ, 
      ROW_NUMBER() over (partition by ID_PPOJ order by HASIL_TPC) as rn, 
      HASIL_TPC, 
      HASIL_KK 
    from mikro_capar ) t3 ON DAP.id = t3.id_ppoj AND t3.rn = t4.rn
      
      WHERE 
        DAP.id =2;
      ')
 5 APPPATH/Models/PpojModel.php(344): App\Models\PpojModel->DataSuhuRH('( select 
      ID_PPOJ, 
      ROW_NUMBER() over (partition by ID_PPOJ order by HASIL_TPC) as rn, 
      HASIL_TPC, 
      HASIL_KK 
    from mikro_volumetrik )', '(select 
      ID_PPOJ, 
      ROW_NUMBER() over (partition by ID_PPOJ order by SUHU_MIN) as rn, 
      SUHU_MIN, 
      SUHU_MAX 
    from 
      suhu )', ' ( select 
      ID_PPOJ, 
      ROW_NUMBER() over (partition by ID_PPOJ order by RH_MIN) as rn, 
      RH_MIN, 
      RH_MAX 
    from rh )', '( select 
      ID_PPOJ, 
      ROW_NUMBER() over (partition by ID_PPOJ order by HASIL_TPC) as rn, 
      HASIL_TPC, 
      HASIL_KK 
    from mikro_capar )', '2', 't4', 't1', 't2', 't3')
 6 APPPATH/Controllers/DataPpoj.php(109): App\Models\PpojModel->DataPDF(1, 0, 0, 2, '2')
 7 SYSTEMPATH/CodeIgniter.php(932): App\Controllers\DataPpoj->Detail('2')
 8 SYSTEMPATH/CodeIgniter.php(497): CodeIgniter\CodeIgniter->runController(Object(App\Controllers\DataPpoj))
 9 SYSTEMPATH/CodeIgniter.php(366): CodeIgniter\CodeIgniter->handleRequest(null, Object(Config\Cache), false)
10 FCPATH/index.php(79): CodeIgniter\CodeIgniter->run()
INFO - 2024-05-15 01:41:04 --> Session: Class initialized using 'CodeIgniter\Session\Handlers\FileHandler' driver.
INFO - 2024-05-15 01:41:10 --> Session: Class initialized using 'CodeIgniter\Session\Handlers\FileHandler' driver.
INFO - 2024-05-15 01:41:12 --> Session: Class initialized using 'CodeIgniter\Session\Handlers\FileHandler' driver.
INFO - 2024-05-15 01:41:14 --> Session: Class initialized using 'CodeIgniter\Session\Handlers\FileHandler' driver.
INFO - 2024-05-15 01:41:18 --> Session: Class initialized using 'CodeIgniter\Session\Handlers\FileHandler' driver.
INFO - 2024-05-15 01:41:18 --> Session: Class initialized using 'CodeIgniter\Session\Handlers\FileHandler' driver.
INFO - 2024-05-15 01:41:19 --> Session: Class initialized using 'CodeIgniter\Session\Handlers\FileHandler' driver.
INFO - 2024-05-15 01:41:20 --> Session: Class initialized using 'CodeIgniter\Session\Handlers\FileHandler' driver.
ERROR - 2024-05-15 01:41:21 --> mysqli_sql_exception: Unknown column 't3.rn' in 'on clause' in /home/validas1/ci4_core/system/Database/MySQLi/Connection.php:295
Stack trace:
#0 /home/validas1/ci4_core/system/Database/MySQLi/Connection.php(295): mysqli->query('SELECT \t\t \r\n   ...', 0)
#1 /home/validas1/ci4_core/system/Database/BaseConnection.php(692): CodeIgniter\Database\MySQLi\Connection->execute('SELECT \t\t \r\n   ...')
#2 /home/validas1/ci4_core/system/Database/BaseConnection.php(606): CodeIgniter\Database\BaseConnection->simpleQuery('SELECT \t\t \r\n   ...')
#3 /home/validas1/ci4_core/app/Models/PpojModel.php(373): CodeIgniter\Database\BaseConnection->query('SELECT \t\t \r\n   ...')
#4 /home/validas1/ci4_core/app/Models/PpojModel.php(344): App\Models\PpojModel->DataSuhuRH('( select \r\n    ...', '(select \r\n     ...', ' ( select \r\n   ...', '( select \r\n    ...', '2', 't4', 't1', 't2', 't3')
#5 /home/validas1/ci4_core/app/Controllers/DataPpoj.php(109): App\Models\PpojModel->DataPDF(1, 0, 0, 2, '2')
#6 /home/validas1/ci4_core/system/CodeIgniter.php(932): App\Controllers\DataPpoj->Detail('2')
#7 /home/validas1/ci4_core/system/CodeIgniter.php(497): CodeIgniter\CodeIgniter->runController(Object(App\Controllers\DataPpoj))
#8 /home/validas1/ci4_core/system/CodeIgniter.php(366): CodeIgniter\CodeIgniter->handleRequest(NULL, Object(Config\Cache), false)
#9 /home/validas1/ereport.validasickr.my.id/index.php(79): CodeIgniter\CodeIgniter->run()
#10 {main}
CRITICAL - 2024-05-15 01:41:21 --> Unknown column 't3.rn' in 'on clause'
in SYSTEMPATH/Database/MySQLi/Connection.php on line 295.
 1 SYSTEMPATH/Database/MySQLi/Connection.php(295): mysqli->query('SELECT 		 
        DAP.KELAS,
        DAP.ID ID_PPOJ,
        t1.SUHU_MIN, 
        t1.SUHU_MAX, 
        t2.RH_MIN, 
        t2.RH_MAX,
        t3.HASIL_TPC CAPAR_TPC,
        t3.HASIL_KK CAPAR_KK,
        t4.HASIL_TPC MIKRO_TPC,
        t4.HASIL_KK MIKRO_KK
    FROM 
    data_awal_ppoj DAP 
    LEFT JOIN 
    ( select 
      ID_PPOJ, 
      ROW_NUMBER() over (partition by ID_PPOJ order by HASIL_TPC) as rn, 
      HASIL_TPC, 
      HASIL_KK 
    from mikro_volumetrik ) t4 ON DAP.id = t4.ID_PPOJ left join 
    (select 
      ID_PPOJ, 
      ROW_NUMBER() over (partition by ID_PPOJ order by SUHU_MIN) as rn, 
      SUHU_MIN, 
      SUHU_MAX 
    from 
      suhu ) t1 on DAP.id = t1.ID_PPOJ   and t1.rn = t2.rn LEFT join 
     ( select 
      ID_PPOJ, 
      ROW_NUMBER() over (partition by ID_PPOJ order by RH_MIN) as rn, 
      RH_MIN, 
      RH_MAX 
    from rh ) t2 ON DAP.id = t2.id_ppoj AND t2.rn = t3.rn left JOIN
    ( select 
      ID_PPOJ, 
      ROW_NUMBER() over (partition by ID_PPOJ order by HASIL_TPC) as rn, 
      HASIL_TPC, 
      HASIL_KK 
    from mikro_capar ) t3 ON DAP.id = t3.id_ppoj AND t3.rn = t4.rn
      
      WHERE 
        DAP.id =2;
      ', 0)
 2 SYSTEMPATH/Database/BaseConnection.php(692): CodeIgniter\Database\MySQLi\Connection->execute('SELECT 		 
        DAP.KELAS,
        DAP.ID ID_PPOJ,
        t1.SUHU_MIN, 
        t1.SUHU_MAX, 
        t2.RH_MIN, 
        t2.RH_MAX,
        t3.HASIL_TPC CAPAR_TPC,
        t3.HASIL_KK CAPAR_KK,
        t4.HASIL_TPC MIKRO_TPC,
        t4.HASIL_KK MIKRO_KK
    FROM 
    data_awal_ppoj DAP 
    LEFT JOIN 
    ( select 
      ID_PPOJ, 
      ROW_NUMBER() over (partition by ID_PPOJ order by HASIL_TPC) as rn, 
      HASIL_TPC, 
      HASIL_KK 
    from mikro_volumetrik ) t4 ON DAP.id = t4.ID_PPOJ left join 
    (select 
      ID_PPOJ, 
      ROW_NUMBER() over (partition by ID_PPOJ order by SUHU_MIN) as rn, 
      SUHU_MIN, 
      SUHU_MAX 
    from 
      suhu ) t1 on DAP.id = t1.ID_PPOJ   and t1.rn = t2.rn LEFT join 
     ( select 
      ID_PPOJ, 
      ROW_NUMBER() over (partition by ID_PPOJ order by RH_MIN) as rn, 
      RH_MIN, 
      RH_MAX 
    from rh ) t2 ON DAP.id = t2.id_ppoj AND t2.rn = t3.rn left JOIN
    ( select 
      ID_PPOJ, 
      ROW_NUMBER() over (partition by ID_PPOJ order by HASIL_TPC) as rn, 
      HASIL_TPC, 
      HASIL_KK 
    from mikro_capar ) t3 ON DAP.id = t3.id_ppoj AND t3.rn = t4.rn
      
      WHERE 
        DAP.id =2;
      ')
 3 SYSTEMPATH/Database/BaseConnection.php(606): CodeIgniter\Database\BaseConnection->simpleQuery('SELECT 		 
        DAP.KELAS,
        DAP.ID ID_PPOJ,
        t1.SUHU_MIN, 
        t1.SUHU_MAX, 
        t2.RH_MIN, 
        t2.RH_MAX,
        t3.HASIL_TPC CAPAR_TPC,
        t3.HASIL_KK CAPAR_KK,
        t4.HASIL_TPC MIKRO_TPC,
        t4.HASIL_KK MIKRO_KK
    FROM 
    data_awal_ppoj DAP 
    LEFT JOIN 
    ( select 
      ID_PPOJ, 
      ROW_NUMBER() over (partition by ID_PPOJ order by HASIL_TPC) as rn, 
      HASIL_TPC, 
      HASIL_KK 
    from mikro_volumetrik ) t4 ON DAP.id = t4.ID_PPOJ left join 
    (select 
      ID_PPOJ, 
      ROW_NUMBER() over (partition by ID_PPOJ order by SUHU_MIN) as rn, 
      SUHU_MIN, 
      SUHU_MAX 
    from 
      suhu ) t1 on DAP.id = t1.ID_PPOJ   and t1.rn = t2.rn LEFT join 
     ( select 
      ID_PPOJ, 
      ROW_NUMBER() over (partition by ID_PPOJ order by RH_MIN) as rn, 
      RH_MIN, 
      RH_MAX 
    from rh ) t2 ON DAP.id = t2.id_ppoj AND t2.rn = t3.rn left JOIN
    ( select 
      ID_PPOJ, 
      ROW_NUMBER() over (partition by ID_PPOJ order by HASIL_TPC) as rn, 
      HASIL_TPC, 
      HASIL_KK 
    from mikro_capar ) t3 ON DAP.id = t3.id_ppoj AND t3.rn = t4.rn
      
      WHERE 
        DAP.id =2;
      ')
 4 APPPATH/Models/PpojModel.php(373): CodeIgniter\Database\BaseConnection->query('SELECT 		 
        DAP.KELAS,
        DAP.ID ID_PPOJ,
        t1.SUHU_MIN, 
        t1.SUHU_MAX, 
        t2.RH_MIN, 
        t2.RH_MAX,
        t3.HASIL_TPC CAPAR_TPC,
        t3.HASIL_KK CAPAR_KK,
        t4.HASIL_TPC MIKRO_TPC,
        t4.HASIL_KK MIKRO_KK
    FROM 
    data_awal_ppoj DAP 
    LEFT JOIN 
    ( select 
      ID_PPOJ, 
      ROW_NUMBER() over (partition by ID_PPOJ order by HASIL_TPC) as rn, 
      HASIL_TPC, 
      HASIL_KK 
    from mikro_volumetrik ) t4 ON DAP.id = t4.ID_PPOJ left join 
    (select 
      ID_PPOJ, 
      ROW_NUMBER() over (partition by ID_PPOJ order by SUHU_MIN) as rn, 
      SUHU_MIN, 
      SUHU_MAX 
    from 
      suhu ) t1 on DAP.id = t1.ID_PPOJ   and t1.rn = t2.rn LEFT join 
     ( select 
      ID_PPOJ, 
      ROW_NUMBER() over (partition by ID_PPOJ order by RH_MIN) as rn, 
      RH_MIN, 
      RH_MAX 
    from rh ) t2 ON DAP.id = t2.id_ppoj AND t2.rn = t3.rn left JOIN
    ( select 
      ID_PPOJ, 
      ROW_NUMBER() over (partition by ID_PPOJ order by HASIL_TPC) as rn, 
      HASIL_TPC, 
      HASIL_KK 
    from mikro_capar ) t3 ON DAP.id = t3.id_ppoj AND t3.rn = t4.rn
      
      WHERE 
        DAP.id =2;
      ')
 5 APPPATH/Models/PpojModel.php(344): App\Models\PpojModel->DataSuhuRH('( select 
      ID_PPOJ, 
      ROW_NUMBER() over (partition by ID_PPOJ order by HASIL_TPC) as rn, 
      HASIL_TPC, 
      HASIL_KK 
    from mikro_volumetrik )', '(select 
      ID_PPOJ, 
      ROW_NUMBER() over (partition by ID_PPOJ order by SUHU_MIN) as rn, 
      SUHU_MIN, 
      SUHU_MAX 
    from 
      suhu )', ' ( select 
      ID_PPOJ, 
      ROW_NUMBER() over (partition by ID_PPOJ order by RH_MIN) as rn, 
      RH_MIN, 
      RH_MAX 
    from rh )', '( select 
      ID_PPOJ, 
      ROW_NUMBER() over (partition by ID_PPOJ order by HASIL_TPC) as rn, 
      HASIL_TPC, 
      HASIL_KK 
    from mikro_capar )', '2', 't4', 't1', 't2', 't3')
 6 APPPATH/Controllers/DataPpoj.php(109): App\Models\PpojModel->DataPDF(1, 0, 0, 2, '2')
 7 SYSTEMPATH/CodeIgniter.php(932): App\Controllers\DataPpoj->Detail('2')
 8 SYSTEMPATH/CodeIgniter.php(497): CodeIgniter\CodeIgniter->runController(Object(App\Controllers\DataPpoj))
 9 SYSTEMPATH/CodeIgniter.php(366): CodeIgniter\CodeIgniter->handleRequest(null, Object(Config\Cache), false)
10 FCPATH/index.php(79): CodeIgniter\CodeIgniter->run()
INFO - 2024-05-15 01:41:23 --> Session: Class initialized using 'CodeIgniter\Session\Handlers\FileHandler' driver.
INFO - 2024-05-15 01:41:25 --> Session: Class initialized using 'CodeIgniter\Session\Handlers\FileHandler' driver.
ERROR - 2024-05-15 01:41:25 --> mysqli_sql_exception: Unknown column 't3.rn' in 'on clause' in /home/validas1/ci4_core/system/Database/MySQLi/Connection.php:295
Stack trace:
#0 /home/validas1/ci4_core/system/Database/MySQLi/Connection.php(295): mysqli->query('SELECT \t\t \r\n   ...', 0)
#1 /home/validas1/ci4_core/system/Database/BaseConnection.php(692): CodeIgniter\Database\MySQLi\Connection->execute('SELECT \t\t \r\n   ...')
#2 /home/validas1/ci4_core/system/Database/BaseConnection.php(606): CodeIgniter\Database\BaseConnection->simpleQuery('SELECT \t\t \r\n   ...')
#3 /home/validas1/ci4_core/app/Models/PpojModel.php(373): CodeIgniter\Database\BaseConnection->query('SELECT \t\t \r\n   ...')
#4 /home/validas1/ci4_core/app/Models/PpojModel.php(344): App\Models\PpojModel->DataSuhuRH('( select \r\n    ...', '(select \r\n     ...', ' ( select \r\n   ...', '( select \r\n    ...', '2', 't4', 't1', 't2', 't3')
#5 /home/validas1/ci4_core/app/Controllers/DataPpoj.php(109): App\Models\PpojModel->DataPDF(1, 0, 0, 2, '2')
#6 /home/validas1/ci4_core/system/CodeIgniter.php(932): App\Controllers\DataPpoj->Detail('2')
#7 /home/validas1/ci4_core/system/CodeIgniter.php(497): CodeIgniter\CodeIgniter->runController(Object(App\Controllers\DataPpoj))
#8 /home/validas1/ci4_core/system/CodeIgniter.php(366): CodeIgniter\CodeIgniter->handleRequest(NULL, Object(Config\Cache), false)
#9 /home/validas1/ereport.validasickr.my.id/index.php(79): CodeIgniter\CodeIgniter->run()
#10 {main}
CRITICAL - 2024-05-15 01:41:25 --> Unknown column 't3.rn' in 'on clause'
in SYSTEMPATH/Database/MySQLi/Connection.php on line 295.
 1 SYSTEMPATH/Database/MySQLi/Connection.php(295): mysqli->query('SELECT 		 
        DAP.KELAS,
        DAP.ID ID_PPOJ,
        t1.SUHU_MIN, 
        t1.SUHU_MAX, 
        t2.RH_MIN, 
        t2.RH_MAX,
        t3.HASIL_TPC CAPAR_TPC,
        t3.HASIL_KK CAPAR_KK,
        t4.HASIL_TPC MIKRO_TPC,
        t4.HASIL_KK MIKRO_KK
    FROM 
    data_awal_ppoj DAP 
    LEFT JOIN 
    ( select 
      ID_PPOJ, 
      ROW_NUMBER() over (partition by ID_PPOJ order by HASIL_TPC) as rn, 
      HASIL_TPC, 
      HASIL_KK 
    from mikro_volumetrik ) t4 ON DAP.id = t4.ID_PPOJ left join 
    (select 
      ID_PPOJ, 
      ROW_NUMBER() over (partition by ID_PPOJ order by SUHU_MIN) as rn, 
      SUHU_MIN, 
      SUHU_MAX 
    from 
      suhu ) t1 on DAP.id = t1.ID_PPOJ   and t1.rn = t2.rn LEFT join 
     ( select 
      ID_PPOJ, 
      ROW_NUMBER() over (partition by ID_PPOJ order by RH_MIN) as rn, 
      RH_MIN, 
      RH_MAX 
    from rh ) t2 ON DAP.id = t2.id_ppoj AND t2.rn = t3.rn left JOIN
    ( select 
      ID_PPOJ, 
      ROW_NUMBER() over (partition by ID_PPOJ order by HASIL_TPC) as rn, 
      HASIL_TPC, 
      HASIL_KK 
    from mikro_capar ) t3 ON DAP.id = t3.id_ppoj AND t3.rn = t4.rn
      
      WHERE 
        DAP.id =2;
      ', 0)
 2 SYSTEMPATH/Database/BaseConnection.php(692): CodeIgniter\Database\MySQLi\Connection->execute('SELECT 		 
        DAP.KELAS,
        DAP.ID ID_PPOJ,
        t1.SUHU_MIN, 
        t1.SUHU_MAX, 
        t2.RH_MIN, 
        t2.RH_MAX,
        t3.HASIL_TPC CAPAR_TPC,
        t3.HASIL_KK CAPAR_KK,
        t4.HASIL_TPC MIKRO_TPC,
        t4.HASIL_KK MIKRO_KK
    FROM 
    data_awal_ppoj DAP 
    LEFT JOIN 
    ( select 
      ID_PPOJ, 
      ROW_NUMBER() over (partition by ID_PPOJ order by HASIL_TPC) as rn, 
      HASIL_TPC, 
      HASIL_KK 
    from mikro_volumetrik ) t4 ON DAP.id = t4.ID_PPOJ left join 
    (select 
      ID_PPOJ, 
      ROW_NUMBER() over (partition by ID_PPOJ order by SUHU_MIN) as rn, 
      SUHU_MIN, 
      SUHU_MAX 
    from 
      suhu ) t1 on DAP.id = t1.ID_PPOJ   and t1.rn = t2.rn LEFT join 
     ( select 
      ID_PPOJ, 
      ROW_NUMBER() over (partition by ID_PPOJ order by RH_MIN) as rn, 
      RH_MIN, 
      RH_MAX 
    from rh ) t2 ON DAP.id = t2.id_ppoj AND t2.rn = t3.rn left JOIN
    ( select 
      ID_PPOJ, 
      ROW_NUMBER() over (partition by ID_PPOJ order by HASIL_TPC) as rn, 
      HASIL_TPC, 
      HASIL_KK 
    from mikro_capar ) t3 ON DAP.id = t3.id_ppoj AND t3.rn = t4.rn
      
      WHERE 
        DAP.id =2;
      ')
 3 SYSTEMPATH/Database/BaseConnection.php(606): CodeIgniter\Database\BaseConnection->simpleQuery('SELECT 		 
        DAP.KELAS,
        DAP.ID ID_PPOJ,
        t1.SUHU_MIN, 
        t1.SUHU_MAX, 
        t2.RH_MIN, 
        t2.RH_MAX,
        t3.HASIL_TPC CAPAR_TPC,
        t3.HASIL_KK CAPAR_KK,
        t4.HASIL_TPC MIKRO_TPC,
        t4.HASIL_KK MIKRO_KK
    FROM 
    data_awal_ppoj DAP 
    LEFT JOIN 
    ( select 
      ID_PPOJ, 
      ROW_NUMBER() over (partition by ID_PPOJ order by HASIL_TPC) as rn, 
      HASIL_TPC, 
      HASIL_KK 
    from mikro_volumetrik ) t4 ON DAP.id = t4.ID_PPOJ left join 
    (select 
      ID_PPOJ, 
      ROW_NUMBER() over (partition by ID_PPOJ order by SUHU_MIN) as rn, 
      SUHU_MIN, 
      SUHU_MAX 
    from 
      suhu ) t1 on DAP.id = t1.ID_PPOJ   and t1.rn = t2.rn LEFT join 
     ( select 
      ID_PPOJ, 
      ROW_NUMBER() over (partition by ID_PPOJ order by RH_MIN) as rn, 
      RH_MIN, 
      RH_MAX 
    from rh ) t2 ON DAP.id = t2.id_ppoj AND t2.rn = t3.rn left JOIN
    ( select 
      ID_PPOJ, 
      ROW_NUMBER() over (partition by ID_PPOJ order by HASIL_TPC) as rn, 
      HASIL_TPC, 
      HASIL_KK 
    from mikro_capar ) t3 ON DAP.id = t3.id_ppoj AND t3.rn = t4.rn
      
      WHERE 
        DAP.id =2;
      ')
 4 APPPATH/Models/PpojModel.php(373): CodeIgniter\Database\BaseConnection->query('SELECT 		 
        DAP.KELAS,
        DAP.ID ID_PPOJ,
        t1.SUHU_MIN, 
        t1.SUHU_MAX, 
        t2.RH_MIN, 
        t2.RH_MAX,
        t3.HASIL_TPC CAPAR_TPC,
        t3.HASIL_KK CAPAR_KK,
        t4.HASIL_TPC MIKRO_TPC,
        t4.HASIL_KK MIKRO_KK
    FROM 
    data_awal_ppoj DAP 
    LEFT JOIN 
    ( select 
      ID_PPOJ, 
      ROW_NUMBER() over (partition by ID_PPOJ order by HASIL_TPC) as rn, 
      HASIL_TPC, 
      HASIL_KK 
    from mikro_volumetrik ) t4 ON DAP.id = t4.ID_PPOJ left join 
    (select 
      ID_PPOJ, 
      ROW_NUMBER() over (partition by ID_PPOJ order by SUHU_MIN) as rn, 
      SUHU_MIN, 
      SUHU_MAX 
    from 
      suhu ) t1 on DAP.id = t1.ID_PPOJ   and t1.rn = t2.rn LEFT join 
     ( select 
      ID_PPOJ, 
      ROW_NUMBER() over (partition by ID_PPOJ order by RH_MIN) as rn, 
      RH_MIN, 
      RH_MAX 
    from rh ) t2 ON DAP.id = t2.id_ppoj AND t2.rn = t3.rn left JOIN
    ( select 
      ID_PPOJ, 
      ROW_NUMBER() over (partition by ID_PPOJ order by HASIL_TPC) as rn, 
      HASIL_TPC, 
      HASIL_KK 
    from mikro_capar ) t3 ON DAP.id = t3.id_ppoj AND t3.rn = t4.rn
      
      WHERE 
        DAP.id =2;
      ')
 5 APPPATH/Models/PpojModel.php(344): App\Models\PpojModel->DataSuhuRH('( select 
      ID_PPOJ, 
      ROW_NUMBER() over (partition by ID_PPOJ order by HASIL_TPC) as rn, 
      HASIL_TPC, 
      HASIL_KK 
    from mikro_volumetrik )', '(select 
      ID_PPOJ, 
      ROW_NUMBER() over (partition by ID_PPOJ order by SUHU_MIN) as rn, 
      SUHU_MIN, 
      SUHU_MAX 
    from 
      suhu )', ' ( select 
      ID_PPOJ, 
      ROW_NUMBER() over (partition by ID_PPOJ order by RH_MIN) as rn, 
      RH_MIN, 
      RH_MAX 
    from rh )', '( select 
      ID_PPOJ, 
      ROW_NUMBER() over (partition by ID_PPOJ order by HASIL_TPC) as rn, 
      HASIL_TPC, 
      HASIL_KK 
    from mikro_capar )', '2', 't4', 't1', 't2', 't3')
 6 APPPATH/Controllers/DataPpoj.php(109): App\Models\PpojModel->DataPDF(1, 0, 0, 2, '2')
 7 SYSTEMPATH/CodeIgniter.php(932): App\Controllers\DataPpoj->Detail('2')
 8 SYSTEMPATH/CodeIgniter.php(497): CodeIgniter\CodeIgniter->runController(Object(App\Controllers\DataPpoj))
 9 SYSTEMPATH/CodeIgniter.php(366): CodeIgniter\CodeIgniter->handleRequest(null, Object(Config\Cache), false)
10 FCPATH/index.php(79): CodeIgniter\CodeIgniter->run()
INFO - 2024-05-15 01:41:27 --> Session: Class initialized using 'CodeIgniter\Session\Handlers\FileHandler' driver.
INFO - 2024-05-15 01:41:27 --> Session: Class initialized using 'CodeIgniter\Session\Handlers\FileHandler' driver.
INFO - 2024-05-15 01:41:29 --> Session: Class initialized using 'CodeIgniter\Session\Handlers\FileHandler' driver.
INFO - 2024-05-15 01:41:29 --> Session: Class initialized using 'CodeIgniter\Session\Handlers\FileHandler' driver.
INFO - 2024-05-15 01:41:30 --> Session: Class initialized using 'CodeIgniter\Session\Handlers\FileHandler' driver.
INFO - 2024-05-15 01:41:30 --> Session: Class initialized using 'CodeIgniter\Session\Handlers\FileHandler' driver.
ERROR - 2024-05-15 01:41:30 --> mysqli_sql_exception: Unknown column 't3.rn' in 'on clause' in /home/validas1/ci4_core/system/Database/MySQLi/Connection.php:295
Stack trace:
#0 /home/validas1/ci4_core/system/Database/MySQLi/Connection.php(295): mysqli->query('SELECT \t\t \r\n   ...', 0)
#1 /home/validas1/ci4_core/system/Database/BaseConnection.php(692): CodeIgniter\Database\MySQLi\Connection->execute('SELECT \t\t \r\n   ...')
#2 /home/validas1/ci4_core/system/Database/BaseConnection.php(606): CodeIgniter\Database\BaseConnection->simpleQuery('SELECT \t\t \r\n   ...')
#3 /home/validas1/ci4_core/app/Models/PpojModel.php(373): CodeIgniter\Database\BaseConnection->query('SELECT \t\t \r\n   ...')
#4 /home/validas1/ci4_core/app/Models/PpojModel.php(344): App\Models\PpojModel->DataSuhuRH('( select \r\n    ...', '(select \r\n     ...', ' ( select \r\n   ...', '( select \r\n    ...', '2', 't4', 't1', 't2', 't3')
#5 /home/validas1/ci4_core/app/Controllers/DataPpoj.php(109): App\Models\PpojModel->DataPDF(1, 0, 0, 2, '2')
#6 /home/validas1/ci4_core/system/CodeIgniter.php(932): App\Controllers\DataPpoj->Detail('2')
#7 /home/validas1/ci4_core/system/CodeIgniter.php(497): CodeIgniter\CodeIgniter->runController(Object(App\Controllers\DataPpoj))
#8 /home/validas1/ci4_core/system/CodeIgniter.php(366): CodeIgniter\CodeIgniter->handleRequest(NULL, Object(Config\Cache), false)
#9 /home/validas1/ereport.validasickr.my.id/index.php(79): CodeIgniter\CodeIgniter->run()
#10 {main}
CRITICAL - 2024-05-15 01:41:30 --> Unknown column 't3.rn' in 'on clause'
in SYSTEMPATH/Database/MySQLi/Connection.php on line 295.
 1 SYSTEMPATH/Database/MySQLi/Connection.php(295): mysqli->query('SELECT 		 
        DAP.KELAS,
        DAP.ID ID_PPOJ,
        t1.SUHU_MIN, 
        t1.SUHU_MAX, 
        t2.RH_MIN, 
        t2.RH_MAX,
        t3.HASIL_TPC CAPAR_TPC,
        t3.HASIL_KK CAPAR_KK,
        t4.HASIL_TPC MIKRO_TPC,
        t4.HASIL_KK MIKRO_KK
    FROM 
    data_awal_ppoj DAP 
    LEFT JOIN 
    ( select 
      ID_PPOJ, 
      ROW_NUMBER() over (partition by ID_PPOJ order by HASIL_TPC) as rn, 
      HASIL_TPC, 
      HASIL_KK 
    from mikro_volumetrik ) t4 ON DAP.id = t4.ID_PPOJ left join 
    (select 
      ID_PPOJ, 
      ROW_NUMBER() over (partition by ID_PPOJ order by SUHU_MIN) as rn, 
      SUHU_MIN, 
      SUHU_MAX 
    from 
      suhu ) t1 on DAP.id = t1.ID_PPOJ   and t1.rn = t2.rn LEFT join 
     ( select 
      ID_PPOJ, 
      ROW_NUMBER() over (partition by ID_PPOJ order by RH_MIN) as rn, 
      RH_MIN, 
      RH_MAX 
    from rh ) t2 ON DAP.id = t2.id_ppoj AND t2.rn = t3.rn left JOIN
    ( select 
      ID_PPOJ, 
      ROW_NUMBER() over (partition by ID_PPOJ order by HASIL_TPC) as rn, 
      HASIL_TPC, 
      HASIL_KK 
    from mikro_capar ) t3 ON DAP.id = t3.id_ppoj AND t3.rn = t4.rn
      
      WHERE 
        DAP.id =2;
      ', 0)
 2 SYSTEMPATH/Database/BaseConnection.php(692): CodeIgniter\Database\MySQLi\Connection->execute('SELECT 		 
        DAP.KELAS,
        DAP.ID ID_PPOJ,
        t1.SUHU_MIN, 
        t1.SUHU_MAX, 
        t2.RH_MIN, 
        t2.RH_MAX,
        t3.HASIL_TPC CAPAR_TPC,
        t3.HASIL_KK CAPAR_KK,
        t4.HASIL_TPC MIKRO_TPC,
        t4.HASIL_KK MIKRO_KK
    FROM 
    data_awal_ppoj DAP 
    LEFT JOIN 
    ( select 
      ID_PPOJ, 
      ROW_NUMBER() over (partition by ID_PPOJ order by HASIL_TPC) as rn, 
      HASIL_TPC, 
      HASIL_KK 
    from mikro_volumetrik ) t4 ON DAP.id = t4.ID_PPOJ left join 
    (select 
      ID_PPOJ, 
      ROW_NUMBER() over (partition by ID_PPOJ order by SUHU_MIN) as rn, 
      SUHU_MIN, 
      SUHU_MAX 
    from 
      suhu ) t1 on DAP.id = t1.ID_PPOJ   and t1.rn = t2.rn LEFT join 
     ( select 
      ID_PPOJ, 
      ROW_NUMBER() over (partition by ID_PPOJ order by RH_MIN) as rn, 
      RH_MIN, 
      RH_MAX 
    from rh ) t2 ON DAP.id = t2.id_ppoj AND t2.rn = t3.rn left JOIN
    ( select 
      ID_PPOJ, 
      ROW_NUMBER() over (partition by ID_PPOJ order by HASIL_TPC) as rn, 
      HASIL_TPC, 
      HASIL_KK 
    from mikro_capar ) t3 ON DAP.id = t3.id_ppoj AND t3.rn = t4.rn
      
      WHERE 
        DAP.id =2;
      ')
 3 SYSTEMPATH/Database/BaseConnection.php(606): CodeIgniter\Database\BaseConnection->simpleQuery('SELECT 		 
        DAP.KELAS,
        DAP.ID ID_PPOJ,
        t1.SUHU_MIN, 
        t1.SUHU_MAX, 
        t2.RH_MIN, 
        t2.RH_MAX,
        t3.HASIL_TPC CAPAR_TPC,
        t3.HASIL_KK CAPAR_KK,
        t4.HASIL_TPC MIKRO_TPC,
        t4.HASIL_KK MIKRO_KK
    FROM 
    data_awal_ppoj DAP 
    LEFT JOIN 
    ( select 
      ID_PPOJ, 
      ROW_NUMBER() over (partition by ID_PPOJ order by HASIL_TPC) as rn, 
      HASIL_TPC, 
      HASIL_KK 
    from mikro_volumetrik ) t4 ON DAP.id = t4.ID_PPOJ left join 
    (select 
      ID_PPOJ, 
      ROW_NUMBER() over (partition by ID_PPOJ order by SUHU_MIN) as rn, 
      SUHU_MIN, 
      SUHU_MAX 
    from 
      suhu ) t1 on DAP.id = t1.ID_PPOJ   and t1.rn = t2.rn LEFT join 
     ( select 
      ID_PPOJ, 
      ROW_NUMBER() over (partition by ID_PPOJ order by RH_MIN) as rn, 
      RH_MIN, 
      RH_MAX 
    from rh ) t2 ON DAP.id = t2.id_ppoj AND t2.rn = t3.rn left JOIN
    ( select 
      ID_PPOJ, 
      ROW_NUMBER() over (partition by ID_PPOJ order by HASIL_TPC) as rn, 
      HASIL_TPC, 
      HASIL_KK 
    from mikro_capar ) t3 ON DAP.id = t3.id_ppoj AND t3.rn = t4.rn
      
      WHERE 
        DAP.id =2;
      ')
 4 APPPATH/Models/PpojModel.php(373): CodeIgniter\Database\BaseConnection->query('SELECT 		 
        DAP.KELAS,
        DAP.ID ID_PPOJ,
        t1.SUHU_MIN, 
        t1.SUHU_MAX, 
        t2.RH_MIN, 
        t2.RH_MAX,
        t3.HASIL_TPC CAPAR_TPC,
        t3.HASIL_KK CAPAR_KK,
        t4.HASIL_TPC MIKRO_TPC,
        t4.HASIL_KK MIKRO_KK
    FROM 
    data_awal_ppoj DAP 
    LEFT JOIN 
    ( select 
      ID_PPOJ, 
      ROW_NUMBER() over (partition by ID_PPOJ order by HASIL_TPC) as rn, 
      HASIL_TPC, 
      HASIL_KK 
    from mikro_volumetrik ) t4 ON DAP.id = t4.ID_PPOJ left join 
    (select 
      ID_PPOJ, 
      ROW_NUMBER() over (partition by ID_PPOJ order by SUHU_MIN) as rn, 
      SUHU_MIN, 
      SUHU_MAX 
    from 
      suhu ) t1 on DAP.id = t1.ID_PPOJ   and t1.rn = t2.rn LEFT join 
     ( select 
      ID_PPOJ, 
      ROW_NUMBER() over (partition by ID_PPOJ order by RH_MIN) as rn, 
      RH_MIN, 
      RH_MAX 
    from rh ) t2 ON DAP.id = t2.id_ppoj AND t2.rn = t3.rn left JOIN
    ( select 
      ID_PPOJ, 
      ROW_NUMBER() over (partition by ID_PPOJ order by HASIL_TPC) as rn, 
      HASIL_TPC, 
      HASIL_KK 
    from mikro_capar ) t3 ON DAP.id = t3.id_ppoj AND t3.rn = t4.rn
      
      WHERE 
        DAP.id =2;
      ')
 5 APPPATH/Models/PpojModel.php(344): App\Models\PpojModel->DataSuhuRH('( select 
      ID_PPOJ, 
      ROW_NUMBER() over (partition by ID_PPOJ order by HASIL_TPC) as rn, 
      HASIL_TPC, 
      HASIL_KK 
    from mikro_volumetrik )', '(select 
      ID_PPOJ, 
      ROW_NUMBER() over (partition by ID_PPOJ order by SUHU_MIN) as rn, 
      SUHU_MIN, 
      SUHU_MAX 
    from 
      suhu )', ' ( select 
      ID_PPOJ, 
      ROW_NUMBER() over (partition by ID_PPOJ order by RH_MIN) as rn, 
      RH_MIN, 
      RH_MAX 
    from rh )', '( select 
      ID_PPOJ, 
      ROW_NUMBER() over (partition by ID_PPOJ order by HASIL_TPC) as rn, 
      HASIL_TPC, 
      HASIL_KK 
    from mikro_capar )', '2', 't4', 't1', 't2', 't3')
 6 APPPATH/Controllers/DataPpoj.php(109): App\Models\PpojModel->DataPDF(1, 0, 0, 2, '2')
 7 SYSTEMPATH/CodeIgniter.php(932): App\Controllers\DataPpoj->Detail('2')
 8 SYSTEMPATH/CodeIgniter.php(497): CodeIgniter\CodeIgniter->runController(Object(App\Controllers\DataPpoj))
 9 SYSTEMPATH/CodeIgniter.php(366): CodeIgniter\CodeIgniter->handleRequest(null, Object(Config\Cache), false)
10 FCPATH/index.php(79): CodeIgniter\CodeIgniter->run()
INFO - 2024-05-15 01:41:37 --> Session: Class initialized using 'CodeIgniter\Session\Handlers\FileHandler' driver.
INFO - 2024-05-15 01:41:38 --> Session: Class initialized using 'CodeIgniter\Session\Handlers\FileHandler' driver.
INFO - 2024-05-15 01:41:38 --> Session: Class initialized using 'CodeIgniter\Session\Handlers\FileHandler' driver.
INFO - 2024-05-15 01:41:41 --> Session: Class initialized using 'CodeIgniter\Session\Handlers\FileHandler' driver.
INFO - 2024-05-15 01:41:41 --> Session: Class initialized using 'CodeIgniter\Session\Handlers\FileHandler' driver.
INFO - 2024-05-15 01:41:43 --> Session: Class initialized using 'CodeIgniter\Session\Handlers\FileHandler' driver.
INFO - 2024-05-15 01:41:43 --> Session: Class initialized using 'CodeIgniter\Session\Handlers\FileHandler' driver.
INFO - 2024-05-15 01:41:44 --> Session: Class initialized using 'CodeIgniter\Session\Handlers\FileHandler' driver.
ERROR - 2024-05-15 01:41:44 --> mysqli_sql_exception: Unknown column 't3.rn' in 'on clause' in /home/validas1/ci4_core/system/Database/MySQLi/Connection.php:295
Stack trace:
#0 /home/validas1/ci4_core/system/Database/MySQLi/Connection.php(295): mysqli->query('SELECT \t\t \r\n   ...', 0)
#1 /home/validas1/ci4_core/system/Database/BaseConnection.php(692): CodeIgniter\Database\MySQLi\Connection->execute('SELECT \t\t \r\n   ...')
#2 /home/validas1/ci4_core/system/Database/BaseConnection.php(606): CodeIgniter\Database\BaseConnection->simpleQuery('SELECT \t\t \r\n   ...')
#3 /home/validas1/ci4_core/app/Models/PpojModel.php(373): CodeIgniter\Database\BaseConnection->query('SELECT \t\t \r\n   ...')
#4 /home/validas1/ci4_core/app/Models/PpojModel.php(344): App\Models\PpojModel->DataSuhuRH('( select \r\n    ...', '(select \r\n     ...', ' ( select \r\n   ...', '( select \r\n    ...', '2', 't4', 't1', 't2', 't3')
#5 /home/validas1/ci4_core/app/Controllers/DataPpoj.php(109): App\Models\PpojModel->DataPDF(1, 0, 0, 2, '2')
#6 /home/validas1/ci4_core/system/CodeIgniter.php(932): App\Controllers\DataPpoj->Detail('2')
#7 /home/validas1/ci4_core/system/CodeIgniter.php(497): CodeIgniter\CodeIgniter->runController(Object(App\Controllers\DataPpoj))
#8 /home/validas1/ci4_core/system/CodeIgniter.php(366): CodeIgniter\CodeIgniter->handleRequest(NULL, Object(Config\Cache), false)
#9 /home/validas1/ereport.validasickr.my.id/index.php(79): CodeIgniter\CodeIgniter->run()
#10 {main}
CRITICAL - 2024-05-15 01:41:44 --> Unknown column 't3.rn' in 'on clause'
in SYSTEMPATH/Database/MySQLi/Connection.php on line 295.
 1 SYSTEMPATH/Database/MySQLi/Connection.php(295): mysqli->query('SELECT 		 
        DAP.KELAS,
        DAP.ID ID_PPOJ,
        t1.SUHU_MIN, 
        t1.SUHU_MAX, 
        t2.RH_MIN, 
        t2.RH_MAX,
        t3.HASIL_TPC CAPAR_TPC,
        t3.HASIL_KK CAPAR_KK,
        t4.HASIL_TPC MIKRO_TPC,
        t4.HASIL_KK MIKRO_KK
    FROM 
    data_awal_ppoj DAP 
    LEFT JOIN 
    ( select 
      ID_PPOJ, 
      ROW_NUMBER() over (partition by ID_PPOJ order by HASIL_TPC) as rn, 
      HASIL_TPC, 
      HASIL_KK 
    from mikro_volumetrik ) t4 ON DAP.id = t4.ID_PPOJ left join 
    (select 
      ID_PPOJ, 
      ROW_NUMBER() over (partition by ID_PPOJ order by SUHU_MIN) as rn, 
      SUHU_MIN, 
      SUHU_MAX 
    from 
      suhu ) t1 on DAP.id = t1.ID_PPOJ   and t1.rn = t2.rn LEFT join 
     ( select 
      ID_PPOJ, 
      ROW_NUMBER() over (partition by ID_PPOJ order by RH_MIN) as rn, 
      RH_MIN, 
      RH_MAX 
    from rh ) t2 ON DAP.id = t2.id_ppoj AND t2.rn = t3.rn left JOIN
    ( select 
      ID_PPOJ, 
      ROW_NUMBER() over (partition by ID_PPOJ order by HASIL_TPC) as rn, 
      HASIL_TPC, 
      HASIL_KK 
    from mikro_capar ) t3 ON DAP.id = t3.id_ppoj AND t3.rn = t4.rn
      
      WHERE 
        DAP.id =2;
      ', 0)
 2 SYSTEMPATH/Database/BaseConnection.php(692): CodeIgniter\Database\MySQLi\Connection->execute('SELECT 		 
        DAP.KELAS,
        DAP.ID ID_PPOJ,
        t1.SUHU_MIN, 
        t1.SUHU_MAX, 
        t2.RH_MIN, 
        t2.RH_MAX,
        t3.HASIL_TPC CAPAR_TPC,
        t3.HASIL_KK CAPAR_KK,
        t4.HASIL_TPC MIKRO_TPC,
        t4.HASIL_KK MIKRO_KK
    FROM 
    data_awal_ppoj DAP 
    LEFT JOIN 
    ( select 
      ID_PPOJ, 
      ROW_NUMBER() over (partition by ID_PPOJ order by HASIL_TPC) as rn, 
      HASIL_TPC, 
      HASIL_KK 
    from mikro_volumetrik ) t4 ON DAP.id = t4.ID_PPOJ left join 
    (select 
      ID_PPOJ, 
      ROW_NUMBER() over (partition by ID_PPOJ order by SUHU_MIN) as rn, 
      SUHU_MIN, 
      SUHU_MAX 
    from 
      suhu ) t1 on DAP.id = t1.ID_PPOJ   and t1.rn = t2.rn LEFT join 
     ( select 
      ID_PPOJ, 
      ROW_NUMBER() over (partition by ID_PPOJ order by RH_MIN) as rn, 
      RH_MIN, 
      RH_MAX 
    from rh ) t2 ON DAP.id = t2.id_ppoj AND t2.rn = t3.rn left JOIN
    ( select 
      ID_PPOJ, 
      ROW_NUMBER() over (partition by ID_PPOJ order by HASIL_TPC) as rn, 
      HASIL_TPC, 
      HASIL_KK 
    from mikro_capar ) t3 ON DAP.id = t3.id_ppoj AND t3.rn = t4.rn
      
      WHERE 
        DAP.id =2;
      ')
 3 SYSTEMPATH/Database/BaseConnection.php(606): CodeIgniter\Database\BaseConnection->simpleQuery('SELECT 		 
        DAP.KELAS,
        DAP.ID ID_PPOJ,
        t1.SUHU_MIN, 
        t1.SUHU_MAX, 
        t2.RH_MIN, 
        t2.RH_MAX,
        t3.HASIL_TPC CAPAR_TPC,
        t3.HASIL_KK CAPAR_KK,
        t4.HASIL_TPC MIKRO_TPC,
        t4.HASIL_KK MIKRO_KK
    FROM 
    data_awal_ppoj DAP 
    LEFT JOIN 
    ( select 
      ID_PPOJ, 
      ROW_NUMBER() over (partition by ID_PPOJ order by HASIL_TPC) as rn, 
      HASIL_TPC, 
      HASIL_KK 
    from mikro_volumetrik ) t4 ON DAP.id = t4.ID_PPOJ left join 
    (select 
      ID_PPOJ, 
      ROW_NUMBER() over (partition by ID_PPOJ order by SUHU_MIN) as rn, 
      SUHU_MIN, 
      SUHU_MAX 
    from 
      suhu ) t1 on DAP.id = t1.ID_PPOJ   and t1.rn = t2.rn LEFT join 
     ( select 
      ID_PPOJ, 
      ROW_NUMBER() over (partition by ID_PPOJ order by RH_MIN) as rn, 
      RH_MIN, 
      RH_MAX 
    from rh ) t2 ON DAP.id = t2.id_ppoj AND t2.rn = t3.rn left JOIN
    ( select 
      ID_PPOJ, 
      ROW_NUMBER() over (partition by ID_PPOJ order by HASIL_TPC) as rn, 
      HASIL_TPC, 
      HASIL_KK 
    from mikro_capar ) t3 ON DAP.id = t3.id_ppoj AND t3.rn = t4.rn
      
      WHERE 
        DAP.id =2;
      ')
 4 APPPATH/Models/PpojModel.php(373): CodeIgniter\Database\BaseConnection->query('SELECT 		 
        DAP.KELAS,
        DAP.ID ID_PPOJ,
        t1.SUHU_MIN, 
        t1.SUHU_MAX, 
        t2.RH_MIN, 
        t2.RH_MAX,
        t3.HASIL_TPC CAPAR_TPC,
        t3.HASIL_KK CAPAR_KK,
        t4.HASIL_TPC MIKRO_TPC,
        t4.HASIL_KK MIKRO_KK
    FROM 
    data_awal_ppoj DAP 
    LEFT JOIN 
    ( select 
      ID_PPOJ, 
      ROW_NUMBER() over (partition by ID_PPOJ order by HASIL_TPC) as rn, 
      HASIL_TPC, 
      HASIL_KK 
    from mikro_volumetrik ) t4 ON DAP.id = t4.ID_PPOJ left join 
    (select 
      ID_PPOJ, 
      ROW_NUMBER() over (partition by ID_PPOJ order by SUHU_MIN) as rn, 
      SUHU_MIN, 
      SUHU_MAX 
    from 
      suhu ) t1 on DAP.id = t1.ID_PPOJ   and t1.rn = t2.rn LEFT join 
     ( select 
      ID_PPOJ, 
      ROW_NUMBER() over (partition by ID_PPOJ order by RH_MIN) as rn, 
      RH_MIN, 
      RH_MAX 
    from rh ) t2 ON DAP.id = t2.id_ppoj AND t2.rn = t3.rn left JOIN
    ( select 
      ID_PPOJ, 
      ROW_NUMBER() over (partition by ID_PPOJ order by HASIL_TPC) as rn, 
      HASIL_TPC, 
      HASIL_KK 
    from mikro_capar ) t3 ON DAP.id = t3.id_ppoj AND t3.rn = t4.rn
      
      WHERE 
        DAP.id =2;
      ')
 5 APPPATH/Models/PpojModel.php(344): App\Models\PpojModel->DataSuhuRH('( select 
      ID_PPOJ, 
      ROW_NUMBER() over (partition by ID_PPOJ order by HASIL_TPC) as rn, 
      HASIL_TPC, 
      HASIL_KK 
    from mikro_volumetrik )', '(select 
      ID_PPOJ, 
      ROW_NUMBER() over (partition by ID_PPOJ order by SUHU_MIN) as rn, 
      SUHU_MIN, 
      SUHU_MAX 
    from 
      suhu )', ' ( select 
      ID_PPOJ, 
      ROW_NUMBER() over (partition by ID_PPOJ order by RH_MIN) as rn, 
      RH_MIN, 
      RH_MAX 
    from rh )', '( select 
      ID_PPOJ, 
      ROW_NUMBER() over (partition by ID_PPOJ order by HASIL_TPC) as rn, 
      HASIL_TPC, 
      HASIL_KK 
    from mikro_capar )', '2', 't4', 't1', 't2', 't3')
 6 APPPATH/Controllers/DataPpoj.php(109): App\Models\PpojModel->DataPDF(1, 0, 0, 2, '2')
 7 SYSTEMPATH/CodeIgniter.php(932): App\Controllers\DataPpoj->Detail('2')
 8 SYSTEMPATH/CodeIgniter.php(497): CodeIgniter\CodeIgniter->runController(Object(App\Controllers\DataPpoj))
 9 SYSTEMPATH/CodeIgniter.php(366): CodeIgniter\CodeIgniter->handleRequest(null, Object(Config\Cache), false)
10 FCPATH/index.php(79): CodeIgniter\CodeIgniter->run()
INFO - 2024-05-15 01:41:46 --> Session: Class initialized using 'CodeIgniter\Session\Handlers\FileHandler' driver.
INFO - 2024-05-15 01:41:48 --> Session: Class initialized using 'CodeIgniter\Session\Handlers\FileHandler' driver.
INFO - 2024-05-15 01:41:50 --> Session: Class initialized using 'CodeIgniter\Session\Handlers\FileHandler' driver.
INFO - 2024-05-15 01:41:51 --> Session: Class initialized using 'CodeIgniter\Session\Handlers\FileHandler' driver.
INFO - 2024-05-15 01:41:52 --> Session: Class initialized using 'CodeIgniter\Session\Handlers\FileHandler' driver.
INFO - 2024-05-15 01:41:54 --> Session: Class initialized using 'CodeIgniter\Session\Handlers\FileHandler' driver.
ERROR - 2024-05-15 01:41:54 --> mysqli_sql_exception: Unknown column 't3.rn' in 'on clause' in /home/validas1/ci4_core/system/Database/MySQLi/Connection.php:295
Stack trace:
#0 /home/validas1/ci4_core/system/Database/MySQLi/Connection.php(295): mysqli->query('SELECT \t\t \r\n   ...', 0)
#1 /home/validas1/ci4_core/system/Database/BaseConnection.php(692): CodeIgniter\Database\MySQLi\Connection->execute('SELECT \t\t \r\n   ...')
#2 /home/validas1/ci4_core/system/Database/BaseConnection.php(606): CodeIgniter\Database\BaseConnection->simpleQuery('SELECT \t\t \r\n   ...')
#3 /home/validas1/ci4_core/app/Models/PpojModel.php(373): CodeIgniter\Database\BaseConnection->query('SELECT \t\t \r\n   ...')
#4 /home/validas1/ci4_core/app/Models/PpojModel.php(344): App\Models\PpojModel->DataSuhuRH('(select \r\n     ...', '( select \r\n    ...', ' ( select \r\n   ...', '( select \r\n    ...', '3', 't1', 't4', 't2', 't3')
#5 /home/validas1/ci4_core/app/Controllers/DataPpoj.php(109): App\Models\PpojModel->DataPDF(1, 0, 0, 1, '3')
#6 /home/validas1/ci4_core/system/CodeIgniter.php(932): App\Controllers\DataPpoj->Detail('3')
#7 /home/validas1/ci4_core/system/CodeIgniter.php(497): CodeIgniter\CodeIgniter->runController(Object(App\Controllers\DataPpoj))
#8 /home/validas1/ci4_core/system/CodeIgniter.php(366): CodeIgniter\CodeIgniter->handleRequest(NULL, Object(Config\Cache), false)
#9 /home/validas1/ereport.validasickr.my.id/index.php(79): CodeIgniter\CodeIgniter->run()
#10 {main}
CRITICAL - 2024-05-15 01:41:54 --> Unknown column 't3.rn' in 'on clause'
in SYSTEMPATH/Database/MySQLi/Connection.php on line 295.
 1 SYSTEMPATH/Database/MySQLi/Connection.php(295): mysqli->query('SELECT 		 
        DAP.KELAS,
        DAP.ID ID_PPOJ,
        t1.SUHU_MIN, 
        t1.SUHU_MAX, 
        t2.RH_MIN, 
        t2.RH_MAX,
        t3.HASIL_TPC CAPAR_TPC,
        t3.HASIL_KK CAPAR_KK,
        t4.HASIL_TPC MIKRO_TPC,
        t4.HASIL_KK MIKRO_KK
    FROM 
    data_awal_ppoj DAP 
    LEFT JOIN 
    (select 
      ID_PPOJ, 
      ROW_NUMBER() over (partition by ID_PPOJ order by SUHU_MIN) as rn, 
      SUHU_MIN, 
      SUHU_MAX 
    from 
      suhu ) t1 ON DAP.id = t1.ID_PPOJ left join 
    ( select 
      ID_PPOJ, 
      ROW_NUMBER() over (partition by ID_PPOJ order by HASIL_TPC) as rn, 
      HASIL_TPC, 
      HASIL_KK 
    from mikro_volumetrik ) t4 on DAP.id = t4.ID_PPOJ   and t1.rn = t2.rn LEFT join 
     ( select 
      ID_PPOJ, 
      ROW_NUMBER() over (partition by ID_PPOJ order by RH_MIN) as rn, 
      RH_MIN, 
      RH_MAX 
    from rh ) t2 ON DAP.id = t2.id_ppoj AND t2.rn = t3.rn left JOIN
    ( select 
      ID_PPOJ, 
      ROW_NUMBER() over (partition by ID_PPOJ order by HASIL_TPC) as rn, 
      HASIL_TPC, 
      HASIL_KK 
    from mikro_capar ) t3 ON DAP.id = t3.id_ppoj AND t3.rn = t4.rn
      
      WHERE 
        DAP.id =3;
      ', 0)
 2 SYSTEMPATH/Database/BaseConnection.php(692): CodeIgniter\Database\MySQLi\Connection->execute('SELECT 		 
        DAP.KELAS,
        DAP.ID ID_PPOJ,
        t1.SUHU_MIN, 
        t1.SUHU_MAX, 
        t2.RH_MIN, 
        t2.RH_MAX,
        t3.HASIL_TPC CAPAR_TPC,
        t3.HASIL_KK CAPAR_KK,
        t4.HASIL_TPC MIKRO_TPC,
        t4.HASIL_KK MIKRO_KK
    FROM 
    data_awal_ppoj DAP 
    LEFT JOIN 
    (select 
      ID_PPOJ, 
      ROW_NUMBER() over (partition by ID_PPOJ order by SUHU_MIN) as rn, 
      SUHU_MIN, 
      SUHU_MAX 
    from 
      suhu ) t1 ON DAP.id = t1.ID_PPOJ left join 
    ( select 
      ID_PPOJ, 
      ROW_NUMBER() over (partition by ID_PPOJ order by HASIL_TPC) as rn, 
      HASIL_TPC, 
      HASIL_KK 
    from mikro_volumetrik ) t4 on DAP.id = t4.ID_PPOJ   and t1.rn = t2.rn LEFT join 
     ( select 
      ID_PPOJ, 
      ROW_NUMBER() over (partition by ID_PPOJ order by RH_MIN) as rn, 
      RH_MIN, 
      RH_MAX 
    from rh ) t2 ON DAP.id = t2.id_ppoj AND t2.rn = t3.rn left JOIN
    ( select 
      ID_PPOJ, 
      ROW_NUMBER() over (partition by ID_PPOJ order by HASIL_TPC) as rn, 
      HASIL_TPC, 
      HASIL_KK 
    from mikro_capar ) t3 ON DAP.id = t3.id_ppoj AND t3.rn = t4.rn
      
      WHERE 
        DAP.id =3;
      ')
 3 SYSTEMPATH/Database/BaseConnection.php(606): CodeIgniter\Database\BaseConnection->simpleQuery('SELECT 		 
        DAP.KELAS,
        DAP.ID ID_PPOJ,
        t1.SUHU_MIN, 
        t1.SUHU_MAX, 
        t2.RH_MIN, 
        t2.RH_MAX,
        t3.HASIL_TPC CAPAR_TPC,
        t3.HASIL_KK CAPAR_KK,
        t4.HASIL_TPC MIKRO_TPC,
        t4.HASIL_KK MIKRO_KK
    FROM 
    data_awal_ppoj DAP 
    LEFT JOIN 
    (select 
      ID_PPOJ, 
      ROW_NUMBER() over (partition by ID_PPOJ order by SUHU_MIN) as rn, 
      SUHU_MIN, 
      SUHU_MAX 
    from 
      suhu ) t1 ON DAP.id = t1.ID_PPOJ left join 
    ( select 
      ID_PPOJ, 
      ROW_NUMBER() over (partition by ID_PPOJ order by HASIL_TPC) as rn, 
      HASIL_TPC, 
      HASIL_KK 
    from mikro_volumetrik ) t4 on DAP.id = t4.ID_PPOJ   and t1.rn = t2.rn LEFT join 
     ( select 
      ID_PPOJ, 
      ROW_NUMBER() over (partition by ID_PPOJ order by RH_MIN) as rn, 
      RH_MIN, 
      RH_MAX 
    from rh ) t2 ON DAP.id = t2.id_ppoj AND t2.rn = t3.rn left JOIN
    ( select 
      ID_PPOJ, 
      ROW_NUMBER() over (partition by ID_PPOJ order by HASIL_TPC) as rn, 
      HASIL_TPC, 
      HASIL_KK 
    from mikro_capar ) t3 ON DAP.id = t3.id_ppoj AND t3.rn = t4.rn
      
      WHERE 
        DAP.id =3;
      ')
 4 APPPATH/Models/PpojModel.php(373): CodeIgniter\Database\BaseConnection->query('SELECT 		 
        DAP.KELAS,
        DAP.ID ID_PPOJ,
        t1.SUHU_MIN, 
        t1.SUHU_MAX, 
        t2.RH_MIN, 
        t2.RH_MAX,
        t3.HASIL_TPC CAPAR_TPC,
        t3.HASIL_KK CAPAR_KK,
        t4.HASIL_TPC MIKRO_TPC,
        t4.HASIL_KK MIKRO_KK
    FROM 
    data_awal_ppoj DAP 
    LEFT JOIN 
    (select 
      ID_PPOJ, 
      ROW_NUMBER() over (partition by ID_PPOJ order by SUHU_MIN) as rn, 
      SUHU_MIN, 
      SUHU_MAX 
    from 
      suhu ) t1 ON DAP.id = t1.ID_PPOJ left join 
    ( select 
      ID_PPOJ, 
      ROW_NUMBER() over (partition by ID_PPOJ order by HASIL_TPC) as rn, 
      HASIL_TPC, 
      HASIL_KK 
    from mikro_volumetrik ) t4 on DAP.id = t4.ID_PPOJ   and t1.rn = t2.rn LEFT join 
     ( select 
      ID_PPOJ, 
      ROW_NUMBER() over (partition by ID_PPOJ order by RH_MIN) as rn, 
      RH_MIN, 
      RH_MAX 
    from rh ) t2 ON DAP.id = t2.id_ppoj AND t2.rn = t3.rn left JOIN
    ( select 
      ID_PPOJ, 
      ROW_NUMBER() over (partition by ID_PPOJ order by HASIL_TPC) as rn, 
      HASIL_TPC, 
      HASIL_KK 
    from mikro_capar ) t3 ON DAP.id = t3.id_ppoj AND t3.rn = t4.rn
      
      WHERE 
        DAP.id =3;
      ')
 5 APPPATH/Models/PpojModel.php(344): App\Models\PpojModel->DataSuhuRH('(select 
      ID_PPOJ, 
      ROW_NUMBER() over (partition by ID_PPOJ order by SUHU_MIN) as rn, 
      SUHU_MIN, 
      SUHU_MAX 
    from 
      suhu )', '( select 
      ID_PPOJ, 
      ROW_NUMBER() over (partition by ID_PPOJ order by HASIL_TPC) as rn, 
      HASIL_TPC, 
      HASIL_KK 
    from mikro_volumetrik )', ' ( select 
      ID_PPOJ, 
      ROW_NUMBER() over (partition by ID_PPOJ order by RH_MIN) as rn, 
      RH_MIN, 
      RH_MAX 
    from rh )', '( select 
      ID_PPOJ, 
      ROW_NUMBER() over (partition by ID_PPOJ order by HASIL_TPC) as rn, 
      HASIL_TPC, 
      HASIL_KK 
    from mikro_capar )', '3', 't1', 't4', 't2', 't3')
 6 APPPATH/Controllers/DataPpoj.php(109): App\Models\PpojModel->DataPDF(1, 0, 0, 1, '3')
 7 SYSTEMPATH/CodeIgniter.php(932): App\Controllers\DataPpoj->Detail('3')
 8 SYSTEMPATH/CodeIgniter.php(497): CodeIgniter\CodeIgniter->runController(Object(App\Controllers\DataPpoj))
 9 SYSTEMPATH/CodeIgniter.php(366): CodeIgniter\CodeIgniter->handleRequest(null, Object(Config\Cache), false)
10 FCPATH/index.php(79): CodeIgniter\CodeIgniter->run()
INFO - 2024-05-15 01:41:56 --> Session: Class initialized using 'CodeIgniter\Session\Handlers\FileHandler' driver.
INFO - 2024-05-15 01:42:03 --> Session: Class initialized using 'CodeIgniter\Session\Handlers\FileHandler' driver.
INFO - 2024-05-15 01:42:04 --> Session: Class initialized using 'CodeIgniter\Session\Handlers\FileHandler' driver.
INFO - 2024-05-15 01:42:11 --> Session: Class initialized using 'CodeIgniter\Session\Handlers\FileHandler' driver.
INFO - 2024-05-15 01:42:11 --> Session: Class initialized using 'CodeIgniter\Session\Handlers\FileHandler' driver.
INFO - 2024-05-15 01:42:13 --> Session: Class initialized using 'CodeIgniter\Session\Handlers\FileHandler' driver.
INFO - 2024-05-15 01:42:14 --> Session: Class initialized using 'CodeIgniter\Session\Handlers\FileHandler' driver.
ERROR - 2024-05-15 01:42:14 --> mysqli_sql_exception: Unknown column 't3.rn' in 'on clause' in /home/validas1/ci4_core/system/Database/MySQLi/Connection.php:295
Stack trace:
#0 /home/validas1/ci4_core/system/Database/MySQLi/Connection.php(295): mysqli->query('SELECT \t\t \r\n   ...', 0)
#1 /home/validas1/ci4_core/system/Database/BaseConnection.php(692): CodeIgniter\Database\MySQLi\Connection->execute('SELECT \t\t \r\n   ...')
#2 /home/validas1/ci4_core/system/Database/BaseConnection.php(606): CodeIgniter\Database\BaseConnection->simpleQuery('SELECT \t\t \r\n   ...')
#3 /home/validas1/ci4_core/app/Models/PpojModel.php(373): CodeIgniter\Database\BaseConnection->query('SELECT \t\t \r\n   ...')
#4 /home/validas1/ci4_core/app/Models/PpojModel.php(344): App\Models\PpojModel->DataSuhuRH('( select \r\n    ...', '(select \r\n     ...', ' ( select \r\n   ...', '( select \r\n    ...', '2', 't4', 't1', 't2', 't3')
#5 /home/validas1/ci4_core/app/Controllers/DataPpoj.php(109): App\Models\PpojModel->DataPDF(1, 1, 0, 2, '2')
#6 /home/validas1/ci4_core/system/CodeIgniter.php(932): App\Controllers\DataPpoj->Detail('2')
#7 /home/validas1/ci4_core/system/CodeIgniter.php(497): CodeIgniter\CodeIgniter->runController(Object(App\Controllers\DataPpoj))
#8 /home/validas1/ci4_core/system/CodeIgniter.php(366): CodeIgniter\CodeIgniter->handleRequest(NULL, Object(Config\Cache), false)
#9 /home/validas1/ereport.validasickr.my.id/index.php(79): CodeIgniter\CodeIgniter->run()
#10 {main}
CRITICAL - 2024-05-15 01:42:14 --> Unknown column 't3.rn' in 'on clause'
in SYSTEMPATH/Database/MySQLi/Connection.php on line 295.
 1 SYSTEMPATH/Database/MySQLi/Connection.php(295): mysqli->query('SELECT 		 
        DAP.KELAS,
        DAP.ID ID_PPOJ,
        t1.SUHU_MIN, 
        t1.SUHU_MAX, 
        t2.RH_MIN, 
        t2.RH_MAX,
        t3.HASIL_TPC CAPAR_TPC,
        t3.HASIL_KK CAPAR_KK,
        t4.HASIL_TPC MIKRO_TPC,
        t4.HASIL_KK MIKRO_KK
    FROM 
    data_awal_ppoj DAP 
    LEFT JOIN 
    ( select 
      ID_PPOJ, 
      ROW_NUMBER() over (partition by ID_PPOJ order by HASIL_TPC) as rn, 
      HASIL_TPC, 
      HASIL_KK 
    from mikro_volumetrik ) t4 ON DAP.id = t4.ID_PPOJ left join 
    (select 
      ID_PPOJ, 
      ROW_NUMBER() over (partition by ID_PPOJ order by SUHU_MIN) as rn, 
      SUHU_MIN, 
      SUHU_MAX 
    from 
      suhu ) t1 on DAP.id = t1.ID_PPOJ   and t1.rn = t2.rn LEFT join 
     ( select 
      ID_PPOJ, 
      ROW_NUMBER() over (partition by ID_PPOJ order by RH_MIN) as rn, 
      RH_MIN, 
      RH_MAX 
    from rh ) t2 ON DAP.id = t2.id_ppoj AND t2.rn = t3.rn left JOIN
    ( select 
      ID_PPOJ, 
      ROW_NUMBER() over (partition by ID_PPOJ order by HASIL_TPC) as rn, 
      HASIL_TPC, 
      HASIL_KK 
    from mikro_capar ) t3 ON DAP.id = t3.id_ppoj AND t3.rn = t4.rn
      
      WHERE 
        DAP.id =2;
      ', 0)
 2 SYSTEMPATH/Database/BaseConnection.php(692): CodeIgniter\Database\MySQLi\Connection->execute('SELECT 		 
        DAP.KELAS,
        DAP.ID ID_PPOJ,
        t1.SUHU_MIN, 
        t1.SUHU_MAX, 
        t2.RH_MIN, 
        t2.RH_MAX,
        t3.HASIL_TPC CAPAR_TPC,
        t3.HASIL_KK CAPAR_KK,
        t4.HASIL_TPC MIKRO_TPC,
        t4.HASIL_KK MIKRO_KK
    FROM 
    data_awal_ppoj DAP 
    LEFT JOIN 
    ( select 
      ID_PPOJ, 
      ROW_NUMBER() over (partition by ID_PPOJ order by HASIL_TPC) as rn, 
      HASIL_TPC, 
      HASIL_KK 
    from mikro_volumetrik ) t4 ON DAP.id = t4.ID_PPOJ left join 
    (select 
      ID_PPOJ, 
      ROW_NUMBER() over (partition by ID_PPOJ order by SUHU_MIN) as rn, 
      SUHU_MIN, 
      SUHU_MAX 
    from 
      suhu ) t1 on DAP.id = t1.ID_PPOJ   and t1.rn = t2.rn LEFT join 
     ( select 
      ID_PPOJ, 
      ROW_NUMBER() over (partition by ID_PPOJ order by RH_MIN) as rn, 
      RH_MIN, 
      RH_MAX 
    from rh ) t2 ON DAP.id = t2.id_ppoj AND t2.rn = t3.rn left JOIN
    ( select 
      ID_PPOJ, 
      ROW_NUMBER() over (partition by ID_PPOJ order by HASIL_TPC) as rn, 
      HASIL_TPC, 
      HASIL_KK 
    from mikro_capar ) t3 ON DAP.id = t3.id_ppoj AND t3.rn = t4.rn
      
      WHERE 
        DAP.id =2;
      ')
 3 SYSTEMPATH/Database/BaseConnection.php(606): CodeIgniter\Database\BaseConnection->simpleQuery('SELECT 		 
        DAP.KELAS,
        DAP.ID ID_PPOJ,
        t1.SUHU_MIN, 
        t1.SUHU_MAX, 
        t2.RH_MIN, 
        t2.RH_MAX,
        t3.HASIL_TPC CAPAR_TPC,
        t3.HASIL_KK CAPAR_KK,
        t4.HASIL_TPC MIKRO_TPC,
        t4.HASIL_KK MIKRO_KK
    FROM 
    data_awal_ppoj DAP 
    LEFT JOIN 
    ( select 
      ID_PPOJ, 
      ROW_NUMBER() over (partition by ID_PPOJ order by HASIL_TPC) as rn, 
      HASIL_TPC, 
      HASIL_KK 
    from mikro_volumetrik ) t4 ON DAP.id = t4.ID_PPOJ left join 
    (select 
      ID_PPOJ, 
      ROW_NUMBER() over (partition by ID_PPOJ order by SUHU_MIN) as rn, 
      SUHU_MIN, 
      SUHU_MAX 
    from 
      suhu ) t1 on DAP.id = t1.ID_PPOJ   and t1.rn = t2.rn LEFT join 
     ( select 
      ID_PPOJ, 
      ROW_NUMBER() over (partition by ID_PPOJ order by RH_MIN) as rn, 
      RH_MIN, 
      RH_MAX 
    from rh ) t2 ON DAP.id = t2.id_ppoj AND t2.rn = t3.rn left JOIN
    ( select 
      ID_PPOJ, 
      ROW_NUMBER() over (partition by ID_PPOJ order by HASIL_TPC) as rn, 
      HASIL_TPC, 
      HASIL_KK 
    from mikro_capar ) t3 ON DAP.id = t3.id_ppoj AND t3.rn = t4.rn
      
      WHERE 
        DAP.id =2;
      ')
 4 APPPATH/Models/PpojModel.php(373): CodeIgniter\Database\BaseConnection->query('SELECT 		 
        DAP.KELAS,
        DAP.ID ID_PPOJ,
        t1.SUHU_MIN, 
        t1.SUHU_MAX, 
        t2.RH_MIN, 
        t2.RH_MAX,
        t3.HASIL_TPC CAPAR_TPC,
        t3.HASIL_KK CAPAR_KK,
        t4.HASIL_TPC MIKRO_TPC,
        t4.HASIL_KK MIKRO_KK
    FROM 
    data_awal_ppoj DAP 
    LEFT JOIN 
    ( select 
      ID_PPOJ, 
      ROW_NUMBER() over (partition by ID_PPOJ order by HASIL_TPC) as rn, 
      HASIL_TPC, 
      HASIL_KK 
    from mikro_volumetrik ) t4 ON DAP.id = t4.ID_PPOJ left join 
    (select 
      ID_PPOJ, 
      ROW_NUMBER() over (partition by ID_PPOJ order by SUHU_MIN) as rn, 
      SUHU_MIN, 
      SUHU_MAX 
    from 
      suhu ) t1 on DAP.id = t1.ID_PPOJ   and t1.rn = t2.rn LEFT join 
     ( select 
      ID_PPOJ, 
      ROW_NUMBER() over (partition by ID_PPOJ order by RH_MIN) as rn, 
      RH_MIN, 
      RH_MAX 
    from rh ) t2 ON DAP.id = t2.id_ppoj AND t2.rn = t3.rn left JOIN
    ( select 
      ID_PPOJ, 
      ROW_NUMBER() over (partition by ID_PPOJ order by HASIL_TPC) as rn, 
      HASIL_TPC, 
      HASIL_KK 
    from mikro_capar ) t3 ON DAP.id = t3.id_ppoj AND t3.rn = t4.rn
      
      WHERE 
        DAP.id =2;
      ')
 5 APPPATH/Models/PpojModel.php(344): App\Models\PpojModel->DataSuhuRH('( select 
      ID_PPOJ, 
      ROW_NUMBER() over (partition by ID_PPOJ order by HASIL_TPC) as rn, 
      HASIL_TPC, 
      HASIL_KK 
    from mikro_volumetrik )', '(select 
      ID_PPOJ, 
      ROW_NUMBER() over (partition by ID_PPOJ order by SUHU_MIN) as rn, 
      SUHU_MIN, 
      SUHU_MAX 
    from 
      suhu )', ' ( select 
      ID_PPOJ, 
      ROW_NUMBER() over (partition by ID_PPOJ order by RH_MIN) as rn, 
      RH_MIN, 
      RH_MAX 
    from rh )', '( select 
      ID_PPOJ, 
      ROW_NUMBER() over (partition by ID_PPOJ order by HASIL_TPC) as rn, 
      HASIL_TPC, 
      HASIL_KK 
    from mikro_capar )', '2', 't4', 't1', 't2', 't3')
 6 APPPATH/Controllers/DataPpoj.php(109): App\Models\PpojModel->DataPDF(1, 1, 0, 2, '2')
 7 SYSTEMPATH/CodeIgniter.php(932): App\Controllers\DataPpoj->Detail('2')
 8 SYSTEMPATH/CodeIgniter.php(497): CodeIgniter\CodeIgniter->runController(Object(App\Controllers\DataPpoj))
 9 SYSTEMPATH/CodeIgniter.php(366): CodeIgniter\CodeIgniter->handleRequest(null, Object(Config\Cache), false)
10 FCPATH/index.php(79): CodeIgniter\CodeIgniter->run()
INFO - 2024-05-15 01:42:15 --> Session: Class initialized using 'CodeIgniter\Session\Handlers\FileHandler' driver.
INFO - 2024-05-15 01:42:18 --> Session: Class initialized using 'CodeIgniter\Session\Handlers\FileHandler' driver.
INFO - 2024-05-15 01:42:19 --> Session: Class initialized using 'CodeIgniter\Session\Handlers\FileHandler' driver.
INFO - 2024-05-15 01:42:30 --> Session: Class initialized using 'CodeIgniter\Session\Handlers\FileHandler' driver.
INFO - 2024-05-15 01:42:31 --> Session: Class initialized using 'CodeIgniter\Session\Handlers\FileHandler' driver.
INFO - 2024-05-15 01:42:37 --> Session: Class initialized using 'CodeIgniter\Session\Handlers\FileHandler' driver.
INFO - 2024-05-15 01:42:40 --> Session: Class initialized using 'CodeIgniter\Session\Handlers\FileHandler' driver.
INFO - 2024-05-15 01:42:43 --> Session: Class initialized using 'CodeIgniter\Session\Handlers\FileHandler' driver.
ERROR - 2024-05-15 01:42:43 --> mysqli_sql_exception: Unknown column 't3.rn' in 'on clause' in /home/validas1/ci4_core/system/Database/MySQLi/Connection.php:295
Stack trace:
#0 /home/validas1/ci4_core/system/Database/MySQLi/Connection.php(295): mysqli->query('SELECT \t\t \r\n   ...', 0)
#1 /home/validas1/ci4_core/system/Database/BaseConnection.php(692): CodeIgniter\Database\MySQLi\Connection->execute('SELECT \t\t \r\n   ...')
#2 /home/validas1/ci4_core/system/Database/BaseConnection.php(606): CodeIgniter\Database\BaseConnection->simpleQuery('SELECT \t\t \r\n   ...')
#3 /home/validas1/ci4_core/app/Models/PpojModel.php(373): CodeIgniter\Database\BaseConnection->query('SELECT \t\t \r\n   ...')
#4 /home/validas1/ci4_core/app/Models/PpojModel.php(344): App\Models\PpojModel->DataSuhuRH('( select \r\n    ...', '(select \r\n     ...', ' ( select \r\n   ...', '( select \r\n    ...', '2', 't4', 't1', 't2', 't3')
#5 /home/validas1/ci4_core/app/Controllers/DataPpoj.php(109): App\Models\PpojModel->DataPDF(1, 1, 0, 2, '2')
#6 /home/validas1/ci4_core/system/CodeIgniter.php(932): App\Controllers\DataPpoj->Detail('2')
#7 /home/validas1/ci4_core/system/CodeIgniter.php(497): CodeIgniter\CodeIgniter->runController(Object(App\Controllers\DataPpoj))
#8 /home/validas1/ci4_core/system/CodeIgniter.php(366): CodeIgniter\CodeIgniter->handleRequest(NULL, Object(Config\Cache), false)
#9 /home/validas1/ereport.validasickr.my.id/index.php(79): CodeIgniter\CodeIgniter->run()
#10 {main}
CRITICAL - 2024-05-15 01:42:43 --> Unknown column 't3.rn' in 'on clause'
in SYSTEMPATH/Database/MySQLi/Connection.php on line 295.
 1 SYSTEMPATH/Database/MySQLi/Connection.php(295): mysqli->query('SELECT 		 
        DAP.KELAS,
        DAP.ID ID_PPOJ,
        t1.SUHU_MIN, 
        t1.SUHU_MAX, 
        t2.RH_MIN, 
        t2.RH_MAX,
        t3.HASIL_TPC CAPAR_TPC,
        t3.HASIL_KK CAPAR_KK,
        t4.HASIL_TPC MIKRO_TPC,
        t4.HASIL_KK MIKRO_KK
    FROM 
    data_awal_ppoj DAP 
    LEFT JOIN 
    ( select 
      ID_PPOJ, 
      ROW_NUMBER() over (partition by ID_PPOJ order by HASIL_TPC) as rn, 
      HASIL_TPC, 
      HASIL_KK 
    from mikro_volumetrik ) t4 ON DAP.id = t4.ID_PPOJ left join 
    (select 
      ID_PPOJ, 
      ROW_NUMBER() over (partition by ID_PPOJ order by SUHU_MIN) as rn, 
      SUHU_MIN, 
      SUHU_MAX 
    from 
      suhu ) t1 on DAP.id = t1.ID_PPOJ   and t1.rn = t2.rn LEFT join 
     ( select 
      ID_PPOJ, 
      ROW_NUMBER() over (partition by ID_PPOJ order by RH_MIN) as rn, 
      RH_MIN, 
      RH_MAX 
    from rh ) t2 ON DAP.id = t2.id_ppoj AND t2.rn = t3.rn left JOIN
    ( select 
      ID_PPOJ, 
      ROW_NUMBER() over (partition by ID_PPOJ order by HASIL_TPC) as rn, 
      HASIL_TPC, 
      HASIL_KK 
    from mikro_capar ) t3 ON DAP.id = t3.id_ppoj AND t3.rn = t4.rn
      
      WHERE 
        DAP.id =2;
      ', 0)
 2 SYSTEMPATH/Database/BaseConnection.php(692): CodeIgniter\Database\MySQLi\Connection->execute('SELECT 		 
        DAP.KELAS,
        DAP.ID ID_PPOJ,
        t1.SUHU_MIN, 
        t1.SUHU_MAX, 
        t2.RH_MIN, 
        t2.RH_MAX,
        t3.HASIL_TPC CAPAR_TPC,
        t3.HASIL_KK CAPAR_KK,
        t4.HASIL_TPC MIKRO_TPC,
        t4.HASIL_KK MIKRO_KK
    FROM 
    data_awal_ppoj DAP 
    LEFT JOIN 
    ( select 
      ID_PPOJ, 
      ROW_NUMBER() over (partition by ID_PPOJ order by HASIL_TPC) as rn, 
      HASIL_TPC, 
      HASIL_KK 
    from mikro_volumetrik ) t4 ON DAP.id = t4.ID_PPOJ left join 
    (select 
      ID_PPOJ, 
      ROW_NUMBER() over (partition by ID_PPOJ order by SUHU_MIN) as rn, 
      SUHU_MIN, 
      SUHU_MAX 
    from 
      suhu ) t1 on DAP.id = t1.ID_PPOJ   and t1.rn = t2.rn LEFT join 
     ( select 
      ID_PPOJ, 
      ROW_NUMBER() over (partition by ID_PPOJ order by RH_MIN) as rn, 
      RH_MIN, 
      RH_MAX 
    from rh ) t2 ON DAP.id = t2.id_ppoj AND t2.rn = t3.rn left JOIN
    ( select 
      ID_PPOJ, 
      ROW_NUMBER() over (partition by ID_PPOJ order by HASIL_TPC) as rn, 
      HASIL_TPC, 
      HASIL_KK 
    from mikro_capar ) t3 ON DAP.id = t3.id_ppoj AND t3.rn = t4.rn
      
      WHERE 
        DAP.id =2;
      ')
 3 SYSTEMPATH/Database/BaseConnection.php(606): CodeIgniter\Database\BaseConnection->simpleQuery('SELECT 		 
        DAP.KELAS,
        DAP.ID ID_PPOJ,
        t1.SUHU_MIN, 
        t1.SUHU_MAX, 
        t2.RH_MIN, 
        t2.RH_MAX,
        t3.HASIL_TPC CAPAR_TPC,
        t3.HASIL_KK CAPAR_KK,
        t4.HASIL_TPC MIKRO_TPC,
        t4.HASIL_KK MIKRO_KK
    FROM 
    data_awal_ppoj DAP 
    LEFT JOIN 
    ( select 
      ID_PPOJ, 
      ROW_NUMBER() over (partition by ID_PPOJ order by HASIL_TPC) as rn, 
      HASIL_TPC, 
      HASIL_KK 
    from mikro_volumetrik ) t4 ON DAP.id = t4.ID_PPOJ left join 
    (select 
      ID_PPOJ, 
      ROW_NUMBER() over (partition by ID_PPOJ order by SUHU_MIN) as rn, 
      SUHU_MIN, 
      SUHU_MAX 
    from 
      suhu ) t1 on DAP.id = t1.ID_PPOJ   and t1.rn = t2.rn LEFT join 
     ( select 
      ID_PPOJ, 
      ROW_NUMBER() over (partition by ID_PPOJ order by RH_MIN) as rn, 
      RH_MIN, 
      RH_MAX 
    from rh ) t2 ON DAP.id = t2.id_ppoj AND t2.rn = t3.rn left JOIN
    ( select 
      ID_PPOJ, 
      ROW_NUMBER() over (partition by ID_PPOJ order by HASIL_TPC) as rn, 
      HASIL_TPC, 
      HASIL_KK 
    from mikro_capar ) t3 ON DAP.id = t3.id_ppoj AND t3.rn = t4.rn
      
      WHERE 
        DAP.id =2;
      ')
 4 APPPATH/Models/PpojModel.php(373): CodeIgniter\Database\BaseConnection->query('SELECT 		 
        DAP.KELAS,
        DAP.ID ID_PPOJ,
        t1.SUHU_MIN, 
        t1.SUHU_MAX, 
        t2.RH_MIN, 
        t2.RH_MAX,
        t3.HASIL_TPC CAPAR_TPC,
        t3.HASIL_KK CAPAR_KK,
        t4.HASIL_TPC MIKRO_TPC,
        t4.HASIL_KK MIKRO_KK
    FROM 
    data_awal_ppoj DAP 
    LEFT JOIN 
    ( select 
      ID_PPOJ, 
      ROW_NUMBER() over (partition by ID_PPOJ order by HASIL_TPC) as rn, 
      HASIL_TPC, 
      HASIL_KK 
    from mikro_volumetrik ) t4 ON DAP.id = t4.ID_PPOJ left join 
    (select 
      ID_PPOJ, 
      ROW_NUMBER() over (partition by ID_PPOJ order by SUHU_MIN) as rn, 
      SUHU_MIN, 
      SUHU_MAX 
    from 
      suhu ) t1 on DAP.id = t1.ID_PPOJ   and t1.rn = t2.rn LEFT join 
     ( select 
      ID_PPOJ, 
      ROW_NUMBER() over (partition by ID_PPOJ order by RH_MIN) as rn, 
      RH_MIN, 
      RH_MAX 
    from rh ) t2 ON DAP.id = t2.id_ppoj AND t2.rn = t3.rn left JOIN
    ( select 
      ID_PPOJ, 
      ROW_NUMBER() over (partition by ID_PPOJ order by HASIL_TPC) as rn, 
      HASIL_TPC, 
      HASIL_KK 
    from mikro_capar ) t3 ON DAP.id = t3.id_ppoj AND t3.rn = t4.rn
      
      WHERE 
        DAP.id =2;
      ')
 5 APPPATH/Models/PpojModel.php(344): App\Models\PpojModel->DataSuhuRH('( select 
      ID_PPOJ, 
      ROW_NUMBER() over (partition by ID_PPOJ order by HASIL_TPC) as rn, 
      HASIL_TPC, 
      HASIL_KK 
    from mikro_volumetrik )', '(select 
      ID_PPOJ, 
      ROW_NUMBER() over (partition by ID_PPOJ order by SUHU_MIN) as rn, 
      SUHU_MIN, 
      SUHU_MAX 
    from 
      suhu )', ' ( select 
      ID_PPOJ, 
      ROW_NUMBER() over (partition by ID_PPOJ order by RH_MIN) as rn, 
      RH_MIN, 
      RH_MAX 
    from rh )', '( select 
      ID_PPOJ, 
      ROW_NUMBER() over (partition by ID_PPOJ order by HASIL_TPC) as rn, 
      HASIL_TPC, 
      HASIL_KK 
    from mikro_capar )', '2', 't4', 't1', 't2', 't3')
 6 APPPATH/Controllers/DataPpoj.php(109): App\Models\PpojModel->DataPDF(1, 1, 0, 2, '2')
 7 SYSTEMPATH/CodeIgniter.php(932): App\Controllers\DataPpoj->Detail('2')
 8 SYSTEMPATH/CodeIgniter.php(497): CodeIgniter\CodeIgniter->runController(Object(App\Controllers\DataPpoj))
 9 SYSTEMPATH/CodeIgniter.php(366): CodeIgniter\CodeIgniter->handleRequest(null, Object(Config\Cache), false)
10 FCPATH/index.php(79): CodeIgniter\CodeIgniter->run()
INFO - 2024-05-15 01:42:45 --> Session: Class initialized using 'CodeIgniter\Session\Handlers\FileHandler' driver.
ERROR - 2024-05-15 01:42:45 --> mysqli_sql_exception: Unknown column 't3.rn' in 'on clause' in /home/validas1/ci4_core/system/Database/MySQLi/Connection.php:295
Stack trace:
#0 /home/validas1/ci4_core/system/Database/MySQLi/Connection.php(295): mysqli->query('SELECT \t\t \r\n   ...', 0)
#1 /home/validas1/ci4_core/system/Database/BaseConnection.php(692): CodeIgniter\Database\MySQLi\Connection->execute('SELECT \t\t \r\n   ...')
#2 /home/validas1/ci4_core/system/Database/BaseConnection.php(606): CodeIgniter\Database\BaseConnection->simpleQuery('SELECT \t\t \r\n   ...')
#3 /home/validas1/ci4_core/app/Models/PpojModel.php(373): CodeIgniter\Database\BaseConnection->query('SELECT \t\t \r\n   ...')
#4 /home/validas1/ci4_core/app/Models/PpojModel.php(344): App\Models\PpojModel->DataSuhuRH('( select \r\n    ...', '(select \r\n     ...', ' ( select \r\n   ...', '( select \r\n    ...', '2', 't4', 't1', 't2', 't3')
#5 /home/validas1/ci4_core/app/Controllers/DataPpoj.php(109): App\Models\PpojModel->DataPDF(1, 1, 0, 2, '2')
#6 /home/validas1/ci4_core/system/CodeIgniter.php(932): App\Controllers\DataPpoj->Detail('2')
#7 /home/validas1/ci4_core/system/CodeIgniter.php(497): CodeIgniter\CodeIgniter->runController(Object(App\Controllers\DataPpoj))
#8 /home/validas1/ci4_core/system/CodeIgniter.php(366): CodeIgniter\CodeIgniter->handleRequest(NULL, Object(Config\Cache), false)
#9 /home/validas1/ereport.validasickr.my.id/index.php(79): CodeIgniter\CodeIgniter->run()
#10 {main}
CRITICAL - 2024-05-15 01:42:45 --> Unknown column 't3.rn' in 'on clause'
in SYSTEMPATH/Database/MySQLi/Connection.php on line 295.
 1 SYSTEMPATH/Database/MySQLi/Connection.php(295): mysqli->query('SELECT 		 
        DAP.KELAS,
        DAP.ID ID_PPOJ,
        t1.SUHU_MIN, 
        t1.SUHU_MAX, 
        t2.RH_MIN, 
        t2.RH_MAX,
        t3.HASIL_TPC CAPAR_TPC,
        t3.HASIL_KK CAPAR_KK,
        t4.HASIL_TPC MIKRO_TPC,
        t4.HASIL_KK MIKRO_KK
    FROM 
    data_awal_ppoj DAP 
    LEFT JOIN 
    ( select 
      ID_PPOJ, 
      ROW_NUMBER() over (partition by ID_PPOJ order by HASIL_TPC) as rn, 
      HASIL_TPC, 
      HASIL_KK 
    from mikro_volumetrik ) t4 ON DAP.id = t4.ID_PPOJ left join 
    (select 
      ID_PPOJ, 
      ROW_NUMBER() over (partition by ID_PPOJ order by SUHU_MIN) as rn, 
      SUHU_MIN, 
      SUHU_MAX 
    from 
      suhu ) t1 on DAP.id = t1.ID_PPOJ   and t1.rn = t2.rn LEFT join 
     ( select 
      ID_PPOJ, 
      ROW_NUMBER() over (partition by ID_PPOJ order by RH_MIN) as rn, 
      RH_MIN, 
      RH_MAX 
    from rh ) t2 ON DAP.id = t2.id_ppoj AND t2.rn = t3.rn left JOIN
    ( select 
      ID_PPOJ, 
      ROW_NUMBER() over (partition by ID_PPOJ order by HASIL_TPC) as rn, 
      HASIL_TPC, 
      HASIL_KK 
    from mikro_capar ) t3 ON DAP.id = t3.id_ppoj AND t3.rn = t4.rn
      
      WHERE 
        DAP.id =2;
      ', 0)
 2 SYSTEMPATH/Database/BaseConnection.php(692): CodeIgniter\Database\MySQLi\Connection->execute('SELECT 		 
        DAP.KELAS,
        DAP.ID ID_PPOJ,
        t1.SUHU_MIN, 
        t1.SUHU_MAX, 
        t2.RH_MIN, 
        t2.RH_MAX,
        t3.HASIL_TPC CAPAR_TPC,
        t3.HASIL_KK CAPAR_KK,
        t4.HASIL_TPC MIKRO_TPC,
        t4.HASIL_KK MIKRO_KK
    FROM 
    data_awal_ppoj DAP 
    LEFT JOIN 
    ( select 
      ID_PPOJ, 
      ROW_NUMBER() over (partition by ID_PPOJ order by HASIL_TPC) as rn, 
      HASIL_TPC, 
      HASIL_KK 
    from mikro_volumetrik ) t4 ON DAP.id = t4.ID_PPOJ left join 
    (select 
      ID_PPOJ, 
      ROW_NUMBER() over (partition by ID_PPOJ order by SUHU_MIN) as rn, 
      SUHU_MIN, 
      SUHU_MAX 
    from 
      suhu ) t1 on DAP.id = t1.ID_PPOJ   and t1.rn = t2.rn LEFT join 
     ( select 
      ID_PPOJ, 
      ROW_NUMBER() over (partition by ID_PPOJ order by RH_MIN) as rn, 
      RH_MIN, 
      RH_MAX 
    from rh ) t2 ON DAP.id = t2.id_ppoj AND t2.rn = t3.rn left JOIN
    ( select 
      ID_PPOJ, 
      ROW_NUMBER() over (partition by ID_PPOJ order by HASIL_TPC) as rn, 
      HASIL_TPC, 
      HASIL_KK 
    from mikro_capar ) t3 ON DAP.id = t3.id_ppoj AND t3.rn = t4.rn
      
      WHERE 
        DAP.id =2;
      ')
 3 SYSTEMPATH/Database/BaseConnection.php(606): CodeIgniter\Database\BaseConnection->simpleQuery('SELECT 		 
        DAP.KELAS,
        DAP.ID ID_PPOJ,
        t1.SUHU_MIN, 
        t1.SUHU_MAX, 
        t2.RH_MIN, 
        t2.RH_MAX,
        t3.HASIL_TPC CAPAR_TPC,
        t3.HASIL_KK CAPAR_KK,
        t4.HASIL_TPC MIKRO_TPC,
        t4.HASIL_KK MIKRO_KK
    FROM 
    data_awal_ppoj DAP 
    LEFT JOIN 
    ( select 
      ID_PPOJ, 
      ROW_NUMBER() over (partition by ID_PPOJ order by HASIL_TPC) as rn, 
      HASIL_TPC, 
      HASIL_KK 
    from mikro_volumetrik ) t4 ON DAP.id = t4.ID_PPOJ left join 
    (select 
      ID_PPOJ, 
      ROW_NUMBER() over (partition by ID_PPOJ order by SUHU_MIN) as rn, 
      SUHU_MIN, 
      SUHU_MAX 
    from 
      suhu ) t1 on DAP.id = t1.ID_PPOJ   and t1.rn = t2.rn LEFT join 
     ( select 
      ID_PPOJ, 
      ROW_NUMBER() over (partition by ID_PPOJ order by RH_MIN) as rn, 
      RH_MIN, 
      RH_MAX 
    from rh ) t2 ON DAP.id = t2.id_ppoj AND t2.rn = t3.rn left JOIN
    ( select 
      ID_PPOJ, 
      ROW_NUMBER() over (partition by ID_PPOJ order by HASIL_TPC) as rn, 
      HASIL_TPC, 
      HASIL_KK 
    from mikro_capar ) t3 ON DAP.id = t3.id_ppoj AND t3.rn = t4.rn
      
      WHERE 
        DAP.id =2;
      ')
 4 APPPATH/Models/PpojModel.php(373): CodeIgniter\Database\BaseConnection->query('SELECT 		 
        DAP.KELAS,
        DAP.ID ID_PPOJ,
        t1.SUHU_MIN, 
        t1.SUHU_MAX, 
        t2.RH_MIN, 
        t2.RH_MAX,
        t3.HASIL_TPC CAPAR_TPC,
        t3.HASIL_KK CAPAR_KK,
        t4.HASIL_TPC MIKRO_TPC,
        t4.HASIL_KK MIKRO_KK
    FROM 
    data_awal_ppoj DAP 
    LEFT JOIN 
    ( select 
      ID_PPOJ, 
      ROW_NUMBER() over (partition by ID_PPOJ order by HASIL_TPC) as rn, 
      HASIL_TPC, 
      HASIL_KK 
    from mikro_volumetrik ) t4 ON DAP.id = t4.ID_PPOJ left join 
    (select 
      ID_PPOJ, 
      ROW_NUMBER() over (partition by ID_PPOJ order by SUHU_MIN) as rn, 
      SUHU_MIN, 
      SUHU_MAX 
    from 
      suhu ) t1 on DAP.id = t1.ID_PPOJ   and t1.rn = t2.rn LEFT join 
     ( select 
      ID_PPOJ, 
      ROW_NUMBER() over (partition by ID_PPOJ order by RH_MIN) as rn, 
      RH_MIN, 
      RH_MAX 
    from rh ) t2 ON DAP.id = t2.id_ppoj AND t2.rn = t3.rn left JOIN
    ( select 
      ID_PPOJ, 
      ROW_NUMBER() over (partition by ID_PPOJ order by HASIL_TPC) as rn, 
      HASIL_TPC, 
      HASIL_KK 
    from mikro_capar ) t3 ON DAP.id = t3.id_ppoj AND t3.rn = t4.rn
      
      WHERE 
        DAP.id =2;
      ')
 5 APPPATH/Models/PpojModel.php(344): App\Models\PpojModel->DataSuhuRH('( select 
      ID_PPOJ, 
      ROW_NUMBER() over (partition by ID_PPOJ order by HASIL_TPC) as rn, 
      HASIL_TPC, 
      HASIL_KK 
    from mikro_volumetrik )', '(select 
      ID_PPOJ, 
      ROW_NUMBER() over (partition by ID_PPOJ order by SUHU_MIN) as rn, 
      SUHU_MIN, 
      SUHU_MAX 
    from 
      suhu )', ' ( select 
      ID_PPOJ, 
      ROW_NUMBER() over (partition by ID_PPOJ order by RH_MIN) as rn, 
      RH_MIN, 
      RH_MAX 
    from rh )', '( select 
      ID_PPOJ, 
      ROW_NUMBER() over (partition by ID_PPOJ order by HASIL_TPC) as rn, 
      HASIL_TPC, 
      HASIL_KK 
    from mikro_capar )', '2', 't4', 't1', 't2', 't3')
 6 APPPATH/Controllers/DataPpoj.php(109): App\Models\PpojModel->DataPDF(1, 1, 0, 2, '2')
 7 SYSTEMPATH/CodeIgniter.php(932): App\Controllers\DataPpoj->Detail('2')
 8 SYSTEMPATH/CodeIgniter.php(497): CodeIgniter\CodeIgniter->runController(Object(App\Controllers\DataPpoj))
 9 SYSTEMPATH/CodeIgniter.php(366): CodeIgniter\CodeIgniter->handleRequest(null, Object(Config\Cache), false)
10 FCPATH/index.php(79): CodeIgniter\CodeIgniter->run()
INFO - 2024-05-15 02:10:35 --> Session: Class initialized using 'CodeIgniter\Session\Handlers\FileHandler' driver.
INFO - 2024-05-15 02:16:34 --> Session: Class initialized using 'CodeIgniter\Session\Handlers\FileHandler' driver.
INFO - 2024-05-15 02:16:38 --> Session: Class initialized using 'CodeIgniter\Session\Handlers\FileHandler' driver.
INFO - 2024-05-15 02:16:54 --> Session: Class initialized using 'CodeIgniter\Session\Handlers\FileHandler' driver.
INFO - 2024-05-15 02:16:54 --> Session: Class initialized using 'CodeIgniter\Session\Handlers\FileHandler' driver.
INFO - 2024-05-15 02:16:58 --> Session: Class initialized using 'CodeIgniter\Session\Handlers\FileHandler' driver.
INFO - 2024-05-15 02:17:07 --> Session: Class initialized using 'CodeIgniter\Session\Handlers\FileHandler' driver.
INFO - 2024-05-15 02:17:07 --> Session: Class initialized using 'CodeIgniter\Session\Handlers\FileHandler' driver.
INFO - 2024-05-15 02:17:13 --> Session: Class initialized using 'CodeIgniter\Session\Handlers\FileHandler' driver.
INFO - 2024-05-15 02:17:16 --> Session: Class initialized using 'CodeIgniter\Session\Handlers\FileHandler' driver.
INFO - 2024-05-15 02:17:18 --> Session: Class initialized using 'CodeIgniter\Session\Handlers\FileHandler' driver.
INFO - 2024-05-15 02:17:28 --> Session: Class initialized using 'CodeIgniter\Session\Handlers\FileHandler' driver.
INFO - 2024-05-15 02:17:28 --> Session: Class initialized using 'CodeIgniter\Session\Handlers\FileHandler' driver.
INFO - 2024-05-15 02:17:33 --> Session: Class initialized using 'CodeIgniter\Session\Handlers\FileHandler' driver.
INFO - 2024-05-15 02:17:37 --> Session: Class initialized using 'CodeIgniter\Session\Handlers\FileHandler' driver.
INFO - 2024-05-15 02:17:38 --> Session: Class initialized using 'CodeIgniter\Session\Handlers\FileHandler' driver.
INFO - 2024-05-15 02:17:45 --> Session: Class initialized using 'CodeIgniter\Session\Handlers\FileHandler' driver.
INFO - 2024-05-15 02:17:48 --> Session: Class initialized using 'CodeIgniter\Session\Handlers\FileHandler' driver.
INFO - 2024-05-15 02:17:49 --> Session: Class initialized using 'CodeIgniter\Session\Handlers\FileHandler' driver.
INFO - 2024-05-15 02:17:49 --> Session: Class initialized using 'CodeIgniter\Session\Handlers\FileHandler' driver.
INFO - 2024-05-15 02:17:51 --> Session: Class initialized using 'CodeIgniter\Session\Handlers\FileHandler' driver.
INFO - 2024-05-15 02:17:54 --> Session: Class initialized using 'CodeIgniter\Session\Handlers\FileHandler' driver.
INFO - 2024-05-15 02:17:55 --> Session: Class initialized using 'CodeIgniter\Session\Handlers\FileHandler' driver.
INFO - 2024-05-15 02:18:04 --> Session: Class initialized using 'CodeIgniter\Session\Handlers\FileHandler' driver.
INFO - 2024-05-15 02:18:06 --> Session: Class initialized using 'CodeIgniter\Session\Handlers\FileHandler' driver.
INFO - 2024-05-15 02:18:14 --> Session: Class initialized using 'CodeIgniter\Session\Handlers\FileHandler' driver.
INFO - 2024-05-15 02:18:14 --> Session: Class initialized using 'CodeIgniter\Session\Handlers\FileHandler' driver.
INFO - 2024-05-15 02:18:17 --> Session: Class initialized using 'CodeIgniter\Session\Handlers\FileHandler' driver.
INFO - 2024-05-15 02:18:18 --> Session: Class initialized using 'CodeIgniter\Session\Handlers\FileHandler' driver.
INFO - 2024-05-15 02:18:21 --> Session: Class initialized using 'CodeIgniter\Session\Handlers\FileHandler' driver.
INFO - 2024-05-15 02:18:22 --> Session: Class initialized using 'CodeIgniter\Session\Handlers\FileHandler' driver.
ERROR - 2024-05-15 02:18:22 --> mysqli_sql_exception: Unknown column 't3.rn' in 'on clause' in /home/validas1/ci4_core/system/Database/MySQLi/Connection.php:295
Stack trace:
#0 /home/validas1/ci4_core/system/Database/MySQLi/Connection.php(295): mysqli->query('SELECT \t\t \r\n   ...', 0)
#1 /home/validas1/ci4_core/system/Database/BaseConnection.php(692): CodeIgniter\Database\MySQLi\Connection->execute('SELECT \t\t \r\n   ...')
#2 /home/validas1/ci4_core/system/Database/BaseConnection.php(606): CodeIgniter\Database\BaseConnection->simpleQuery('SELECT \t\t \r\n   ...')
#3 /home/validas1/ci4_core/app/Models/PpojModel.php(373): CodeIgniter\Database\BaseConnection->query('SELECT \t\t \r\n   ...')
#4 /home/validas1/ci4_core/app/Models/PpojModel.php(344): App\Models\PpojModel->DataSuhuRH('(select \r\n     ...', ' ( select \r\n   ...', '( select \r\n    ...', '( select \r\n    ...', '5', 't1', 't2', 't4', 't3')
#5 /home/validas1/ci4_core/app/Controllers/DataPpoj.php(109): App\Models\PpojModel->DataPDF(1, 1, 0, 1, '5')
#6 /home/validas1/ci4_core/system/CodeIgniter.php(932): App\Controllers\DataPpoj->Detail('5')
#7 /home/validas1/ci4_core/system/CodeIgniter.php(497): CodeIgniter\CodeIgniter->runController(Object(App\Controllers\DataPpoj))
#8 /home/validas1/ci4_core/system/CodeIgniter.php(366): CodeIgniter\CodeIgniter->handleRequest(NULL, Object(Config\Cache), false)
#9 /home/validas1/ereport.validasickr.my.id/index.php(79): CodeIgniter\CodeIgniter->run()
#10 {main}
CRITICAL - 2024-05-15 02:18:22 --> Unknown column 't3.rn' in 'on clause'
in SYSTEMPATH/Database/MySQLi/Connection.php on line 295.
 1 SYSTEMPATH/Database/MySQLi/Connection.php(295): mysqli->query('SELECT 		 
        DAP.KELAS,
        DAP.ID ID_PPOJ,
        t1.SUHU_MIN, 
        t1.SUHU_MAX, 
        t2.RH_MIN, 
        t2.RH_MAX,
        t3.HASIL_TPC CAPAR_TPC,
        t3.HASIL_KK CAPAR_KK,
        t4.HASIL_TPC MIKRO_TPC,
        t4.HASIL_KK MIKRO_KK
    FROM 
    data_awal_ppoj DAP 
    LEFT JOIN 
    (select 
      ID_PPOJ, 
      ROW_NUMBER() over (partition by ID_PPOJ order by SUHU_MIN) as rn, 
      SUHU_MIN, 
      SUHU_MAX 
    from 
      suhu ) t1 ON DAP.id = t1.ID_PPOJ left join 
     ( select 
      ID_PPOJ, 
      ROW_NUMBER() over (partition by ID_PPOJ order by RH_MIN) as rn, 
      RH_MIN, 
      RH_MAX 
    from rh ) t2 on DAP.id = t2.ID_PPOJ   and t1.rn = t2.rn LEFT join 
    ( select 
      ID_PPOJ, 
      ROW_NUMBER() over (partition by ID_PPOJ order by HASIL_TPC) as rn, 
      HASIL_TPC, 
      HASIL_KK 
    from mikro_volumetrik ) t4 ON DAP.id = t4.id_ppoj AND t2.rn = t3.rn left JOIN
    ( select 
      ID_PPOJ, 
      ROW_NUMBER() over (partition by ID_PPOJ order by HASIL_TPC) as rn, 
      HASIL_TPC, 
      HASIL_KK 
    from mikro_capar ) t3 ON DAP.id = t3.id_ppoj AND t3.rn = t4.rn
      
      WHERE 
        DAP.id =5;
      ', 0)
 2 SYSTEMPATH/Database/BaseConnection.php(692): CodeIgniter\Database\MySQLi\Connection->execute('SELECT 		 
        DAP.KELAS,
        DAP.ID ID_PPOJ,
        t1.SUHU_MIN, 
        t1.SUHU_MAX, 
        t2.RH_MIN, 
        t2.RH_MAX,
        t3.HASIL_TPC CAPAR_TPC,
        t3.HASIL_KK CAPAR_KK,
        t4.HASIL_TPC MIKRO_TPC,
        t4.HASIL_KK MIKRO_KK
    FROM 
    data_awal_ppoj DAP 
    LEFT JOIN 
    (select 
      ID_PPOJ, 
      ROW_NUMBER() over (partition by ID_PPOJ order by SUHU_MIN) as rn, 
      SUHU_MIN, 
      SUHU_MAX 
    from 
      suhu ) t1 ON DAP.id = t1.ID_PPOJ left join 
     ( select 
      ID_PPOJ, 
      ROW_NUMBER() over (partition by ID_PPOJ order by RH_MIN) as rn, 
      RH_MIN, 
      RH_MAX 
    from rh ) t2 on DAP.id = t2.ID_PPOJ   and t1.rn = t2.rn LEFT join 
    ( select 
      ID_PPOJ, 
      ROW_NUMBER() over (partition by ID_PPOJ order by HASIL_TPC) as rn, 
      HASIL_TPC, 
      HASIL_KK 
    from mikro_volumetrik ) t4 ON DAP.id = t4.id_ppoj AND t2.rn = t3.rn left JOIN
    ( select 
      ID_PPOJ, 
      ROW_NUMBER() over (partition by ID_PPOJ order by HASIL_TPC) as rn, 
      HASIL_TPC, 
      HASIL_KK 
    from mikro_capar ) t3 ON DAP.id = t3.id_ppoj AND t3.rn = t4.rn
      
      WHERE 
        DAP.id =5;
      ')
 3 SYSTEMPATH/Database/BaseConnection.php(606): CodeIgniter\Database\BaseConnection->simpleQuery('SELECT 		 
        DAP.KELAS,
        DAP.ID ID_PPOJ,
        t1.SUHU_MIN, 
        t1.SUHU_MAX, 
        t2.RH_MIN, 
        t2.RH_MAX,
        t3.HASIL_TPC CAPAR_TPC,
        t3.HASIL_KK CAPAR_KK,
        t4.HASIL_TPC MIKRO_TPC,
        t4.HASIL_KK MIKRO_KK
    FROM 
    data_awal_ppoj DAP 
    LEFT JOIN 
    (select 
      ID_PPOJ, 
      ROW_NUMBER() over (partition by ID_PPOJ order by SUHU_MIN) as rn, 
      SUHU_MIN, 
      SUHU_MAX 
    from 
      suhu ) t1 ON DAP.id = t1.ID_PPOJ left join 
     ( select 
      ID_PPOJ, 
      ROW_NUMBER() over (partition by ID_PPOJ order by RH_MIN) as rn, 
      RH_MIN, 
      RH_MAX 
    from rh ) t2 on DAP.id = t2.ID_PPOJ   and t1.rn = t2.rn LEFT join 
    ( select 
      ID_PPOJ, 
      ROW_NUMBER() over (partition by ID_PPOJ order by HASIL_TPC) as rn, 
      HASIL_TPC, 
      HASIL_KK 
    from mikro_volumetrik ) t4 ON DAP.id = t4.id_ppoj AND t2.rn = t3.rn left JOIN
    ( select 
      ID_PPOJ, 
      ROW_NUMBER() over (partition by ID_PPOJ order by HASIL_TPC) as rn, 
      HASIL_TPC, 
      HASIL_KK 
    from mikro_capar ) t3 ON DAP.id = t3.id_ppoj AND t3.rn = t4.rn
      
      WHERE 
        DAP.id =5;
      ')
 4 APPPATH/Models/PpojModel.php(373): CodeIgniter\Database\BaseConnection->query('SELECT 		 
        DAP.KELAS,
        DAP.ID ID_PPOJ,
        t1.SUHU_MIN, 
        t1.SUHU_MAX, 
        t2.RH_MIN, 
        t2.RH_MAX,
        t3.HASIL_TPC CAPAR_TPC,
        t3.HASIL_KK CAPAR_KK,
        t4.HASIL_TPC MIKRO_TPC,
        t4.HASIL_KK MIKRO_KK
    FROM 
    data_awal_ppoj DAP 
    LEFT JOIN 
    (select 
      ID_PPOJ, 
      ROW_NUMBER() over (partition by ID_PPOJ order by SUHU_MIN) as rn, 
      SUHU_MIN, 
      SUHU_MAX 
    from 
      suhu ) t1 ON DAP.id = t1.ID_PPOJ left join 
     ( select 
      ID_PPOJ, 
      ROW_NUMBER() over (partition by ID_PPOJ order by RH_MIN) as rn, 
      RH_MIN, 
      RH_MAX 
    from rh ) t2 on DAP.id = t2.ID_PPOJ   and t1.rn = t2.rn LEFT join 
    ( select 
      ID_PPOJ, 
      ROW_NUMBER() over (partition by ID_PPOJ order by HASIL_TPC) as rn, 
      HASIL_TPC, 
      HASIL_KK 
    from mikro_volumetrik ) t4 ON DAP.id = t4.id_ppoj AND t2.rn = t3.rn left JOIN
    ( select 
      ID_PPOJ, 
      ROW_NUMBER() over (partition by ID_PPOJ order by HASIL_TPC) as rn, 
      HASIL_TPC, 
      HASIL_KK 
    from mikro_capar ) t3 ON DAP.id = t3.id_ppoj AND t3.rn = t4.rn
      
      WHERE 
        DAP.id =5;
      ')
 5 APPPATH/Models/PpojModel.php(344): App\Models\PpojModel->DataSuhuRH('(select 
      ID_PPOJ, 
      ROW_NUMBER() over (partition by ID_PPOJ order by SUHU_MIN) as rn, 
      SUHU_MIN, 
      SUHU_MAX 
    from 
      suhu )', ' ( select 
      ID_PPOJ, 
      ROW_NUMBER() over (partition by ID_PPOJ order by RH_MIN) as rn, 
      RH_MIN, 
      RH_MAX 
    from rh )', '( select 
      ID_PPOJ, 
      ROW_NUMBER() over (partition by ID_PPOJ order by HASIL_TPC) as rn, 
      HASIL_TPC, 
      HASIL_KK 
    from mikro_volumetrik )', '( select 
      ID_PPOJ, 
      ROW_NUMBER() over (partition by ID_PPOJ order by HASIL_TPC) as rn, 
      HASIL_TPC, 
      HASIL_KK 
    from mikro_capar )', '5', 't1', 't2', 't4', 't3')
 6 APPPATH/Controllers/DataPpoj.php(109): App\Models\PpojModel->DataPDF(1, 1, 0, 1, '5')
 7 SYSTEMPATH/CodeIgniter.php(932): App\Controllers\DataPpoj->Detail('5')
 8 SYSTEMPATH/CodeIgniter.php(497): CodeIgniter\CodeIgniter->runController(Object(App\Controllers\DataPpoj))
 9 SYSTEMPATH/CodeIgniter.php(366): CodeIgniter\CodeIgniter->handleRequest(null, Object(Config\Cache), false)
10 FCPATH/index.php(79): CodeIgniter\CodeIgniter->run()
INFO - 2024-05-15 02:18:32 --> Session: Class initialized using 'CodeIgniter\Session\Handlers\FileHandler' driver.
INFO - 2024-05-15 02:18:32 --> Session: Class initialized using 'CodeIgniter\Session\Handlers\FileHandler' driver.
INFO - 2024-05-15 02:18:32 --> Session: Class initialized using 'CodeIgniter\Session\Handlers\FileHandler' driver.
INFO - 2024-05-15 02:18:50 --> Session: Class initialized using 'CodeIgniter\Session\Handlers\FileHandler' driver.
INFO - 2024-05-15 02:18:50 --> Session: Class initialized using 'CodeIgniter\Session\Handlers\FileHandler' driver.
INFO - 2024-05-15 02:19:02 --> Session: Class initialized using 'CodeIgniter\Session\Handlers\FileHandler' driver.
INFO - 2024-05-15 02:19:02 --> Session: Class initialized using 'CodeIgniter\Session\Handlers\FileHandler' driver.
INFO - 2024-05-15 02:19:08 --> Session: Class initialized using 'CodeIgniter\Session\Handlers\FileHandler' driver.
INFO - 2024-05-15 02:19:12 --> Session: Class initialized using 'CodeIgniter\Session\Handlers\FileHandler' driver.
INFO - 2024-05-15 02:19:15 --> Session: Class initialized using 'CodeIgniter\Session\Handlers\FileHandler' driver.
INFO - 2024-05-15 02:19:30 --> Session: Class initialized using 'CodeIgniter\Session\Handlers\FileHandler' driver.
INFO - 2024-05-15 02:19:30 --> Session: Class initialized using 'CodeIgniter\Session\Handlers\FileHandler' driver.
INFO - 2024-05-15 02:19:34 --> Session: Class initialized using 'CodeIgniter\Session\Handlers\FileHandler' driver.
INFO - 2024-05-15 02:19:41 --> Session: Class initialized using 'CodeIgniter\Session\Handlers\FileHandler' driver.
INFO - 2024-05-15 02:19:43 --> Session: Class initialized using 'CodeIgniter\Session\Handlers\FileHandler' driver.
ERROR - 2024-05-15 02:19:43 --> mysqli_sql_exception: Unknown column 't3.rn' in 'on clause' in /home/validas1/ci4_core/system/Database/MySQLi/Connection.php:295
Stack trace:
#0 /home/validas1/ci4_core/system/Database/MySQLi/Connection.php(295): mysqli->query('SELECT \t\t \r\n   ...', 0)
#1 /home/validas1/ci4_core/system/Database/BaseConnection.php(692): CodeIgniter\Database\MySQLi\Connection->execute('SELECT \t\t \r\n   ...')
#2 /home/validas1/ci4_core/system/Database/BaseConnection.php(606): CodeIgniter\Database\BaseConnection->simpleQuery('SELECT \t\t \r\n   ...')
#3 /home/validas1/ci4_core/app/Models/PpojModel.php(373): CodeIgniter\Database\BaseConnection->query('SELECT \t\t \r\n   ...')
#4 /home/validas1/ci4_core/app/Models/PpojModel.php(344): App\Models\PpojModel->DataSuhuRH('(select \r\n     ...', ' ( select \r\n   ...', '( select \r\n    ...', '( select \r\n    ...', '4', 't1', 't2', 't4', 't3')
#5 /home/validas1/ci4_core/app/Controllers/DataPpoj.php(109): App\Models\PpojModel->DataPDF(1, 1, 0, 1, '4')
#6 /home/validas1/ci4_core/system/CodeIgniter.php(932): App\Controllers\DataPpoj->Detail('4')
#7 /home/validas1/ci4_core/system/CodeIgniter.php(497): CodeIgniter\CodeIgniter->runController(Object(App\Controllers\DataPpoj))
#8 /home/validas1/ci4_core/system/CodeIgniter.php(366): CodeIgniter\CodeIgniter->handleRequest(NULL, Object(Config\Cache), false)
#9 /home/validas1/ereport.validasickr.my.id/index.php(79): CodeIgniter\CodeIgniter->run()
#10 {main}
CRITICAL - 2024-05-15 02:19:43 --> Unknown column 't3.rn' in 'on clause'
in SYSTEMPATH/Database/MySQLi/Connection.php on line 295.
 1 SYSTEMPATH/Database/MySQLi/Connection.php(295): mysqli->query('SELECT 		 
        DAP.KELAS,
        DAP.ID ID_PPOJ,
        t1.SUHU_MIN, 
        t1.SUHU_MAX, 
        t2.RH_MIN, 
        t2.RH_MAX,
        t3.HASIL_TPC CAPAR_TPC,
        t3.HASIL_KK CAPAR_KK,
        t4.HASIL_TPC MIKRO_TPC,
        t4.HASIL_KK MIKRO_KK
    FROM 
    data_awal_ppoj DAP 
    LEFT JOIN 
    (select 
      ID_PPOJ, 
      ROW_NUMBER() over (partition by ID_PPOJ order by SUHU_MIN) as rn, 
      SUHU_MIN, 
      SUHU_MAX 
    from 
      suhu ) t1 ON DAP.id = t1.ID_PPOJ left join 
     ( select 
      ID_PPOJ, 
      ROW_NUMBER() over (partition by ID_PPOJ order by RH_MIN) as rn, 
      RH_MIN, 
      RH_MAX 
    from rh ) t2 on DAP.id = t2.ID_PPOJ   and t1.rn = t2.rn LEFT join 
    ( select 
      ID_PPOJ, 
      ROW_NUMBER() over (partition by ID_PPOJ order by HASIL_TPC) as rn, 
      HASIL_TPC, 
      HASIL_KK 
    from mikro_volumetrik ) t4 ON DAP.id = t4.id_ppoj AND t2.rn = t3.rn left JOIN
    ( select 
      ID_PPOJ, 
      ROW_NUMBER() over (partition by ID_PPOJ order by HASIL_TPC) as rn, 
      HASIL_TPC, 
      HASIL_KK 
    from mikro_capar ) t3 ON DAP.id = t3.id_ppoj AND t3.rn = t4.rn
      
      WHERE 
        DAP.id =4;
      ', 0)
 2 SYSTEMPATH/Database/BaseConnection.php(692): CodeIgniter\Database\MySQLi\Connection->execute('SELECT 		 
        DAP.KELAS,
        DAP.ID ID_PPOJ,
        t1.SUHU_MIN, 
        t1.SUHU_MAX, 
        t2.RH_MIN, 
        t2.RH_MAX,
        t3.HASIL_TPC CAPAR_TPC,
        t3.HASIL_KK CAPAR_KK,
        t4.HASIL_TPC MIKRO_TPC,
        t4.HASIL_KK MIKRO_KK
    FROM 
    data_awal_ppoj DAP 
    LEFT JOIN 
    (select 
      ID_PPOJ, 
      ROW_NUMBER() over (partition by ID_PPOJ order by SUHU_MIN) as rn, 
      SUHU_MIN, 
      SUHU_MAX 
    from 
      suhu ) t1 ON DAP.id = t1.ID_PPOJ left join 
     ( select 
      ID_PPOJ, 
      ROW_NUMBER() over (partition by ID_PPOJ order by RH_MIN) as rn, 
      RH_MIN, 
      RH_MAX 
    from rh ) t2 on DAP.id = t2.ID_PPOJ   and t1.rn = t2.rn LEFT join 
    ( select 
      ID_PPOJ, 
      ROW_NUMBER() over (partition by ID_PPOJ order by HASIL_TPC) as rn, 
      HASIL_TPC, 
      HASIL_KK 
    from mikro_volumetrik ) t4 ON DAP.id = t4.id_ppoj AND t2.rn = t3.rn left JOIN
    ( select 
      ID_PPOJ, 
      ROW_NUMBER() over (partition by ID_PPOJ order by HASIL_TPC) as rn, 
      HASIL_TPC, 
      HASIL_KK 
    from mikro_capar ) t3 ON DAP.id = t3.id_ppoj AND t3.rn = t4.rn
      
      WHERE 
        DAP.id =4;
      ')
 3 SYSTEMPATH/Database/BaseConnection.php(606): CodeIgniter\Database\BaseConnection->simpleQuery('SELECT 		 
        DAP.KELAS,
        DAP.ID ID_PPOJ,
        t1.SUHU_MIN, 
        t1.SUHU_MAX, 
        t2.RH_MIN, 
        t2.RH_MAX,
        t3.HASIL_TPC CAPAR_TPC,
        t3.HASIL_KK CAPAR_KK,
        t4.HASIL_TPC MIKRO_TPC,
        t4.HASIL_KK MIKRO_KK
    FROM 
    data_awal_ppoj DAP 
    LEFT JOIN 
    (select 
      ID_PPOJ, 
      ROW_NUMBER() over (partition by ID_PPOJ order by SUHU_MIN) as rn, 
      SUHU_MIN, 
      SUHU_MAX 
    from 
      suhu ) t1 ON DAP.id = t1.ID_PPOJ left join 
     ( select 
      ID_PPOJ, 
      ROW_NUMBER() over (partition by ID_PPOJ order by RH_MIN) as rn, 
      RH_MIN, 
      RH_MAX 
    from rh ) t2 on DAP.id = t2.ID_PPOJ   and t1.rn = t2.rn LEFT join 
    ( select 
      ID_PPOJ, 
      ROW_NUMBER() over (partition by ID_PPOJ order by HASIL_TPC) as rn, 
      HASIL_TPC, 
      HASIL_KK 
    from mikro_volumetrik ) t4 ON DAP.id = t4.id_ppoj AND t2.rn = t3.rn left JOIN
    ( select 
      ID_PPOJ, 
      ROW_NUMBER() over (partition by ID_PPOJ order by HASIL_TPC) as rn, 
      HASIL_TPC, 
      HASIL_KK 
    from mikro_capar ) t3 ON DAP.id = t3.id_ppoj AND t3.rn = t4.rn
      
      WHERE 
        DAP.id =4;
      ')
 4 APPPATH/Models/PpojModel.php(373): CodeIgniter\Database\BaseConnection->query('SELECT 		 
        DAP.KELAS,
        DAP.ID ID_PPOJ,
        t1.SUHU_MIN, 
        t1.SUHU_MAX, 
        t2.RH_MIN, 
        t2.RH_MAX,
        t3.HASIL_TPC CAPAR_TPC,
        t3.HASIL_KK CAPAR_KK,
        t4.HASIL_TPC MIKRO_TPC,
        t4.HASIL_KK MIKRO_KK
    FROM 
    data_awal_ppoj DAP 
    LEFT JOIN 
    (select 
      ID_PPOJ, 
      ROW_NUMBER() over (partition by ID_PPOJ order by SUHU_MIN) as rn, 
      SUHU_MIN, 
      SUHU_MAX 
    from 
      suhu ) t1 ON DAP.id = t1.ID_PPOJ left join 
     ( select 
      ID_PPOJ, 
      ROW_NUMBER() over (partition by ID_PPOJ order by RH_MIN) as rn, 
      RH_MIN, 
      RH_MAX 
    from rh ) t2 on DAP.id = t2.ID_PPOJ   and t1.rn = t2.rn LEFT join 
    ( select 
      ID_PPOJ, 
      ROW_NUMBER() over (partition by ID_PPOJ order by HASIL_TPC) as rn, 
      HASIL_TPC, 
      HASIL_KK 
    from mikro_volumetrik ) t4 ON DAP.id = t4.id_ppoj AND t2.rn = t3.rn left JOIN
    ( select 
      ID_PPOJ, 
      ROW_NUMBER() over (partition by ID_PPOJ order by HASIL_TPC) as rn, 
      HASIL_TPC, 
      HASIL_KK 
    from mikro_capar ) t3 ON DAP.id = t3.id_ppoj AND t3.rn = t4.rn
      
      WHERE 
        DAP.id =4;
      ')
 5 APPPATH/Models/PpojModel.php(344): App\Models\PpojModel->DataSuhuRH('(select 
      ID_PPOJ, 
      ROW_NUMBER() over (partition by ID_PPOJ order by SUHU_MIN) as rn, 
      SUHU_MIN, 
      SUHU_MAX 
    from 
      suhu )', ' ( select 
      ID_PPOJ, 
      ROW_NUMBER() over (partition by ID_PPOJ order by RH_MIN) as rn, 
      RH_MIN, 
      RH_MAX 
    from rh )', '( select 
      ID_PPOJ, 
      ROW_NUMBER() over (partition by ID_PPOJ order by HASIL_TPC) as rn, 
      HASIL_TPC, 
      HASIL_KK 
    from mikro_volumetrik )', '( select 
      ID_PPOJ, 
      ROW_NUMBER() over (partition by ID_PPOJ order by HASIL_TPC) as rn, 
      HASIL_TPC, 
      HASIL_KK 
    from mikro_capar )', '4', 't1', 't2', 't4', 't3')
 6 APPPATH/Controllers/DataPpoj.php(109): App\Models\PpojModel->DataPDF(1, 1, 0, 1, '4')
 7 SYSTEMPATH/CodeIgniter.php(932): App\Controllers\DataPpoj->Detail('4')
 8 SYSTEMPATH/CodeIgniter.php(497): CodeIgniter\CodeIgniter->runController(Object(App\Controllers\DataPpoj))
 9 SYSTEMPATH/CodeIgniter.php(366): CodeIgniter\CodeIgniter->handleRequest(null, Object(Config\Cache), false)
10 FCPATH/index.php(79): CodeIgniter\CodeIgniter->run()
INFO - 2024-05-15 02:23:41 --> Session: Class initialized using 'CodeIgniter\Session\Handlers\FileHandler' driver.
INFO - 2024-05-15 02:23:41 --> Session: Class initialized using 'CodeIgniter\Session\Handlers\FileHandler' driver.
INFO - 2024-05-15 02:23:42 --> Session: Class initialized using 'CodeIgniter\Session\Handlers\FileHandler' driver.
INFO - 2024-05-15 02:23:42 --> Session: Class initialized using 'CodeIgniter\Session\Handlers\FileHandler' driver.
INFO - 2024-05-15 02:24:51 --> Session: Class initialized using 'CodeIgniter\Session\Handlers\FileHandler' driver.
INFO - 2024-05-15 02:24:52 --> Session: Class initialized using 'CodeIgniter\Session\Handlers\FileHandler' driver.
INFO - 2024-05-15 02:24:56 --> Session: Class initialized using 'CodeIgniter\Session\Handlers\FileHandler' driver.
INFO - 2024-05-15 02:24:56 --> Session: Class initialized using 'CodeIgniter\Session\Handlers\FileHandler' driver.
INFO - 2024-05-15 02:24:59 --> Session: Class initialized using 'CodeIgniter\Session\Handlers\FileHandler' driver.
INFO - 2024-05-15 02:25:02 --> Session: Class initialized using 'CodeIgniter\Session\Handlers\FileHandler' driver.
INFO - 2024-05-15 02:25:04 --> Session: Class initialized using 'CodeIgniter\Session\Handlers\FileHandler' driver.
ERROR - 2024-05-15 02:25:04 --> mysqli_sql_exception: Unknown column 't3.rn' in 'on clause' in /home/validas1/ci4_core/system/Database/MySQLi/Connection.php:295
Stack trace:
#0 /home/validas1/ci4_core/system/Database/MySQLi/Connection.php(295): mysqli->query('SELECT \t\t \r\n   ...', 0)
#1 /home/validas1/ci4_core/system/Database/BaseConnection.php(692): CodeIgniter\Database\MySQLi\Connection->execute('SELECT \t\t \r\n   ...')
#2 /home/validas1/ci4_core/system/Database/BaseConnection.php(606): CodeIgniter\Database\BaseConnection->simpleQuery('SELECT \t\t \r\n   ...')
#3 /home/validas1/ci4_core/app/Models/PpojModel.php(373): CodeIgniter\Database\BaseConnection->query('SELECT \t\t \r\n   ...')
#4 /home/validas1/ci4_core/app/Models/PpojModel.php(344): App\Models\PpojModel->DataSuhuRH('( select \r\n    ...', '(select \r\n     ...', ' ( select \r\n   ...', '( select \r\n    ...', '2', 't4', 't1', 't2', 't3')
#5 /home/validas1/ci4_core/app/Controllers/DataPpoj.php(109): App\Models\PpojModel->DataPDF(1, 1, 0, 2, '2')
#6 /home/validas1/ci4_core/system/CodeIgniter.php(932): App\Controllers\DataPpoj->Detail('2')
#7 /home/validas1/ci4_core/system/CodeIgniter.php(497): CodeIgniter\CodeIgniter->runController(Object(App\Controllers\DataPpoj))
#8 /home/validas1/ci4_core/system/CodeIgniter.php(366): CodeIgniter\CodeIgniter->handleRequest(NULL, Object(Config\Cache), false)
#9 /home/validas1/ereport.validasickr.my.id/index.php(79): CodeIgniter\CodeIgniter->run()
#10 {main}
CRITICAL - 2024-05-15 02:25:04 --> Unknown column 't3.rn' in 'on clause'
in SYSTEMPATH/Database/MySQLi/Connection.php on line 295.
 1 SYSTEMPATH/Database/MySQLi/Connection.php(295): mysqli->query('SELECT 		 
        DAP.KELAS,
        DAP.ID ID_PPOJ,
        t1.SUHU_MIN, 
        t1.SUHU_MAX, 
        t2.RH_MIN, 
        t2.RH_MAX,
        t3.HASIL_TPC CAPAR_TPC,
        t3.HASIL_KK CAPAR_KK,
        t4.HASIL_TPC MIKRO_TPC,
        t4.HASIL_KK MIKRO_KK
    FROM 
    data_awal_ppoj DAP 
    LEFT JOIN 
    ( select 
      ID_PPOJ, 
      ROW_NUMBER() over (partition by ID_PPOJ order by HASIL_TPC) as rn, 
      HASIL_TPC, 
      HASIL_KK 
    from mikro_volumetrik ) t4 ON DAP.id = t4.ID_PPOJ left join 
    (select 
      ID_PPOJ, 
      ROW_NUMBER() over (partition by ID_PPOJ order by SUHU_MIN) as rn, 
      SUHU_MIN, 
      SUHU_MAX 
    from 
      suhu ) t1 on DAP.id = t1.ID_PPOJ   and t1.rn = t2.rn LEFT join 
     ( select 
      ID_PPOJ, 
      ROW_NUMBER() over (partition by ID_PPOJ order by RH_MIN) as rn, 
      RH_MIN, 
      RH_MAX 
    from rh ) t2 ON DAP.id = t2.id_ppoj AND t2.rn = t3.rn left JOIN
    ( select 
      ID_PPOJ, 
      ROW_NUMBER() over (partition by ID_PPOJ order by HASIL_TPC) as rn, 
      HASIL_TPC, 
      HASIL_KK 
    from mikro_capar ) t3 ON DAP.id = t3.id_ppoj AND t3.rn = t4.rn
      
      WHERE 
        DAP.id =2;
      ', 0)
 2 SYSTEMPATH/Database/BaseConnection.php(692): CodeIgniter\Database\MySQLi\Connection->execute('SELECT 		 
        DAP.KELAS,
        DAP.ID ID_PPOJ,
        t1.SUHU_MIN, 
        t1.SUHU_MAX, 
        t2.RH_MIN, 
        t2.RH_MAX,
        t3.HASIL_TPC CAPAR_TPC,
        t3.HASIL_KK CAPAR_KK,
        t4.HASIL_TPC MIKRO_TPC,
        t4.HASIL_KK MIKRO_KK
    FROM 
    data_awal_ppoj DAP 
    LEFT JOIN 
    ( select 
      ID_PPOJ, 
      ROW_NUMBER() over (partition by ID_PPOJ order by HASIL_TPC) as rn, 
      HASIL_TPC, 
      HASIL_KK 
    from mikro_volumetrik ) t4 ON DAP.id = t4.ID_PPOJ left join 
    (select 
      ID_PPOJ, 
      ROW_NUMBER() over (partition by ID_PPOJ order by SUHU_MIN) as rn, 
      SUHU_MIN, 
      SUHU_MAX 
    from 
      suhu ) t1 on DAP.id = t1.ID_PPOJ   and t1.rn = t2.rn LEFT join 
     ( select 
      ID_PPOJ, 
      ROW_NUMBER() over (partition by ID_PPOJ order by RH_MIN) as rn, 
      RH_MIN, 
      RH_MAX 
    from rh ) t2 ON DAP.id = t2.id_ppoj AND t2.rn = t3.rn left JOIN
    ( select 
      ID_PPOJ, 
      ROW_NUMBER() over (partition by ID_PPOJ order by HASIL_TPC) as rn, 
      HASIL_TPC, 
      HASIL_KK 
    from mikro_capar ) t3 ON DAP.id = t3.id_ppoj AND t3.rn = t4.rn
      
      WHERE 
        DAP.id =2;
      ')
 3 SYSTEMPATH/Database/BaseConnection.php(606): CodeIgniter\Database\BaseConnection->simpleQuery('SELECT 		 
        DAP.KELAS,
        DAP.ID ID_PPOJ,
        t1.SUHU_MIN, 
        t1.SUHU_MAX, 
        t2.RH_MIN, 
        t2.RH_MAX,
        t3.HASIL_TPC CAPAR_TPC,
        t3.HASIL_KK CAPAR_KK,
        t4.HASIL_TPC MIKRO_TPC,
        t4.HASIL_KK MIKRO_KK
    FROM 
    data_awal_ppoj DAP 
    LEFT JOIN 
    ( select 
      ID_PPOJ, 
      ROW_NUMBER() over (partition by ID_PPOJ order by HASIL_TPC) as rn, 
      HASIL_TPC, 
      HASIL_KK 
    from mikro_volumetrik ) t4 ON DAP.id = t4.ID_PPOJ left join 
    (select 
      ID_PPOJ, 
      ROW_NUMBER() over (partition by ID_PPOJ order by SUHU_MIN) as rn, 
      SUHU_MIN, 
      SUHU_MAX 
    from 
      suhu ) t1 on DAP.id = t1.ID_PPOJ   and t1.rn = t2.rn LEFT join 
     ( select 
      ID_PPOJ, 
      ROW_NUMBER() over (partition by ID_PPOJ order by RH_MIN) as rn, 
      RH_MIN, 
      RH_MAX 
    from rh ) t2 ON DAP.id = t2.id_ppoj AND t2.rn = t3.rn left JOIN
    ( select 
      ID_PPOJ, 
      ROW_NUMBER() over (partition by ID_PPOJ order by HASIL_TPC) as rn, 
      HASIL_TPC, 
      HASIL_KK 
    from mikro_capar ) t3 ON DAP.id = t3.id_ppoj AND t3.rn = t4.rn
      
      WHERE 
        DAP.id =2;
      ')
 4 APPPATH/Models/PpojModel.php(373): CodeIgniter\Database\BaseConnection->query('SELECT 		 
        DAP.KELAS,
        DAP.ID ID_PPOJ,
        t1.SUHU_MIN, 
        t1.SUHU_MAX, 
        t2.RH_MIN, 
        t2.RH_MAX,
        t3.HASIL_TPC CAPAR_TPC,
        t3.HASIL_KK CAPAR_KK,
        t4.HASIL_TPC MIKRO_TPC,
        t4.HASIL_KK MIKRO_KK
    FROM 
    data_awal_ppoj DAP 
    LEFT JOIN 
    ( select 
      ID_PPOJ, 
      ROW_NUMBER() over (partition by ID_PPOJ order by HASIL_TPC) as rn, 
      HASIL_TPC, 
      HASIL_KK 
    from mikro_volumetrik ) t4 ON DAP.id = t4.ID_PPOJ left join 
    (select 
      ID_PPOJ, 
      ROW_NUMBER() over (partition by ID_PPOJ order by SUHU_MIN) as rn, 
      SUHU_MIN, 
      SUHU_MAX 
    from 
      suhu ) t1 on DAP.id = t1.ID_PPOJ   and t1.rn = t2.rn LEFT join 
     ( select 
      ID_PPOJ, 
      ROW_NUMBER() over (partition by ID_PPOJ order by RH_MIN) as rn, 
      RH_MIN, 
      RH_MAX 
    from rh ) t2 ON DAP.id = t2.id_ppoj AND t2.rn = t3.rn left JOIN
    ( select 
      ID_PPOJ, 
      ROW_NUMBER() over (partition by ID_PPOJ order by HASIL_TPC) as rn, 
      HASIL_TPC, 
      HASIL_KK 
    from mikro_capar ) t3 ON DAP.id = t3.id_ppoj AND t3.rn = t4.rn
      
      WHERE 
        DAP.id =2;
      ')
 5 APPPATH/Models/PpojModel.php(344): App\Models\PpojModel->DataSuhuRH('( select 
      ID_PPOJ, 
      ROW_NUMBER() over (partition by ID_PPOJ order by HASIL_TPC) as rn, 
      HASIL_TPC, 
      HASIL_KK 
    from mikro_volumetrik )', '(select 
      ID_PPOJ, 
      ROW_NUMBER() over (partition by ID_PPOJ order by SUHU_MIN) as rn, 
      SUHU_MIN, 
      SUHU_MAX 
    from 
      suhu )', ' ( select 
      ID_PPOJ, 
      ROW_NUMBER() over (partition by ID_PPOJ order by RH_MIN) as rn, 
      RH_MIN, 
      RH_MAX 
    from rh )', '( select 
      ID_PPOJ, 
      ROW_NUMBER() over (partition by ID_PPOJ order by HASIL_TPC) as rn, 
      HASIL_TPC, 
      HASIL_KK 
    from mikro_capar )', '2', 't4', 't1', 't2', 't3')
 6 APPPATH/Controllers/DataPpoj.php(109): App\Models\PpojModel->DataPDF(1, 1, 0, 2, '2')
 7 SYSTEMPATH/CodeIgniter.php(932): App\Controllers\DataPpoj->Detail('2')
 8 SYSTEMPATH/CodeIgniter.php(497): CodeIgniter\CodeIgniter->runController(Object(App\Controllers\DataPpoj))
 9 SYSTEMPATH/CodeIgniter.php(366): CodeIgniter\CodeIgniter->handleRequest(null, Object(Config\Cache), false)
10 FCPATH/index.php(79): CodeIgniter\CodeIgniter->run()
INFO - 2024-05-15 02:25:11 --> Session: Class initialized using 'CodeIgniter\Session\Handlers\FileHandler' driver.
INFO - 2024-05-15 02:25:14 --> Session: Class initialized using 'CodeIgniter\Session\Handlers\FileHandler' driver.
INFO - 2024-05-15 02:25:16 --> Session: Class initialized using 'CodeIgniter\Session\Handlers\FileHandler' driver.
INFO - 2024-05-15 02:25:17 --> Session: Class initialized using 'CodeIgniter\Session\Handlers\FileHandler' driver.
ERROR - 2024-05-15 02:25:17 --> mysqli_sql_exception: Unknown column 't3.rn' in 'on clause' in /home/validas1/ci4_core/system/Database/MySQLi/Connection.php:295
Stack trace:
#0 /home/validas1/ci4_core/system/Database/MySQLi/Connection.php(295): mysqli->query('SELECT \t\t \r\n   ...', 0)
#1 /home/validas1/ci4_core/system/Database/BaseConnection.php(692): CodeIgniter\Database\MySQLi\Connection->execute('SELECT \t\t \r\n   ...')
#2 /home/validas1/ci4_core/system/Database/BaseConnection.php(606): CodeIgniter\Database\BaseConnection->simpleQuery('SELECT \t\t \r\n   ...')
#3 /home/validas1/ci4_core/app/Models/PpojModel.php(373): CodeIgniter\Database\BaseConnection->query('SELECT \t\t \r\n   ...')
#4 /home/validas1/ci4_core/app/Models/PpojModel.php(344): App\Models\PpojModel->DataSuhuRH('(select \r\n     ...', ' ( select \r\n   ...', '( select \r\n    ...', '( select \r\n    ...', '5', 't1', 't2', 't4', 't3')
#5 /home/validas1/ci4_core/app/Controllers/DataPpoj.php(109): App\Models\PpojModel->DataPDF(1, 1, 0, 1, '5')
#6 /home/validas1/ci4_core/system/CodeIgniter.php(932): App\Controllers\DataPpoj->Detail('5')
#7 /home/validas1/ci4_core/system/CodeIgniter.php(497): CodeIgniter\CodeIgniter->runController(Object(App\Controllers\DataPpoj))
#8 /home/validas1/ci4_core/system/CodeIgniter.php(366): CodeIgniter\CodeIgniter->handleRequest(NULL, Object(Config\Cache), false)
#9 /home/validas1/ereport.validasickr.my.id/index.php(79): CodeIgniter\CodeIgniter->run()
#10 {main}
CRITICAL - 2024-05-15 02:25:17 --> Unknown column 't3.rn' in 'on clause'
in SYSTEMPATH/Database/MySQLi/Connection.php on line 295.
 1 SYSTEMPATH/Database/MySQLi/Connection.php(295): mysqli->query('SELECT 		 
        DAP.KELAS,
        DAP.ID ID_PPOJ,
        t1.SUHU_MIN, 
        t1.SUHU_MAX, 
        t2.RH_MIN, 
        t2.RH_MAX,
        t3.HASIL_TPC CAPAR_TPC,
        t3.HASIL_KK CAPAR_KK,
        t4.HASIL_TPC MIKRO_TPC,
        t4.HASIL_KK MIKRO_KK
    FROM 
    data_awal_ppoj DAP 
    LEFT JOIN 
    (select 
      ID_PPOJ, 
      ROW_NUMBER() over (partition by ID_PPOJ order by SUHU_MIN) as rn, 
      SUHU_MIN, 
      SUHU_MAX 
    from 
      suhu ) t1 ON DAP.id = t1.ID_PPOJ left join 
     ( select 
      ID_PPOJ, 
      ROW_NUMBER() over (partition by ID_PPOJ order by RH_MIN) as rn, 
      RH_MIN, 
      RH_MAX 
    from rh ) t2 on DAP.id = t2.ID_PPOJ   and t1.rn = t2.rn LEFT join 
    ( select 
      ID_PPOJ, 
      ROW_NUMBER() over (partition by ID_PPOJ order by HASIL_TPC) as rn, 
      HASIL_TPC, 
      HASIL_KK 
    from mikro_volumetrik ) t4 ON DAP.id = t4.id_ppoj AND t2.rn = t3.rn left JOIN
    ( select 
      ID_PPOJ, 
      ROW_NUMBER() over (partition by ID_PPOJ order by HASIL_TPC) as rn, 
      HASIL_TPC, 
      HASIL_KK 
    from mikro_capar ) t3 ON DAP.id = t3.id_ppoj AND t3.rn = t4.rn
      
      WHERE 
        DAP.id =5;
      ', 0)
 2 SYSTEMPATH/Database/BaseConnection.php(692): CodeIgniter\Database\MySQLi\Connection->execute('SELECT 		 
        DAP.KELAS,
        DAP.ID ID_PPOJ,
        t1.SUHU_MIN, 
        t1.SUHU_MAX, 
        t2.RH_MIN, 
        t2.RH_MAX,
        t3.HASIL_TPC CAPAR_TPC,
        t3.HASIL_KK CAPAR_KK,
        t4.HASIL_TPC MIKRO_TPC,
        t4.HASIL_KK MIKRO_KK
    FROM 
    data_awal_ppoj DAP 
    LEFT JOIN 
    (select 
      ID_PPOJ, 
      ROW_NUMBER() over (partition by ID_PPOJ order by SUHU_MIN) as rn, 
      SUHU_MIN, 
      SUHU_MAX 
    from 
      suhu ) t1 ON DAP.id = t1.ID_PPOJ left join 
     ( select 
      ID_PPOJ, 
      ROW_NUMBER() over (partition by ID_PPOJ order by RH_MIN) as rn, 
      RH_MIN, 
      RH_MAX 
    from rh ) t2 on DAP.id = t2.ID_PPOJ   and t1.rn = t2.rn LEFT join 
    ( select 
      ID_PPOJ, 
      ROW_NUMBER() over (partition by ID_PPOJ order by HASIL_TPC) as rn, 
      HASIL_TPC, 
      HASIL_KK 
    from mikro_volumetrik ) t4 ON DAP.id = t4.id_ppoj AND t2.rn = t3.rn left JOIN
    ( select 
      ID_PPOJ, 
      ROW_NUMBER() over (partition by ID_PPOJ order by HASIL_TPC) as rn, 
      HASIL_TPC, 
      HASIL_KK 
    from mikro_capar ) t3 ON DAP.id = t3.id_ppoj AND t3.rn = t4.rn
      
      WHERE 
        DAP.id =5;
      ')
 3 SYSTEMPATH/Database/BaseConnection.php(606): CodeIgniter\Database\BaseConnection->simpleQuery('SELECT 		 
        DAP.KELAS,
        DAP.ID ID_PPOJ,
        t1.SUHU_MIN, 
        t1.SUHU_MAX, 
        t2.RH_MIN, 
        t2.RH_MAX,
        t3.HASIL_TPC CAPAR_TPC,
        t3.HASIL_KK CAPAR_KK,
        t4.HASIL_TPC MIKRO_TPC,
        t4.HASIL_KK MIKRO_KK
    FROM 
    data_awal_ppoj DAP 
    LEFT JOIN 
    (select 
      ID_PPOJ, 
      ROW_NUMBER() over (partition by ID_PPOJ order by SUHU_MIN) as rn, 
      SUHU_MIN, 
      SUHU_MAX 
    from 
      suhu ) t1 ON DAP.id = t1.ID_PPOJ left join 
     ( select 
      ID_PPOJ, 
      ROW_NUMBER() over (partition by ID_PPOJ order by RH_MIN) as rn, 
      RH_MIN, 
      RH_MAX 
    from rh ) t2 on DAP.id = t2.ID_PPOJ   and t1.rn = t2.rn LEFT join 
    ( select 
      ID_PPOJ, 
      ROW_NUMBER() over (partition by ID_PPOJ order by HASIL_TPC) as rn, 
      HASIL_TPC, 
      HASIL_KK 
    from mikro_volumetrik ) t4 ON DAP.id = t4.id_ppoj AND t2.rn = t3.rn left JOIN
    ( select 
      ID_PPOJ, 
      ROW_NUMBER() over (partition by ID_PPOJ order by HASIL_TPC) as rn, 
      HASIL_TPC, 
      HASIL_KK 
    from mikro_capar ) t3 ON DAP.id = t3.id_ppoj AND t3.rn = t4.rn
      
      WHERE 
        DAP.id =5;
      ')
 4 APPPATH/Models/PpojModel.php(373): CodeIgniter\Database\BaseConnection->query('SELECT 		 
        DAP.KELAS,
        DAP.ID ID_PPOJ,
        t1.SUHU_MIN, 
        t1.SUHU_MAX, 
        t2.RH_MIN, 
        t2.RH_MAX,
        t3.HASIL_TPC CAPAR_TPC,
        t3.HASIL_KK CAPAR_KK,
        t4.HASIL_TPC MIKRO_TPC,
        t4.HASIL_KK MIKRO_KK
    FROM 
    data_awal_ppoj DAP 
    LEFT JOIN 
    (select 
      ID_PPOJ, 
      ROW_NUMBER() over (partition by ID_PPOJ order by SUHU_MIN) as rn, 
      SUHU_MIN, 
      SUHU_MAX 
    from 
      suhu ) t1 ON DAP.id = t1.ID_PPOJ left join 
     ( select 
      ID_PPOJ, 
      ROW_NUMBER() over (partition by ID_PPOJ order by RH_MIN) as rn, 
      RH_MIN, 
      RH_MAX 
    from rh ) t2 on DAP.id = t2.ID_PPOJ   and t1.rn = t2.rn LEFT join 
    ( select 
      ID_PPOJ, 
      ROW_NUMBER() over (partition by ID_PPOJ order by HASIL_TPC) as rn, 
      HASIL_TPC, 
      HASIL_KK 
    from mikro_volumetrik ) t4 ON DAP.id = t4.id_ppoj AND t2.rn = t3.rn left JOIN
    ( select 
      ID_PPOJ, 
      ROW_NUMBER() over (partition by ID_PPOJ order by HASIL_TPC) as rn, 
      HASIL_TPC, 
      HASIL_KK 
    from mikro_capar ) t3 ON DAP.id = t3.id_ppoj AND t3.rn = t4.rn
      
      WHERE 
        DAP.id =5;
      ')
 5 APPPATH/Models/PpojModel.php(344): App\Models\PpojModel->DataSuhuRH('(select 
      ID_PPOJ, 
      ROW_NUMBER() over (partition by ID_PPOJ order by SUHU_MIN) as rn, 
      SUHU_MIN, 
      SUHU_MAX 
    from 
      suhu )', ' ( select 
      ID_PPOJ, 
      ROW_NUMBER() over (partition by ID_PPOJ order by RH_MIN) as rn, 
      RH_MIN, 
      RH_MAX 
    from rh )', '( select 
      ID_PPOJ, 
      ROW_NUMBER() over (partition by ID_PPOJ order by HASIL_TPC) as rn, 
      HASIL_TPC, 
      HASIL_KK 
    from mikro_volumetrik )', '( select 
      ID_PPOJ, 
      ROW_NUMBER() over (partition by ID_PPOJ order by HASIL_TPC) as rn, 
      HASIL_TPC, 
      HASIL_KK 
    from mikro_capar )', '5', 't1', 't2', 't4', 't3')
 6 APPPATH/Controllers/DataPpoj.php(109): App\Models\PpojModel->DataPDF(1, 1, 0, 1, '5')
 7 SYSTEMPATH/CodeIgniter.php(932): App\Controllers\DataPpoj->Detail('5')
 8 SYSTEMPATH/CodeIgniter.php(497): CodeIgniter\CodeIgniter->runController(Object(App\Controllers\DataPpoj))
 9 SYSTEMPATH/CodeIgniter.php(366): CodeIgniter\CodeIgniter->handleRequest(null, Object(Config\Cache), false)
10 FCPATH/index.php(79): CodeIgniter\CodeIgniter->run()
INFO - 2024-05-15 02:34:15 --> Session: Class initialized using 'CodeIgniter\Session\Handlers\FileHandler' driver.
INFO - 2024-05-15 02:34:18 --> Session: Class initialized using 'CodeIgniter\Session\Handlers\FileHandler' driver.
INFO - 2024-05-15 02:34:20 --> Session: Class initialized using 'CodeIgniter\Session\Handlers\FileHandler' driver.
INFO - 2024-05-15 02:34:27 --> Session: Class initialized using 'CodeIgniter\Session\Handlers\FileHandler' driver.
INFO - 2024-05-15 02:34:29 --> Session: Class initialized using 'CodeIgniter\Session\Handlers\FileHandler' driver.
INFO - 2024-05-15 02:34:30 --> Session: Class initialized using 'CodeIgniter\Session\Handlers\FileHandler' driver.
INFO - 2024-05-15 02:34:32 --> Session: Class initialized using 'CodeIgniter\Session\Handlers\FileHandler' driver.
ERROR - 2024-05-15 02:34:32 --> mysqli_sql_exception: Unknown column 't3.rn' in 'on clause' in /home/validas1/ci4_core/system/Database/MySQLi/Connection.php:295
Stack trace:
#0 /home/validas1/ci4_core/system/Database/MySQLi/Connection.php(295): mysqli->query('SELECT \t\t \r\n   ...', 0)
#1 /home/validas1/ci4_core/system/Database/BaseConnection.php(692): CodeIgniter\Database\MySQLi\Connection->execute('SELECT \t\t \r\n   ...')
#2 /home/validas1/ci4_core/system/Database/BaseConnection.php(606): CodeIgniter\Database\BaseConnection->simpleQuery('SELECT \t\t \r\n   ...')
#3 /home/validas1/ci4_core/app/Models/PpojModel.php(373): CodeIgniter\Database\BaseConnection->query('SELECT \t\t \r\n   ...')
#4 /home/validas1/ci4_core/app/Models/PpojModel.php(344): App\Models\PpojModel->DataSuhuRH('(select \r\n     ...', ' ( select \r\n   ...', '( select \r\n    ...', '( select \r\n    ...', '3', 't1', 't2', 't4', 't3')
#5 /home/validas1/ci4_core/app/Controllers/DataPpoj.php(109): App\Models\PpojModel->DataPDF(1, 1, 0, 1, '3')
#6 /home/validas1/ci4_core/system/CodeIgniter.php(932): App\Controllers\DataPpoj->Detail('3')
#7 /home/validas1/ci4_core/system/CodeIgniter.php(497): CodeIgniter\CodeIgniter->runController(Object(App\Controllers\DataPpoj))
#8 /home/validas1/ci4_core/system/CodeIgniter.php(366): CodeIgniter\CodeIgniter->handleRequest(NULL, Object(Config\Cache), false)
#9 /home/validas1/ereport.validasickr.my.id/index.php(79): CodeIgniter\CodeIgniter->run()
#10 {main}
CRITICAL - 2024-05-15 02:34:32 --> Unknown column 't3.rn' in 'on clause'
in SYSTEMPATH/Database/MySQLi/Connection.php on line 295.
 1 SYSTEMPATH/Database/MySQLi/Connection.php(295): mysqli->query('SELECT 		 
        DAP.KELAS,
        DAP.ID ID_PPOJ,
        t1.SUHU_MIN, 
        t1.SUHU_MAX, 
        t2.RH_MIN, 
        t2.RH_MAX,
        t3.HASIL_TPC CAPAR_TPC,
        t3.HASIL_KK CAPAR_KK,
        t4.HASIL_TPC MIKRO_TPC,
        t4.HASIL_KK MIKRO_KK
    FROM 
    data_awal_ppoj DAP 
    LEFT JOIN 
    (select 
      ID_PPOJ, 
      ROW_NUMBER() over (partition by ID_PPOJ order by SUHU_MIN) as rn, 
      SUHU_MIN, 
      SUHU_MAX 
    from 
      suhu ) t1 ON DAP.id = t1.ID_PPOJ left join 
     ( select 
      ID_PPOJ, 
      ROW_NUMBER() over (partition by ID_PPOJ order by RH_MIN) as rn, 
      RH_MIN, 
      RH_MAX 
    from rh ) t2 on DAP.id = t2.ID_PPOJ   and t1.rn = t2.rn LEFT join 
    ( select 
      ID_PPOJ, 
      ROW_NUMBER() over (partition by ID_PPOJ order by HASIL_TPC) as rn, 
      HASIL_TPC, 
      HASIL_KK 
    from mikro_volumetrik ) t4 ON DAP.id = t4.id_ppoj AND t2.rn = t3.rn left JOIN
    ( select 
      ID_PPOJ, 
      ROW_NUMBER() over (partition by ID_PPOJ order by HASIL_TPC) as rn, 
      HASIL_TPC, 
      HASIL_KK 
    from mikro_capar ) t3 ON DAP.id = t3.id_ppoj AND t3.rn = t4.rn
      
      WHERE 
        DAP.id =3;
      ', 0)
 2 SYSTEMPATH/Database/BaseConnection.php(692): CodeIgniter\Database\MySQLi\Connection->execute('SELECT 		 
        DAP.KELAS,
        DAP.ID ID_PPOJ,
        t1.SUHU_MIN, 
        t1.SUHU_MAX, 
        t2.RH_MIN, 
        t2.RH_MAX,
        t3.HASIL_TPC CAPAR_TPC,
        t3.HASIL_KK CAPAR_KK,
        t4.HASIL_TPC MIKRO_TPC,
        t4.HASIL_KK MIKRO_KK
    FROM 
    data_awal_ppoj DAP 
    LEFT JOIN 
    (select 
      ID_PPOJ, 
      ROW_NUMBER() over (partition by ID_PPOJ order by SUHU_MIN) as rn, 
      SUHU_MIN, 
      SUHU_MAX 
    from 
      suhu ) t1 ON DAP.id = t1.ID_PPOJ left join 
     ( select 
      ID_PPOJ, 
      ROW_NUMBER() over (partition by ID_PPOJ order by RH_MIN) as rn, 
      RH_MIN, 
      RH_MAX 
    from rh ) t2 on DAP.id = t2.ID_PPOJ   and t1.rn = t2.rn LEFT join 
    ( select 
      ID_PPOJ, 
      ROW_NUMBER() over (partition by ID_PPOJ order by HASIL_TPC) as rn, 
      HASIL_TPC, 
      HASIL_KK 
    from mikro_volumetrik ) t4 ON DAP.id = t4.id_ppoj AND t2.rn = t3.rn left JOIN
    ( select 
      ID_PPOJ, 
      ROW_NUMBER() over (partition by ID_PPOJ order by HASIL_TPC) as rn, 
      HASIL_TPC, 
      HASIL_KK 
    from mikro_capar ) t3 ON DAP.id = t3.id_ppoj AND t3.rn = t4.rn
      
      WHERE 
        DAP.id =3;
      ')
 3 SYSTEMPATH/Database/BaseConnection.php(606): CodeIgniter\Database\BaseConnection->simpleQuery('SELECT 		 
        DAP.KELAS,
        DAP.ID ID_PPOJ,
        t1.SUHU_MIN, 
        t1.SUHU_MAX, 
        t2.RH_MIN, 
        t2.RH_MAX,
        t3.HASIL_TPC CAPAR_TPC,
        t3.HASIL_KK CAPAR_KK,
        t4.HASIL_TPC MIKRO_TPC,
        t4.HASIL_KK MIKRO_KK
    FROM 
    data_awal_ppoj DAP 
    LEFT JOIN 
    (select 
      ID_PPOJ, 
      ROW_NUMBER() over (partition by ID_PPOJ order by SUHU_MIN) as rn, 
      SUHU_MIN, 
      SUHU_MAX 
    from 
      suhu ) t1 ON DAP.id = t1.ID_PPOJ left join 
     ( select 
      ID_PPOJ, 
      ROW_NUMBER() over (partition by ID_PPOJ order by RH_MIN) as rn, 
      RH_MIN, 
      RH_MAX 
    from rh ) t2 on DAP.id = t2.ID_PPOJ   and t1.rn = t2.rn LEFT join 
    ( select 
      ID_PPOJ, 
      ROW_NUMBER() over (partition by ID_PPOJ order by HASIL_TPC) as rn, 
      HASIL_TPC, 
      HASIL_KK 
    from mikro_volumetrik ) t4 ON DAP.id = t4.id_ppoj AND t2.rn = t3.rn left JOIN
    ( select 
      ID_PPOJ, 
      ROW_NUMBER() over (partition by ID_PPOJ order by HASIL_TPC) as rn, 
      HASIL_TPC, 
      HASIL_KK 
    from mikro_capar ) t3 ON DAP.id = t3.id_ppoj AND t3.rn = t4.rn
      
      WHERE 
        DAP.id =3;
      ')
 4 APPPATH/Models/PpojModel.php(373): CodeIgniter\Database\BaseConnection->query('SELECT 		 
        DAP.KELAS,
        DAP.ID ID_PPOJ,
        t1.SUHU_MIN, 
        t1.SUHU_MAX, 
        t2.RH_MIN, 
        t2.RH_MAX,
        t3.HASIL_TPC CAPAR_TPC,
        t3.HASIL_KK CAPAR_KK,
        t4.HASIL_TPC MIKRO_TPC,
        t4.HASIL_KK MIKRO_KK
    FROM 
    data_awal_ppoj DAP 
    LEFT JOIN 
    (select 
      ID_PPOJ, 
      ROW_NUMBER() over (partition by ID_PPOJ order by SUHU_MIN) as rn, 
      SUHU_MIN, 
      SUHU_MAX 
    from 
      suhu ) t1 ON DAP.id = t1.ID_PPOJ left join 
     ( select 
      ID_PPOJ, 
      ROW_NUMBER() over (partition by ID_PPOJ order by RH_MIN) as rn, 
      RH_MIN, 
      RH_MAX 
    from rh ) t2 on DAP.id = t2.ID_PPOJ   and t1.rn = t2.rn LEFT join 
    ( select 
      ID_PPOJ, 
      ROW_NUMBER() over (partition by ID_PPOJ order by HASIL_TPC) as rn, 
      HASIL_TPC, 
      HASIL_KK 
    from mikro_volumetrik ) t4 ON DAP.id = t4.id_ppoj AND t2.rn = t3.rn left JOIN
    ( select 
      ID_PPOJ, 
      ROW_NUMBER() over (partition by ID_PPOJ order by HASIL_TPC) as rn, 
      HASIL_TPC, 
      HASIL_KK 
    from mikro_capar ) t3 ON DAP.id = t3.id_ppoj AND t3.rn = t4.rn
      
      WHERE 
        DAP.id =3;
      ')
 5 APPPATH/Models/PpojModel.php(344): App\Models\PpojModel->DataSuhuRH('(select 
      ID_PPOJ, 
      ROW_NUMBER() over (partition by ID_PPOJ order by SUHU_MIN) as rn, 
      SUHU_MIN, 
      SUHU_MAX 
    from 
      suhu )', ' ( select 
      ID_PPOJ, 
      ROW_NUMBER() over (partition by ID_PPOJ order by RH_MIN) as rn, 
      RH_MIN, 
      RH_MAX 
    from rh )', '( select 
      ID_PPOJ, 
      ROW_NUMBER() over (partition by ID_PPOJ order by HASIL_TPC) as rn, 
      HASIL_TPC, 
      HASIL_KK 
    from mikro_volumetrik )', '( select 
      ID_PPOJ, 
      ROW_NUMBER() over (partition by ID_PPOJ order by HASIL_TPC) as rn, 
      HASIL_TPC, 
      HASIL_KK 
    from mikro_capar )', '3', 't1', 't2', 't4', 't3')
 6 APPPATH/Controllers/DataPpoj.php(109): App\Models\PpojModel->DataPDF(1, 1, 0, 1, '3')
 7 SYSTEMPATH/CodeIgniter.php(932): App\Controllers\DataPpoj->Detail('3')
 8 SYSTEMPATH/CodeIgniter.php(497): CodeIgniter\CodeIgniter->runController(Object(App\Controllers\DataPpoj))
 9 SYSTEMPATH/CodeIgniter.php(366): CodeIgniter\CodeIgniter->handleRequest(null, Object(Config\Cache), false)
10 FCPATH/index.php(79): CodeIgniter\CodeIgniter->run()
INFO - 2024-05-15 02:40:26 --> Session: Class initialized using 'CodeIgniter\Session\Handlers\FileHandler' driver.
INFO - 2024-05-15 02:40:28 --> Session: Class initialized using 'CodeIgniter\Session\Handlers\FileHandler' driver.
ERROR - 2024-05-15 02:40:28 --> mysqli_sql_exception: Unknown column 't3.rn' in 'on clause' in /home/validas1/ci4_core/system/Database/MySQLi/Connection.php:295
Stack trace:
#0 /home/validas1/ci4_core/system/Database/MySQLi/Connection.php(295): mysqli->query('SELECT \t\t \r\n   ...', 0)
#1 /home/validas1/ci4_core/system/Database/BaseConnection.php(692): CodeIgniter\Database\MySQLi\Connection->execute('SELECT \t\t \r\n   ...')
#2 /home/validas1/ci4_core/system/Database/BaseConnection.php(606): CodeIgniter\Database\BaseConnection->simpleQuery('SELECT \t\t \r\n   ...')
#3 /home/validas1/ci4_core/app/Models/PpojModel.php(373): CodeIgniter\Database\BaseConnection->query('SELECT \t\t \r\n   ...')
#4 /home/validas1/ci4_core/app/Models/PpojModel.php(344): App\Models\PpojModel->DataSuhuRH('(select \r\n     ...', ' ( select \r\n   ...', '( select \r\n    ...', '( select \r\n    ...', '3', 't1', 't2', 't4', 't3')
#5 /home/validas1/ci4_core/app/Controllers/DataPpoj.php(56): App\Models\PpojModel->DataPDF(1, 1, 0, 1, '3')
#6 /home/validas1/ci4_core/system/CodeIgniter.php(932): App\Controllers\DataPpoj->DetailPpoj('3')
#7 /home/validas1/ci4_core/system/CodeIgniter.php(497): CodeIgniter\CodeIgniter->runController(Object(App\Controllers\DataPpoj))
#8 /home/validas1/ci4_core/system/CodeIgniter.php(366): CodeIgniter\CodeIgniter->handleRequest(NULL, Object(Config\Cache), false)
#9 /home/validas1/ereport.validasickr.my.id/index.php(79): CodeIgniter\CodeIgniter->run()
#10 {main}
CRITICAL - 2024-05-15 02:40:28 --> Unknown column 't3.rn' in 'on clause'
in SYSTEMPATH/Database/MySQLi/Connection.php on line 295.
 1 SYSTEMPATH/Database/MySQLi/Connection.php(295): mysqli->query('SELECT 		 
        DAP.KELAS,
        DAP.ID ID_PPOJ,
        t1.SUHU_MIN, 
        t1.SUHU_MAX, 
        t2.RH_MIN, 
        t2.RH_MAX,
        t3.HASIL_TPC CAPAR_TPC,
        t3.HASIL_KK CAPAR_KK,
        t4.HASIL_TPC MIKRO_TPC,
        t4.HASIL_KK MIKRO_KK
    FROM 
    data_awal_ppoj DAP 
    LEFT JOIN 
    (select 
      ID_PPOJ, 
      ROW_NUMBER() over (partition by ID_PPOJ order by SUHU_MIN) as rn, 
      SUHU_MIN, 
      SUHU_MAX 
    from 
      suhu ) t1 ON DAP.id = t1.ID_PPOJ left join 
     ( select 
      ID_PPOJ, 
      ROW_NUMBER() over (partition by ID_PPOJ order by RH_MIN) as rn, 
      RH_MIN, 
      RH_MAX 
    from rh ) t2 on DAP.id = t2.ID_PPOJ   and t1.rn = t2.rn LEFT join 
    ( select 
      ID_PPOJ, 
      ROW_NUMBER() over (partition by ID_PPOJ order by HASIL_TPC) as rn, 
      HASIL_TPC, 
      HASIL_KK 
    from mikro_volumetrik ) t4 ON DAP.id = t4.id_ppoj AND t2.rn = t3.rn left JOIN
    ( select 
      ID_PPOJ, 
      ROW_NUMBER() over (partition by ID_PPOJ order by HASIL_TPC) as rn, 
      HASIL_TPC, 
      HASIL_KK 
    from mikro_capar ) t3 ON DAP.id = t3.id_ppoj AND t3.rn = t4.rn
      
      WHERE 
        DAP.id =3;
      ', 0)
 2 SYSTEMPATH/Database/BaseConnection.php(692): CodeIgniter\Database\MySQLi\Connection->execute('SELECT 		 
        DAP.KELAS,
        DAP.ID ID_PPOJ,
        t1.SUHU_MIN, 
        t1.SUHU_MAX, 
        t2.RH_MIN, 
        t2.RH_MAX,
        t3.HASIL_TPC CAPAR_TPC,
        t3.HASIL_KK CAPAR_KK,
        t4.HASIL_TPC MIKRO_TPC,
        t4.HASIL_KK MIKRO_KK
    FROM 
    data_awal_ppoj DAP 
    LEFT JOIN 
    (select 
      ID_PPOJ, 
      ROW_NUMBER() over (partition by ID_PPOJ order by SUHU_MIN) as rn, 
      SUHU_MIN, 
      SUHU_MAX 
    from 
      suhu ) t1 ON DAP.id = t1.ID_PPOJ left join 
     ( select 
      ID_PPOJ, 
      ROW_NUMBER() over (partition by ID_PPOJ order by RH_MIN) as rn, 
      RH_MIN, 
      RH_MAX 
    from rh ) t2 on DAP.id = t2.ID_PPOJ   and t1.rn = t2.rn LEFT join 
    ( select 
      ID_PPOJ, 
      ROW_NUMBER() over (partition by ID_PPOJ order by HASIL_TPC) as rn, 
      HASIL_TPC, 
      HASIL_KK 
    from mikro_volumetrik ) t4 ON DAP.id = t4.id_ppoj AND t2.rn = t3.rn left JOIN
    ( select 
      ID_PPOJ, 
      ROW_NUMBER() over (partition by ID_PPOJ order by HASIL_TPC) as rn, 
      HASIL_TPC, 
      HASIL_KK 
    from mikro_capar ) t3 ON DAP.id = t3.id_ppoj AND t3.rn = t4.rn
      
      WHERE 
        DAP.id =3;
      ')
 3 SYSTEMPATH/Database/BaseConnection.php(606): CodeIgniter\Database\BaseConnection->simpleQuery('SELECT 		 
        DAP.KELAS,
        DAP.ID ID_PPOJ,
        t1.SUHU_MIN, 
        t1.SUHU_MAX, 
        t2.RH_MIN, 
        t2.RH_MAX,
        t3.HASIL_TPC CAPAR_TPC,
        t3.HASIL_KK CAPAR_KK,
        t4.HASIL_TPC MIKRO_TPC,
        t4.HASIL_KK MIKRO_KK
    FROM 
    data_awal_ppoj DAP 
    LEFT JOIN 
    (select 
      ID_PPOJ, 
      ROW_NUMBER() over (partition by ID_PPOJ order by SUHU_MIN) as rn, 
      SUHU_MIN, 
      SUHU_MAX 
    from 
      suhu ) t1 ON DAP.id = t1.ID_PPOJ left join 
     ( select 
      ID_PPOJ, 
      ROW_NUMBER() over (partition by ID_PPOJ order by RH_MIN) as rn, 
      RH_MIN, 
      RH_MAX 
    from rh ) t2 on DAP.id = t2.ID_PPOJ   and t1.rn = t2.rn LEFT join 
    ( select 
      ID_PPOJ, 
      ROW_NUMBER() over (partition by ID_PPOJ order by HASIL_TPC) as rn, 
      HASIL_TPC, 
      HASIL_KK 
    from mikro_volumetrik ) t4 ON DAP.id = t4.id_ppoj AND t2.rn = t3.rn left JOIN
    ( select 
      ID_PPOJ, 
      ROW_NUMBER() over (partition by ID_PPOJ order by HASIL_TPC) as rn, 
      HASIL_TPC, 
      HASIL_KK 
    from mikro_capar ) t3 ON DAP.id = t3.id_ppoj AND t3.rn = t4.rn
      
      WHERE 
        DAP.id =3;
      ')
 4 APPPATH/Models/PpojModel.php(373): CodeIgniter\Database\BaseConnection->query('SELECT 		 
        DAP.KELAS,
        DAP.ID ID_PPOJ,
        t1.SUHU_MIN, 
        t1.SUHU_MAX, 
        t2.RH_MIN, 
        t2.RH_MAX,
        t3.HASIL_TPC CAPAR_TPC,
        t3.HASIL_KK CAPAR_KK,
        t4.HASIL_TPC MIKRO_TPC,
        t4.HASIL_KK MIKRO_KK
    FROM 
    data_awal_ppoj DAP 
    LEFT JOIN 
    (select 
      ID_PPOJ, 
      ROW_NUMBER() over (partition by ID_PPOJ order by SUHU_MIN) as rn, 
      SUHU_MIN, 
      SUHU_MAX 
    from 
      suhu ) t1 ON DAP.id = t1.ID_PPOJ left join 
     ( select 
      ID_PPOJ, 
      ROW_NUMBER() over (partition by ID_PPOJ order by RH_MIN) as rn, 
      RH_MIN, 
      RH_MAX 
    from rh ) t2 on DAP.id = t2.ID_PPOJ   and t1.rn = t2.rn LEFT join 
    ( select 
      ID_PPOJ, 
      ROW_NUMBER() over (partition by ID_PPOJ order by HASIL_TPC) as rn, 
      HASIL_TPC, 
      HASIL_KK 
    from mikro_volumetrik ) t4 ON DAP.id = t4.id_ppoj AND t2.rn = t3.rn left JOIN
    ( select 
      ID_PPOJ, 
      ROW_NUMBER() over (partition by ID_PPOJ order by HASIL_TPC) as rn, 
      HASIL_TPC, 
      HASIL_KK 
    from mikro_capar ) t3 ON DAP.id = t3.id_ppoj AND t3.rn = t4.rn
      
      WHERE 
        DAP.id =3;
      ')
 5 APPPATH/Models/PpojModel.php(344): App\Models\PpojModel->DataSuhuRH('(select 
      ID_PPOJ, 
      ROW_NUMBER() over (partition by ID_PPOJ order by SUHU_MIN) as rn, 
      SUHU_MIN, 
      SUHU_MAX 
    from 
      suhu )', ' ( select 
      ID_PPOJ, 
      ROW_NUMBER() over (partition by ID_PPOJ order by RH_MIN) as rn, 
      RH_MIN, 
      RH_MAX 
    from rh )', '( select 
      ID_PPOJ, 
      ROW_NUMBER() over (partition by ID_PPOJ order by HASIL_TPC) as rn, 
      HASIL_TPC, 
      HASIL_KK 
    from mikro_volumetrik )', '( select 
      ID_PPOJ, 
      ROW_NUMBER() over (partition by ID_PPOJ order by HASIL_TPC) as rn, 
      HASIL_TPC, 
      HASIL_KK 
    from mikro_capar )', '3', 't1', 't2', 't4', 't3')
 6 APPPATH/Controllers/DataPpoj.php(56): App\Models\PpojModel->DataPDF(1, 1, 0, 1, '3')
 7 SYSTEMPATH/CodeIgniter.php(932): App\Controllers\DataPpoj->DetailPpoj('3')
 8 SYSTEMPATH/CodeIgniter.php(497): CodeIgniter\CodeIgniter->runController(Object(App\Controllers\DataPpoj))
 9 SYSTEMPATH/CodeIgniter.php(366): CodeIgniter\CodeIgniter->handleRequest(null, Object(Config\Cache), false)
10 FCPATH/index.php(79): CodeIgniter\CodeIgniter->run()
INFO - 2024-05-15 02:40:31 --> Session: Class initialized using 'CodeIgniter\Session\Handlers\FileHandler' driver.
INFO - 2024-05-15 02:40:38 --> Session: Class initialized using 'CodeIgniter\Session\Handlers\FileHandler' driver.
INFO - 2024-05-15 02:40:44 --> Session: Class initialized using 'CodeIgniter\Session\Handlers\FileHandler' driver.
INFO - 2024-05-15 02:40:45 --> Session: Class initialized using 'CodeIgniter\Session\Handlers\FileHandler' driver.
INFO - 2024-05-15 02:40:46 --> Session: Class initialized using 'CodeIgniter\Session\Handlers\FileHandler' driver.
ERROR - 2024-05-15 02:40:46 --> mysqli_sql_exception: Unknown column 't3.rn' in 'on clause' in /home/validas1/ci4_core/system/Database/MySQLi/Connection.php:295
Stack trace:
#0 /home/validas1/ci4_core/system/Database/MySQLi/Connection.php(295): mysqli->query('SELECT \t\t \r\n   ...', 0)
#1 /home/validas1/ci4_core/system/Database/BaseConnection.php(692): CodeIgniter\Database\MySQLi\Connection->execute('SELECT \t\t \r\n   ...')
#2 /home/validas1/ci4_core/system/Database/BaseConnection.php(606): CodeIgniter\Database\BaseConnection->simpleQuery('SELECT \t\t \r\n   ...')
#3 /home/validas1/ci4_core/app/Models/PpojModel.php(373): CodeIgniter\Database\BaseConnection->query('SELECT \t\t \r\n   ...')
#4 /home/validas1/ci4_core/app/Models/PpojModel.php(344): App\Models\PpojModel->DataSuhuRH('(select \r\n     ...', ' ( select \r\n   ...', '( select \r\n    ...', '( select \r\n    ...', '4', 't1', 't2', 't4', 't3')
#5 /home/validas1/ci4_core/app/Controllers/DataPpoj.php(56): App\Models\PpojModel->DataPDF(1, 1, 0, 1, '4')
#6 /home/validas1/ci4_core/system/CodeIgniter.php(932): App\Controllers\DataPpoj->DetailPpoj('4')
#7 /home/validas1/ci4_core/system/CodeIgniter.php(497): CodeIgniter\CodeIgniter->runController(Object(App\Controllers\DataPpoj))
#8 /home/validas1/ci4_core/system/CodeIgniter.php(366): CodeIgniter\CodeIgniter->handleRequest(NULL, Object(Config\Cache), false)
#9 /home/validas1/ereport.validasickr.my.id/index.php(79): CodeIgniter\CodeIgniter->run()
#10 {main}
CRITICAL - 2024-05-15 02:40:46 --> Unknown column 't3.rn' in 'on clause'
in SYSTEMPATH/Database/MySQLi/Connection.php on line 295.
 1 SYSTEMPATH/Database/MySQLi/Connection.php(295): mysqli->query('SELECT 		 
        DAP.KELAS,
        DAP.ID ID_PPOJ,
        t1.SUHU_MIN, 
        t1.SUHU_MAX, 
        t2.RH_MIN, 
        t2.RH_MAX,
        t3.HASIL_TPC CAPAR_TPC,
        t3.HASIL_KK CAPAR_KK,
        t4.HASIL_TPC MIKRO_TPC,
        t4.HASIL_KK MIKRO_KK
    FROM 
    data_awal_ppoj DAP 
    LEFT JOIN 
    (select 
      ID_PPOJ, 
      ROW_NUMBER() over (partition by ID_PPOJ order by SUHU_MIN) as rn, 
      SUHU_MIN, 
      SUHU_MAX 
    from 
      suhu ) t1 ON DAP.id = t1.ID_PPOJ left join 
     ( select 
      ID_PPOJ, 
      ROW_NUMBER() over (partition by ID_PPOJ order by RH_MIN) as rn, 
      RH_MIN, 
      RH_MAX 
    from rh ) t2 on DAP.id = t2.ID_PPOJ   and t1.rn = t2.rn LEFT join 
    ( select 
      ID_PPOJ, 
      ROW_NUMBER() over (partition by ID_PPOJ order by HASIL_TPC) as rn, 
      HASIL_TPC, 
      HASIL_KK 
    from mikro_volumetrik ) t4 ON DAP.id = t4.id_ppoj AND t2.rn = t3.rn left JOIN
    ( select 
      ID_PPOJ, 
      ROW_NUMBER() over (partition by ID_PPOJ order by HASIL_TPC) as rn, 
      HASIL_TPC, 
      HASIL_KK 
    from mikro_capar ) t3 ON DAP.id = t3.id_ppoj AND t3.rn = t4.rn
      
      WHERE 
        DAP.id =4;
      ', 0)
 2 SYSTEMPATH/Database/BaseConnection.php(692): CodeIgniter\Database\MySQLi\Connection->execute('SELECT 		 
        DAP.KELAS,
        DAP.ID ID_PPOJ,
        t1.SUHU_MIN, 
        t1.SUHU_MAX, 
        t2.RH_MIN, 
        t2.RH_MAX,
        t3.HASIL_TPC CAPAR_TPC,
        t3.HASIL_KK CAPAR_KK,
        t4.HASIL_TPC MIKRO_TPC,
        t4.HASIL_KK MIKRO_KK
    FROM 
    data_awal_ppoj DAP 
    LEFT JOIN 
    (select 
      ID_PPOJ, 
      ROW_NUMBER() over (partition by ID_PPOJ order by SUHU_MIN) as rn, 
      SUHU_MIN, 
      SUHU_MAX 
    from 
      suhu ) t1 ON DAP.id = t1.ID_PPOJ left join 
     ( select 
      ID_PPOJ, 
      ROW_NUMBER() over (partition by ID_PPOJ order by RH_MIN) as rn, 
      RH_MIN, 
      RH_MAX 
    from rh ) t2 on DAP.id = t2.ID_PPOJ   and t1.rn = t2.rn LEFT join 
    ( select 
      ID_PPOJ, 
      ROW_NUMBER() over (partition by ID_PPOJ order by HASIL_TPC) as rn, 
      HASIL_TPC, 
      HASIL_KK 
    from mikro_volumetrik ) t4 ON DAP.id = t4.id_ppoj AND t2.rn = t3.rn left JOIN
    ( select 
      ID_PPOJ, 
      ROW_NUMBER() over (partition by ID_PPOJ order by HASIL_TPC) as rn, 
      HASIL_TPC, 
      HASIL_KK 
    from mikro_capar ) t3 ON DAP.id = t3.id_ppoj AND t3.rn = t4.rn
      
      WHERE 
        DAP.id =4;
      ')
 3 SYSTEMPATH/Database/BaseConnection.php(606): CodeIgniter\Database\BaseConnection->simpleQuery('SELECT 		 
        DAP.KELAS,
        DAP.ID ID_PPOJ,
        t1.SUHU_MIN, 
        t1.SUHU_MAX, 
        t2.RH_MIN, 
        t2.RH_MAX,
        t3.HASIL_TPC CAPAR_TPC,
        t3.HASIL_KK CAPAR_KK,
        t4.HASIL_TPC MIKRO_TPC,
        t4.HASIL_KK MIKRO_KK
    FROM 
    data_awal_ppoj DAP 
    LEFT JOIN 
    (select 
      ID_PPOJ, 
      ROW_NUMBER() over (partition by ID_PPOJ order by SUHU_MIN) as rn, 
      SUHU_MIN, 
      SUHU_MAX 
    from 
      suhu ) t1 ON DAP.id = t1.ID_PPOJ left join 
     ( select 
      ID_PPOJ, 
      ROW_NUMBER() over (partition by ID_PPOJ order by RH_MIN) as rn, 
      RH_MIN, 
      RH_MAX 
    from rh ) t2 on DAP.id = t2.ID_PPOJ   and t1.rn = t2.rn LEFT join 
    ( select 
      ID_PPOJ, 
      ROW_NUMBER() over (partition by ID_PPOJ order by HASIL_TPC) as rn, 
      HASIL_TPC, 
      HASIL_KK 
    from mikro_volumetrik ) t4 ON DAP.id = t4.id_ppoj AND t2.rn = t3.rn left JOIN
    ( select 
      ID_PPOJ, 
      ROW_NUMBER() over (partition by ID_PPOJ order by HASIL_TPC) as rn, 
      HASIL_TPC, 
      HASIL_KK 
    from mikro_capar ) t3 ON DAP.id = t3.id_ppoj AND t3.rn = t4.rn
      
      WHERE 
        DAP.id =4;
      ')
 4 APPPATH/Models/PpojModel.php(373): CodeIgniter\Database\BaseConnection->query('SELECT 		 
        DAP.KELAS,
        DAP.ID ID_PPOJ,
        t1.SUHU_MIN, 
        t1.SUHU_MAX, 
        t2.RH_MIN, 
        t2.RH_MAX,
        t3.HASIL_TPC CAPAR_TPC,
        t3.HASIL_KK CAPAR_KK,
        t4.HASIL_TPC MIKRO_TPC,
        t4.HASIL_KK MIKRO_KK
    FROM 
    data_awal_ppoj DAP 
    LEFT JOIN 
    (select 
      ID_PPOJ, 
      ROW_NUMBER() over (partition by ID_PPOJ order by SUHU_MIN) as rn, 
      SUHU_MIN, 
      SUHU_MAX 
    from 
      suhu ) t1 ON DAP.id = t1.ID_PPOJ left join 
     ( select 
      ID_PPOJ, 
      ROW_NUMBER() over (partition by ID_PPOJ order by RH_MIN) as rn, 
      RH_MIN, 
      RH_MAX 
    from rh ) t2 on DAP.id = t2.ID_PPOJ   and t1.rn = t2.rn LEFT join 
    ( select 
      ID_PPOJ, 
      ROW_NUMBER() over (partition by ID_PPOJ order by HASIL_TPC) as rn, 
      HASIL_TPC, 
      HASIL_KK 
    from mikro_volumetrik ) t4 ON DAP.id = t4.id_ppoj AND t2.rn = t3.rn left JOIN
    ( select 
      ID_PPOJ, 
      ROW_NUMBER() over (partition by ID_PPOJ order by HASIL_TPC) as rn, 
      HASIL_TPC, 
      HASIL_KK 
    from mikro_capar ) t3 ON DAP.id = t3.id_ppoj AND t3.rn = t4.rn
      
      WHERE 
        DAP.id =4;
      ')
 5 APPPATH/Models/PpojModel.php(344): App\Models\PpojModel->DataSuhuRH('(select 
      ID_PPOJ, 
      ROW_NUMBER() over (partition by ID_PPOJ order by SUHU_MIN) as rn, 
      SUHU_MIN, 
      SUHU_MAX 
    from 
      suhu )', ' ( select 
      ID_PPOJ, 
      ROW_NUMBER() over (partition by ID_PPOJ order by RH_MIN) as rn, 
      RH_MIN, 
      RH_MAX 
    from rh )', '( select 
      ID_PPOJ, 
      ROW_NUMBER() over (partition by ID_PPOJ order by HASIL_TPC) as rn, 
      HASIL_TPC, 
      HASIL_KK 
    from mikro_volumetrik )', '( select 
      ID_PPOJ, 
      ROW_NUMBER() over (partition by ID_PPOJ order by HASIL_TPC) as rn, 
      HASIL_TPC, 
      HASIL_KK 
    from mikro_capar )', '4', 't1', 't2', 't4', 't3')
 6 APPPATH/Controllers/DataPpoj.php(56): App\Models\PpojModel->DataPDF(1, 1, 0, 1, '4')
 7 SYSTEMPATH/CodeIgniter.php(932): App\Controllers\DataPpoj->DetailPpoj('4')
 8 SYSTEMPATH/CodeIgniter.php(497): CodeIgniter\CodeIgniter->runController(Object(App\Controllers\DataPpoj))
 9 SYSTEMPATH/CodeIgniter.php(366): CodeIgniter\CodeIgniter->handleRequest(null, Object(Config\Cache), false)
10 FCPATH/index.php(79): CodeIgniter\CodeIgniter->run()
INFO - 2024-05-15 02:44:56 --> Session: Class initialized using 'CodeIgniter\Session\Handlers\FileHandler' driver.
INFO - 2024-05-15 02:45:00 --> Session: Class initialized using 'CodeIgniter\Session\Handlers\FileHandler' driver.
INFO - 2024-05-15 02:45:03 --> Session: Class initialized using 'CodeIgniter\Session\Handlers\FileHandler' driver.
INFO - 2024-05-15 02:45:06 --> Session: Class initialized using 'CodeIgniter\Session\Handlers\FileHandler' driver.
INFO - 2024-05-15 02:45:23 --> Session: Class initialized using 'CodeIgniter\Session\Handlers\FileHandler' driver.
INFO - 2024-05-15 02:45:23 --> Session: Class initialized using 'CodeIgniter\Session\Handlers\FileHandler' driver.
INFO - 2024-05-15 02:45:28 --> Session: Class initialized using 'CodeIgniter\Session\Handlers\FileHandler' driver.
INFO - 2024-05-15 02:45:30 --> Session: Class initialized using 'CodeIgniter\Session\Handlers\FileHandler' driver.
INFO - 2024-05-15 02:45:33 --> Session: Class initialized using 'CodeIgniter\Session\Handlers\FileHandler' driver.
ERROR - 2024-05-15 02:45:33 --> mysqli_sql_exception: Unknown column 't3.rn' in 'on clause' in /home/validas1/ci4_core/system/Database/MySQLi/Connection.php:295
Stack trace:
#0 /home/validas1/ci4_core/system/Database/MySQLi/Connection.php(295): mysqli->query('SELECT \t\t \r\n   ...', 0)
#1 /home/validas1/ci4_core/system/Database/BaseConnection.php(692): CodeIgniter\Database\MySQLi\Connection->execute('SELECT \t\t \r\n   ...')
#2 /home/validas1/ci4_core/system/Database/BaseConnection.php(606): CodeIgniter\Database\BaseConnection->simpleQuery('SELECT \t\t \r\n   ...')
#3 /home/validas1/ci4_core/app/Models/PpojModel.php(373): CodeIgniter\Database\BaseConnection->query('SELECT \t\t \r\n   ...')
#4 /home/validas1/ci4_core/app/Models/PpojModel.php(344): App\Models\PpojModel->DataSuhuRH('( select \r\n    ...', '(select \r\n     ...', ' ( select \r\n   ...', '( select \r\n    ...', '2', 't4', 't1', 't2', 't3')
#5 /home/validas1/ci4_core/app/Controllers/DataPpoj.php(109): App\Models\PpojModel->DataPDF(1, 1, 1, 2, '2')
#6 /home/validas1/ci4_core/system/CodeIgniter.php(932): App\Controllers\DataPpoj->Detail('2')
#7 /home/validas1/ci4_core/system/CodeIgniter.php(497): CodeIgniter\CodeIgniter->runController(Object(App\Controllers\DataPpoj))
#8 /home/validas1/ci4_core/system/CodeIgniter.php(366): CodeIgniter\CodeIgniter->handleRequest(NULL, Object(Config\Cache), false)
#9 /home/validas1/ereport.validasickr.my.id/index.php(79): CodeIgniter\CodeIgniter->run()
#10 {main}
CRITICAL - 2024-05-15 02:45:33 --> Unknown column 't3.rn' in 'on clause'
in SYSTEMPATH/Database/MySQLi/Connection.php on line 295.
 1 SYSTEMPATH/Database/MySQLi/Connection.php(295): mysqli->query('SELECT 		 
        DAP.KELAS,
        DAP.ID ID_PPOJ,
        t1.SUHU_MIN, 
        t1.SUHU_MAX, 
        t2.RH_MIN, 
        t2.RH_MAX,
        t3.HASIL_TPC CAPAR_TPC,
        t3.HASIL_KK CAPAR_KK,
        t4.HASIL_TPC MIKRO_TPC,
        t4.HASIL_KK MIKRO_KK
    FROM 
    data_awal_ppoj DAP 
    LEFT JOIN 
    ( select 
      ID_PPOJ, 
      ROW_NUMBER() over (partition by ID_PPOJ order by HASIL_TPC) as rn, 
      HASIL_TPC, 
      HASIL_KK 
    from mikro_volumetrik ) t4 ON DAP.id = t4.ID_PPOJ left join 
    (select 
      ID_PPOJ, 
      ROW_NUMBER() over (partition by ID_PPOJ order by SUHU_MIN) as rn, 
      SUHU_MIN, 
      SUHU_MAX 
    from 
      suhu ) t1 on DAP.id = t1.ID_PPOJ   and t1.rn = t2.rn LEFT join 
     ( select 
      ID_PPOJ, 
      ROW_NUMBER() over (partition by ID_PPOJ order by RH_MIN) as rn, 
      RH_MIN, 
      RH_MAX 
    from rh ) t2 ON DAP.id = t2.id_ppoj AND t2.rn = t3.rn left JOIN
    ( select 
      ID_PPOJ, 
      ROW_NUMBER() over (partition by ID_PPOJ order by HASIL_TPC) as rn, 
      HASIL_TPC, 
      HASIL_KK 
    from mikro_capar ) t3 ON DAP.id = t3.id_ppoj AND t3.rn = t4.rn
      
      WHERE 
        DAP.id =2;
      ', 0)
 2 SYSTEMPATH/Database/BaseConnection.php(692): CodeIgniter\Database\MySQLi\Connection->execute('SELECT 		 
        DAP.KELAS,
        DAP.ID ID_PPOJ,
        t1.SUHU_MIN, 
        t1.SUHU_MAX, 
        t2.RH_MIN, 
        t2.RH_MAX,
        t3.HASIL_TPC CAPAR_TPC,
        t3.HASIL_KK CAPAR_KK,
        t4.HASIL_TPC MIKRO_TPC,
        t4.HASIL_KK MIKRO_KK
    FROM 
    data_awal_ppoj DAP 
    LEFT JOIN 
    ( select 
      ID_PPOJ, 
      ROW_NUMBER() over (partition by ID_PPOJ order by HASIL_TPC) as rn, 
      HASIL_TPC, 
      HASIL_KK 
    from mikro_volumetrik ) t4 ON DAP.id = t4.ID_PPOJ left join 
    (select 
      ID_PPOJ, 
      ROW_NUMBER() over (partition by ID_PPOJ order by SUHU_MIN) as rn, 
      SUHU_MIN, 
      SUHU_MAX 
    from 
      suhu ) t1 on DAP.id = t1.ID_PPOJ   and t1.rn = t2.rn LEFT join 
     ( select 
      ID_PPOJ, 
      ROW_NUMBER() over (partition by ID_PPOJ order by RH_MIN) as rn, 
      RH_MIN, 
      RH_MAX 
    from rh ) t2 ON DAP.id = t2.id_ppoj AND t2.rn = t3.rn left JOIN
    ( select 
      ID_PPOJ, 
      ROW_NUMBER() over (partition by ID_PPOJ order by HASIL_TPC) as rn, 
      HASIL_TPC, 
      HASIL_KK 
    from mikro_capar ) t3 ON DAP.id = t3.id_ppoj AND t3.rn = t4.rn
      
      WHERE 
        DAP.id =2;
      ')
 3 SYSTEMPATH/Database/BaseConnection.php(606): CodeIgniter\Database\BaseConnection->simpleQuery('SELECT 		 
        DAP.KELAS,
        DAP.ID ID_PPOJ,
        t1.SUHU_MIN, 
        t1.SUHU_MAX, 
        t2.RH_MIN, 
        t2.RH_MAX,
        t3.HASIL_TPC CAPAR_TPC,
        t3.HASIL_KK CAPAR_KK,
        t4.HASIL_TPC MIKRO_TPC,
        t4.HASIL_KK MIKRO_KK
    FROM 
    data_awal_ppoj DAP 
    LEFT JOIN 
    ( select 
      ID_PPOJ, 
      ROW_NUMBER() over (partition by ID_PPOJ order by HASIL_TPC) as rn, 
      HASIL_TPC, 
      HASIL_KK 
    from mikro_volumetrik ) t4 ON DAP.id = t4.ID_PPOJ left join 
    (select 
      ID_PPOJ, 
      ROW_NUMBER() over (partition by ID_PPOJ order by SUHU_MIN) as rn, 
      SUHU_MIN, 
      SUHU_MAX 
    from 
      suhu ) t1 on DAP.id = t1.ID_PPOJ   and t1.rn = t2.rn LEFT join 
     ( select 
      ID_PPOJ, 
      ROW_NUMBER() over (partition by ID_PPOJ order by RH_MIN) as rn, 
      RH_MIN, 
      RH_MAX 
    from rh ) t2 ON DAP.id = t2.id_ppoj AND t2.rn = t3.rn left JOIN
    ( select 
      ID_PPOJ, 
      ROW_NUMBER() over (partition by ID_PPOJ order by HASIL_TPC) as rn, 
      HASIL_TPC, 
      HASIL_KK 
    from mikro_capar ) t3 ON DAP.id = t3.id_ppoj AND t3.rn = t4.rn
      
      WHERE 
        DAP.id =2;
      ')
 4 APPPATH/Models/PpojModel.php(373): CodeIgniter\Database\BaseConnection->query('SELECT 		 
        DAP.KELAS,
        DAP.ID ID_PPOJ,
        t1.SUHU_MIN, 
        t1.SUHU_MAX, 
        t2.RH_MIN, 
        t2.RH_MAX,
        t3.HASIL_TPC CAPAR_TPC,
        t3.HASIL_KK CAPAR_KK,
        t4.HASIL_TPC MIKRO_TPC,
        t4.HASIL_KK MIKRO_KK
    FROM 
    data_awal_ppoj DAP 
    LEFT JOIN 
    ( select 
      ID_PPOJ, 
      ROW_NUMBER() over (partition by ID_PPOJ order by HASIL_TPC) as rn, 
      HASIL_TPC, 
      HASIL_KK 
    from mikro_volumetrik ) t4 ON DAP.id = t4.ID_PPOJ left join 
    (select 
      ID_PPOJ, 
      ROW_NUMBER() over (partition by ID_PPOJ order by SUHU_MIN) as rn, 
      SUHU_MIN, 
      SUHU_MAX 
    from 
      suhu ) t1 on DAP.id = t1.ID_PPOJ   and t1.rn = t2.rn LEFT join 
     ( select 
      ID_PPOJ, 
      ROW_NUMBER() over (partition by ID_PPOJ order by RH_MIN) as rn, 
      RH_MIN, 
      RH_MAX 
    from rh ) t2 ON DAP.id = t2.id_ppoj AND t2.rn = t3.rn left JOIN
    ( select 
      ID_PPOJ, 
      ROW_NUMBER() over (partition by ID_PPOJ order by HASIL_TPC) as rn, 
      HASIL_TPC, 
      HASIL_KK 
    from mikro_capar ) t3 ON DAP.id = t3.id_ppoj AND t3.rn = t4.rn
      
      WHERE 
        DAP.id =2;
      ')
 5 APPPATH/Models/PpojModel.php(344): App\Models\PpojModel->DataSuhuRH('( select 
      ID_PPOJ, 
      ROW_NUMBER() over (partition by ID_PPOJ order by HASIL_TPC) as rn, 
      HASIL_TPC, 
      HASIL_KK 
    from mikro_volumetrik )', '(select 
      ID_PPOJ, 
      ROW_NUMBER() over (partition by ID_PPOJ order by SUHU_MIN) as rn, 
      SUHU_MIN, 
      SUHU_MAX 
    from 
      suhu )', ' ( select 
      ID_PPOJ, 
      ROW_NUMBER() over (partition by ID_PPOJ order by RH_MIN) as rn, 
      RH_MIN, 
      RH_MAX 
    from rh )', '( select 
      ID_PPOJ, 
      ROW_NUMBER() over (partition by ID_PPOJ order by HASIL_TPC) as rn, 
      HASIL_TPC, 
      HASIL_KK 
    from mikro_capar )', '2', 't4', 't1', 't2', 't3')
 6 APPPATH/Controllers/DataPpoj.php(109): App\Models\PpojModel->DataPDF(1, 1, 1, 2, '2')
 7 SYSTEMPATH/CodeIgniter.php(932): App\Controllers\DataPpoj->Detail('2')
 8 SYSTEMPATH/CodeIgniter.php(497): CodeIgniter\CodeIgniter->runController(Object(App\Controllers\DataPpoj))
 9 SYSTEMPATH/CodeIgniter.php(366): CodeIgniter\CodeIgniter->handleRequest(null, Object(Config\Cache), false)
10 FCPATH/index.php(79): CodeIgniter\CodeIgniter->run()
INFO - 2024-05-15 02:45:52 --> Session: Class initialized using 'CodeIgniter\Session\Handlers\FileHandler' driver.
INFO - 2024-05-15 02:45:55 --> Session: Class initialized using 'CodeIgniter\Session\Handlers\FileHandler' driver.
INFO - 2024-05-15 02:45:58 --> Session: Class initialized using 'CodeIgniter\Session\Handlers\FileHandler' driver.
INFO - 2024-05-15 02:46:00 --> Session: Class initialized using 'CodeIgniter\Session\Handlers\FileHandler' driver.
INFO - 2024-05-15 02:46:10 --> Session: Class initialized using 'CodeIgniter\Session\Handlers\FileHandler' driver.
INFO - 2024-05-15 02:46:10 --> Session: Class initialized using 'CodeIgniter\Session\Handlers\FileHandler' driver.
INFO - 2024-05-15 02:46:17 --> Session: Class initialized using 'CodeIgniter\Session\Handlers\FileHandler' driver.
INFO - 2024-05-15 02:46:21 --> Session: Class initialized using 'CodeIgniter\Session\Handlers\FileHandler' driver.
INFO - 2024-05-15 02:46:23 --> Session: Class initialized using 'CodeIgniter\Session\Handlers\FileHandler' driver.
INFO - 2024-05-15 02:46:34 --> Session: Class initialized using 'CodeIgniter\Session\Handlers\FileHandler' driver.
INFO - 2024-05-15 02:46:34 --> Session: Class initialized using 'CodeIgniter\Session\Handlers\FileHandler' driver.
INFO - 2024-05-15 02:49:37 --> Session: Class initialized using 'CodeIgniter\Session\Handlers\FileHandler' driver.
INFO - 2024-05-15 02:56:29 --> Session: Class initialized using 'CodeIgniter\Session\Handlers\FileHandler' driver.
INFO - 2024-05-15 02:56:35 --> Session: Class initialized using 'CodeIgniter\Session\Handlers\FileHandler' driver.
INFO - 2024-05-15 02:56:37 --> Session: Class initialized using 'CodeIgniter\Session\Handlers\FileHandler' driver.
INFO - 2024-05-15 02:56:48 --> Session: Class initialized using 'CodeIgniter\Session\Handlers\FileHandler' driver.
INFO - 2024-05-15 02:56:52 --> Session: Class initialized using 'CodeIgniter\Session\Handlers\FileHandler' driver.
INFO - 2024-05-15 02:56:55 --> Session: Class initialized using 'CodeIgniter\Session\Handlers\FileHandler' driver.
ERROR - 2024-05-15 02:56:55 --> mysqli_sql_exception: Unknown column 't3.rn' in 'on clause' in /home/validas1/ci4_core/system/Database/MySQLi/Connection.php:295
Stack trace:
#0 /home/validas1/ci4_core/system/Database/MySQLi/Connection.php(295): mysqli->query('SELECT \t\t \r\n   ...', 0)
#1 /home/validas1/ci4_core/system/Database/BaseConnection.php(692): CodeIgniter\Database\MySQLi\Connection->execute('SELECT \t\t \r\n   ...')
#2 /home/validas1/ci4_core/system/Database/BaseConnection.php(606): CodeIgniter\Database\BaseConnection->simpleQuery('SELECT \t\t \r\n   ...')
#3 /home/validas1/ci4_core/app/Models/PpojModel.php(373): CodeIgniter\Database\BaseConnection->query('SELECT \t\t \r\n   ...')
#4 /home/validas1/ci4_core/app/Models/PpojModel.php(344): App\Models\PpojModel->DataSuhuRH('( select \r\n    ...', '(select \r\n     ...', ' ( select \r\n   ...', '( select \r\n    ...', '2', 't4', 't1', 't2', 't3')
#5 /home/validas1/ci4_core/app/Controllers/DataPpoj.php(109): App\Models\PpojModel->DataPDF(1, 1, 1, 2, '2')
#6 /home/validas1/ci4_core/system/CodeIgniter.php(932): App\Controllers\DataPpoj->Detail('2')
#7 /home/validas1/ci4_core/system/CodeIgniter.php(497): CodeIgniter\CodeIgniter->runController(Object(App\Controllers\DataPpoj))
#8 /home/validas1/ci4_core/system/CodeIgniter.php(366): CodeIgniter\CodeIgniter->handleRequest(NULL, Object(Config\Cache), false)
#9 /home/validas1/ereport.validasickr.my.id/index.php(79): CodeIgniter\CodeIgniter->run()
#10 {main}
CRITICAL - 2024-05-15 02:56:55 --> Unknown column 't3.rn' in 'on clause'
in SYSTEMPATH/Database/MySQLi/Connection.php on line 295.
 1 SYSTEMPATH/Database/MySQLi/Connection.php(295): mysqli->query('SELECT 		 
        DAP.KELAS,
        DAP.ID ID_PPOJ,
        t1.SUHU_MIN, 
        t1.SUHU_MAX, 
        t2.RH_MIN, 
        t2.RH_MAX,
        t3.HASIL_TPC CAPAR_TPC,
        t3.HASIL_KK CAPAR_KK,
        t4.HASIL_TPC MIKRO_TPC,
        t4.HASIL_KK MIKRO_KK
    FROM 
    data_awal_ppoj DAP 
    LEFT JOIN 
    ( select 
      ID_PPOJ, 
      ROW_NUMBER() over (partition by ID_PPOJ order by HASIL_TPC) as rn, 
      HASIL_TPC, 
      HASIL_KK 
    from mikro_volumetrik ) t4 ON DAP.id = t4.ID_PPOJ left join 
    (select 
      ID_PPOJ, 
      ROW_NUMBER() over (partition by ID_PPOJ order by SUHU_MIN) as rn, 
      SUHU_MIN, 
      SUHU_MAX 
    from 
      suhu ) t1 on DAP.id = t1.ID_PPOJ   and t1.rn = t2.rn LEFT join 
     ( select 
      ID_PPOJ, 
      ROW_NUMBER() over (partition by ID_PPOJ order by RH_MIN) as rn, 
      RH_MIN, 
      RH_MAX 
    from rh ) t2 ON DAP.id = t2.id_ppoj AND t2.rn = t3.rn left JOIN
    ( select 
      ID_PPOJ, 
      ROW_NUMBER() over (partition by ID_PPOJ order by HASIL_TPC) as rn, 
      HASIL_TPC, 
      HASIL_KK 
    from mikro_capar ) t3 ON DAP.id = t3.id_ppoj AND t3.rn = t4.rn
      
      WHERE 
        DAP.id =2;
      ', 0)
 2 SYSTEMPATH/Database/BaseConnection.php(692): CodeIgniter\Database\MySQLi\Connection->execute('SELECT 		 
        DAP.KELAS,
        DAP.ID ID_PPOJ,
        t1.SUHU_MIN, 
        t1.SUHU_MAX, 
        t2.RH_MIN, 
        t2.RH_MAX,
        t3.HASIL_TPC CAPAR_TPC,
        t3.HASIL_KK CAPAR_KK,
        t4.HASIL_TPC MIKRO_TPC,
        t4.HASIL_KK MIKRO_KK
    FROM 
    data_awal_ppoj DAP 
    LEFT JOIN 
    ( select 
      ID_PPOJ, 
      ROW_NUMBER() over (partition by ID_PPOJ order by HASIL_TPC) as rn, 
      HASIL_TPC, 
      HASIL_KK 
    from mikro_volumetrik ) t4 ON DAP.id = t4.ID_PPOJ left join 
    (select 
      ID_PPOJ, 
      ROW_NUMBER() over (partition by ID_PPOJ order by SUHU_MIN) as rn, 
      SUHU_MIN, 
      SUHU_MAX 
    from 
      suhu ) t1 on DAP.id = t1.ID_PPOJ   and t1.rn = t2.rn LEFT join 
     ( select 
      ID_PPOJ, 
      ROW_NUMBER() over (partition by ID_PPOJ order by RH_MIN) as rn, 
      RH_MIN, 
      RH_MAX 
    from rh ) t2 ON DAP.id = t2.id_ppoj AND t2.rn = t3.rn left JOIN
    ( select 
      ID_PPOJ, 
      ROW_NUMBER() over (partition by ID_PPOJ order by HASIL_TPC) as rn, 
      HASIL_TPC, 
      HASIL_KK 
    from mikro_capar ) t3 ON DAP.id = t3.id_ppoj AND t3.rn = t4.rn
      
      WHERE 
        DAP.id =2;
      ')
 3 SYSTEMPATH/Database/BaseConnection.php(606): CodeIgniter\Database\BaseConnection->simpleQuery('SELECT 		 
        DAP.KELAS,
        DAP.ID ID_PPOJ,
        t1.SUHU_MIN, 
        t1.SUHU_MAX, 
        t2.RH_MIN, 
        t2.RH_MAX,
        t3.HASIL_TPC CAPAR_TPC,
        t3.HASIL_KK CAPAR_KK,
        t4.HASIL_TPC MIKRO_TPC,
        t4.HASIL_KK MIKRO_KK
    FROM 
    data_awal_ppoj DAP 
    LEFT JOIN 
    ( select 
      ID_PPOJ, 
      ROW_NUMBER() over (partition by ID_PPOJ order by HASIL_TPC) as rn, 
      HASIL_TPC, 
      HASIL_KK 
    from mikro_volumetrik ) t4 ON DAP.id = t4.ID_PPOJ left join 
    (select 
      ID_PPOJ, 
      ROW_NUMBER() over (partition by ID_PPOJ order by SUHU_MIN) as rn, 
      SUHU_MIN, 
      SUHU_MAX 
    from 
      suhu ) t1 on DAP.id = t1.ID_PPOJ   and t1.rn = t2.rn LEFT join 
     ( select 
      ID_PPOJ, 
      ROW_NUMBER() over (partition by ID_PPOJ order by RH_MIN) as rn, 
      RH_MIN, 
      RH_MAX 
    from rh ) t2 ON DAP.id = t2.id_ppoj AND t2.rn = t3.rn left JOIN
    ( select 
      ID_PPOJ, 
      ROW_NUMBER() over (partition by ID_PPOJ order by HASIL_TPC) as rn, 
      HASIL_TPC, 
      HASIL_KK 
    from mikro_capar ) t3 ON DAP.id = t3.id_ppoj AND t3.rn = t4.rn
      
      WHERE 
        DAP.id =2;
      ')
 4 APPPATH/Models/PpojModel.php(373): CodeIgniter\Database\BaseConnection->query('SELECT 		 
        DAP.KELAS,
        DAP.ID ID_PPOJ,
        t1.SUHU_MIN, 
        t1.SUHU_MAX, 
        t2.RH_MIN, 
        t2.RH_MAX,
        t3.HASIL_TPC CAPAR_TPC,
        t3.HASIL_KK CAPAR_KK,
        t4.HASIL_TPC MIKRO_TPC,
        t4.HASIL_KK MIKRO_KK
    FROM 
    data_awal_ppoj DAP 
    LEFT JOIN 
    ( select 
      ID_PPOJ, 
      ROW_NUMBER() over (partition by ID_PPOJ order by HASIL_TPC) as rn, 
      HASIL_TPC, 
      HASIL_KK 
    from mikro_volumetrik ) t4 ON DAP.id = t4.ID_PPOJ left join 
    (select 
      ID_PPOJ, 
      ROW_NUMBER() over (partition by ID_PPOJ order by SUHU_MIN) as rn, 
      SUHU_MIN, 
      SUHU_MAX 
    from 
      suhu ) t1 on DAP.id = t1.ID_PPOJ   and t1.rn = t2.rn LEFT join 
     ( select 
      ID_PPOJ, 
      ROW_NUMBER() over (partition by ID_PPOJ order by RH_MIN) as rn, 
      RH_MIN, 
      RH_MAX 
    from rh ) t2 ON DAP.id = t2.id_ppoj AND t2.rn = t3.rn left JOIN
    ( select 
      ID_PPOJ, 
      ROW_NUMBER() over (partition by ID_PPOJ order by HASIL_TPC) as rn, 
      HASIL_TPC, 
      HASIL_KK 
    from mikro_capar ) t3 ON DAP.id = t3.id_ppoj AND t3.rn = t4.rn
      
      WHERE 
        DAP.id =2;
      ')
 5 APPPATH/Models/PpojModel.php(344): App\Models\PpojModel->DataSuhuRH('( select 
      ID_PPOJ, 
      ROW_NUMBER() over (partition by ID_PPOJ order by HASIL_TPC) as rn, 
      HASIL_TPC, 
      HASIL_KK 
    from mikro_volumetrik )', '(select 
      ID_PPOJ, 
      ROW_NUMBER() over (partition by ID_PPOJ order by SUHU_MIN) as rn, 
      SUHU_MIN, 
      SUHU_MAX 
    from 
      suhu )', ' ( select 
      ID_PPOJ, 
      ROW_NUMBER() over (partition by ID_PPOJ order by RH_MIN) as rn, 
      RH_MIN, 
      RH_MAX 
    from rh )', '( select 
      ID_PPOJ, 
      ROW_NUMBER() over (partition by ID_PPOJ order by HASIL_TPC) as rn, 
      HASIL_TPC, 
      HASIL_KK 
    from mikro_capar )', '2', 't4', 't1', 't2', 't3')
 6 APPPATH/Controllers/DataPpoj.php(109): App\Models\PpojModel->DataPDF(1, 1, 1, 2, '2')
 7 SYSTEMPATH/CodeIgniter.php(932): App\Controllers\DataPpoj->Detail('2')
 8 SYSTEMPATH/CodeIgniter.php(497): CodeIgniter\CodeIgniter->runController(Object(App\Controllers\DataPpoj))
 9 SYSTEMPATH/CodeIgniter.php(366): CodeIgniter\CodeIgniter->handleRequest(null, Object(Config\Cache), false)
10 FCPATH/index.php(79): CodeIgniter\CodeIgniter->run()
INFO - 2024-05-15 03:00:12 --> Session: Class initialized using 'CodeIgniter\Session\Handlers\FileHandler' driver.
INFO - 2024-05-15 03:00:12 --> Session: Class initialized using 'CodeIgniter\Session\Handlers\FileHandler' driver.
INFO - 2024-05-15 03:00:19 --> Session: Class initialized using 'CodeIgniter\Session\Handlers\FileHandler' driver.
INFO - 2024-05-15 03:00:19 --> Session: Class initialized using 'CodeIgniter\Session\Handlers\FileHandler' driver.
INFO - 2024-05-15 03:00:22 --> Session: Class initialized using 'CodeIgniter\Session\Handlers\FileHandler' driver.
INFO - 2024-05-15 03:00:23 --> Session: Class initialized using 'CodeIgniter\Session\Handlers\FileHandler' driver.
INFO - 2024-05-15 03:00:26 --> Session: Class initialized using 'CodeIgniter\Session\Handlers\FileHandler' driver.
ERROR - 2024-05-15 03:00:26 --> mysqli_sql_exception: Unknown column 't3.rn' in 'on clause' in /home/validas1/ci4_core/system/Database/MySQLi/Connection.php:295
Stack trace:
#0 /home/validas1/ci4_core/system/Database/MySQLi/Connection.php(295): mysqli->query('SELECT \t\t \r\n   ...', 0)
#1 /home/validas1/ci4_core/system/Database/BaseConnection.php(692): CodeIgniter\Database\MySQLi\Connection->execute('SELECT \t\t \r\n   ...')
#2 /home/validas1/ci4_core/system/Database/BaseConnection.php(606): CodeIgniter\Database\BaseConnection->simpleQuery('SELECT \t\t \r\n   ...')
#3 /home/validas1/ci4_core/app/Models/PpojModel.php(373): CodeIgniter\Database\BaseConnection->query('SELECT \t\t \r\n   ...')
#4 /home/validas1/ci4_core/app/Models/PpojModel.php(344): App\Models\PpojModel->DataSuhuRH('( select \r\n    ...', '(select \r\n     ...', ' ( select \r\n   ...', '( select \r\n    ...', '2', 't4', 't1', 't2', 't3')
#5 /home/validas1/ci4_core/app/Controllers/DataPpoj.php(109): App\Models\PpojModel->DataPDF(1, 1, 1, 2, '2')
#6 /home/validas1/ci4_core/system/CodeIgniter.php(932): App\Controllers\DataPpoj->Detail('2')
#7 /home/validas1/ci4_core/system/CodeIgniter.php(497): CodeIgniter\CodeIgniter->runController(Object(App\Controllers\DataPpoj))
#8 /home/validas1/ci4_core/system/CodeIgniter.php(366): CodeIgniter\CodeIgniter->handleRequest(NULL, Object(Config\Cache), false)
#9 /home/validas1/ereport.validasickr.my.id/index.php(79): CodeIgniter\CodeIgniter->run()
#10 {main}
CRITICAL - 2024-05-15 03:00:26 --> Unknown column 't3.rn' in 'on clause'
in SYSTEMPATH/Database/MySQLi/Connection.php on line 295.
 1 SYSTEMPATH/Database/MySQLi/Connection.php(295): mysqli->query('SELECT 		 
        DAP.KELAS,
        DAP.ID ID_PPOJ,
        t1.SUHU_MIN, 
        t1.SUHU_MAX, 
        t2.RH_MIN, 
        t2.RH_MAX,
        t3.HASIL_TPC CAPAR_TPC,
        t3.HASIL_KK CAPAR_KK,
        t4.HASIL_TPC MIKRO_TPC,
        t4.HASIL_KK MIKRO_KK
    FROM 
    data_awal_ppoj DAP 
    LEFT JOIN 
    ( select 
      ID_PPOJ, 
      ROW_NUMBER() over (partition by ID_PPOJ order by HASIL_TPC) as rn, 
      HASIL_TPC, 
      HASIL_KK 
    from mikro_volumetrik ) t4 ON DAP.id = t4.ID_PPOJ left join 
    (select 
      ID_PPOJ, 
      ROW_NUMBER() over (partition by ID_PPOJ order by SUHU_MIN) as rn, 
      SUHU_MIN, 
      SUHU_MAX 
    from 
      suhu ) t1 on DAP.id = t1.ID_PPOJ   and t1.rn = t2.rn LEFT join 
     ( select 
      ID_PPOJ, 
      ROW_NUMBER() over (partition by ID_PPOJ order by RH_MIN) as rn, 
      RH_MIN, 
      RH_MAX 
    from rh ) t2 ON DAP.id = t2.id_ppoj AND t2.rn = t3.rn left JOIN
    ( select 
      ID_PPOJ, 
      ROW_NUMBER() over (partition by ID_PPOJ order by HASIL_TPC) as rn, 
      HASIL_TPC, 
      HASIL_KK 
    from mikro_capar ) t3 ON DAP.id = t3.id_ppoj AND t3.rn = t4.rn
      
      WHERE 
        DAP.id =2;
      ', 0)
 2 SYSTEMPATH/Database/BaseConnection.php(692): CodeIgniter\Database\MySQLi\Connection->execute('SELECT 		 
        DAP.KELAS,
        DAP.ID ID_PPOJ,
        t1.SUHU_MIN, 
        t1.SUHU_MAX, 
        t2.RH_MIN, 
        t2.RH_MAX,
        t3.HASIL_TPC CAPAR_TPC,
        t3.HASIL_KK CAPAR_KK,
        t4.HASIL_TPC MIKRO_TPC,
        t4.HASIL_KK MIKRO_KK
    FROM 
    data_awal_ppoj DAP 
    LEFT JOIN 
    ( select 
      ID_PPOJ, 
      ROW_NUMBER() over (partition by ID_PPOJ order by HASIL_TPC) as rn, 
      HASIL_TPC, 
      HASIL_KK 
    from mikro_volumetrik ) t4 ON DAP.id = t4.ID_PPOJ left join 
    (select 
      ID_PPOJ, 
      ROW_NUMBER() over (partition by ID_PPOJ order by SUHU_MIN) as rn, 
      SUHU_MIN, 
      SUHU_MAX 
    from 
      suhu ) t1 on DAP.id = t1.ID_PPOJ   and t1.rn = t2.rn LEFT join 
     ( select 
      ID_PPOJ, 
      ROW_NUMBER() over (partition by ID_PPOJ order by RH_MIN) as rn, 
      RH_MIN, 
      RH_MAX 
    from rh ) t2 ON DAP.id = t2.id_ppoj AND t2.rn = t3.rn left JOIN
    ( select 
      ID_PPOJ, 
      ROW_NUMBER() over (partition by ID_PPOJ order by HASIL_TPC) as rn, 
      HASIL_TPC, 
      HASIL_KK 
    from mikro_capar ) t3 ON DAP.id = t3.id_ppoj AND t3.rn = t4.rn
      
      WHERE 
        DAP.id =2;
      ')
 3 SYSTEMPATH/Database/BaseConnection.php(606): CodeIgniter\Database\BaseConnection->simpleQuery('SELECT 		 
        DAP.KELAS,
        DAP.ID ID_PPOJ,
        t1.SUHU_MIN, 
        t1.SUHU_MAX, 
        t2.RH_MIN, 
        t2.RH_MAX,
        t3.HASIL_TPC CAPAR_TPC,
        t3.HASIL_KK CAPAR_KK,
        t4.HASIL_TPC MIKRO_TPC,
        t4.HASIL_KK MIKRO_KK
    FROM 
    data_awal_ppoj DAP 
    LEFT JOIN 
    ( select 
      ID_PPOJ, 
      ROW_NUMBER() over (partition by ID_PPOJ order by HASIL_TPC) as rn, 
      HASIL_TPC, 
      HASIL_KK 
    from mikro_volumetrik ) t4 ON DAP.id = t4.ID_PPOJ left join 
    (select 
      ID_PPOJ, 
      ROW_NUMBER() over (partition by ID_PPOJ order by SUHU_MIN) as rn, 
      SUHU_MIN, 
      SUHU_MAX 
    from 
      suhu ) t1 on DAP.id = t1.ID_PPOJ   and t1.rn = t2.rn LEFT join 
     ( select 
      ID_PPOJ, 
      ROW_NUMBER() over (partition by ID_PPOJ order by RH_MIN) as rn, 
      RH_MIN, 
      RH_MAX 
    from rh ) t2 ON DAP.id = t2.id_ppoj AND t2.rn = t3.rn left JOIN
    ( select 
      ID_PPOJ, 
      ROW_NUMBER() over (partition by ID_PPOJ order by HASIL_TPC) as rn, 
      HASIL_TPC, 
      HASIL_KK 
    from mikro_capar ) t3 ON DAP.id = t3.id_ppoj AND t3.rn = t4.rn
      
      WHERE 
        DAP.id =2;
      ')
 4 APPPATH/Models/PpojModel.php(373): CodeIgniter\Database\BaseConnection->query('SELECT 		 
        DAP.KELAS,
        DAP.ID ID_PPOJ,
        t1.SUHU_MIN, 
        t1.SUHU_MAX, 
        t2.RH_MIN, 
        t2.RH_MAX,
        t3.HASIL_TPC CAPAR_TPC,
        t3.HASIL_KK CAPAR_KK,
        t4.HASIL_TPC MIKRO_TPC,
        t4.HASIL_KK MIKRO_KK
    FROM 
    data_awal_ppoj DAP 
    LEFT JOIN 
    ( select 
      ID_PPOJ, 
      ROW_NUMBER() over (partition by ID_PPOJ order by HASIL_TPC) as rn, 
      HASIL_TPC, 
      HASIL_KK 
    from mikro_volumetrik ) t4 ON DAP.id = t4.ID_PPOJ left join 
    (select 
      ID_PPOJ, 
      ROW_NUMBER() over (partition by ID_PPOJ order by SUHU_MIN) as rn, 
      SUHU_MIN, 
      SUHU_MAX 
    from 
      suhu ) t1 on DAP.id = t1.ID_PPOJ   and t1.rn = t2.rn LEFT join 
     ( select 
      ID_PPOJ, 
      ROW_NUMBER() over (partition by ID_PPOJ order by RH_MIN) as rn, 
      RH_MIN, 
      RH_MAX 
    from rh ) t2 ON DAP.id = t2.id_ppoj AND t2.rn = t3.rn left JOIN
    ( select 
      ID_PPOJ, 
      ROW_NUMBER() over (partition by ID_PPOJ order by HASIL_TPC) as rn, 
      HASIL_TPC, 
      HASIL_KK 
    from mikro_capar ) t3 ON DAP.id = t3.id_ppoj AND t3.rn = t4.rn
      
      WHERE 
        DAP.id =2;
      ')
 5 APPPATH/Models/PpojModel.php(344): App\Models\PpojModel->DataSuhuRH('( select 
      ID_PPOJ, 
      ROW_NUMBER() over (partition by ID_PPOJ order by HASIL_TPC) as rn, 
      HASIL_TPC, 
      HASIL_KK 
    from mikro_volumetrik )', '(select 
      ID_PPOJ, 
      ROW_NUMBER() over (partition by ID_PPOJ order by SUHU_MIN) as rn, 
      SUHU_MIN, 
      SUHU_MAX 
    from 
      suhu )', ' ( select 
      ID_PPOJ, 
      ROW_NUMBER() over (partition by ID_PPOJ order by RH_MIN) as rn, 
      RH_MIN, 
      RH_MAX 
    from rh )', '( select 
      ID_PPOJ, 
      ROW_NUMBER() over (partition by ID_PPOJ order by HASIL_TPC) as rn, 
      HASIL_TPC, 
      HASIL_KK 
    from mikro_capar )', '2', 't4', 't1', 't2', 't3')
 6 APPPATH/Controllers/DataPpoj.php(109): App\Models\PpojModel->DataPDF(1, 1, 1, 2, '2')
 7 SYSTEMPATH/CodeIgniter.php(932): App\Controllers\DataPpoj->Detail('2')
 8 SYSTEMPATH/CodeIgniter.php(497): CodeIgniter\CodeIgniter->runController(Object(App\Controllers\DataPpoj))
 9 SYSTEMPATH/CodeIgniter.php(366): CodeIgniter\CodeIgniter->handleRequest(null, Object(Config\Cache), false)
10 FCPATH/index.php(79): CodeIgniter\CodeIgniter->run()
INFO - 2024-05-15 03:00:27 --> Session: Class initialized using 'CodeIgniter\Session\Handlers\FileHandler' driver.
INFO - 2024-05-15 03:00:35 --> Session: Class initialized using 'CodeIgniter\Session\Handlers\FileHandler' driver.
INFO - 2024-05-15 03:04:47 --> Session: Class initialized using 'CodeIgniter\Session\Handlers\FileHandler' driver.
INFO - 2024-05-15 03:04:51 --> Session: Class initialized using 'CodeIgniter\Session\Handlers\FileHandler' driver.
ERROR - 2024-05-15 03:04:51 --> mysqli_sql_exception: Unknown column 't3.rn' in 'on clause' in /home/validas1/ci4_core/system/Database/MySQLi/Connection.php:295
Stack trace:
#0 /home/validas1/ci4_core/system/Database/MySQLi/Connection.php(295): mysqli->query('SELECT \t\t \r\n   ...', 0)
#1 /home/validas1/ci4_core/system/Database/BaseConnection.php(692): CodeIgniter\Database\MySQLi\Connection->execute('SELECT \t\t \r\n   ...')
#2 /home/validas1/ci4_core/system/Database/BaseConnection.php(606): CodeIgniter\Database\BaseConnection->simpleQuery('SELECT \t\t \r\n   ...')
#3 /home/validas1/ci4_core/app/Models/PpojModel.php(373): CodeIgniter\Database\BaseConnection->query('SELECT \t\t \r\n   ...')
#4 /home/validas1/ci4_core/app/Models/PpojModel.php(344): App\Models\PpojModel->DataSuhuRH('( select \r\n    ...', '(select \r\n     ...', ' ( select \r\n   ...', '( select \r\n    ...', '2', 't4', 't1', 't2', 't3')
#5 /home/validas1/ci4_core/app/Controllers/DataPpoj.php(109): App\Models\PpojModel->DataPDF(1, 1, 1, 2, '2')
#6 /home/validas1/ci4_core/system/CodeIgniter.php(932): App\Controllers\DataPpoj->Detail('2')
#7 /home/validas1/ci4_core/system/CodeIgniter.php(497): CodeIgniter\CodeIgniter->runController(Object(App\Controllers\DataPpoj))
#8 /home/validas1/ci4_core/system/CodeIgniter.php(366): CodeIgniter\CodeIgniter->handleRequest(NULL, Object(Config\Cache), false)
#9 /home/validas1/ereport.validasickr.my.id/index.php(79): CodeIgniter\CodeIgniter->run()
#10 {main}
CRITICAL - 2024-05-15 03:04:51 --> Unknown column 't3.rn' in 'on clause'
in SYSTEMPATH/Database/MySQLi/Connection.php on line 295.
 1 SYSTEMPATH/Database/MySQLi/Connection.php(295): mysqli->query('SELECT 		 
        DAP.KELAS,
        DAP.ID ID_PPOJ,
        t1.SUHU_MIN, 
        t1.SUHU_MAX, 
        t2.RH_MIN, 
        t2.RH_MAX,
        t3.HASIL_TPC CAPAR_TPC,
        t3.HASIL_KK CAPAR_KK,
        t4.HASIL_TPC MIKRO_TPC,
        t4.HASIL_KK MIKRO_KK
    FROM 
    data_awal_ppoj DAP 
    LEFT JOIN 
    ( select 
      ID_PPOJ, 
      ROW_NUMBER() over (partition by ID_PPOJ order by HASIL_TPC) as rn, 
      HASIL_TPC, 
      HASIL_KK 
    from mikro_volumetrik ) t4 ON DAP.id = t4.ID_PPOJ left join 
    (select 
      ID_PPOJ, 
      ROW_NUMBER() over (partition by ID_PPOJ order by SUHU_MIN) as rn, 
      SUHU_MIN, 
      SUHU_MAX 
    from 
      suhu ) t1 on DAP.id = t1.ID_PPOJ   and t1.rn = t2.rn LEFT join 
     ( select 
      ID_PPOJ, 
      ROW_NUMBER() over (partition by ID_PPOJ order by RH_MIN) as rn, 
      RH_MIN, 
      RH_MAX 
    from rh ) t2 ON DAP.id = t2.id_ppoj AND t2.rn = t3.rn left JOIN
    ( select 
      ID_PPOJ, 
      ROW_NUMBER() over (partition by ID_PPOJ order by HASIL_TPC) as rn, 
      HASIL_TPC, 
      HASIL_KK 
    from mikro_capar ) t3 ON DAP.id = t3.id_ppoj AND t3.rn = t4.rn
      
      WHERE 
        DAP.id =2;
      ', 0)
 2 SYSTEMPATH/Database/BaseConnection.php(692): CodeIgniter\Database\MySQLi\Connection->execute('SELECT 		 
        DAP.KELAS,
        DAP.ID ID_PPOJ,
        t1.SUHU_MIN, 
        t1.SUHU_MAX, 
        t2.RH_MIN, 
        t2.RH_MAX,
        t3.HASIL_TPC CAPAR_TPC,
        t3.HASIL_KK CAPAR_KK,
        t4.HASIL_TPC MIKRO_TPC,
        t4.HASIL_KK MIKRO_KK
    FROM 
    data_awal_ppoj DAP 
    LEFT JOIN 
    ( select 
      ID_PPOJ, 
      ROW_NUMBER() over (partition by ID_PPOJ order by HASIL_TPC) as rn, 
      HASIL_TPC, 
      HASIL_KK 
    from mikro_volumetrik ) t4 ON DAP.id = t4.ID_PPOJ left join 
    (select 
      ID_PPOJ, 
      ROW_NUMBER() over (partition by ID_PPOJ order by SUHU_MIN) as rn, 
      SUHU_MIN, 
      SUHU_MAX 
    from 
      suhu ) t1 on DAP.id = t1.ID_PPOJ   and t1.rn = t2.rn LEFT join 
     ( select 
      ID_PPOJ, 
      ROW_NUMBER() over (partition by ID_PPOJ order by RH_MIN) as rn, 
      RH_MIN, 
      RH_MAX 
    from rh ) t2 ON DAP.id = t2.id_ppoj AND t2.rn = t3.rn left JOIN
    ( select 
      ID_PPOJ, 
      ROW_NUMBER() over (partition by ID_PPOJ order by HASIL_TPC) as rn, 
      HASIL_TPC, 
      HASIL_KK 
    from mikro_capar ) t3 ON DAP.id = t3.id_ppoj AND t3.rn = t4.rn
      
      WHERE 
        DAP.id =2;
      ')
 3 SYSTEMPATH/Database/BaseConnection.php(606): CodeIgniter\Database\BaseConnection->simpleQuery('SELECT 		 
        DAP.KELAS,
        DAP.ID ID_PPOJ,
        t1.SUHU_MIN, 
        t1.SUHU_MAX, 
        t2.RH_MIN, 
        t2.RH_MAX,
        t3.HASIL_TPC CAPAR_TPC,
        t3.HASIL_KK CAPAR_KK,
        t4.HASIL_TPC MIKRO_TPC,
        t4.HASIL_KK MIKRO_KK
    FROM 
    data_awal_ppoj DAP 
    LEFT JOIN 
    ( select 
      ID_PPOJ, 
      ROW_NUMBER() over (partition by ID_PPOJ order by HASIL_TPC) as rn, 
      HASIL_TPC, 
      HASIL_KK 
    from mikro_volumetrik ) t4 ON DAP.id = t4.ID_PPOJ left join 
    (select 
      ID_PPOJ, 
      ROW_NUMBER() over (partition by ID_PPOJ order by SUHU_MIN) as rn, 
      SUHU_MIN, 
      SUHU_MAX 
    from 
      suhu ) t1 on DAP.id = t1.ID_PPOJ   and t1.rn = t2.rn LEFT join 
     ( select 
      ID_PPOJ, 
      ROW_NUMBER() over (partition by ID_PPOJ order by RH_MIN) as rn, 
      RH_MIN, 
      RH_MAX 
    from rh ) t2 ON DAP.id = t2.id_ppoj AND t2.rn = t3.rn left JOIN
    ( select 
      ID_PPOJ, 
      ROW_NUMBER() over (partition by ID_PPOJ order by HASIL_TPC) as rn, 
      HASIL_TPC, 
      HASIL_KK 
    from mikro_capar ) t3 ON DAP.id = t3.id_ppoj AND t3.rn = t4.rn
      
      WHERE 
        DAP.id =2;
      ')
 4 APPPATH/Models/PpojModel.php(373): CodeIgniter\Database\BaseConnection->query('SELECT 		 
        DAP.KELAS,
        DAP.ID ID_PPOJ,
        t1.SUHU_MIN, 
        t1.SUHU_MAX, 
        t2.RH_MIN, 
        t2.RH_MAX,
        t3.HASIL_TPC CAPAR_TPC,
        t3.HASIL_KK CAPAR_KK,
        t4.HASIL_TPC MIKRO_TPC,
        t4.HASIL_KK MIKRO_KK
    FROM 
    data_awal_ppoj DAP 
    LEFT JOIN 
    ( select 
      ID_PPOJ, 
      ROW_NUMBER() over (partition by ID_PPOJ order by HASIL_TPC) as rn, 
      HASIL_TPC, 
      HASIL_KK 
    from mikro_volumetrik ) t4 ON DAP.id = t4.ID_PPOJ left join 
    (select 
      ID_PPOJ, 
      ROW_NUMBER() over (partition by ID_PPOJ order by SUHU_MIN) as rn, 
      SUHU_MIN, 
      SUHU_MAX 
    from 
      suhu ) t1 on DAP.id = t1.ID_PPOJ   and t1.rn = t2.rn LEFT join 
     ( select 
      ID_PPOJ, 
      ROW_NUMBER() over (partition by ID_PPOJ order by RH_MIN) as rn, 
      RH_MIN, 
      RH_MAX 
    from rh ) t2 ON DAP.id = t2.id_ppoj AND t2.rn = t3.rn left JOIN
    ( select 
      ID_PPOJ, 
      ROW_NUMBER() over (partition by ID_PPOJ order by HASIL_TPC) as rn, 
      HASIL_TPC, 
      HASIL_KK 
    from mikro_capar ) t3 ON DAP.id = t3.id_ppoj AND t3.rn = t4.rn
      
      WHERE 
        DAP.id =2;
      ')
 5 APPPATH/Models/PpojModel.php(344): App\Models\PpojModel->DataSuhuRH('( select 
      ID_PPOJ, 
      ROW_NUMBER() over (partition by ID_PPOJ order by HASIL_TPC) as rn, 
      HASIL_TPC, 
      HASIL_KK 
    from mikro_volumetrik )', '(select 
      ID_PPOJ, 
      ROW_NUMBER() over (partition by ID_PPOJ order by SUHU_MIN) as rn, 
      SUHU_MIN, 
      SUHU_MAX 
    from 
      suhu )', ' ( select 
      ID_PPOJ, 
      ROW_NUMBER() over (partition by ID_PPOJ order by RH_MIN) as rn, 
      RH_MIN, 
      RH_MAX 
    from rh )', '( select 
      ID_PPOJ, 
      ROW_NUMBER() over (partition by ID_PPOJ order by HASIL_TPC) as rn, 
      HASIL_TPC, 
      HASIL_KK 
    from mikro_capar )', '2', 't4', 't1', 't2', 't3')
 6 APPPATH/Controllers/DataPpoj.php(109): App\Models\PpojModel->DataPDF(1, 1, 1, 2, '2')
 7 SYSTEMPATH/CodeIgniter.php(932): App\Controllers\DataPpoj->Detail('2')
 8 SYSTEMPATH/CodeIgniter.php(497): CodeIgniter\CodeIgniter->runController(Object(App\Controllers\DataPpoj))
 9 SYSTEMPATH/CodeIgniter.php(366): CodeIgniter\CodeIgniter->handleRequest(null, Object(Config\Cache), false)
10 FCPATH/index.php(79): CodeIgniter\CodeIgniter->run()
INFO - 2024-05-15 03:07:06 --> Session: Class initialized using 'CodeIgniter\Session\Handlers\FileHandler' driver.
INFO - 2024-05-15 03:07:10 --> Session: Class initialized using 'CodeIgniter\Session\Handlers\FileHandler' driver.
INFO - 2024-05-15 03:07:12 --> Session: Class initialized using 'CodeIgniter\Session\Handlers\FileHandler' driver.
INFO - 2024-05-15 03:07:15 --> Session: Class initialized using 'CodeIgniter\Session\Handlers\FileHandler' driver.
ERROR - 2024-05-15 03:07:15 --> mysqli_sql_exception: Unknown column 't3.rn' in 'on clause' in /home/validas1/ci4_core/system/Database/MySQLi/Connection.php:295
Stack trace:
#0 /home/validas1/ci4_core/system/Database/MySQLi/Connection.php(295): mysqli->query('SELECT \t\t \r\n   ...', 0)
#1 /home/validas1/ci4_core/system/Database/BaseConnection.php(692): CodeIgniter\Database\MySQLi\Connection->execute('SELECT \t\t \r\n   ...')
#2 /home/validas1/ci4_core/system/Database/BaseConnection.php(606): CodeIgniter\Database\BaseConnection->simpleQuery('SELECT \t\t \r\n   ...')
#3 /home/validas1/ci4_core/app/Models/PpojModel.php(373): CodeIgniter\Database\BaseConnection->query('SELECT \t\t \r\n   ...')
#4 /home/validas1/ci4_core/app/Models/PpojModel.php(344): App\Models\PpojModel->DataSuhuRH('( select \r\n    ...', '(select \r\n     ...', ' ( select \r\n   ...', '( select \r\n    ...', '2', 't4', 't1', 't2', 't3')
#5 /home/validas1/ci4_core/app/Controllers/DataPpoj.php(109): App\Models\PpojModel->DataPDF(1, 1, 1, 2, '2')
#6 /home/validas1/ci4_core/system/CodeIgniter.php(932): App\Controllers\DataPpoj->Detail('2')
#7 /home/validas1/ci4_core/system/CodeIgniter.php(497): CodeIgniter\CodeIgniter->runController(Object(App\Controllers\DataPpoj))
#8 /home/validas1/ci4_core/system/CodeIgniter.php(366): CodeIgniter\CodeIgniter->handleRequest(NULL, Object(Config\Cache), false)
#9 /home/validas1/ereport.validasickr.my.id/index.php(79): CodeIgniter\CodeIgniter->run()
#10 {main}
CRITICAL - 2024-05-15 03:07:15 --> Unknown column 't3.rn' in 'on clause'
in SYSTEMPATH/Database/MySQLi/Connection.php on line 295.
 1 SYSTEMPATH/Database/MySQLi/Connection.php(295): mysqli->query('SELECT 		 
        DAP.KELAS,
        DAP.ID ID_PPOJ,
        t1.SUHU_MIN, 
        t1.SUHU_MAX, 
        t2.RH_MIN, 
        t2.RH_MAX,
        t3.HASIL_TPC CAPAR_TPC,
        t3.HASIL_KK CAPAR_KK,
        t4.HASIL_TPC MIKRO_TPC,
        t4.HASIL_KK MIKRO_KK
    FROM 
    data_awal_ppoj DAP 
    LEFT JOIN 
    ( select 
      ID_PPOJ, 
      ROW_NUMBER() over (partition by ID_PPOJ order by HASIL_TPC) as rn, 
      HASIL_TPC, 
      HASIL_KK 
    from mikro_volumetrik ) t4 ON DAP.id = t4.ID_PPOJ left join 
    (select 
      ID_PPOJ, 
      ROW_NUMBER() over (partition by ID_PPOJ order by SUHU_MIN) as rn, 
      SUHU_MIN, 
      SUHU_MAX 
    from 
      suhu ) t1 on DAP.id = t1.ID_PPOJ   and t1.rn = t2.rn LEFT join 
     ( select 
      ID_PPOJ, 
      ROW_NUMBER() over (partition by ID_PPOJ order by RH_MIN) as rn, 
      RH_MIN, 
      RH_MAX 
    from rh ) t2 ON DAP.id = t2.id_ppoj AND t2.rn = t3.rn left JOIN
    ( select 
      ID_PPOJ, 
      ROW_NUMBER() over (partition by ID_PPOJ order by HASIL_TPC) as rn, 
      HASIL_TPC, 
      HASIL_KK 
    from mikro_capar ) t3 ON DAP.id = t3.id_ppoj AND t3.rn = t4.rn
      
      WHERE 
        DAP.id =2;
      ', 0)
 2 SYSTEMPATH/Database/BaseConnection.php(692): CodeIgniter\Database\MySQLi\Connection->execute('SELECT 		 
        DAP.KELAS,
        DAP.ID ID_PPOJ,
        t1.SUHU_MIN, 
        t1.SUHU_MAX, 
        t2.RH_MIN, 
        t2.RH_MAX,
        t3.HASIL_TPC CAPAR_TPC,
        t3.HASIL_KK CAPAR_KK,
        t4.HASIL_TPC MIKRO_TPC,
        t4.HASIL_KK MIKRO_KK
    FROM 
    data_awal_ppoj DAP 
    LEFT JOIN 
    ( select 
      ID_PPOJ, 
      ROW_NUMBER() over (partition by ID_PPOJ order by HASIL_TPC) as rn, 
      HASIL_TPC, 
      HASIL_KK 
    from mikro_volumetrik ) t4 ON DAP.id = t4.ID_PPOJ left join 
    (select 
      ID_PPOJ, 
      ROW_NUMBER() over (partition by ID_PPOJ order by SUHU_MIN) as rn, 
      SUHU_MIN, 
      SUHU_MAX 
    from 
      suhu ) t1 on DAP.id = t1.ID_PPOJ   and t1.rn = t2.rn LEFT join 
     ( select 
      ID_PPOJ, 
      ROW_NUMBER() over (partition by ID_PPOJ order by RH_MIN) as rn, 
      RH_MIN, 
      RH_MAX 
    from rh ) t2 ON DAP.id = t2.id_ppoj AND t2.rn = t3.rn left JOIN
    ( select 
      ID_PPOJ, 
      ROW_NUMBER() over (partition by ID_PPOJ order by HASIL_TPC) as rn, 
      HASIL_TPC, 
      HASIL_KK 
    from mikro_capar ) t3 ON DAP.id = t3.id_ppoj AND t3.rn = t4.rn
      
      WHERE 
        DAP.id =2;
      ')
 3 SYSTEMPATH/Database/BaseConnection.php(606): CodeIgniter\Database\BaseConnection->simpleQuery('SELECT 		 
        DAP.KELAS,
        DAP.ID ID_PPOJ,
        t1.SUHU_MIN, 
        t1.SUHU_MAX, 
        t2.RH_MIN, 
        t2.RH_MAX,
        t3.HASIL_TPC CAPAR_TPC,
        t3.HASIL_KK CAPAR_KK,
        t4.HASIL_TPC MIKRO_TPC,
        t4.HASIL_KK MIKRO_KK
    FROM 
    data_awal_ppoj DAP 
    LEFT JOIN 
    ( select 
      ID_PPOJ, 
      ROW_NUMBER() over (partition by ID_PPOJ order by HASIL_TPC) as rn, 
      HASIL_TPC, 
      HASIL_KK 
    from mikro_volumetrik ) t4 ON DAP.id = t4.ID_PPOJ left join 
    (select 
      ID_PPOJ, 
      ROW_NUMBER() over (partition by ID_PPOJ order by SUHU_MIN) as rn, 
      SUHU_MIN, 
      SUHU_MAX 
    from 
      suhu ) t1 on DAP.id = t1.ID_PPOJ   and t1.rn = t2.rn LEFT join 
     ( select 
      ID_PPOJ, 
      ROW_NUMBER() over (partition by ID_PPOJ order by RH_MIN) as rn, 
      RH_MIN, 
      RH_MAX 
    from rh ) t2 ON DAP.id = t2.id_ppoj AND t2.rn = t3.rn left JOIN
    ( select 
      ID_PPOJ, 
      ROW_NUMBER() over (partition by ID_PPOJ order by HASIL_TPC) as rn, 
      HASIL_TPC, 
      HASIL_KK 
    from mikro_capar ) t3 ON DAP.id = t3.id_ppoj AND t3.rn = t4.rn
      
      WHERE 
        DAP.id =2;
      ')
 4 APPPATH/Models/PpojModel.php(373): CodeIgniter\Database\BaseConnection->query('SELECT 		 
        DAP.KELAS,
        DAP.ID ID_PPOJ,
        t1.SUHU_MIN, 
        t1.SUHU_MAX, 
        t2.RH_MIN, 
        t2.RH_MAX,
        t3.HASIL_TPC CAPAR_TPC,
        t3.HASIL_KK CAPAR_KK,
        t4.HASIL_TPC MIKRO_TPC,
        t4.HASIL_KK MIKRO_KK
    FROM 
    data_awal_ppoj DAP 
    LEFT JOIN 
    ( select 
      ID_PPOJ, 
      ROW_NUMBER() over (partition by ID_PPOJ order by HASIL_TPC) as rn, 
      HASIL_TPC, 
      HASIL_KK 
    from mikro_volumetrik ) t4 ON DAP.id = t4.ID_PPOJ left join 
    (select 
      ID_PPOJ, 
      ROW_NUMBER() over (partition by ID_PPOJ order by SUHU_MIN) as rn, 
      SUHU_MIN, 
      SUHU_MAX 
    from 
      suhu ) t1 on DAP.id = t1.ID_PPOJ   and t1.rn = t2.rn LEFT join 
     ( select 
      ID_PPOJ, 
      ROW_NUMBER() over (partition by ID_PPOJ order by RH_MIN) as rn, 
      RH_MIN, 
      RH_MAX 
    from rh ) t2 ON DAP.id = t2.id_ppoj AND t2.rn = t3.rn left JOIN
    ( select 
      ID_PPOJ, 
      ROW_NUMBER() over (partition by ID_PPOJ order by HASIL_TPC) as rn, 
      HASIL_TPC, 
      HASIL_KK 
    from mikro_capar ) t3 ON DAP.id = t3.id_ppoj AND t3.rn = t4.rn
      
      WHERE 
        DAP.id =2;
      ')
 5 APPPATH/Models/PpojModel.php(344): App\Models\PpojModel->DataSuhuRH('( select 
      ID_PPOJ, 
      ROW_NUMBER() over (partition by ID_PPOJ order by HASIL_TPC) as rn, 
      HASIL_TPC, 
      HASIL_KK 
    from mikro_volumetrik )', '(select 
      ID_PPOJ, 
      ROW_NUMBER() over (partition by ID_PPOJ order by SUHU_MIN) as rn, 
      SUHU_MIN, 
      SUHU_MAX 
    from 
      suhu )', ' ( select 
      ID_PPOJ, 
      ROW_NUMBER() over (partition by ID_PPOJ order by RH_MIN) as rn, 
      RH_MIN, 
      RH_MAX 
    from rh )', '( select 
      ID_PPOJ, 
      ROW_NUMBER() over (partition by ID_PPOJ order by HASIL_TPC) as rn, 
      HASIL_TPC, 
      HASIL_KK 
    from mikro_capar )', '2', 't4', 't1', 't2', 't3')
 6 APPPATH/Controllers/DataPpoj.php(109): App\Models\PpojModel->DataPDF(1, 1, 1, 2, '2')
 7 SYSTEMPATH/CodeIgniter.php(932): App\Controllers\DataPpoj->Detail('2')
 8 SYSTEMPATH/CodeIgniter.php(497): CodeIgniter\CodeIgniter->runController(Object(App\Controllers\DataPpoj))
 9 SYSTEMPATH/CodeIgniter.php(366): CodeIgniter\CodeIgniter->handleRequest(null, Object(Config\Cache), false)
10 FCPATH/index.php(79): CodeIgniter\CodeIgniter->run()
INFO - 2024-05-15 03:10:52 --> Session: Class initialized using 'CodeIgniter\Session\Handlers\FileHandler' driver.
ERROR - 2024-05-15 03:10:52 --> mysqli_sql_exception: Unknown column 't3.rn' in 'on clause' in /home/validas1/ci4_core/system/Database/MySQLi/Connection.php:295
Stack trace:
#0 /home/validas1/ci4_core/system/Database/MySQLi/Connection.php(295): mysqli->query('SELECT \t\t \r\n   ...', 0)
#1 /home/validas1/ci4_core/system/Database/BaseConnection.php(692): CodeIgniter\Database\MySQLi\Connection->execute('SELECT \t\t \r\n   ...')
#2 /home/validas1/ci4_core/system/Database/BaseConnection.php(606): CodeIgniter\Database\BaseConnection->simpleQuery('SELECT \t\t \r\n   ...')
#3 /home/validas1/ci4_core/app/Models/PpojModel.php(373): CodeIgniter\Database\BaseConnection->query('SELECT \t\t \r\n   ...')
#4 /home/validas1/ci4_core/app/Models/PpojModel.php(344): App\Models\PpojModel->DataSuhuRH('( select \r\n    ...', '(select \r\n     ...', ' ( select \r\n   ...', '( select \r\n    ...', '2', 't4', 't1', 't2', 't3')
#5 /home/validas1/ci4_core/app/Controllers/DataPpoj.php(109): App\Models\PpojModel->DataPDF(1, 1, 1, 2, '2')
#6 /home/validas1/ci4_core/system/CodeIgniter.php(932): App\Controllers\DataPpoj->Detail('2')
#7 /home/validas1/ci4_core/system/CodeIgniter.php(497): CodeIgniter\CodeIgniter->runController(Object(App\Controllers\DataPpoj))
#8 /home/validas1/ci4_core/system/CodeIgniter.php(366): CodeIgniter\CodeIgniter->handleRequest(NULL, Object(Config\Cache), false)
#9 /home/validas1/ereport.validasickr.my.id/index.php(79): CodeIgniter\CodeIgniter->run()
#10 {main}
CRITICAL - 2024-05-15 03:10:52 --> Unknown column 't3.rn' in 'on clause'
in SYSTEMPATH/Database/MySQLi/Connection.php on line 295.
 1 SYSTEMPATH/Database/MySQLi/Connection.php(295): mysqli->query('SELECT 		 
        DAP.KELAS,
        DAP.ID ID_PPOJ,
        t1.SUHU_MIN, 
        t1.SUHU_MAX, 
        t2.RH_MIN, 
        t2.RH_MAX,
        t3.HASIL_TPC CAPAR_TPC,
        t3.HASIL_KK CAPAR_KK,
        t4.HASIL_TPC MIKRO_TPC,
        t4.HASIL_KK MIKRO_KK
    FROM 
    data_awal_ppoj DAP 
    LEFT JOIN 
    ( select 
      ID_PPOJ, 
      ROW_NUMBER() over (partition by ID_PPOJ order by HASIL_TPC) as rn, 
      HASIL_TPC, 
      HASIL_KK 
    from mikro_volumetrik ) t4 ON DAP.id = t4.ID_PPOJ left join 
    (select 
      ID_PPOJ, 
      ROW_NUMBER() over (partition by ID_PPOJ order by SUHU_MIN) as rn, 
      SUHU_MIN, 
      SUHU_MAX 
    from 
      suhu ) t1 on DAP.id = t1.ID_PPOJ   and t1.rn = t2.rn LEFT join 
     ( select 
      ID_PPOJ, 
      ROW_NUMBER() over (partition by ID_PPOJ order by RH_MIN) as rn, 
      RH_MIN, 
      RH_MAX 
    from rh ) t2 ON DAP.id = t2.id_ppoj AND t2.rn = t3.rn left JOIN
    ( select 
      ID_PPOJ, 
      ROW_NUMBER() over (partition by ID_PPOJ order by HASIL_TPC) as rn, 
      HASIL_TPC, 
      HASIL_KK 
    from mikro_capar ) t3 ON DAP.id = t3.id_ppoj AND t3.rn = t4.rn
      
      WHERE 
        DAP.id =2;
      ', 0)
 2 SYSTEMPATH/Database/BaseConnection.php(692): CodeIgniter\Database\MySQLi\Connection->execute('SELECT 		 
        DAP.KELAS,
        DAP.ID ID_PPOJ,
        t1.SUHU_MIN, 
        t1.SUHU_MAX, 
        t2.RH_MIN, 
        t2.RH_MAX,
        t3.HASIL_TPC CAPAR_TPC,
        t3.HASIL_KK CAPAR_KK,
        t4.HASIL_TPC MIKRO_TPC,
        t4.HASIL_KK MIKRO_KK
    FROM 
    data_awal_ppoj DAP 
    LEFT JOIN 
    ( select 
      ID_PPOJ, 
      ROW_NUMBER() over (partition by ID_PPOJ order by HASIL_TPC) as rn, 
      HASIL_TPC, 
      HASIL_KK 
    from mikro_volumetrik ) t4 ON DAP.id = t4.ID_PPOJ left join 
    (select 
      ID_PPOJ, 
      ROW_NUMBER() over (partition by ID_PPOJ order by SUHU_MIN) as rn, 
      SUHU_MIN, 
      SUHU_MAX 
    from 
      suhu ) t1 on DAP.id = t1.ID_PPOJ   and t1.rn = t2.rn LEFT join 
     ( select 
      ID_PPOJ, 
      ROW_NUMBER() over (partition by ID_PPOJ order by RH_MIN) as rn, 
      RH_MIN, 
      RH_MAX 
    from rh ) t2 ON DAP.id = t2.id_ppoj AND t2.rn = t3.rn left JOIN
    ( select 
      ID_PPOJ, 
      ROW_NUMBER() over (partition by ID_PPOJ order by HASIL_TPC) as rn, 
      HASIL_TPC, 
      HASIL_KK 
    from mikro_capar ) t3 ON DAP.id = t3.id_ppoj AND t3.rn = t4.rn
      
      WHERE 
        DAP.id =2;
      ')
 3 SYSTEMPATH/Database/BaseConnection.php(606): CodeIgniter\Database\BaseConnection->simpleQuery('SELECT 		 
        DAP.KELAS,
        DAP.ID ID_PPOJ,
        t1.SUHU_MIN, 
        t1.SUHU_MAX, 
        t2.RH_MIN, 
        t2.RH_MAX,
        t3.HASIL_TPC CAPAR_TPC,
        t3.HASIL_KK CAPAR_KK,
        t4.HASIL_TPC MIKRO_TPC,
        t4.HASIL_KK MIKRO_KK
    FROM 
    data_awal_ppoj DAP 
    LEFT JOIN 
    ( select 
      ID_PPOJ, 
      ROW_NUMBER() over (partition by ID_PPOJ order by HASIL_TPC) as rn, 
      HASIL_TPC, 
      HASIL_KK 
    from mikro_volumetrik ) t4 ON DAP.id = t4.ID_PPOJ left join 
    (select 
      ID_PPOJ, 
      ROW_NUMBER() over (partition by ID_PPOJ order by SUHU_MIN) as rn, 
      SUHU_MIN, 
      SUHU_MAX 
    from 
      suhu ) t1 on DAP.id = t1.ID_PPOJ   and t1.rn = t2.rn LEFT join 
     ( select 
      ID_PPOJ, 
      ROW_NUMBER() over (partition by ID_PPOJ order by RH_MIN) as rn, 
      RH_MIN, 
      RH_MAX 
    from rh ) t2 ON DAP.id = t2.id_ppoj AND t2.rn = t3.rn left JOIN
    ( select 
      ID_PPOJ, 
      ROW_NUMBER() over (partition by ID_PPOJ order by HASIL_TPC) as rn, 
      HASIL_TPC, 
      HASIL_KK 
    from mikro_capar ) t3 ON DAP.id = t3.id_ppoj AND t3.rn = t4.rn
      
      WHERE 
        DAP.id =2;
      ')
 4 APPPATH/Models/PpojModel.php(373): CodeIgniter\Database\BaseConnection->query('SELECT 		 
        DAP.KELAS,
        DAP.ID ID_PPOJ,
        t1.SUHU_MIN, 
        t1.SUHU_MAX, 
        t2.RH_MIN, 
        t2.RH_MAX,
        t3.HASIL_TPC CAPAR_TPC,
        t3.HASIL_KK CAPAR_KK,
        t4.HASIL_TPC MIKRO_TPC,
        t4.HASIL_KK MIKRO_KK
    FROM 
    data_awal_ppoj DAP 
    LEFT JOIN 
    ( select 
      ID_PPOJ, 
      ROW_NUMBER() over (partition by ID_PPOJ order by HASIL_TPC) as rn, 
      HASIL_TPC, 
      HASIL_KK 
    from mikro_volumetrik ) t4 ON DAP.id = t4.ID_PPOJ left join 
    (select 
      ID_PPOJ, 
      ROW_NUMBER() over (partition by ID_PPOJ order by SUHU_MIN) as rn, 
      SUHU_MIN, 
      SUHU_MAX 
    from 
      suhu ) t1 on DAP.id = t1.ID_PPOJ   and t1.rn = t2.rn LEFT join 
     ( select 
      ID_PPOJ, 
      ROW_NUMBER() over (partition by ID_PPOJ order by RH_MIN) as rn, 
      RH_MIN, 
      RH_MAX 
    from rh ) t2 ON DAP.id = t2.id_ppoj AND t2.rn = t3.rn left JOIN
    ( select 
      ID_PPOJ, 
      ROW_NUMBER() over (partition by ID_PPOJ order by HASIL_TPC) as rn, 
      HASIL_TPC, 
      HASIL_KK 
    from mikro_capar ) t3 ON DAP.id = t3.id_ppoj AND t3.rn = t4.rn
      
      WHERE 
        DAP.id =2;
      ')
 5 APPPATH/Models/PpojModel.php(344): App\Models\PpojModel->DataSuhuRH('( select 
      ID_PPOJ, 
      ROW_NUMBER() over (partition by ID_PPOJ order by HASIL_TPC) as rn, 
      HASIL_TPC, 
      HASIL_KK 
    from mikro_volumetrik )', '(select 
      ID_PPOJ, 
      ROW_NUMBER() over (partition by ID_PPOJ order by SUHU_MIN) as rn, 
      SUHU_MIN, 
      SUHU_MAX 
    from 
      suhu )', ' ( select 
      ID_PPOJ, 
      ROW_NUMBER() over (partition by ID_PPOJ order by RH_MIN) as rn, 
      RH_MIN, 
      RH_MAX 
    from rh )', '( select 
      ID_PPOJ, 
      ROW_NUMBER() over (partition by ID_PPOJ order by HASIL_TPC) as rn, 
      HASIL_TPC, 
      HASIL_KK 
    from mikro_capar )', '2', 't4', 't1', 't2', 't3')
 6 APPPATH/Controllers/DataPpoj.php(109): App\Models\PpojModel->DataPDF(1, 1, 1, 2, '2')
 7 SYSTEMPATH/CodeIgniter.php(932): App\Controllers\DataPpoj->Detail('2')
 8 SYSTEMPATH/CodeIgniter.php(497): CodeIgniter\CodeIgniter->runController(Object(App\Controllers\DataPpoj))
 9 SYSTEMPATH/CodeIgniter.php(366): CodeIgniter\CodeIgniter->handleRequest(null, Object(Config\Cache), false)
10 FCPATH/index.php(79): CodeIgniter\CodeIgniter->run()
INFO - 2024-05-15 03:10:54 --> Session: Class initialized using 'CodeIgniter\Session\Handlers\FileHandler' driver.
INFO - 2024-05-15 03:10:55 --> Session: Class initialized using 'CodeIgniter\Session\Handlers\FileHandler' driver.
ERROR - 2024-05-15 03:10:55 --> mysqli_sql_exception: Unknown column 't3.rn' in 'on clause' in /home/validas1/ci4_core/system/Database/MySQLi/Connection.php:295
Stack trace:
#0 /home/validas1/ci4_core/system/Database/MySQLi/Connection.php(295): mysqli->query('SELECT \t\t \r\n   ...', 0)
#1 /home/validas1/ci4_core/system/Database/BaseConnection.php(692): CodeIgniter\Database\MySQLi\Connection->execute('SELECT \t\t \r\n   ...')
#2 /home/validas1/ci4_core/system/Database/BaseConnection.php(606): CodeIgniter\Database\BaseConnection->simpleQuery('SELECT \t\t \r\n   ...')
#3 /home/validas1/ci4_core/app/Models/PpojModel.php(373): CodeIgniter\Database\BaseConnection->query('SELECT \t\t \r\n   ...')
#4 /home/validas1/ci4_core/app/Models/PpojModel.php(344): App\Models\PpojModel->DataSuhuRH('( select \r\n    ...', '(select \r\n     ...', ' ( select \r\n   ...', '( select \r\n    ...', '2', 't4', 't1', 't2', 't3')
#5 /home/validas1/ci4_core/app/Controllers/DataPpoj.php(109): App\Models\PpojModel->DataPDF(1, 1, 1, 2, '2')
#6 /home/validas1/ci4_core/system/CodeIgniter.php(932): App\Controllers\DataPpoj->Detail('2')
#7 /home/validas1/ci4_core/system/CodeIgniter.php(497): CodeIgniter\CodeIgniter->runController(Object(App\Controllers\DataPpoj))
#8 /home/validas1/ci4_core/system/CodeIgniter.php(366): CodeIgniter\CodeIgniter->handleRequest(NULL, Object(Config\Cache), false)
#9 /home/validas1/ereport.validasickr.my.id/index.php(79): CodeIgniter\CodeIgniter->run()
#10 {main}
CRITICAL - 2024-05-15 03:10:55 --> Unknown column 't3.rn' in 'on clause'
in SYSTEMPATH/Database/MySQLi/Connection.php on line 295.
 1 SYSTEMPATH/Database/MySQLi/Connection.php(295): mysqli->query('SELECT 		 
        DAP.KELAS,
        DAP.ID ID_PPOJ,
        t1.SUHU_MIN, 
        t1.SUHU_MAX, 
        t2.RH_MIN, 
        t2.RH_MAX,
        t3.HASIL_TPC CAPAR_TPC,
        t3.HASIL_KK CAPAR_KK,
        t4.HASIL_TPC MIKRO_TPC,
        t4.HASIL_KK MIKRO_KK
    FROM 
    data_awal_ppoj DAP 
    LEFT JOIN 
    ( select 
      ID_PPOJ, 
      ROW_NUMBER() over (partition by ID_PPOJ order by HASIL_TPC) as rn, 
      HASIL_TPC, 
      HASIL_KK 
    from mikro_volumetrik ) t4 ON DAP.id = t4.ID_PPOJ left join 
    (select 
      ID_PPOJ, 
      ROW_NUMBER() over (partition by ID_PPOJ order by SUHU_MIN) as rn, 
      SUHU_MIN, 
      SUHU_MAX 
    from 
      suhu ) t1 on DAP.id = t1.ID_PPOJ   and t1.rn = t2.rn LEFT join 
     ( select 
      ID_PPOJ, 
      ROW_NUMBER() over (partition by ID_PPOJ order by RH_MIN) as rn, 
      RH_MIN, 
      RH_MAX 
    from rh ) t2 ON DAP.id = t2.id_ppoj AND t2.rn = t3.rn left JOIN
    ( select 
      ID_PPOJ, 
      ROW_NUMBER() over (partition by ID_PPOJ order by HASIL_TPC) as rn, 
      HASIL_TPC, 
      HASIL_KK 
    from mikro_capar ) t3 ON DAP.id = t3.id_ppoj AND t3.rn = t4.rn
      
      WHERE 
        DAP.id =2;
      ', 0)
 2 SYSTEMPATH/Database/BaseConnection.php(692): CodeIgniter\Database\MySQLi\Connection->execute('SELECT 		 
        DAP.KELAS,
        DAP.ID ID_PPOJ,
        t1.SUHU_MIN, 
        t1.SUHU_MAX, 
        t2.RH_MIN, 
        t2.RH_MAX,
        t3.HASIL_TPC CAPAR_TPC,
        t3.HASIL_KK CAPAR_KK,
        t4.HASIL_TPC MIKRO_TPC,
        t4.HASIL_KK MIKRO_KK
    FROM 
    data_awal_ppoj DAP 
    LEFT JOIN 
    ( select 
      ID_PPOJ, 
      ROW_NUMBER() over (partition by ID_PPOJ order by HASIL_TPC) as rn, 
      HASIL_TPC, 
      HASIL_KK 
    from mikro_volumetrik ) t4 ON DAP.id = t4.ID_PPOJ left join 
    (select 
      ID_PPOJ, 
      ROW_NUMBER() over (partition by ID_PPOJ order by SUHU_MIN) as rn, 
      SUHU_MIN, 
      SUHU_MAX 
    from 
      suhu ) t1 on DAP.id = t1.ID_PPOJ   and t1.rn = t2.rn LEFT join 
     ( select 
      ID_PPOJ, 
      ROW_NUMBER() over (partition by ID_PPOJ order by RH_MIN) as rn, 
      RH_MIN, 
      RH_MAX 
    from rh ) t2 ON DAP.id = t2.id_ppoj AND t2.rn = t3.rn left JOIN
    ( select 
      ID_PPOJ, 
      ROW_NUMBER() over (partition by ID_PPOJ order by HASIL_TPC) as rn, 
      HASIL_TPC, 
      HASIL_KK 
    from mikro_capar ) t3 ON DAP.id = t3.id_ppoj AND t3.rn = t4.rn
      
      WHERE 
        DAP.id =2;
      ')
 3 SYSTEMPATH/Database/BaseConnection.php(606): CodeIgniter\Database\BaseConnection->simpleQuery('SELECT 		 
        DAP.KELAS,
        DAP.ID ID_PPOJ,
        t1.SUHU_MIN, 
        t1.SUHU_MAX, 
        t2.RH_MIN, 
        t2.RH_MAX,
        t3.HASIL_TPC CAPAR_TPC,
        t3.HASIL_KK CAPAR_KK,
        t4.HASIL_TPC MIKRO_TPC,
        t4.HASIL_KK MIKRO_KK
    FROM 
    data_awal_ppoj DAP 
    LEFT JOIN 
    ( select 
      ID_PPOJ, 
      ROW_NUMBER() over (partition by ID_PPOJ order by HASIL_TPC) as rn, 
      HASIL_TPC, 
      HASIL_KK 
    from mikro_volumetrik ) t4 ON DAP.id = t4.ID_PPOJ left join 
    (select 
      ID_PPOJ, 
      ROW_NUMBER() over (partition by ID_PPOJ order by SUHU_MIN) as rn, 
      SUHU_MIN, 
      SUHU_MAX 
    from 
      suhu ) t1 on DAP.id = t1.ID_PPOJ   and t1.rn = t2.rn LEFT join 
     ( select 
      ID_PPOJ, 
      ROW_NUMBER() over (partition by ID_PPOJ order by RH_MIN) as rn, 
      RH_MIN, 
      RH_MAX 
    from rh ) t2 ON DAP.id = t2.id_ppoj AND t2.rn = t3.rn left JOIN
    ( select 
      ID_PPOJ, 
      ROW_NUMBER() over (partition by ID_PPOJ order by HASIL_TPC) as rn, 
      HASIL_TPC, 
      HASIL_KK 
    from mikro_capar ) t3 ON DAP.id = t3.id_ppoj AND t3.rn = t4.rn
      
      WHERE 
        DAP.id =2;
      ')
 4 APPPATH/Models/PpojModel.php(373): CodeIgniter\Database\BaseConnection->query('SELECT 		 
        DAP.KELAS,
        DAP.ID ID_PPOJ,
        t1.SUHU_MIN, 
        t1.SUHU_MAX, 
        t2.RH_MIN, 
        t2.RH_MAX,
        t3.HASIL_TPC CAPAR_TPC,
        t3.HASIL_KK CAPAR_KK,
        t4.HASIL_TPC MIKRO_TPC,
        t4.HASIL_KK MIKRO_KK
    FROM 
    data_awal_ppoj DAP 
    LEFT JOIN 
    ( select 
      ID_PPOJ, 
      ROW_NUMBER() over (partition by ID_PPOJ order by HASIL_TPC) as rn, 
      HASIL_TPC, 
      HASIL_KK 
    from mikro_volumetrik ) t4 ON DAP.id = t4.ID_PPOJ left join 
    (select 
      ID_PPOJ, 
      ROW_NUMBER() over (partition by ID_PPOJ order by SUHU_MIN) as rn, 
      SUHU_MIN, 
      SUHU_MAX 
    from 
      suhu ) t1 on DAP.id = t1.ID_PPOJ   and t1.rn = t2.rn LEFT join 
     ( select 
      ID_PPOJ, 
      ROW_NUMBER() over (partition by ID_PPOJ order by RH_MIN) as rn, 
      RH_MIN, 
      RH_MAX 
    from rh ) t2 ON DAP.id = t2.id_ppoj AND t2.rn = t3.rn left JOIN
    ( select 
      ID_PPOJ, 
      ROW_NUMBER() over (partition by ID_PPOJ order by HASIL_TPC) as rn, 
      HASIL_TPC, 
      HASIL_KK 
    from mikro_capar ) t3 ON DAP.id = t3.id_ppoj AND t3.rn = t4.rn
      
      WHERE 
        DAP.id =2;
      ')
 5 APPPATH/Models/PpojModel.php(344): App\Models\PpojModel->DataSuhuRH('( select 
      ID_PPOJ, 
      ROW_NUMBER() over (partition by ID_PPOJ order by HASIL_TPC) as rn, 
      HASIL_TPC, 
      HASIL_KK 
    from mikro_volumetrik )', '(select 
      ID_PPOJ, 
      ROW_NUMBER() over (partition by ID_PPOJ order by SUHU_MIN) as rn, 
      SUHU_MIN, 
      SUHU_MAX 
    from 
      suhu )', ' ( select 
      ID_PPOJ, 
      ROW_NUMBER() over (partition by ID_PPOJ order by RH_MIN) as rn, 
      RH_MIN, 
      RH_MAX 
    from rh )', '( select 
      ID_PPOJ, 
      ROW_NUMBER() over (partition by ID_PPOJ order by HASIL_TPC) as rn, 
      HASIL_TPC, 
      HASIL_KK 
    from mikro_capar )', '2', 't4', 't1', 't2', 't3')
 6 APPPATH/Controllers/DataPpoj.php(109): App\Models\PpojModel->DataPDF(1, 1, 1, 2, '2')
 7 SYSTEMPATH/CodeIgniter.php(932): App\Controllers\DataPpoj->Detail('2')
 8 SYSTEMPATH/CodeIgniter.php(497): CodeIgniter\CodeIgniter->runController(Object(App\Controllers\DataPpoj))
 9 SYSTEMPATH/CodeIgniter.php(366): CodeIgniter\CodeIgniter->handleRequest(null, Object(Config\Cache), false)
10 FCPATH/index.php(79): CodeIgniter\CodeIgniter->run()
INFO - 2024-05-15 03:12:01 --> Session: Class initialized using 'CodeIgniter\Session\Handlers\FileHandler' driver.
ERROR - 2024-05-15 03:12:01 --> mysqli_sql_exception: Unknown column 't3.rn' in 'on clause' in /home/validas1/ci4_core/system/Database/MySQLi/Connection.php:295
Stack trace:
#0 /home/validas1/ci4_core/system/Database/MySQLi/Connection.php(295): mysqli->query('SELECT \t\t \r\n   ...', 0)
#1 /home/validas1/ci4_core/system/Database/BaseConnection.php(692): CodeIgniter\Database\MySQLi\Connection->execute('SELECT \t\t \r\n   ...')
#2 /home/validas1/ci4_core/system/Database/BaseConnection.php(606): CodeIgniter\Database\BaseConnection->simpleQuery('SELECT \t\t \r\n   ...')
#3 /home/validas1/ci4_core/app/Models/PpojModel.php(373): CodeIgniter\Database\BaseConnection->query('SELECT \t\t \r\n   ...')
#4 /home/validas1/ci4_core/app/Models/PpojModel.php(344): App\Models\PpojModel->DataSuhuRH('( select \r\n    ...', '(select \r\n     ...', ' ( select \r\n   ...', '( select \r\n    ...', '2', 't4', 't1', 't2', 't3')
#5 /home/validas1/ci4_core/app/Controllers/DataPpoj.php(110): App\Models\PpojModel->DataPDF(1, 1, 1, 2, '2')
#6 /home/validas1/ci4_core/system/CodeIgniter.php(932): App\Controllers\DataPpoj->Detail('2')
#7 /home/validas1/ci4_core/system/CodeIgniter.php(497): CodeIgniter\CodeIgniter->runController(Object(App\Controllers\DataPpoj))
#8 /home/validas1/ci4_core/system/CodeIgniter.php(366): CodeIgniter\CodeIgniter->handleRequest(NULL, Object(Config\Cache), false)
#9 /home/validas1/ereport.validasickr.my.id/index.php(79): CodeIgniter\CodeIgniter->run()
#10 {main}
CRITICAL - 2024-05-15 03:12:01 --> Unknown column 't3.rn' in 'on clause'
in SYSTEMPATH/Database/MySQLi/Connection.php on line 295.
 1 SYSTEMPATH/Database/MySQLi/Connection.php(295): mysqli->query('SELECT 		 
        DAP.KELAS,
        DAP.ID ID_PPOJ,
        t1.SUHU_MIN, 
        t1.SUHU_MAX, 
        t2.RH_MIN, 
        t2.RH_MAX,
        t3.HASIL_TPC CAPAR_TPC,
        t3.HASIL_KK CAPAR_KK,
        t4.HASIL_TPC MIKRO_TPC,
        t4.HASIL_KK MIKRO_KK
    FROM 
    data_awal_ppoj DAP 
    LEFT JOIN 
    ( select 
      ID_PPOJ, 
      ROW_NUMBER() over (partition by ID_PPOJ order by HASIL_TPC) as rn, 
      HASIL_TPC, 
      HASIL_KK 
    from mikro_volumetrik ) t4 ON DAP.id = t4.ID_PPOJ left join 
    (select 
      ID_PPOJ, 
      ROW_NUMBER() over (partition by ID_PPOJ order by SUHU_MIN) as rn, 
      SUHU_MIN, 
      SUHU_MAX 
    from 
      suhu ) t1 on DAP.id = t1.ID_PPOJ   and t1.rn = t2.rn LEFT join 
     ( select 
      ID_PPOJ, 
      ROW_NUMBER() over (partition by ID_PPOJ order by RH_MIN) as rn, 
      RH_MIN, 
      RH_MAX 
    from rh ) t2 ON DAP.id = t2.id_ppoj AND t2.rn = t3.rn left JOIN
    ( select 
      ID_PPOJ, 
      ROW_NUMBER() over (partition by ID_PPOJ order by HASIL_TPC) as rn, 
      HASIL_TPC, 
      HASIL_KK 
    from mikro_capar ) t3 ON DAP.id = t3.id_ppoj AND t3.rn = t4.rn
      
      WHERE 
        DAP.id =2;
      ', 0)
 2 SYSTEMPATH/Database/BaseConnection.php(692): CodeIgniter\Database\MySQLi\Connection->execute('SELECT 		 
        DAP.KELAS,
        DAP.ID ID_PPOJ,
        t1.SUHU_MIN, 
        t1.SUHU_MAX, 
        t2.RH_MIN, 
        t2.RH_MAX,
        t3.HASIL_TPC CAPAR_TPC,
        t3.HASIL_KK CAPAR_KK,
        t4.HASIL_TPC MIKRO_TPC,
        t4.HASIL_KK MIKRO_KK
    FROM 
    data_awal_ppoj DAP 
    LEFT JOIN 
    ( select 
      ID_PPOJ, 
      ROW_NUMBER() over (partition by ID_PPOJ order by HASIL_TPC) as rn, 
      HASIL_TPC, 
      HASIL_KK 
    from mikro_volumetrik ) t4 ON DAP.id = t4.ID_PPOJ left join 
    (select 
      ID_PPOJ, 
      ROW_NUMBER() over (partition by ID_PPOJ order by SUHU_MIN) as rn, 
      SUHU_MIN, 
      SUHU_MAX 
    from 
      suhu ) t1 on DAP.id = t1.ID_PPOJ   and t1.rn = t2.rn LEFT join 
     ( select 
      ID_PPOJ, 
      ROW_NUMBER() over (partition by ID_PPOJ order by RH_MIN) as rn, 
      RH_MIN, 
      RH_MAX 
    from rh ) t2 ON DAP.id = t2.id_ppoj AND t2.rn = t3.rn left JOIN
    ( select 
      ID_PPOJ, 
      ROW_NUMBER() over (partition by ID_PPOJ order by HASIL_TPC) as rn, 
      HASIL_TPC, 
      HASIL_KK 
    from mikro_capar ) t3 ON DAP.id = t3.id_ppoj AND t3.rn = t4.rn
      
      WHERE 
        DAP.id =2;
      ')
 3 SYSTEMPATH/Database/BaseConnection.php(606): CodeIgniter\Database\BaseConnection->simpleQuery('SELECT 		 
        DAP.KELAS,
        DAP.ID ID_PPOJ,
        t1.SUHU_MIN, 
        t1.SUHU_MAX, 
        t2.RH_MIN, 
        t2.RH_MAX,
        t3.HASIL_TPC CAPAR_TPC,
        t3.HASIL_KK CAPAR_KK,
        t4.HASIL_TPC MIKRO_TPC,
        t4.HASIL_KK MIKRO_KK
    FROM 
    data_awal_ppoj DAP 
    LEFT JOIN 
    ( select 
      ID_PPOJ, 
      ROW_NUMBER() over (partition by ID_PPOJ order by HASIL_TPC) as rn, 
      HASIL_TPC, 
      HASIL_KK 
    from mikro_volumetrik ) t4 ON DAP.id = t4.ID_PPOJ left join 
    (select 
      ID_PPOJ, 
      ROW_NUMBER() over (partition by ID_PPOJ order by SUHU_MIN) as rn, 
      SUHU_MIN, 
      SUHU_MAX 
    from 
      suhu ) t1 on DAP.id = t1.ID_PPOJ   and t1.rn = t2.rn LEFT join 
     ( select 
      ID_PPOJ, 
      ROW_NUMBER() over (partition by ID_PPOJ order by RH_MIN) as rn, 
      RH_MIN, 
      RH_MAX 
    from rh ) t2 ON DAP.id = t2.id_ppoj AND t2.rn = t3.rn left JOIN
    ( select 
      ID_PPOJ, 
      ROW_NUMBER() over (partition by ID_PPOJ order by HASIL_TPC) as rn, 
      HASIL_TPC, 
      HASIL_KK 
    from mikro_capar ) t3 ON DAP.id = t3.id_ppoj AND t3.rn = t4.rn
      
      WHERE 
        DAP.id =2;
      ')
 4 APPPATH/Models/PpojModel.php(373): CodeIgniter\Database\BaseConnection->query('SELECT 		 
        DAP.KELAS,
        DAP.ID ID_PPOJ,
        t1.SUHU_MIN, 
        t1.SUHU_MAX, 
        t2.RH_MIN, 
        t2.RH_MAX,
        t3.HASIL_TPC CAPAR_TPC,
        t3.HASIL_KK CAPAR_KK,
        t4.HASIL_TPC MIKRO_TPC,
        t4.HASIL_KK MIKRO_KK
    FROM 
    data_awal_ppoj DAP 
    LEFT JOIN 
    ( select 
      ID_PPOJ, 
      ROW_NUMBER() over (partition by ID_PPOJ order by HASIL_TPC) as rn, 
      HASIL_TPC, 
      HASIL_KK 
    from mikro_volumetrik ) t4 ON DAP.id = t4.ID_PPOJ left join 
    (select 
      ID_PPOJ, 
      ROW_NUMBER() over (partition by ID_PPOJ order by SUHU_MIN) as rn, 
      SUHU_MIN, 
      SUHU_MAX 
    from 
      suhu ) t1 on DAP.id = t1.ID_PPOJ   and t1.rn = t2.rn LEFT join 
     ( select 
      ID_PPOJ, 
      ROW_NUMBER() over (partition by ID_PPOJ order by RH_MIN) as rn, 
      RH_MIN, 
      RH_MAX 
    from rh ) t2 ON DAP.id = t2.id_ppoj AND t2.rn = t3.rn left JOIN
    ( select 
      ID_PPOJ, 
      ROW_NUMBER() over (partition by ID_PPOJ order by HASIL_TPC) as rn, 
      HASIL_TPC, 
      HASIL_KK 
    from mikro_capar ) t3 ON DAP.id = t3.id_ppoj AND t3.rn = t4.rn
      
      WHERE 
        DAP.id =2;
      ')
 5 APPPATH/Models/PpojModel.php(344): App\Models\PpojModel->DataSuhuRH('( select 
      ID_PPOJ, 
      ROW_NUMBER() over (partition by ID_PPOJ order by HASIL_TPC) as rn, 
      HASIL_TPC, 
      HASIL_KK 
    from mikro_volumetrik )', '(select 
      ID_PPOJ, 
      ROW_NUMBER() over (partition by ID_PPOJ order by SUHU_MIN) as rn, 
      SUHU_MIN, 
      SUHU_MAX 
    from 
      suhu )', ' ( select 
      ID_PPOJ, 
      ROW_NUMBER() over (partition by ID_PPOJ order by RH_MIN) as rn, 
      RH_MIN, 
      RH_MAX 
    from rh )', '( select 
      ID_PPOJ, 
      ROW_NUMBER() over (partition by ID_PPOJ order by HASIL_TPC) as rn, 
      HASIL_TPC, 
      HASIL_KK 
    from mikro_capar )', '2', 't4', 't1', 't2', 't3')
 6 APPPATH/Controllers/DataPpoj.php(110): App\Models\PpojModel->DataPDF(1, 1, 1, 2, '2')
 7 SYSTEMPATH/CodeIgniter.php(932): App\Controllers\DataPpoj->Detail('2')
 8 SYSTEMPATH/CodeIgniter.php(497): CodeIgniter\CodeIgniter->runController(Object(App\Controllers\DataPpoj))
 9 SYSTEMPATH/CodeIgniter.php(366): CodeIgniter\CodeIgniter->handleRequest(null, Object(Config\Cache), false)
10 FCPATH/index.php(79): CodeIgniter\CodeIgniter->run()
INFO - 2024-05-15 03:12:47 --> Session: Class initialized using 'CodeIgniter\Session\Handlers\FileHandler' driver.
INFO - 2024-05-15 03:13:07 --> Session: Class initialized using 'CodeIgniter\Session\Handlers\FileHandler' driver.
ERROR - 2024-05-15 03:13:07 --> mysqli_sql_exception: Unknown column 't3.rn' in 'on clause' in /home/validas1/ci4_core/system/Database/MySQLi/Connection.php:295
Stack trace:
#0 /home/validas1/ci4_core/system/Database/MySQLi/Connection.php(295): mysqli->query('SELECT \t\t \r\n   ...', 0)
#1 /home/validas1/ci4_core/system/Database/BaseConnection.php(692): CodeIgniter\Database\MySQLi\Connection->execute('SELECT \t\t \r\n   ...')
#2 /home/validas1/ci4_core/system/Database/BaseConnection.php(606): CodeIgniter\Database\BaseConnection->simpleQuery('SELECT \t\t \r\n   ...')
#3 /home/validas1/ci4_core/app/Models/PpojModel.php(373): CodeIgniter\Database\BaseConnection->query('SELECT \t\t \r\n   ...')
#4 /home/validas1/ci4_core/app/Models/PpojModel.php(344): App\Models\PpojModel->DataSuhuRH('( select \r\n    ...', '(select \r\n     ...', ' ( select \r\n   ...', '( select \r\n    ...', '2', 't4', 't1', 't2', 't3')
#5 /home/validas1/ci4_core/app/Controllers/DataPpoj.php(109): App\Models\PpojModel->DataPDF(1, 1, 1, 2, '2')
#6 /home/validas1/ci4_core/system/CodeIgniter.php(932): App\Controllers\DataPpoj->Detail('2')
#7 /home/validas1/ci4_core/system/CodeIgniter.php(497): CodeIgniter\CodeIgniter->runController(Object(App\Controllers\DataPpoj))
#8 /home/validas1/ci4_core/system/CodeIgniter.php(366): CodeIgniter\CodeIgniter->handleRequest(NULL, Object(Config\Cache), false)
#9 /home/validas1/ereport.validasickr.my.id/index.php(79): CodeIgniter\CodeIgniter->run()
#10 {main}
CRITICAL - 2024-05-15 03:13:07 --> Unknown column 't3.rn' in 'on clause'
in SYSTEMPATH/Database/MySQLi/Connection.php on line 295.
 1 SYSTEMPATH/Database/MySQLi/Connection.php(295): mysqli->query('SELECT 		 
        DAP.KELAS,
        DAP.ID ID_PPOJ,
        t1.SUHU_MIN, 
        t1.SUHU_MAX, 
        t2.RH_MIN, 
        t2.RH_MAX,
        t3.HASIL_TPC CAPAR_TPC,
        t3.HASIL_KK CAPAR_KK,
        t4.HASIL_TPC MIKRO_TPC,
        t4.HASIL_KK MIKRO_KK
    FROM 
    data_awal_ppoj DAP 
    LEFT JOIN 
    ( select 
      ID_PPOJ, 
      ROW_NUMBER() over (partition by ID_PPOJ order by HASIL_TPC) as rn, 
      HASIL_TPC, 
      HASIL_KK 
    from mikro_volumetrik ) t4 ON DAP.id = t4.ID_PPOJ left join 
    (select 
      ID_PPOJ, 
      ROW_NUMBER() over (partition by ID_PPOJ order by SUHU_MIN) as rn, 
      SUHU_MIN, 
      SUHU_MAX 
    from 
      suhu ) t1 on DAP.id = t1.ID_PPOJ   and t1.rn = t2.rn LEFT join 
     ( select 
      ID_PPOJ, 
      ROW_NUMBER() over (partition by ID_PPOJ order by RH_MIN) as rn, 
      RH_MIN, 
      RH_MAX 
    from rh ) t2 ON DAP.id = t2.id_ppoj AND t2.rn = t3.rn left JOIN
    ( select 
      ID_PPOJ, 
      ROW_NUMBER() over (partition by ID_PPOJ order by HASIL_TPC) as rn, 
      HASIL_TPC, 
      HASIL_KK 
    from mikro_capar ) t3 ON DAP.id = t3.id_ppoj AND t3.rn = t4.rn
      
      WHERE 
        DAP.id =2;
      ', 0)
 2 SYSTEMPATH/Database/BaseConnection.php(692): CodeIgniter\Database\MySQLi\Connection->execute('SELECT 		 
        DAP.KELAS,
        DAP.ID ID_PPOJ,
        t1.SUHU_MIN, 
        t1.SUHU_MAX, 
        t2.RH_MIN, 
        t2.RH_MAX,
        t3.HASIL_TPC CAPAR_TPC,
        t3.HASIL_KK CAPAR_KK,
        t4.HASIL_TPC MIKRO_TPC,
        t4.HASIL_KK MIKRO_KK
    FROM 
    data_awal_ppoj DAP 
    LEFT JOIN 
    ( select 
      ID_PPOJ, 
      ROW_NUMBER() over (partition by ID_PPOJ order by HASIL_TPC) as rn, 
      HASIL_TPC, 
      HASIL_KK 
    from mikro_volumetrik ) t4 ON DAP.id = t4.ID_PPOJ left join 
    (select 
      ID_PPOJ, 
      ROW_NUMBER() over (partition by ID_PPOJ order by SUHU_MIN) as rn, 
      SUHU_MIN, 
      SUHU_MAX 
    from 
      suhu ) t1 on DAP.id = t1.ID_PPOJ   and t1.rn = t2.rn LEFT join 
     ( select 
      ID_PPOJ, 
      ROW_NUMBER() over (partition by ID_PPOJ order by RH_MIN) as rn, 
      RH_MIN, 
      RH_MAX 
    from rh ) t2 ON DAP.id = t2.id_ppoj AND t2.rn = t3.rn left JOIN
    ( select 
      ID_PPOJ, 
      ROW_NUMBER() over (partition by ID_PPOJ order by HASIL_TPC) as rn, 
      HASIL_TPC, 
      HASIL_KK 
    from mikro_capar ) t3 ON DAP.id = t3.id_ppoj AND t3.rn = t4.rn
      
      WHERE 
        DAP.id =2;
      ')
 3 SYSTEMPATH/Database/BaseConnection.php(606): CodeIgniter\Database\BaseConnection->simpleQuery('SELECT 		 
        DAP.KELAS,
        DAP.ID ID_PPOJ,
        t1.SUHU_MIN, 
        t1.SUHU_MAX, 
        t2.RH_MIN, 
        t2.RH_MAX,
        t3.HASIL_TPC CAPAR_TPC,
        t3.HASIL_KK CAPAR_KK,
        t4.HASIL_TPC MIKRO_TPC,
        t4.HASIL_KK MIKRO_KK
    FROM 
    data_awal_ppoj DAP 
    LEFT JOIN 
    ( select 
      ID_PPOJ, 
      ROW_NUMBER() over (partition by ID_PPOJ order by HASIL_TPC) as rn, 
      HASIL_TPC, 
      HASIL_KK 
    from mikro_volumetrik ) t4 ON DAP.id = t4.ID_PPOJ left join 
    (select 
      ID_PPOJ, 
      ROW_NUMBER() over (partition by ID_PPOJ order by SUHU_MIN) as rn, 
      SUHU_MIN, 
      SUHU_MAX 
    from 
      suhu ) t1 on DAP.id = t1.ID_PPOJ   and t1.rn = t2.rn LEFT join 
     ( select 
      ID_PPOJ, 
      ROW_NUMBER() over (partition by ID_PPOJ order by RH_MIN) as rn, 
      RH_MIN, 
      RH_MAX 
    from rh ) t2 ON DAP.id = t2.id_ppoj AND t2.rn = t3.rn left JOIN
    ( select 
      ID_PPOJ, 
      ROW_NUMBER() over (partition by ID_PPOJ order by HASIL_TPC) as rn, 
      HASIL_TPC, 
      HASIL_KK 
    from mikro_capar ) t3 ON DAP.id = t3.id_ppoj AND t3.rn = t4.rn
      
      WHERE 
        DAP.id =2;
      ')
 4 APPPATH/Models/PpojModel.php(373): CodeIgniter\Database\BaseConnection->query('SELECT 		 
        DAP.KELAS,
        DAP.ID ID_PPOJ,
        t1.SUHU_MIN, 
        t1.SUHU_MAX, 
        t2.RH_MIN, 
        t2.RH_MAX,
        t3.HASIL_TPC CAPAR_TPC,
        t3.HASIL_KK CAPAR_KK,
        t4.HASIL_TPC MIKRO_TPC,
        t4.HASIL_KK MIKRO_KK
    FROM 
    data_awal_ppoj DAP 
    LEFT JOIN 
    ( select 
      ID_PPOJ, 
      ROW_NUMBER() over (partition by ID_PPOJ order by HASIL_TPC) as rn, 
      HASIL_TPC, 
      HASIL_KK 
    from mikro_volumetrik ) t4 ON DAP.id = t4.ID_PPOJ left join 
    (select 
      ID_PPOJ, 
      ROW_NUMBER() over (partition by ID_PPOJ order by SUHU_MIN) as rn, 
      SUHU_MIN, 
      SUHU_MAX 
    from 
      suhu ) t1 on DAP.id = t1.ID_PPOJ   and t1.rn = t2.rn LEFT join 
     ( select 
      ID_PPOJ, 
      ROW_NUMBER() over (partition by ID_PPOJ order by RH_MIN) as rn, 
      RH_MIN, 
      RH_MAX 
    from rh ) t2 ON DAP.id = t2.id_ppoj AND t2.rn = t3.rn left JOIN
    ( select 
      ID_PPOJ, 
      ROW_NUMBER() over (partition by ID_PPOJ order by HASIL_TPC) as rn, 
      HASIL_TPC, 
      HASIL_KK 
    from mikro_capar ) t3 ON DAP.id = t3.id_ppoj AND t3.rn = t4.rn
      
      WHERE 
        DAP.id =2;
      ')
 5 APPPATH/Models/PpojModel.php(344): App\Models\PpojModel->DataSuhuRH('( select 
      ID_PPOJ, 
      ROW_NUMBER() over (partition by ID_PPOJ order by HASIL_TPC) as rn, 
      HASIL_TPC, 
      HASIL_KK 
    from mikro_volumetrik )', '(select 
      ID_PPOJ, 
      ROW_NUMBER() over (partition by ID_PPOJ order by SUHU_MIN) as rn, 
      SUHU_MIN, 
      SUHU_MAX 
    from 
      suhu )', ' ( select 
      ID_PPOJ, 
      ROW_NUMBER() over (partition by ID_PPOJ order by RH_MIN) as rn, 
      RH_MIN, 
      RH_MAX 
    from rh )', '( select 
      ID_PPOJ, 
      ROW_NUMBER() over (partition by ID_PPOJ order by HASIL_TPC) as rn, 
      HASIL_TPC, 
      HASIL_KK 
    from mikro_capar )', '2', 't4', 't1', 't2', 't3')
 6 APPPATH/Controllers/DataPpoj.php(109): App\Models\PpojModel->DataPDF(1, 1, 1, 2, '2')
 7 SYSTEMPATH/CodeIgniter.php(932): App\Controllers\DataPpoj->Detail('2')
 8 SYSTEMPATH/CodeIgniter.php(497): CodeIgniter\CodeIgniter->runController(Object(App\Controllers\DataPpoj))
 9 SYSTEMPATH/CodeIgniter.php(366): CodeIgniter\CodeIgniter->handleRequest(null, Object(Config\Cache), false)
10 FCPATH/index.php(79): CodeIgniter\CodeIgniter->run()
INFO - 2024-05-15 04:38:10 --> Session: Class initialized using 'CodeIgniter\Session\Handlers\FileHandler' driver.
INFO - 2024-05-15 05:50:04 --> Session: Class initialized using 'CodeIgniter\Session\Handlers\FileHandler' driver.
INFO - 2024-05-15 05:50:46 --> Session: Class initialized using 'CodeIgniter\Session\Handlers\FileHandler' driver.
INFO - 2024-05-15 05:52:14 --> Session: Class initialized using 'CodeIgniter\Session\Handlers\FileHandler' driver.
INFO - 2024-05-15 05:54:20 --> Session: Class initialized using 'CodeIgniter\Session\Handlers\FileHandler' driver.
INFO - 2024-05-15 05:54:20 --> Session: Class initialized using 'CodeIgniter\Session\Handlers\FileHandler' driver.
INFO - 2024-05-15 05:55:31 --> Session: Class initialized using 'CodeIgniter\Session\Handlers\FileHandler' driver.
INFO - 2024-05-15 05:55:33 --> Session: Class initialized using 'CodeIgniter\Session\Handlers\FileHandler' driver.
INFO - 2024-05-15 05:55:37 --> Session: Class initialized using 'CodeIgniter\Session\Handlers\FileHandler' driver.
ERROR - 2024-05-15 05:55:37 --> mysqli_sql_exception: Unknown column 't3.rn' in 'on clause' in /home/validas1/ci4_core/system/Database/MySQLi/Connection.php:295
Stack trace:
#0 /home/validas1/ci4_core/system/Database/MySQLi/Connection.php(295): mysqli->query('SELECT \t\t \r\n   ...', 0)
#1 /home/validas1/ci4_core/system/Database/BaseConnection.php(692): CodeIgniter\Database\MySQLi\Connection->execute('SELECT \t\t \r\n   ...')
#2 /home/validas1/ci4_core/system/Database/BaseConnection.php(606): CodeIgniter\Database\BaseConnection->simpleQuery('SELECT \t\t \r\n   ...')
#3 /home/validas1/ci4_core/app/Models/PpojModel.php(373): CodeIgniter\Database\BaseConnection->query('SELECT \t\t \r\n   ...')
#4 /home/validas1/ci4_core/app/Models/PpojModel.php(344): App\Models\PpojModel->DataSuhuRH('(select \r\n     ...', ' ( select \r\n   ...', '( select \r\n    ...', '( select \r\n    ...', '5', 't1', 't2', 't4', 't3')
#5 /home/validas1/ci4_core/app/Controllers/DataPpoj.php(109): App\Models\PpojModel->DataPDF(1, 1, 0, 1, '5')
#6 /home/validas1/ci4_core/system/CodeIgniter.php(932): App\Controllers\DataPpoj->Detail('5')
#7 /home/validas1/ci4_core/system/CodeIgniter.php(497): CodeIgniter\CodeIgniter->runController(Object(App\Controllers\DataPpoj))
#8 /home/validas1/ci4_core/system/CodeIgniter.php(366): CodeIgniter\CodeIgniter->handleRequest(NULL, Object(Config\Cache), false)
#9 /home/validas1/ereport.validasickr.my.id/index.php(79): CodeIgniter\CodeIgniter->run()
#10 {main}
CRITICAL - 2024-05-15 05:55:37 --> Unknown column 't3.rn' in 'on clause'
in SYSTEMPATH/Database/MySQLi/Connection.php on line 295.
 1 SYSTEMPATH/Database/MySQLi/Connection.php(295): mysqli->query('SELECT 		 
        DAP.KELAS,
        DAP.ID ID_PPOJ,
        t1.SUHU_MIN, 
        t1.SUHU_MAX, 
        t2.RH_MIN, 
        t2.RH_MAX,
        t3.HASIL_TPC CAPAR_TPC,
        t3.HASIL_KK CAPAR_KK,
        t4.HASIL_TPC MIKRO_TPC,
        t4.HASIL_KK MIKRO_KK
    FROM 
    data_awal_ppoj DAP 
    LEFT JOIN 
    (select 
      ID_PPOJ, 
      ROW_NUMBER() over (partition by ID_PPOJ order by SUHU_MIN) as rn, 
      SUHU_MIN, 
      SUHU_MAX 
    from 
      suhu ) t1 ON DAP.id = t1.ID_PPOJ left join 
     ( select 
      ID_PPOJ, 
      ROW_NUMBER() over (partition by ID_PPOJ order by RH_MIN) as rn, 
      RH_MIN, 
      RH_MAX 
    from rh ) t2 on DAP.id = t2.ID_PPOJ   and t1.rn = t2.rn LEFT join 
    ( select 
      ID_PPOJ, 
      ROW_NUMBER() over (partition by ID_PPOJ order by HASIL_TPC) as rn, 
      HASIL_TPC, 
      HASIL_KK 
    from mikro_volumetrik ) t4 ON DAP.id = t4.id_ppoj AND t2.rn = t3.rn left JOIN
    ( select 
      ID_PPOJ, 
      ROW_NUMBER() over (partition by ID_PPOJ order by HASIL_TPC) as rn, 
      HASIL_TPC, 
      HASIL_KK 
    from mikro_capar ) t3 ON DAP.id = t3.id_ppoj AND t3.rn = t4.rn
      
      WHERE 
        DAP.id =5;
      ', 0)
 2 SYSTEMPATH/Database/BaseConnection.php(692): CodeIgniter\Database\MySQLi\Connection->execute('SELECT 		 
        DAP.KELAS,
        DAP.ID ID_PPOJ,
        t1.SUHU_MIN, 
        t1.SUHU_MAX, 
        t2.RH_MIN, 
        t2.RH_MAX,
        t3.HASIL_TPC CAPAR_TPC,
        t3.HASIL_KK CAPAR_KK,
        t4.HASIL_TPC MIKRO_TPC,
        t4.HASIL_KK MIKRO_KK
    FROM 
    data_awal_ppoj DAP 
    LEFT JOIN 
    (select 
      ID_PPOJ, 
      ROW_NUMBER() over (partition by ID_PPOJ order by SUHU_MIN) as rn, 
      SUHU_MIN, 
      SUHU_MAX 
    from 
      suhu ) t1 ON DAP.id = t1.ID_PPOJ left join 
     ( select 
      ID_PPOJ, 
      ROW_NUMBER() over (partition by ID_PPOJ order by RH_MIN) as rn, 
      RH_MIN, 
      RH_MAX 
    from rh ) t2 on DAP.id = t2.ID_PPOJ   and t1.rn = t2.rn LEFT join 
    ( select 
      ID_PPOJ, 
      ROW_NUMBER() over (partition by ID_PPOJ order by HASIL_TPC) as rn, 
      HASIL_TPC, 
      HASIL_KK 
    from mikro_volumetrik ) t4 ON DAP.id = t4.id_ppoj AND t2.rn = t3.rn left JOIN
    ( select 
      ID_PPOJ, 
      ROW_NUMBER() over (partition by ID_PPOJ order by HASIL_TPC) as rn, 
      HASIL_TPC, 
      HASIL_KK 
    from mikro_capar ) t3 ON DAP.id = t3.id_ppoj AND t3.rn = t4.rn
      
      WHERE 
        DAP.id =5;
      ')
 3 SYSTEMPATH/Database/BaseConnection.php(606): CodeIgniter\Database\BaseConnection->simpleQuery('SELECT 		 
        DAP.KELAS,
        DAP.ID ID_PPOJ,
        t1.SUHU_MIN, 
        t1.SUHU_MAX, 
        t2.RH_MIN, 
        t2.RH_MAX,
        t3.HASIL_TPC CAPAR_TPC,
        t3.HASIL_KK CAPAR_KK,
        t4.HASIL_TPC MIKRO_TPC,
        t4.HASIL_KK MIKRO_KK
    FROM 
    data_awal_ppoj DAP 
    LEFT JOIN 
    (select 
      ID_PPOJ, 
      ROW_NUMBER() over (partition by ID_PPOJ order by SUHU_MIN) as rn, 
      SUHU_MIN, 
      SUHU_MAX 
    from 
      suhu ) t1 ON DAP.id = t1.ID_PPOJ left join 
     ( select 
      ID_PPOJ, 
      ROW_NUMBER() over (partition by ID_PPOJ order by RH_MIN) as rn, 
      RH_MIN, 
      RH_MAX 
    from rh ) t2 on DAP.id = t2.ID_PPOJ   and t1.rn = t2.rn LEFT join 
    ( select 
      ID_PPOJ, 
      ROW_NUMBER() over (partition by ID_PPOJ order by HASIL_TPC) as rn, 
      HASIL_TPC, 
      HASIL_KK 
    from mikro_volumetrik ) t4 ON DAP.id = t4.id_ppoj AND t2.rn = t3.rn left JOIN
    ( select 
      ID_PPOJ, 
      ROW_NUMBER() over (partition by ID_PPOJ order by HASIL_TPC) as rn, 
      HASIL_TPC, 
      HASIL_KK 
    from mikro_capar ) t3 ON DAP.id = t3.id_ppoj AND t3.rn = t4.rn
      
      WHERE 
        DAP.id =5;
      ')
 4 APPPATH/Models/PpojModel.php(373): CodeIgniter\Database\BaseConnection->query('SELECT 		 
        DAP.KELAS,
        DAP.ID ID_PPOJ,
        t1.SUHU_MIN, 
        t1.SUHU_MAX, 
        t2.RH_MIN, 
        t2.RH_MAX,
        t3.HASIL_TPC CAPAR_TPC,
        t3.HASIL_KK CAPAR_KK,
        t4.HASIL_TPC MIKRO_TPC,
        t4.HASIL_KK MIKRO_KK
    FROM 
    data_awal_ppoj DAP 
    LEFT JOIN 
    (select 
      ID_PPOJ, 
      ROW_NUMBER() over (partition by ID_PPOJ order by SUHU_MIN) as rn, 
      SUHU_MIN, 
      SUHU_MAX 
    from 
      suhu ) t1 ON DAP.id = t1.ID_PPOJ left join 
     ( select 
      ID_PPOJ, 
      ROW_NUMBER() over (partition by ID_PPOJ order by RH_MIN) as rn, 
      RH_MIN, 
      RH_MAX 
    from rh ) t2 on DAP.id = t2.ID_PPOJ   and t1.rn = t2.rn LEFT join 
    ( select 
      ID_PPOJ, 
      ROW_NUMBER() over (partition by ID_PPOJ order by HASIL_TPC) as rn, 
      HASIL_TPC, 
      HASIL_KK 
    from mikro_volumetrik ) t4 ON DAP.id = t4.id_ppoj AND t2.rn = t3.rn left JOIN
    ( select 
      ID_PPOJ, 
      ROW_NUMBER() over (partition by ID_PPOJ order by HASIL_TPC) as rn, 
      HASIL_TPC, 
      HASIL_KK 
    from mikro_capar ) t3 ON DAP.id = t3.id_ppoj AND t3.rn = t4.rn
      
      WHERE 
        DAP.id =5;
      ')
 5 APPPATH/Models/PpojModel.php(344): App\Models\PpojModel->DataSuhuRH('(select 
      ID_PPOJ, 
      ROW_NUMBER() over (partition by ID_PPOJ order by SUHU_MIN) as rn, 
      SUHU_MIN, 
      SUHU_MAX 
    from 
      suhu )', ' ( select 
      ID_PPOJ, 
      ROW_NUMBER() over (partition by ID_PPOJ order by RH_MIN) as rn, 
      RH_MIN, 
      RH_MAX 
    from rh )', '( select 
      ID_PPOJ, 
      ROW_NUMBER() over (partition by ID_PPOJ order by HASIL_TPC) as rn, 
      HASIL_TPC, 
      HASIL_KK 
    from mikro_volumetrik )', '( select 
      ID_PPOJ, 
      ROW_NUMBER() over (partition by ID_PPOJ order by HASIL_TPC) as rn, 
      HASIL_TPC, 
      HASIL_KK 
    from mikro_capar )', '5', 't1', 't2', 't4', 't3')
 6 APPPATH/Controllers/DataPpoj.php(109): App\Models\PpojModel->DataPDF(1, 1, 0, 1, '5')
 7 SYSTEMPATH/CodeIgniter.php(932): App\Controllers\DataPpoj->Detail('5')
 8 SYSTEMPATH/CodeIgniter.php(497): CodeIgniter\CodeIgniter->runController(Object(App\Controllers\DataPpoj))
 9 SYSTEMPATH/CodeIgniter.php(366): CodeIgniter\CodeIgniter->handleRequest(null, Object(Config\Cache), false)
10 FCPATH/index.php(79): CodeIgniter\CodeIgniter->run()
INFO - 2024-05-15 05:55:40 --> Session: Class initialized using 'CodeIgniter\Session\Handlers\FileHandler' driver.
INFO - 2024-05-15 05:55:44 --> Session: Class initialized using 'CodeIgniter\Session\Handlers\FileHandler' driver.
INFO - 2024-05-15 05:55:46 --> Session: Class initialized using 'CodeIgniter\Session\Handlers\FileHandler' driver.
INFO - 2024-05-15 05:55:48 --> Session: Class initialized using 'CodeIgniter\Session\Handlers\FileHandler' driver.
INFO - 2024-05-15 05:56:04 --> Session: Class initialized using 'CodeIgniter\Session\Handlers\FileHandler' driver.
INFO - 2024-05-15 05:56:08 --> Session: Class initialized using 'CodeIgniter\Session\Handlers\FileHandler' driver.
INFO - 2024-05-15 05:56:11 --> Session: Class initialized using 'CodeIgniter\Session\Handlers\FileHandler' driver.
INFO - 2024-05-15 05:56:19 --> Session: Class initialized using 'CodeIgniter\Session\Handlers\FileHandler' driver.
INFO - 2024-05-15 05:56:22 --> Session: Class initialized using 'CodeIgniter\Session\Handlers\FileHandler' driver.
INFO - 2024-05-15 05:56:24 --> Session: Class initialized using 'CodeIgniter\Session\Handlers\FileHandler' driver.
INFO - 2024-05-15 05:56:27 --> Session: Class initialized using 'CodeIgniter\Session\Handlers\FileHandler' driver.
INFO - 2024-05-15 05:56:30 --> Session: Class initialized using 'CodeIgniter\Session\Handlers\FileHandler' driver.
INFO - 2024-05-15 05:56:32 --> Session: Class initialized using 'CodeIgniter\Session\Handlers\FileHandler' driver.
INFO - 2024-05-15 05:56:36 --> Session: Class initialized using 'CodeIgniter\Session\Handlers\FileHandler' driver.
INFO - 2024-05-15 05:56:39 --> Session: Class initialized using 'CodeIgniter\Session\Handlers\FileHandler' driver.
INFO - 2024-05-15 05:56:41 --> Session: Class initialized using 'CodeIgniter\Session\Handlers\FileHandler' driver.
INFO - 2024-05-15 05:56:51 --> Session: Class initialized using 'CodeIgniter\Session\Handlers\FileHandler' driver.
INFO - 2024-05-15 05:56:52 --> Session: Class initialized using 'CodeIgniter\Session\Handlers\FileHandler' driver.
INFO - 2024-05-15 05:57:05 --> Session: Class initialized using 'CodeIgniter\Session\Handlers\FileHandler' driver.
INFO - 2024-05-15 05:57:08 --> Session: Class initialized using 'CodeIgniter\Session\Handlers\FileHandler' driver.
INFO - 2024-05-15 05:57:15 --> Session: Class initialized using 'CodeIgniter\Session\Handlers\FileHandler' driver.
INFO - 2024-05-15 05:57:17 --> Session: Class initialized using 'CodeIgniter\Session\Handlers\FileHandler' driver.
INFO - 2024-05-15 05:57:24 --> Session: Class initialized using 'CodeIgniter\Session\Handlers\FileHandler' driver.
INFO - 2024-05-15 05:57:24 --> Session: Class initialized using 'CodeIgniter\Session\Handlers\FileHandler' driver.
INFO - 2024-05-15 05:57:29 --> Session: Class initialized using 'CodeIgniter\Session\Handlers\FileHandler' driver.
INFO - 2024-05-15 05:57:32 --> Session: Class initialized using 'CodeIgniter\Session\Handlers\FileHandler' driver.
INFO - 2024-05-15 05:57:35 --> Session: Class initialized using 'CodeIgniter\Session\Handlers\FileHandler' driver.
INFO - 2024-05-15 05:57:40 --> Session: Class initialized using 'CodeIgniter\Session\Handlers\FileHandler' driver.
INFO - 2024-05-15 05:57:43 --> Session: Class initialized using 'CodeIgniter\Session\Handlers\FileHandler' driver.
INFO - 2024-05-15 05:57:45 --> Session: Class initialized using 'CodeIgniter\Session\Handlers\FileHandler' driver.
INFO - 2024-05-15 06:49:26 --> Session: Class initialized using 'CodeIgniter\Session\Handlers\FileHandler' driver.
INFO - 2024-05-15 07:02:37 --> Session: Class initialized using 'CodeIgniter\Session\Handlers\FileHandler' driver.
INFO - 2024-05-15 07:02:49 --> Session: Class initialized using 'CodeIgniter\Session\Handlers\FileHandler' driver.
INFO - 2024-05-15 07:02:52 --> Session: Class initialized using 'CodeIgniter\Session\Handlers\FileHandler' driver.
INFO - 2024-05-15 07:03:14 --> Session: Class initialized using 'CodeIgniter\Session\Handlers\FileHandler' driver.
INFO - 2024-05-15 07:03:17 --> Session: Class initialized using 'CodeIgniter\Session\Handlers\FileHandler' driver.
INFO - 2024-05-15 07:03:19 --> Session: Class initialized using 'CodeIgniter\Session\Handlers\FileHandler' driver.
ERROR - 2024-05-15 07:03:19 --> mysqli_sql_exception: Unknown column 't3.rn' in 'on clause' in /home/validas1/ci4_core/system/Database/MySQLi/Connection.php:295
Stack trace:
#0 /home/validas1/ci4_core/system/Database/MySQLi/Connection.php(295): mysqli->query('SELECT \t\t \r\n   ...', 0)
#1 /home/validas1/ci4_core/system/Database/BaseConnection.php(692): CodeIgniter\Database\MySQLi\Connection->execute('SELECT \t\t \r\n   ...')
#2 /home/validas1/ci4_core/system/Database/BaseConnection.php(606): CodeIgniter\Database\BaseConnection->simpleQuery('SELECT \t\t \r\n   ...')
#3 /home/validas1/ci4_core/app/Models/PpojModel.php(373): CodeIgniter\Database\BaseConnection->query('SELECT \t\t \r\n   ...')
#4 /home/validas1/ci4_core/app/Models/PpojModel.php(344): App\Models\PpojModel->DataSuhuRH('( select \r\n    ...', '(select \r\n     ...', ' ( select \r\n   ...', '( select \r\n    ...', '2', 't4', 't1', 't2', 't3')
#5 /home/validas1/ci4_core/app/Controllers/DataPpoj.php(109): App\Models\PpojModel->DataPDF(1, 1, 1, 2, '2')
#6 /home/validas1/ci4_core/system/CodeIgniter.php(932): App\Controllers\DataPpoj->Detail('2')
#7 /home/validas1/ci4_core/system/CodeIgniter.php(497): CodeIgniter\CodeIgniter->runController(Object(App\Controllers\DataPpoj))
#8 /home/validas1/ci4_core/system/CodeIgniter.php(366): CodeIgniter\CodeIgniter->handleRequest(NULL, Object(Config\Cache), false)
#9 /home/validas1/ereport.validasickr.my.id/index.php(79): CodeIgniter\CodeIgniter->run()
#10 {main}
CRITICAL - 2024-05-15 07:03:19 --> Unknown column 't3.rn' in 'on clause'
in SYSTEMPATH/Database/MySQLi/Connection.php on line 295.
 1 SYSTEMPATH/Database/MySQLi/Connection.php(295): mysqli->query('SELECT 		 
        DAP.KELAS,
        DAP.ID ID_PPOJ,
        t1.SUHU_MIN, 
        t1.SUHU_MAX, 
        t2.RH_MIN, 
        t2.RH_MAX,
        t3.HASIL_TPC CAPAR_TPC,
        t3.HASIL_KK CAPAR_KK,
        t4.HASIL_TPC MIKRO_TPC,
        t4.HASIL_KK MIKRO_KK
    FROM 
    data_awal_ppoj DAP 
    LEFT JOIN 
    ( select 
      ID_PPOJ, 
      ROW_NUMBER() over (partition by ID_PPOJ order by HASIL_TPC) as rn, 
      HASIL_TPC, 
      HASIL_KK 
    from mikro_volumetrik ) t4 ON DAP.id = t4.ID_PPOJ left join 
    (select 
      ID_PPOJ, 
      ROW_NUMBER() over (partition by ID_PPOJ order by SUHU_MIN) as rn, 
      SUHU_MIN, 
      SUHU_MAX 
    from 
      suhu ) t1 on DAP.id = t1.ID_PPOJ   and t1.rn = t2.rn LEFT join 
     ( select 
      ID_PPOJ, 
      ROW_NUMBER() over (partition by ID_PPOJ order by RH_MIN) as rn, 
      RH_MIN, 
      RH_MAX 
    from rh ) t2 ON DAP.id = t2.id_ppoj AND t2.rn = t3.rn left JOIN
    ( select 
      ID_PPOJ, 
      ROW_NUMBER() over (partition by ID_PPOJ order by HASIL_TPC) as rn, 
      HASIL_TPC, 
      HASIL_KK 
    from mikro_capar ) t3 ON DAP.id = t3.id_ppoj AND t3.rn = t4.rn
      
      WHERE 
        DAP.id =2;
      ', 0)
 2 SYSTEMPATH/Database/BaseConnection.php(692): CodeIgniter\Database\MySQLi\Connection->execute('SELECT 		 
        DAP.KELAS,
        DAP.ID ID_PPOJ,
        t1.SUHU_MIN, 
        t1.SUHU_MAX, 
        t2.RH_MIN, 
        t2.RH_MAX,
        t3.HASIL_TPC CAPAR_TPC,
        t3.HASIL_KK CAPAR_KK,
        t4.HASIL_TPC MIKRO_TPC,
        t4.HASIL_KK MIKRO_KK
    FROM 
    data_awal_ppoj DAP 
    LEFT JOIN 
    ( select 
      ID_PPOJ, 
      ROW_NUMBER() over (partition by ID_PPOJ order by HASIL_TPC) as rn, 
      HASIL_TPC, 
      HASIL_KK 
    from mikro_volumetrik ) t4 ON DAP.id = t4.ID_PPOJ left join 
    (select 
      ID_PPOJ, 
      ROW_NUMBER() over (partition by ID_PPOJ order by SUHU_MIN) as rn, 
      SUHU_MIN, 
      SUHU_MAX 
    from 
      suhu ) t1 on DAP.id = t1.ID_PPOJ   and t1.rn = t2.rn LEFT join 
     ( select 
      ID_PPOJ, 
      ROW_NUMBER() over (partition by ID_PPOJ order by RH_MIN) as rn, 
      RH_MIN, 
      RH_MAX 
    from rh ) t2 ON DAP.id = t2.id_ppoj AND t2.rn = t3.rn left JOIN
    ( select 
      ID_PPOJ, 
      ROW_NUMBER() over (partition by ID_PPOJ order by HASIL_TPC) as rn, 
      HASIL_TPC, 
      HASIL_KK 
    from mikro_capar ) t3 ON DAP.id = t3.id_ppoj AND t3.rn = t4.rn
      
      WHERE 
        DAP.id =2;
      ')
 3 SYSTEMPATH/Database/BaseConnection.php(606): CodeIgniter\Database\BaseConnection->simpleQuery('SELECT 		 
        DAP.KELAS,
        DAP.ID ID_PPOJ,
        t1.SUHU_MIN, 
        t1.SUHU_MAX, 
        t2.RH_MIN, 
        t2.RH_MAX,
        t3.HASIL_TPC CAPAR_TPC,
        t3.HASIL_KK CAPAR_KK,
        t4.HASIL_TPC MIKRO_TPC,
        t4.HASIL_KK MIKRO_KK
    FROM 
    data_awal_ppoj DAP 
    LEFT JOIN 
    ( select 
      ID_PPOJ, 
      ROW_NUMBER() over (partition by ID_PPOJ order by HASIL_TPC) as rn, 
      HASIL_TPC, 
      HASIL_KK 
    from mikro_volumetrik ) t4 ON DAP.id = t4.ID_PPOJ left join 
    (select 
      ID_PPOJ, 
      ROW_NUMBER() over (partition by ID_PPOJ order by SUHU_MIN) as rn, 
      SUHU_MIN, 
      SUHU_MAX 
    from 
      suhu ) t1 on DAP.id = t1.ID_PPOJ   and t1.rn = t2.rn LEFT join 
     ( select 
      ID_PPOJ, 
      ROW_NUMBER() over (partition by ID_PPOJ order by RH_MIN) as rn, 
      RH_MIN, 
      RH_MAX 
    from rh ) t2 ON DAP.id = t2.id_ppoj AND t2.rn = t3.rn left JOIN
    ( select 
      ID_PPOJ, 
      ROW_NUMBER() over (partition by ID_PPOJ order by HASIL_TPC) as rn, 
      HASIL_TPC, 
      HASIL_KK 
    from mikro_capar ) t3 ON DAP.id = t3.id_ppoj AND t3.rn = t4.rn
      
      WHERE 
        DAP.id =2;
      ')
 4 APPPATH/Models/PpojModel.php(373): CodeIgniter\Database\BaseConnection->query('SELECT 		 
        DAP.KELAS,
        DAP.ID ID_PPOJ,
        t1.SUHU_MIN, 
        t1.SUHU_MAX, 
        t2.RH_MIN, 
        t2.RH_MAX,
        t3.HASIL_TPC CAPAR_TPC,
        t3.HASIL_KK CAPAR_KK,
        t4.HASIL_TPC MIKRO_TPC,
        t4.HASIL_KK MIKRO_KK
    FROM 
    data_awal_ppoj DAP 
    LEFT JOIN 
    ( select 
      ID_PPOJ, 
      ROW_NUMBER() over (partition by ID_PPOJ order by HASIL_TPC) as rn, 
      HASIL_TPC, 
      HASIL_KK 
    from mikro_volumetrik ) t4 ON DAP.id = t4.ID_PPOJ left join 
    (select 
      ID_PPOJ, 
      ROW_NUMBER() over (partition by ID_PPOJ order by SUHU_MIN) as rn, 
      SUHU_MIN, 
      SUHU_MAX 
    from 
      suhu ) t1 on DAP.id = t1.ID_PPOJ   and t1.rn = t2.rn LEFT join 
     ( select 
      ID_PPOJ, 
      ROW_NUMBER() over (partition by ID_PPOJ order by RH_MIN) as rn, 
      RH_MIN, 
      RH_MAX 
    from rh ) t2 ON DAP.id = t2.id_ppoj AND t2.rn = t3.rn left JOIN
    ( select 
      ID_PPOJ, 
      ROW_NUMBER() over (partition by ID_PPOJ order by HASIL_TPC) as rn, 
      HASIL_TPC, 
      HASIL_KK 
    from mikro_capar ) t3 ON DAP.id = t3.id_ppoj AND t3.rn = t4.rn
      
      WHERE 
        DAP.id =2;
      ')
 5 APPPATH/Models/PpojModel.php(344): App\Models\PpojModel->DataSuhuRH('( select 
      ID_PPOJ, 
      ROW_NUMBER() over (partition by ID_PPOJ order by HASIL_TPC) as rn, 
      HASIL_TPC, 
      HASIL_KK 
    from mikro_volumetrik )', '(select 
      ID_PPOJ, 
      ROW_NUMBER() over (partition by ID_PPOJ order by SUHU_MIN) as rn, 
      SUHU_MIN, 
      SUHU_MAX 
    from 
      suhu )', ' ( select 
      ID_PPOJ, 
      ROW_NUMBER() over (partition by ID_PPOJ order by RH_MIN) as rn, 
      RH_MIN, 
      RH_MAX 
    from rh )', '( select 
      ID_PPOJ, 
      ROW_NUMBER() over (partition by ID_PPOJ order by HASIL_TPC) as rn, 
      HASIL_TPC, 
      HASIL_KK 
    from mikro_capar )', '2', 't4', 't1', 't2', 't3')
 6 APPPATH/Controllers/DataPpoj.php(109): App\Models\PpojModel->DataPDF(1, 1, 1, 2, '2')
 7 SYSTEMPATH/CodeIgniter.php(932): App\Controllers\DataPpoj->Detail('2')
 8 SYSTEMPATH/CodeIgniter.php(497): CodeIgniter\CodeIgniter->runController(Object(App\Controllers\DataPpoj))
 9 SYSTEMPATH/CodeIgniter.php(366): CodeIgniter\CodeIgniter->handleRequest(null, Object(Config\Cache), false)
10 FCPATH/index.php(79): CodeIgniter\CodeIgniter->run()
INFO - 2024-05-15 07:03:22 --> Session: Class initialized using 'CodeIgniter\Session\Handlers\FileHandler' driver.
INFO - 2024-05-15 07:03:25 --> Session: Class initialized using 'CodeIgniter\Session\Handlers\FileHandler' driver.
INFO - 2024-05-15 07:03:27 --> Session: Class initialized using 'CodeIgniter\Session\Handlers\FileHandler' driver.
INFO - 2024-05-15 07:03:29 --> Session: Class initialized using 'CodeIgniter\Session\Handlers\FileHandler' driver.
INFO - 2024-05-15 07:03:34 --> Session: Class initialized using 'CodeIgniter\Session\Handlers\FileHandler' driver.
INFO - 2024-05-15 07:03:37 --> Session: Class initialized using 'CodeIgniter\Session\Handlers\FileHandler' driver.
INFO - 2024-05-15 07:03:42 --> Session: Class initialized using 'CodeIgniter\Session\Handlers\FileHandler' driver.
INFO - 2024-05-15 07:03:45 --> Session: Class initialized using 'CodeIgniter\Session\Handlers\FileHandler' driver.
INFO - 2024-05-15 07:03:47 --> Session: Class initialized using 'CodeIgniter\Session\Handlers\FileHandler' driver.
INFO - 2024-05-15 07:04:13 --> Session: Class initialized using 'CodeIgniter\Session\Handlers\FileHandler' driver.
INFO - 2024-05-15 07:04:13 --> Session: Class initialized using 'CodeIgniter\Session\Handlers\FileHandler' driver.
INFO - 2024-05-15 07:04:18 --> Session: Class initialized using 'CodeIgniter\Session\Handlers\FileHandler' driver.
INFO - 2024-05-15 07:04:20 --> Session: Class initialized using 'CodeIgniter\Session\Handlers\FileHandler' driver.
INFO - 2024-05-15 07:04:22 --> Session: Class initialized using 'CodeIgniter\Session\Handlers\FileHandler' driver.
INFO - 2024-05-15 07:04:24 --> Session: Class initialized using 'CodeIgniter\Session\Handlers\FileHandler' driver.
INFO - 2024-05-15 07:04:27 --> Session: Class initialized using 'CodeIgniter\Session\Handlers\FileHandler' driver.
INFO - 2024-05-15 07:04:30 --> Session: Class initialized using 'CodeIgniter\Session\Handlers\FileHandler' driver.
INFO - 2024-05-15 07:04:35 --> Session: Class initialized using 'CodeIgniter\Session\Handlers\FileHandler' driver.
INFO - 2024-05-15 07:04:37 --> Session: Class initialized using 'CodeIgniter\Session\Handlers\FileHandler' driver.
INFO - 2024-05-15 07:04:40 --> Session: Class initialized using 'CodeIgniter\Session\Handlers\FileHandler' driver.
ERROR - 2024-05-15 07:04:40 --> mysqli_sql_exception: Unknown column 't3.rn' in 'on clause' in /home/validas1/ci4_core/system/Database/MySQLi/Connection.php:295
Stack trace:
#0 /home/validas1/ci4_core/system/Database/MySQLi/Connection.php(295): mysqli->query('SELECT \t\t \r\n   ...', 0)
#1 /home/validas1/ci4_core/system/Database/BaseConnection.php(692): CodeIgniter\Database\MySQLi\Connection->execute('SELECT \t\t \r\n   ...')
#2 /home/validas1/ci4_core/system/Database/BaseConnection.php(606): CodeIgniter\Database\BaseConnection->simpleQuery('SELECT \t\t \r\n   ...')
#3 /home/validas1/ci4_core/app/Models/PpojModel.php(373): CodeIgniter\Database\BaseConnection->query('SELECT \t\t \r\n   ...')
#4 /home/validas1/ci4_core/app/Models/PpojModel.php(344): App\Models\PpojModel->DataSuhuRH('( select \r\n    ...', '(select \r\n     ...', ' ( select \r\n   ...', '( select \r\n    ...', '2', 't4', 't1', 't2', 't3')
#5 /home/validas1/ci4_core/app/Controllers/DataPpoj.php(109): App\Models\PpojModel->DataPDF(1, 1, 1, 2, '2')
#6 /home/validas1/ci4_core/system/CodeIgniter.php(932): App\Controllers\DataPpoj->Detail('2')
#7 /home/validas1/ci4_core/system/CodeIgniter.php(497): CodeIgniter\CodeIgniter->runController(Object(App\Controllers\DataPpoj))
#8 /home/validas1/ci4_core/system/CodeIgniter.php(366): CodeIgniter\CodeIgniter->handleRequest(NULL, Object(Config\Cache), false)
#9 /home/validas1/ereport.validasickr.my.id/index.php(79): CodeIgniter\CodeIgniter->run()
#10 {main}
CRITICAL - 2024-05-15 07:04:40 --> Unknown column 't3.rn' in 'on clause'
in SYSTEMPATH/Database/MySQLi/Connection.php on line 295.
 1 SYSTEMPATH/Database/MySQLi/Connection.php(295): mysqli->query('SELECT 		 
        DAP.KELAS,
        DAP.ID ID_PPOJ,
        t1.SUHU_MIN, 
        t1.SUHU_MAX, 
        t2.RH_MIN, 
        t2.RH_MAX,
        t3.HASIL_TPC CAPAR_TPC,
        t3.HASIL_KK CAPAR_KK,
        t4.HASIL_TPC MIKRO_TPC,
        t4.HASIL_KK MIKRO_KK
    FROM 
    data_awal_ppoj DAP 
    LEFT JOIN 
    ( select 
      ID_PPOJ, 
      ROW_NUMBER() over (partition by ID_PPOJ order by HASIL_TPC) as rn, 
      HASIL_TPC, 
      HASIL_KK 
    from mikro_volumetrik ) t4 ON DAP.id = t4.ID_PPOJ left join 
    (select 
      ID_PPOJ, 
      ROW_NUMBER() over (partition by ID_PPOJ order by SUHU_MIN) as rn, 
      SUHU_MIN, 
      SUHU_MAX 
    from 
      suhu ) t1 on DAP.id = t1.ID_PPOJ   and t1.rn = t2.rn LEFT join 
     ( select 
      ID_PPOJ, 
      ROW_NUMBER() over (partition by ID_PPOJ order by RH_MIN) as rn, 
      RH_MIN, 
      RH_MAX 
    from rh ) t2 ON DAP.id = t2.id_ppoj AND t2.rn = t3.rn left JOIN
    ( select 
      ID_PPOJ, 
      ROW_NUMBER() over (partition by ID_PPOJ order by HASIL_TPC) as rn, 
      HASIL_TPC, 
      HASIL_KK 
    from mikro_capar ) t3 ON DAP.id = t3.id_ppoj AND t3.rn = t4.rn
      
      WHERE 
        DAP.id =2;
      ', 0)
 2 SYSTEMPATH/Database/BaseConnection.php(692): CodeIgniter\Database\MySQLi\Connection->execute('SELECT 		 
        DAP.KELAS,
        DAP.ID ID_PPOJ,
        t1.SUHU_MIN, 
        t1.SUHU_MAX, 
        t2.RH_MIN, 
        t2.RH_MAX,
        t3.HASIL_TPC CAPAR_TPC,
        t3.HASIL_KK CAPAR_KK,
        t4.HASIL_TPC MIKRO_TPC,
        t4.HASIL_KK MIKRO_KK
    FROM 
    data_awal_ppoj DAP 
    LEFT JOIN 
    ( select 
      ID_PPOJ, 
      ROW_NUMBER() over (partition by ID_PPOJ order by HASIL_TPC) as rn, 
      HASIL_TPC, 
      HASIL_KK 
    from mikro_volumetrik ) t4 ON DAP.id = t4.ID_PPOJ left join 
    (select 
      ID_PPOJ, 
      ROW_NUMBER() over (partition by ID_PPOJ order by SUHU_MIN) as rn, 
      SUHU_MIN, 
      SUHU_MAX 
    from 
      suhu ) t1 on DAP.id = t1.ID_PPOJ   and t1.rn = t2.rn LEFT join 
     ( select 
      ID_PPOJ, 
      ROW_NUMBER() over (partition by ID_PPOJ order by RH_MIN) as rn, 
      RH_MIN, 
      RH_MAX 
    from rh ) t2 ON DAP.id = t2.id_ppoj AND t2.rn = t3.rn left JOIN
    ( select 
      ID_PPOJ, 
      ROW_NUMBER() over (partition by ID_PPOJ order by HASIL_TPC) as rn, 
      HASIL_TPC, 
      HASIL_KK 
    from mikro_capar ) t3 ON DAP.id = t3.id_ppoj AND t3.rn = t4.rn
      
      WHERE 
        DAP.id =2;
      ')
 3 SYSTEMPATH/Database/BaseConnection.php(606): CodeIgniter\Database\BaseConnection->simpleQuery('SELECT 		 
        DAP.KELAS,
        DAP.ID ID_PPOJ,
        t1.SUHU_MIN, 
        t1.SUHU_MAX, 
        t2.RH_MIN, 
        t2.RH_MAX,
        t3.HASIL_TPC CAPAR_TPC,
        t3.HASIL_KK CAPAR_KK,
        t4.HASIL_TPC MIKRO_TPC,
        t4.HASIL_KK MIKRO_KK
    FROM 
    data_awal_ppoj DAP 
    LEFT JOIN 
    ( select 
      ID_PPOJ, 
      ROW_NUMBER() over (partition by ID_PPOJ order by HASIL_TPC) as rn, 
      HASIL_TPC, 
      HASIL_KK 
    from mikro_volumetrik ) t4 ON DAP.id = t4.ID_PPOJ left join 
    (select 
      ID_PPOJ, 
      ROW_NUMBER() over (partition by ID_PPOJ order by SUHU_MIN) as rn, 
      SUHU_MIN, 
      SUHU_MAX 
    from 
      suhu ) t1 on DAP.id = t1.ID_PPOJ   and t1.rn = t2.rn LEFT join 
     ( select 
      ID_PPOJ, 
      ROW_NUMBER() over (partition by ID_PPOJ order by RH_MIN) as rn, 
      RH_MIN, 
      RH_MAX 
    from rh ) t2 ON DAP.id = t2.id_ppoj AND t2.rn = t3.rn left JOIN
    ( select 
      ID_PPOJ, 
      ROW_NUMBER() over (partition by ID_PPOJ order by HASIL_TPC) as rn, 
      HASIL_TPC, 
      HASIL_KK 
    from mikro_capar ) t3 ON DAP.id = t3.id_ppoj AND t3.rn = t4.rn
      
      WHERE 
        DAP.id =2;
      ')
 4 APPPATH/Models/PpojModel.php(373): CodeIgniter\Database\BaseConnection->query('SELECT 		 
        DAP.KELAS,
        DAP.ID ID_PPOJ,
        t1.SUHU_MIN, 
        t1.SUHU_MAX, 
        t2.RH_MIN, 
        t2.RH_MAX,
        t3.HASIL_TPC CAPAR_TPC,
        t3.HASIL_KK CAPAR_KK,
        t4.HASIL_TPC MIKRO_TPC,
        t4.HASIL_KK MIKRO_KK
    FROM 
    data_awal_ppoj DAP 
    LEFT JOIN 
    ( select 
      ID_PPOJ, 
      ROW_NUMBER() over (partition by ID_PPOJ order by HASIL_TPC) as rn, 
      HASIL_TPC, 
      HASIL_KK 
    from mikro_volumetrik ) t4 ON DAP.id = t4.ID_PPOJ left join 
    (select 
      ID_PPOJ, 
      ROW_NUMBER() over (partition by ID_PPOJ order by SUHU_MIN) as rn, 
      SUHU_MIN, 
      SUHU_MAX 
    from 
      suhu ) t1 on DAP.id = t1.ID_PPOJ   and t1.rn = t2.rn LEFT join 
     ( select 
      ID_PPOJ, 
      ROW_NUMBER() over (partition by ID_PPOJ order by RH_MIN) as rn, 
      RH_MIN, 
      RH_MAX 
    from rh ) t2 ON DAP.id = t2.id_ppoj AND t2.rn = t3.rn left JOIN
    ( select 
      ID_PPOJ, 
      ROW_NUMBER() over (partition by ID_PPOJ order by HASIL_TPC) as rn, 
      HASIL_TPC, 
      HASIL_KK 
    from mikro_capar ) t3 ON DAP.id = t3.id_ppoj AND t3.rn = t4.rn
      
      WHERE 
        DAP.id =2;
      ')
 5 APPPATH/Models/PpojModel.php(344): App\Models\PpojModel->DataSuhuRH('( select 
      ID_PPOJ, 
      ROW_NUMBER() over (partition by ID_PPOJ order by HASIL_TPC) as rn, 
      HASIL_TPC, 
      HASIL_KK 
    from mikro_volumetrik )', '(select 
      ID_PPOJ, 
      ROW_NUMBER() over (partition by ID_PPOJ order by SUHU_MIN) as rn, 
      SUHU_MIN, 
      SUHU_MAX 
    from 
      suhu )', ' ( select 
      ID_PPOJ, 
      ROW_NUMBER() over (partition by ID_PPOJ order by RH_MIN) as rn, 
      RH_MIN, 
      RH_MAX 
    from rh )', '( select 
      ID_PPOJ, 
      ROW_NUMBER() over (partition by ID_PPOJ order by HASIL_TPC) as rn, 
      HASIL_TPC, 
      HASIL_KK 
    from mikro_capar )', '2', 't4', 't1', 't2', 't3')
 6 APPPATH/Controllers/DataPpoj.php(109): App\Models\PpojModel->DataPDF(1, 1, 1, 2, '2')
 7 SYSTEMPATH/CodeIgniter.php(932): App\Controllers\DataPpoj->Detail('2')
 8 SYSTEMPATH/CodeIgniter.php(497): CodeIgniter\CodeIgniter->runController(Object(App\Controllers\DataPpoj))
 9 SYSTEMPATH/CodeIgniter.php(366): CodeIgniter\CodeIgniter->handleRequest(null, Object(Config\Cache), false)
10 FCPATH/index.php(79): CodeIgniter\CodeIgniter->run()
INFO - 2024-05-15 07:04:46 --> Session: Class initialized using 'CodeIgniter\Session\Handlers\FileHandler' driver.
INFO - 2024-05-15 07:04:48 --> Session: Class initialized using 'CodeIgniter\Session\Handlers\FileHandler' driver.
INFO - 2024-05-15 07:05:04 --> Session: Class initialized using 'CodeIgniter\Session\Handlers\FileHandler' driver.
INFO - 2024-05-15 07:05:12 --> Session: Class initialized using 'CodeIgniter\Session\Handlers\FileHandler' driver.
INFO - 2024-05-15 07:05:12 --> Session: Class initialized using 'CodeIgniter\Session\Handlers\FileHandler' driver.
INFO - 2024-05-15 07:05:16 --> Session: Class initialized using 'CodeIgniter\Session\Handlers\FileHandler' driver.
INFO - 2024-05-15 07:05:16 --> Session: Class initialized using 'CodeIgniter\Session\Handlers\FileHandler' driver.
INFO - 2024-05-15 07:05:31 --> Session: Class initialized using 'CodeIgniter\Session\Handlers\FileHandler' driver.
INFO - 2024-05-15 07:05:31 --> Session: Class initialized using 'CodeIgniter\Session\Handlers\FileHandler' driver.
INFO - 2024-05-15 07:05:36 --> Session: Class initialized using 'CodeIgniter\Session\Handlers\FileHandler' driver.
INFO - 2024-05-15 07:05:38 --> Session: Class initialized using 'CodeIgniter\Session\Handlers\FileHandler' driver.
INFO - 2024-05-15 07:05:40 --> Session: Class initialized using 'CodeIgniter\Session\Handlers\FileHandler' driver.
INFO - 2024-05-15 07:05:47 --> Session: Class initialized using 'CodeIgniter\Session\Handlers\FileHandler' driver.
INFO - 2024-05-15 07:05:53 --> Session: Class initialized using 'CodeIgniter\Session\Handlers\FileHandler' driver.
INFO - 2024-05-15 07:05:55 --> Session: Class initialized using 'CodeIgniter\Session\Handlers\FileHandler' driver.
INFO - 2024-05-15 07:05:56 --> Session: Class initialized using 'CodeIgniter\Session\Handlers\FileHandler' driver.
INFO - 2024-05-15 07:06:01 --> Session: Class initialized using 'CodeIgniter\Session\Handlers\FileHandler' driver.
INFO - 2024-05-15 07:06:05 --> Session: Class initialized using 'CodeIgniter\Session\Handlers\FileHandler' driver.
INFO - 2024-05-15 07:06:06 --> Session: Class initialized using 'CodeIgniter\Session\Handlers\FileHandler' driver.
INFO - 2024-05-15 07:06:11 --> Session: Class initialized using 'CodeIgniter\Session\Handlers\FileHandler' driver.
INFO - 2024-05-15 07:06:13 --> Session: Class initialized using 'CodeIgniter\Session\Handlers\FileHandler' driver.
INFO - 2024-05-15 07:06:19 --> Session: Class initialized using 'CodeIgniter\Session\Handlers\FileHandler' driver.
INFO - 2024-05-15 07:06:19 --> Session: Class initialized using 'CodeIgniter\Session\Handlers\FileHandler' driver.
INFO - 2024-05-15 07:06:31 --> Session: Class initialized using 'CodeIgniter\Session\Handlers\FileHandler' driver.
INFO - 2024-05-15 07:06:32 --> Session: Class initialized using 'CodeIgniter\Session\Handlers\FileHandler' driver.
INFO - 2024-05-15 07:06:33 --> Session: Class initialized using 'CodeIgniter\Session\Handlers\FileHandler' driver.
INFO - 2024-05-15 07:06:38 --> Session: Class initialized using 'CodeIgniter\Session\Handlers\FileHandler' driver.
INFO - 2024-05-15 07:06:40 --> Session: Class initialized using 'CodeIgniter\Session\Handlers\FileHandler' driver.
INFO - 2024-05-15 07:06:42 --> Session: Class initialized using 'CodeIgniter\Session\Handlers\FileHandler' driver.
INFO - 2024-05-15 07:07:06 --> Session: Class initialized using 'CodeIgniter\Session\Handlers\FileHandler' driver.
INFO - 2024-05-15 07:07:06 --> Session: Class initialized using 'CodeIgniter\Session\Handlers\FileHandler' driver.
INFO - 2024-05-15 07:07:10 --> Session: Class initialized using 'CodeIgniter\Session\Handlers\FileHandler' driver.
INFO - 2024-05-15 07:07:12 --> Session: Class initialized using 'CodeIgniter\Session\Handlers\FileHandler' driver.
INFO - 2024-05-15 07:07:13 --> Session: Class initialized using 'CodeIgniter\Session\Handlers\FileHandler' driver.
INFO - 2024-05-15 07:07:15 --> Session: Class initialized using 'CodeIgniter\Session\Handlers\FileHandler' driver.
INFO - 2024-05-15 07:07:28 --> Session: Class initialized using 'CodeIgniter\Session\Handlers\FileHandler' driver.
INFO - 2024-05-15 07:07:28 --> Session: Class initialized using 'CodeIgniter\Session\Handlers\FileHandler' driver.
INFO - 2024-05-15 07:07:31 --> Session: Class initialized using 'CodeIgniter\Session\Handlers\FileHandler' driver.
CRITICAL - 2024-05-15 14:07:31 --> Undefined index: rmin
in APPPATH/Controllers/Rh.php on line 47.
 1 APPPATH/Controllers/Rh.php(47): CodeIgniter\Debug\Exceptions->errorHandler(8, 'Undefined index: rmin', '/home/validas1/ci4_core/app/Controllers/Rh.php', 47, [...])
 2 SYSTEMPATH/CodeIgniter.php(932): App\Controllers\Rh->Insert()
 3 SYSTEMPATH/CodeIgniter.php(497): CodeIgniter\CodeIgniter->runController(Object(App\Controllers\Rh))
 4 SYSTEMPATH/CodeIgniter.php(366): CodeIgniter\CodeIgniter->handleRequest(null, Object(Config\Cache), false)
 5 FCPATH/index.php(79): CodeIgniter\CodeIgniter->run()
INFO - 2024-05-15 07:07:32 --> Session: Class initialized using 'CodeIgniter\Session\Handlers\FileHandler' driver.
INFO - 2024-05-15 07:07:34 --> Session: Class initialized using 'CodeIgniter\Session\Handlers\FileHandler' driver.
INFO - 2024-05-15 07:07:36 --> Session: Class initialized using 'CodeIgniter\Session\Handlers\FileHandler' driver.
ERROR - 2024-05-15 07:07:36 --> mysqli_sql_exception: Unknown column 't3.rn' in 'on clause' in /home/validas1/ci4_core/system/Database/MySQLi/Connection.php:295
Stack trace:
#0 /home/validas1/ci4_core/system/Database/MySQLi/Connection.php(295): mysqli->query('SELECT \t\t \r\n   ...', 0)
#1 /home/validas1/ci4_core/system/Database/BaseConnection.php(692): CodeIgniter\Database\MySQLi\Connection->execute('SELECT \t\t \r\n   ...')
#2 /home/validas1/ci4_core/system/Database/BaseConnection.php(606): CodeIgniter\Database\BaseConnection->simpleQuery('SELECT \t\t \r\n   ...')
#3 /home/validas1/ci4_core/app/Models/PpojModel.php(373): CodeIgniter\Database\BaseConnection->query('SELECT \t\t \r\n   ...')
#4 /home/validas1/ci4_core/app/Models/PpojModel.php(344): App\Models\PpojModel->DataSuhuRH('(select \r\n     ...', ' ( select \r\n   ...', '( select \r\n    ...', '( select \r\n    ...', '2', 't1', 't2', 't4', 't3')
#5 /home/validas1/ci4_core/app/Controllers/DataPpoj.php(109): App\Models\PpojModel->DataPDF(2, 2, 1, 2, '2')
#6 /home/validas1/ci4_core/system/CodeIgniter.php(932): App\Controllers\DataPpoj->Detail('2')
#7 /home/validas1/ci4_core/system/CodeIgniter.php(497): CodeIgniter\CodeIgniter->runController(Object(App\Controllers\DataPpoj))
#8 /home/validas1/ci4_core/system/CodeIgniter.php(366): CodeIgniter\CodeIgniter->handleRequest(NULL, Object(Config\Cache), false)
#9 /home/validas1/ereport.validasickr.my.id/index.php(79): CodeIgniter\CodeIgniter->run()
#10 {main}
CRITICAL - 2024-05-15 07:07:36 --> Unknown column 't3.rn' in 'on clause'
in SYSTEMPATH/Database/MySQLi/Connection.php on line 295.
 1 SYSTEMPATH/Database/MySQLi/Connection.php(295): mysqli->query('SELECT 		 
        DAP.KELAS,
        DAP.ID ID_PPOJ,
        t1.SUHU_MIN, 
        t1.SUHU_MAX, 
        t2.RH_MIN, 
        t2.RH_MAX,
        t3.HASIL_TPC CAPAR_TPC,
        t3.HASIL_KK CAPAR_KK,
        t4.HASIL_TPC MIKRO_TPC,
        t4.HASIL_KK MIKRO_KK
    FROM 
    data_awal_ppoj DAP 
    LEFT JOIN 
    (select 
      ID_PPOJ, 
      ROW_NUMBER() over (partition by ID_PPOJ order by SUHU_MIN) as rn, 
      SUHU_MIN, 
      SUHU_MAX 
    from 
      suhu ) t1 ON DAP.id = t1.ID_PPOJ left join 
     ( select 
      ID_PPOJ, 
      ROW_NUMBER() over (partition by ID_PPOJ order by RH_MIN) as rn, 
      RH_MIN, 
      RH_MAX 
    from rh ) t2 on DAP.id = t2.ID_PPOJ   and t1.rn = t2.rn LEFT join 
    ( select 
      ID_PPOJ, 
      ROW_NUMBER() over (partition by ID_PPOJ order by HASIL_TPC) as rn, 
      HASIL_TPC, 
      HASIL_KK 
    from mikro_volumetrik ) t4 ON DAP.id = t4.id_ppoj AND t2.rn = t3.rn left JOIN
    ( select 
      ID_PPOJ, 
      ROW_NUMBER() over (partition by ID_PPOJ order by HASIL_TPC) as rn, 
      HASIL_TPC, 
      HASIL_KK 
    from mikro_capar ) t3 ON DAP.id = t3.id_ppoj AND t3.rn = t4.rn
      
      WHERE 
        DAP.id =2;
      ', 0)
 2 SYSTEMPATH/Database/BaseConnection.php(692): CodeIgniter\Database\MySQLi\Connection->execute('SELECT 		 
        DAP.KELAS,
        DAP.ID ID_PPOJ,
        t1.SUHU_MIN, 
        t1.SUHU_MAX, 
        t2.RH_MIN, 
        t2.RH_MAX,
        t3.HASIL_TPC CAPAR_TPC,
        t3.HASIL_KK CAPAR_KK,
        t4.HASIL_TPC MIKRO_TPC,
        t4.HASIL_KK MIKRO_KK
    FROM 
    data_awal_ppoj DAP 
    LEFT JOIN 
    (select 
      ID_PPOJ, 
      ROW_NUMBER() over (partition by ID_PPOJ order by SUHU_MIN) as rn, 
      SUHU_MIN, 
      SUHU_MAX 
    from 
      suhu ) t1 ON DAP.id = t1.ID_PPOJ left join 
     ( select 
      ID_PPOJ, 
      ROW_NUMBER() over (partition by ID_PPOJ order by RH_MIN) as rn, 
      RH_MIN, 
      RH_MAX 
    from rh ) t2 on DAP.id = t2.ID_PPOJ   and t1.rn = t2.rn LEFT join 
    ( select 
      ID_PPOJ, 
      ROW_NUMBER() over (partition by ID_PPOJ order by HASIL_TPC) as rn, 
      HASIL_TPC, 
      HASIL_KK 
    from mikro_volumetrik ) t4 ON DAP.id = t4.id_ppoj AND t2.rn = t3.rn left JOIN
    ( select 
      ID_PPOJ, 
      ROW_NUMBER() over (partition by ID_PPOJ order by HASIL_TPC) as rn, 
      HASIL_TPC, 
      HASIL_KK 
    from mikro_capar ) t3 ON DAP.id = t3.id_ppoj AND t3.rn = t4.rn
      
      WHERE 
        DAP.id =2;
      ')
 3 SYSTEMPATH/Database/BaseConnection.php(606): CodeIgniter\Database\BaseConnection->simpleQuery('SELECT 		 
        DAP.KELAS,
        DAP.ID ID_PPOJ,
        t1.SUHU_MIN, 
        t1.SUHU_MAX, 
        t2.RH_MIN, 
        t2.RH_MAX,
        t3.HASIL_TPC CAPAR_TPC,
        t3.HASIL_KK CAPAR_KK,
        t4.HASIL_TPC MIKRO_TPC,
        t4.HASIL_KK MIKRO_KK
    FROM 
    data_awal_ppoj DAP 
    LEFT JOIN 
    (select 
      ID_PPOJ, 
      ROW_NUMBER() over (partition by ID_PPOJ order by SUHU_MIN) as rn, 
      SUHU_MIN, 
      SUHU_MAX 
    from 
      suhu ) t1 ON DAP.id = t1.ID_PPOJ left join 
     ( select 
      ID_PPOJ, 
      ROW_NUMBER() over (partition by ID_PPOJ order by RH_MIN) as rn, 
      RH_MIN, 
      RH_MAX 
    from rh ) t2 on DAP.id = t2.ID_PPOJ   and t1.rn = t2.rn LEFT join 
    ( select 
      ID_PPOJ, 
      ROW_NUMBER() over (partition by ID_PPOJ order by HASIL_TPC) as rn, 
      HASIL_TPC, 
      HASIL_KK 
    from mikro_volumetrik ) t4 ON DAP.id = t4.id_ppoj AND t2.rn = t3.rn left JOIN
    ( select 
      ID_PPOJ, 
      ROW_NUMBER() over (partition by ID_PPOJ order by HASIL_TPC) as rn, 
      HASIL_TPC, 
      HASIL_KK 
    from mikro_capar ) t3 ON DAP.id = t3.id_ppoj AND t3.rn = t4.rn
      
      WHERE 
        DAP.id =2;
      ')
 4 APPPATH/Models/PpojModel.php(373): CodeIgniter\Database\BaseConnection->query('SELECT 		 
        DAP.KELAS,
        DAP.ID ID_PPOJ,
        t1.SUHU_MIN, 
        t1.SUHU_MAX, 
        t2.RH_MIN, 
        t2.RH_MAX,
        t3.HASIL_TPC CAPAR_TPC,
        t3.HASIL_KK CAPAR_KK,
        t4.HASIL_TPC MIKRO_TPC,
        t4.HASIL_KK MIKRO_KK
    FROM 
    data_awal_ppoj DAP 
    LEFT JOIN 
    (select 
      ID_PPOJ, 
      ROW_NUMBER() over (partition by ID_PPOJ order by SUHU_MIN) as rn, 
      SUHU_MIN, 
      SUHU_MAX 
    from 
      suhu ) t1 ON DAP.id = t1.ID_PPOJ left join 
     ( select 
      ID_PPOJ, 
      ROW_NUMBER() over (partition by ID_PPOJ order by RH_MIN) as rn, 
      RH_MIN, 
      RH_MAX 
    from rh ) t2 on DAP.id = t2.ID_PPOJ   and t1.rn = t2.rn LEFT join 
    ( select 
      ID_PPOJ, 
      ROW_NUMBER() over (partition by ID_PPOJ order by HASIL_TPC) as rn, 
      HASIL_TPC, 
      HASIL_KK 
    from mikro_volumetrik ) t4 ON DAP.id = t4.id_ppoj AND t2.rn = t3.rn left JOIN
    ( select 
      ID_PPOJ, 
      ROW_NUMBER() over (partition by ID_PPOJ order by HASIL_TPC) as rn, 
      HASIL_TPC, 
      HASIL_KK 
    from mikro_capar ) t3 ON DAP.id = t3.id_ppoj AND t3.rn = t4.rn
      
      WHERE 
        DAP.id =2;
      ')
 5 APPPATH/Models/PpojModel.php(344): App\Models\PpojModel->DataSuhuRH('(select 
      ID_PPOJ, 
      ROW_NUMBER() over (partition by ID_PPOJ order by SUHU_MIN) as rn, 
      SUHU_MIN, 
      SUHU_MAX 
    from 
      suhu )', ' ( select 
      ID_PPOJ, 
      ROW_NUMBER() over (partition by ID_PPOJ order by RH_MIN) as rn, 
      RH_MIN, 
      RH_MAX 
    from rh )', '( select 
      ID_PPOJ, 
      ROW_NUMBER() over (partition by ID_PPOJ order by HASIL_TPC) as rn, 
      HASIL_TPC, 
      HASIL_KK 
    from mikro_volumetrik )', '( select 
      ID_PPOJ, 
      ROW_NUMBER() over (partition by ID_PPOJ order by HASIL_TPC) as rn, 
      HASIL_TPC, 
      HASIL_KK 
    from mikro_capar )', '2', 't1', 't2', 't4', 't3')
 6 APPPATH/Controllers/DataPpoj.php(109): App\Models\PpojModel->DataPDF(2, 2, 1, 2, '2')
 7 SYSTEMPATH/CodeIgniter.php(932): App\Controllers\DataPpoj->Detail('2')
 8 SYSTEMPATH/CodeIgniter.php(497): CodeIgniter\CodeIgniter->runController(Object(App\Controllers\DataPpoj))
 9 SYSTEMPATH/CodeIgniter.php(366): CodeIgniter\CodeIgniter->handleRequest(null, Object(Config\Cache), false)
10 FCPATH/index.php(79): CodeIgniter\CodeIgniter->run()
INFO - 2024-05-15 07:07:36 --> Session: Class initialized using 'CodeIgniter\Session\Handlers\FileHandler' driver.
INFO - 2024-05-15 07:08:39 --> Session: Class initialized using 'CodeIgniter\Session\Handlers\FileHandler' driver.
INFO - 2024-05-15 07:08:41 --> Session: Class initialized using 'CodeIgniter\Session\Handlers\FileHandler' driver.
INFO - 2024-05-15 07:08:42 --> Session: Class initialized using 'CodeIgniter\Session\Handlers\FileHandler' driver.
INFO - 2024-05-15 07:08:45 --> Session: Class initialized using 'CodeIgniter\Session\Handlers\FileHandler' driver.
INFO - 2024-05-15 07:08:46 --> Session: Class initialized using 'CodeIgniter\Session\Handlers\FileHandler' driver.
INFO - 2024-05-15 07:08:47 --> Session: Class initialized using 'CodeIgniter\Session\Handlers\FileHandler' driver.
INFO - 2024-05-15 07:08:56 --> Session: Class initialized using 'CodeIgniter\Session\Handlers\FileHandler' driver.
INFO - 2024-05-15 07:08:56 --> Session: Class initialized using 'CodeIgniter\Session\Handlers\FileHandler' driver.
INFO - 2024-05-15 07:09:00 --> Session: Class initialized using 'CodeIgniter\Session\Handlers\FileHandler' driver.
INFO - 2024-05-15 07:09:02 --> Session: Class initialized using 'CodeIgniter\Session\Handlers\FileHandler' driver.
INFO - 2024-05-15 07:09:04 --> Session: Class initialized using 'CodeIgniter\Session\Handlers\FileHandler' driver.
INFO - 2024-05-15 07:09:43 --> Session: Class initialized using 'CodeIgniter\Session\Handlers\FileHandler' driver.
INFO - 2024-05-15 07:09:45 --> Session: Class initialized using 'CodeIgniter\Session\Handlers\FileHandler' driver.
INFO - 2024-05-15 07:09:48 --> Session: Class initialized using 'CodeIgniter\Session\Handlers\FileHandler' driver.
INFO - 2024-05-15 07:10:04 --> Session: Class initialized using 'CodeIgniter\Session\Handlers\FileHandler' driver.
INFO - 2024-05-15 07:10:04 --> Session: Class initialized using 'CodeIgniter\Session\Handlers\FileHandler' driver.
INFO - 2024-05-15 07:10:14 --> Session: Class initialized using 'CodeIgniter\Session\Handlers\FileHandler' driver.
INFO - 2024-05-15 07:10:14 --> Session: Class initialized using 'CodeIgniter\Session\Handlers\FileHandler' driver.
INFO - 2024-05-15 07:11:26 --> Session: Class initialized using 'CodeIgniter\Session\Handlers\FileHandler' driver.
INFO - 2024-05-15 07:12:12 --> Session: Class initialized using 'CodeIgniter\Session\Handlers\FileHandler' driver.
INFO - 2024-05-15 07:13:18 --> Session: Class initialized using 'CodeIgniter\Session\Handlers\FileHandler' driver.
INFO - 2024-05-15 07:40:52 --> Session: Class initialized using 'CodeIgniter\Session\Handlers\FileHandler' driver.
INFO - 2024-05-15 07:41:03 --> Session: Class initialized using 'CodeIgniter\Session\Handlers\FileHandler' driver.
INFO - 2024-05-15 07:41:03 --> Session: Class initialized using 'CodeIgniter\Session\Handlers\FileHandler' driver.
INFO - 2024-05-15 07:41:14 --> Session: Class initialized using 'CodeIgniter\Session\Handlers\FileHandler' driver.
INFO - 2024-05-15 07:41:14 --> Session: Class initialized using 'CodeIgniter\Session\Handlers\FileHandler' driver.
INFO - 2024-05-15 07:41:17 --> Session: Class initialized using 'CodeIgniter\Session\Handlers\FileHandler' driver.
INFO - 2024-05-15 07:41:21 --> Session: Class initialized using 'CodeIgniter\Session\Handlers\FileHandler' driver.
ERROR - 2024-05-15 07:41:21 --> mysqli_sql_exception: Unknown column 't3.rn' in 'on clause' in /home/validas1/ci4_core/system/Database/MySQLi/Connection.php:295
Stack trace:
#0 /home/validas1/ci4_core/system/Database/MySQLi/Connection.php(295): mysqli->query('SELECT \t\t \r\n   ...', 0)
#1 /home/validas1/ci4_core/system/Database/BaseConnection.php(692): CodeIgniter\Database\MySQLi\Connection->execute('SELECT \t\t \r\n   ...')
#2 /home/validas1/ci4_core/system/Database/BaseConnection.php(606): CodeIgniter\Database\BaseConnection->simpleQuery('SELECT \t\t \r\n   ...')
#3 /home/validas1/ci4_core/app/Models/PpojModel.php(373): CodeIgniter\Database\BaseConnection->query('SELECT \t\t \r\n   ...')
#4 /home/validas1/ci4_core/app/Models/PpojModel.php(344): App\Models\PpojModel->DataSuhuRH('(select \r\n     ...', ' ( select \r\n   ...', '( select \r\n    ...', '( select \r\n    ...', '5', 't1', 't2', 't4', 't3')
#5 /home/validas1/ci4_core/app/Controllers/DataPpoj.php(109): App\Models\PpojModel->DataPDF(1, 1, 0, 1, '5')
#6 /home/validas1/ci4_core/system/CodeIgniter.php(932): App\Controllers\DataPpoj->Detail('5')
#7 /home/validas1/ci4_core/system/CodeIgniter.php(497): CodeIgniter\CodeIgniter->runController(Object(App\Controllers\DataPpoj))
#8 /home/validas1/ci4_core/system/CodeIgniter.php(366): CodeIgniter\CodeIgniter->handleRequest(NULL, Object(Config\Cache), false)
#9 /home/validas1/ereport.validasickr.my.id/index.php(79): CodeIgniter\CodeIgniter->run()
#10 {main}
CRITICAL - 2024-05-15 07:41:21 --> Unknown column 't3.rn' in 'on clause'
in SYSTEMPATH/Database/MySQLi/Connection.php on line 295.
 1 SYSTEMPATH/Database/MySQLi/Connection.php(295): mysqli->query('SELECT 		 
        DAP.KELAS,
        DAP.ID ID_PPOJ,
        t1.SUHU_MIN, 
        t1.SUHU_MAX, 
        t2.RH_MIN, 
        t2.RH_MAX,
        t3.HASIL_TPC CAPAR_TPC,
        t3.HASIL_KK CAPAR_KK,
        t4.HASIL_TPC MIKRO_TPC,
        t4.HASIL_KK MIKRO_KK
    FROM 
    data_awal_ppoj DAP 
    LEFT JOIN 
    (select 
      ID_PPOJ, 
      ROW_NUMBER() over (partition by ID_PPOJ order by SUHU_MIN) as rn, 
      SUHU_MIN, 
      SUHU_MAX 
    from 
      suhu ) t1 ON DAP.id = t1.ID_PPOJ left join 
     ( select 
      ID_PPOJ, 
      ROW_NUMBER() over (partition by ID_PPOJ order by RH_MIN) as rn, 
      RH_MIN, 
      RH_MAX 
    from rh ) t2 on DAP.id = t2.ID_PPOJ   and t1.rn = t2.rn LEFT join 
    ( select 
      ID_PPOJ, 
      ROW_NUMBER() over (partition by ID_PPOJ order by HASIL_TPC) as rn, 
      HASIL_TPC, 
      HASIL_KK 
    from mikro_volumetrik ) t4 ON DAP.id = t4.id_ppoj AND t2.rn = t3.rn left JOIN
    ( select 
      ID_PPOJ, 
      ROW_NUMBER() over (partition by ID_PPOJ order by HASIL_TPC) as rn, 
      HASIL_TPC, 
      HASIL_KK 
    from mikro_capar ) t3 ON DAP.id = t3.id_ppoj AND t3.rn = t4.rn
      
      WHERE 
        DAP.id =5;
      ', 0)
 2 SYSTEMPATH/Database/BaseConnection.php(692): CodeIgniter\Database\MySQLi\Connection->execute('SELECT 		 
        DAP.KELAS,
        DAP.ID ID_PPOJ,
        t1.SUHU_MIN, 
        t1.SUHU_MAX, 
        t2.RH_MIN, 
        t2.RH_MAX,
        t3.HASIL_TPC CAPAR_TPC,
        t3.HASIL_KK CAPAR_KK,
        t4.HASIL_TPC MIKRO_TPC,
        t4.HASIL_KK MIKRO_KK
    FROM 
    data_awal_ppoj DAP 
    LEFT JOIN 
    (select 
      ID_PPOJ, 
      ROW_NUMBER() over (partition by ID_PPOJ order by SUHU_MIN) as rn, 
      SUHU_MIN, 
      SUHU_MAX 
    from 
      suhu ) t1 ON DAP.id = t1.ID_PPOJ left join 
     ( select 
      ID_PPOJ, 
      ROW_NUMBER() over (partition by ID_PPOJ order by RH_MIN) as rn, 
      RH_MIN, 
      RH_MAX 
    from rh ) t2 on DAP.id = t2.ID_PPOJ   and t1.rn = t2.rn LEFT join 
    ( select 
      ID_PPOJ, 
      ROW_NUMBER() over (partition by ID_PPOJ order by HASIL_TPC) as rn, 
      HASIL_TPC, 
      HASIL_KK 
    from mikro_volumetrik ) t4 ON DAP.id = t4.id_ppoj AND t2.rn = t3.rn left JOIN
    ( select 
      ID_PPOJ, 
      ROW_NUMBER() over (partition by ID_PPOJ order by HASIL_TPC) as rn, 
      HASIL_TPC, 
      HASIL_KK 
    from mikro_capar ) t3 ON DAP.id = t3.id_ppoj AND t3.rn = t4.rn
      
      WHERE 
        DAP.id =5;
      ')
 3 SYSTEMPATH/Database/BaseConnection.php(606): CodeIgniter\Database\BaseConnection->simpleQuery('SELECT 		 
        DAP.KELAS,
        DAP.ID ID_PPOJ,
        t1.SUHU_MIN, 
        t1.SUHU_MAX, 
        t2.RH_MIN, 
        t2.RH_MAX,
        t3.HASIL_TPC CAPAR_TPC,
        t3.HASIL_KK CAPAR_KK,
        t4.HASIL_TPC MIKRO_TPC,
        t4.HASIL_KK MIKRO_KK
    FROM 
    data_awal_ppoj DAP 
    LEFT JOIN 
    (select 
      ID_PPOJ, 
      ROW_NUMBER() over (partition by ID_PPOJ order by SUHU_MIN) as rn, 
      SUHU_MIN, 
      SUHU_MAX 
    from 
      suhu ) t1 ON DAP.id = t1.ID_PPOJ left join 
     ( select 
      ID_PPOJ, 
      ROW_NUMBER() over (partition by ID_PPOJ order by RH_MIN) as rn, 
      RH_MIN, 
      RH_MAX 
    from rh ) t2 on DAP.id = t2.ID_PPOJ   and t1.rn = t2.rn LEFT join 
    ( select 
      ID_PPOJ, 
      ROW_NUMBER() over (partition by ID_PPOJ order by HASIL_TPC) as rn, 
      HASIL_TPC, 
      HASIL_KK 
    from mikro_volumetrik ) t4 ON DAP.id = t4.id_ppoj AND t2.rn = t3.rn left JOIN
    ( select 
      ID_PPOJ, 
      ROW_NUMBER() over (partition by ID_PPOJ order by HASIL_TPC) as rn, 
      HASIL_TPC, 
      HASIL_KK 
    from mikro_capar ) t3 ON DAP.id = t3.id_ppoj AND t3.rn = t4.rn
      
      WHERE 
        DAP.id =5;
      ')
 4 APPPATH/Models/PpojModel.php(373): CodeIgniter\Database\BaseConnection->query('SELECT 		 
        DAP.KELAS,
        DAP.ID ID_PPOJ,
        t1.SUHU_MIN, 
        t1.SUHU_MAX, 
        t2.RH_MIN, 
        t2.RH_MAX,
        t3.HASIL_TPC CAPAR_TPC,
        t3.HASIL_KK CAPAR_KK,
        t4.HASIL_TPC MIKRO_TPC,
        t4.HASIL_KK MIKRO_KK
    FROM 
    data_awal_ppoj DAP 
    LEFT JOIN 
    (select 
      ID_PPOJ, 
      ROW_NUMBER() over (partition by ID_PPOJ order by SUHU_MIN) as rn, 
      SUHU_MIN, 
      SUHU_MAX 
    from 
      suhu ) t1 ON DAP.id = t1.ID_PPOJ left join 
     ( select 
      ID_PPOJ, 
      ROW_NUMBER() over (partition by ID_PPOJ order by RH_MIN) as rn, 
      RH_MIN, 
      RH_MAX 
    from rh ) t2 on DAP.id = t2.ID_PPOJ   and t1.rn = t2.rn LEFT join 
    ( select 
      ID_PPOJ, 
      ROW_NUMBER() over (partition by ID_PPOJ order by HASIL_TPC) as rn, 
      HASIL_TPC, 
      HASIL_KK 
    from mikro_volumetrik ) t4 ON DAP.id = t4.id_ppoj AND t2.rn = t3.rn left JOIN
    ( select 
      ID_PPOJ, 
      ROW_NUMBER() over (partition by ID_PPOJ order by HASIL_TPC) as rn, 
      HASIL_TPC, 
      HASIL_KK 
    from mikro_capar ) t3 ON DAP.id = t3.id_ppoj AND t3.rn = t4.rn
      
      WHERE 
        DAP.id =5;
      ')
 5 APPPATH/Models/PpojModel.php(344): App\Models\PpojModel->DataSuhuRH('(select 
      ID_PPOJ, 
      ROW_NUMBER() over (partition by ID_PPOJ order by SUHU_MIN) as rn, 
      SUHU_MIN, 
      SUHU_MAX 
    from 
      suhu )', ' ( select 
      ID_PPOJ, 
      ROW_NUMBER() over (partition by ID_PPOJ order by RH_MIN) as rn, 
      RH_MIN, 
      RH_MAX 
    from rh )', '( select 
      ID_PPOJ, 
      ROW_NUMBER() over (partition by ID_PPOJ order by HASIL_TPC) as rn, 
      HASIL_TPC, 
      HASIL_KK 
    from mikro_volumetrik )', '( select 
      ID_PPOJ, 
      ROW_NUMBER() over (partition by ID_PPOJ order by HASIL_TPC) as rn, 
      HASIL_TPC, 
      HASIL_KK 
    from mikro_capar )', '5', 't1', 't2', 't4', 't3')
 6 APPPATH/Controllers/DataPpoj.php(109): App\Models\PpojModel->DataPDF(1, 1, 0, 1, '5')
 7 SYSTEMPATH/CodeIgniter.php(932): App\Controllers\DataPpoj->Detail('5')
 8 SYSTEMPATH/CodeIgniter.php(497): CodeIgniter\CodeIgniter->runController(Object(App\Controllers\DataPpoj))
 9 SYSTEMPATH/CodeIgniter.php(366): CodeIgniter\CodeIgniter->handleRequest(null, Object(Config\Cache), false)
10 FCPATH/index.php(79): CodeIgniter\CodeIgniter->run()
INFO - 2024-05-15 07:41:23 --> Session: Class initialized using 'CodeIgniter\Session\Handlers\FileHandler' driver.
INFO - 2024-05-15 07:41:34 --> Session: Class initialized using 'CodeIgniter\Session\Handlers\FileHandler' driver.
INFO - 2024-05-15 07:41:35 --> Session: Class initialized using 'CodeIgniter\Session\Handlers\FileHandler' driver.
INFO - 2024-05-15 07:41:46 --> Session: Class initialized using 'CodeIgniter\Session\Handlers\FileHandler' driver.
INFO - 2024-05-15 07:41:49 --> Session: Class initialized using 'CodeIgniter\Session\Handlers\FileHandler' driver.
INFO - 2024-05-15 07:41:51 --> Session: Class initialized using 'CodeIgniter\Session\Handlers\FileHandler' driver.
INFO - 2024-05-15 07:45:22 --> Session: Class initialized using 'CodeIgniter\Session\Handlers\FileHandler' driver.
INFO - 2024-05-15 07:50:25 --> Session: Class initialized using 'CodeIgniter\Session\Handlers\FileHandler' driver.
ERROR - 2024-05-15 07:50:25 --> mysqli_sql_exception: Unknown column 't3.rn' in 'on clause' in /home/validas1/ci4_core/system/Database/MySQLi/Connection.php:295
Stack trace:
#0 /home/validas1/ci4_core/system/Database/MySQLi/Connection.php(295): mysqli->query('SELECT \t\t \r\n   ...', 0)
#1 /home/validas1/ci4_core/system/Database/BaseConnection.php(692): CodeIgniter\Database\MySQLi\Connection->execute('SELECT \t\t \r\n   ...')
#2 /home/validas1/ci4_core/system/Database/BaseConnection.php(606): CodeIgniter\Database\BaseConnection->simpleQuery('SELECT \t\t \r\n   ...')
#3 /home/validas1/ci4_core/app/Models/PpojModel.php(373): CodeIgniter\Database\BaseConnection->query('SELECT \t\t \r\n   ...')
#4 /home/validas1/ci4_core/app/Models/PpojModel.php(344): App\Models\PpojModel->DataSuhuRH('(select \r\n     ...', ' ( select \r\n   ...', '( select \r\n    ...', '( select \r\n    ...', '5', 't1', 't2', 't4', 't3')
#5 /home/validas1/ci4_core/app/Controllers/DataPpoj.php(109): App\Models\PpojModel->DataPDF(1, 1, 0, 1, '5')
#6 /home/validas1/ci4_core/system/CodeIgniter.php(932): App\Controllers\DataPpoj->Detail('5')
#7 /home/validas1/ci4_core/system/CodeIgniter.php(497): CodeIgniter\CodeIgniter->runController(Object(App\Controllers\DataPpoj))
#8 /home/validas1/ci4_core/system/CodeIgniter.php(366): CodeIgniter\CodeIgniter->handleRequest(NULL, Object(Config\Cache), false)
#9 /home/validas1/ereport.validasickr.my.id/index.php(79): CodeIgniter\CodeIgniter->run()
#10 {main}
CRITICAL - 2024-05-15 07:50:25 --> Unknown column 't3.rn' in 'on clause'
in SYSTEMPATH/Database/MySQLi/Connection.php on line 295.
 1 SYSTEMPATH/Database/MySQLi/Connection.php(295): mysqli->query('SELECT 		 
        DAP.KELAS,
        DAP.ID ID_PPOJ,
        t1.SUHU_MIN, 
        t1.SUHU_MAX, 
        t2.RH_MIN, 
        t2.RH_MAX,
        t3.HASIL_TPC CAPAR_TPC,
        t3.HASIL_KK CAPAR_KK,
        t4.HASIL_TPC MIKRO_TPC,
        t4.HASIL_KK MIKRO_KK
    FROM 
    data_awal_ppoj DAP 
    LEFT JOIN 
    (select 
      ID_PPOJ, 
      ROW_NUMBER() over (partition by ID_PPOJ order by SUHU_MIN) as rn, 
      SUHU_MIN, 
      SUHU_MAX 
    from 
      suhu ) t1 ON DAP.id = t1.ID_PPOJ left join 
     ( select 
      ID_PPOJ, 
      ROW_NUMBER() over (partition by ID_PPOJ order by RH_MIN) as rn, 
      RH_MIN, 
      RH_MAX 
    from rh ) t2 on DAP.id = t2.ID_PPOJ   and t1.rn = t2.rn LEFT join 
    ( select 
      ID_PPOJ, 
      ROW_NUMBER() over (partition by ID_PPOJ order by HASIL_TPC) as rn, 
      HASIL_TPC, 
      HASIL_KK 
    from mikro_volumetrik ) t4 ON DAP.id = t4.id_ppoj AND t2.rn = t3.rn left JOIN
    ( select 
      ID_PPOJ, 
      ROW_NUMBER() over (partition by ID_PPOJ order by HASIL_TPC) as rn, 
      HASIL_TPC, 
      HASIL_KK 
    from mikro_capar ) t3 ON DAP.id = t3.id_ppoj AND t3.rn = t4.rn
      
      WHERE 
        DAP.id =5;
      ', 0)
 2 SYSTEMPATH/Database/BaseConnection.php(692): CodeIgniter\Database\MySQLi\Connection->execute('SELECT 		 
        DAP.KELAS,
        DAP.ID ID_PPOJ,
        t1.SUHU_MIN, 
        t1.SUHU_MAX, 
        t2.RH_MIN, 
        t2.RH_MAX,
        t3.HASIL_TPC CAPAR_TPC,
        t3.HASIL_KK CAPAR_KK,
        t4.HASIL_TPC MIKRO_TPC,
        t4.HASIL_KK MIKRO_KK
    FROM 
    data_awal_ppoj DAP 
    LEFT JOIN 
    (select 
      ID_PPOJ, 
      ROW_NUMBER() over (partition by ID_PPOJ order by SUHU_MIN) as rn, 
      SUHU_MIN, 
      SUHU_MAX 
    from 
      suhu ) t1 ON DAP.id = t1.ID_PPOJ left join 
     ( select 
      ID_PPOJ, 
      ROW_NUMBER() over (partition by ID_PPOJ order by RH_MIN) as rn, 
      RH_MIN, 
      RH_MAX 
    from rh ) t2 on DAP.id = t2.ID_PPOJ   and t1.rn = t2.rn LEFT join 
    ( select 
      ID_PPOJ, 
      ROW_NUMBER() over (partition by ID_PPOJ order by HASIL_TPC) as rn, 
      HASIL_TPC, 
      HASIL_KK 
    from mikro_volumetrik ) t4 ON DAP.id = t4.id_ppoj AND t2.rn = t3.rn left JOIN
    ( select 
      ID_PPOJ, 
      ROW_NUMBER() over (partition by ID_PPOJ order by HASIL_TPC) as rn, 
      HASIL_TPC, 
      HASIL_KK 
    from mikro_capar ) t3 ON DAP.id = t3.id_ppoj AND t3.rn = t4.rn
      
      WHERE 
        DAP.id =5;
      ')
 3 SYSTEMPATH/Database/BaseConnection.php(606): CodeIgniter\Database\BaseConnection->simpleQuery('SELECT 		 
        DAP.KELAS,
        DAP.ID ID_PPOJ,
        t1.SUHU_MIN, 
        t1.SUHU_MAX, 
        t2.RH_MIN, 
        t2.RH_MAX,
        t3.HASIL_TPC CAPAR_TPC,
        t3.HASIL_KK CAPAR_KK,
        t4.HASIL_TPC MIKRO_TPC,
        t4.HASIL_KK MIKRO_KK
    FROM 
    data_awal_ppoj DAP 
    LEFT JOIN 
    (select 
      ID_PPOJ, 
      ROW_NUMBER() over (partition by ID_PPOJ order by SUHU_MIN) as rn, 
      SUHU_MIN, 
      SUHU_MAX 
    from 
      suhu ) t1 ON DAP.id = t1.ID_PPOJ left join 
     ( select 
      ID_PPOJ, 
      ROW_NUMBER() over (partition by ID_PPOJ order by RH_MIN) as rn, 
      RH_MIN, 
      RH_MAX 
    from rh ) t2 on DAP.id = t2.ID_PPOJ   and t1.rn = t2.rn LEFT join 
    ( select 
      ID_PPOJ, 
      ROW_NUMBER() over (partition by ID_PPOJ order by HASIL_TPC) as rn, 
      HASIL_TPC, 
      HASIL_KK 
    from mikro_volumetrik ) t4 ON DAP.id = t4.id_ppoj AND t2.rn = t3.rn left JOIN
    ( select 
      ID_PPOJ, 
      ROW_NUMBER() over (partition by ID_PPOJ order by HASIL_TPC) as rn, 
      HASIL_TPC, 
      HASIL_KK 
    from mikro_capar ) t3 ON DAP.id = t3.id_ppoj AND t3.rn = t4.rn
      
      WHERE 
        DAP.id =5;
      ')
 4 APPPATH/Models/PpojModel.php(373): CodeIgniter\Database\BaseConnection->query('SELECT 		 
        DAP.KELAS,
        DAP.ID ID_PPOJ,
        t1.SUHU_MIN, 
        t1.SUHU_MAX, 
        t2.RH_MIN, 
        t2.RH_MAX,
        t3.HASIL_TPC CAPAR_TPC,
        t3.HASIL_KK CAPAR_KK,
        t4.HASIL_TPC MIKRO_TPC,
        t4.HASIL_KK MIKRO_KK
    FROM 
    data_awal_ppoj DAP 
    LEFT JOIN 
    (select 
      ID_PPOJ, 
      ROW_NUMBER() over (partition by ID_PPOJ order by SUHU_MIN) as rn, 
      SUHU_MIN, 
      SUHU_MAX 
    from 
      suhu ) t1 ON DAP.id = t1.ID_PPOJ left join 
     ( select 
      ID_PPOJ, 
      ROW_NUMBER() over (partition by ID_PPOJ order by RH_MIN) as rn, 
      RH_MIN, 
      RH_MAX 
    from rh ) t2 on DAP.id = t2.ID_PPOJ   and t1.rn = t2.rn LEFT join 
    ( select 
      ID_PPOJ, 
      ROW_NUMBER() over (partition by ID_PPOJ order by HASIL_TPC) as rn, 
      HASIL_TPC, 
      HASIL_KK 
    from mikro_volumetrik ) t4 ON DAP.id = t4.id_ppoj AND t2.rn = t3.rn left JOIN
    ( select 
      ID_PPOJ, 
      ROW_NUMBER() over (partition by ID_PPOJ order by HASIL_TPC) as rn, 
      HASIL_TPC, 
      HASIL_KK 
    from mikro_capar ) t3 ON DAP.id = t3.id_ppoj AND t3.rn = t4.rn
      
      WHERE 
        DAP.id =5;
      ')
 5 APPPATH/Models/PpojModel.php(344): App\Models\PpojModel->DataSuhuRH('(select 
      ID_PPOJ, 
      ROW_NUMBER() over (partition by ID_PPOJ order by SUHU_MIN) as rn, 
      SUHU_MIN, 
      SUHU_MAX 
    from 
      suhu )', ' ( select 
      ID_PPOJ, 
      ROW_NUMBER() over (partition by ID_PPOJ order by RH_MIN) as rn, 
      RH_MIN, 
      RH_MAX 
    from rh )', '( select 
      ID_PPOJ, 
      ROW_NUMBER() over (partition by ID_PPOJ order by HASIL_TPC) as rn, 
      HASIL_TPC, 
      HASIL_KK 
    from mikro_volumetrik )', '( select 
      ID_PPOJ, 
      ROW_NUMBER() over (partition by ID_PPOJ order by HASIL_TPC) as rn, 
      HASIL_TPC, 
      HASIL_KK 
    from mikro_capar )', '5', 't1', 't2', 't4', 't3')
 6 APPPATH/Controllers/DataPpoj.php(109): App\Models\PpojModel->DataPDF(1, 1, 0, 1, '5')
 7 SYSTEMPATH/CodeIgniter.php(932): App\Controllers\DataPpoj->Detail('5')
 8 SYSTEMPATH/CodeIgniter.php(497): CodeIgniter\CodeIgniter->runController(Object(App\Controllers\DataPpoj))
 9 SYSTEMPATH/CodeIgniter.php(366): CodeIgniter\CodeIgniter->handleRequest(null, Object(Config\Cache), false)
10 FCPATH/index.php(79): CodeIgniter\CodeIgniter->run()
INFO - 2024-05-15 07:50:27 --> Session: Class initialized using 'CodeIgniter\Session\Handlers\FileHandler' driver.
INFO - 2024-05-15 07:50:27 --> Session: Class initialized using 'CodeIgniter\Session\Handlers\FileHandler' driver.
INFO - 2024-05-15 07:50:32 --> Session: Class initialized using 'CodeIgniter\Session\Handlers\FileHandler' driver.
INFO - 2024-05-15 07:50:33 --> Session: Class initialized using 'CodeIgniter\Session\Handlers\FileHandler' driver.
INFO - 2024-05-15 07:50:35 --> Session: Class initialized using 'CodeIgniter\Session\Handlers\FileHandler' driver.
INFO - 2024-05-15 07:50:45 --> Session: Class initialized using 'CodeIgniter\Session\Handlers\FileHandler' driver.
INFO - 2024-05-15 07:50:48 --> Session: Class initialized using 'CodeIgniter\Session\Handlers\FileHandler' driver.
INFO - 2024-05-15 07:50:54 --> Session: Class initialized using 'CodeIgniter\Session\Handlers\FileHandler' driver.
INFO - 2024-05-15 07:50:57 --> Session: Class initialized using 'CodeIgniter\Session\Handlers\FileHandler' driver.
INFO - 2024-05-15 08:09:07 --> Session: Class initialized using 'CodeIgniter\Session\Handlers\FileHandler' driver.
INFO - 2024-05-15 08:09:08 --> Session: Class initialized using 'CodeIgniter\Session\Handlers\FileHandler' driver.
INFO - 2024-05-15 08:09:08 --> Session: Class initialized using 'CodeIgniter\Session\Handlers\FileHandler' driver.
INFO - 2024-05-15 08:10:00 --> Session: Class initialized using 'CodeIgniter\Session\Handlers\FileHandler' driver.
INFO - 2024-05-15 08:18:52 --> Session: Class initialized using 'CodeIgniter\Session\Handlers\FileHandler' driver.
INFO - 2024-05-15 08:25:56 --> Session: Class initialized using 'CodeIgniter\Session\Handlers\FileHandler' driver.
INFO - 2024-05-15 08:26:16 --> Session: Class initialized using 'CodeIgniter\Session\Handlers\FileHandler' driver.
INFO - 2024-05-15 08:26:16 --> Session: Class initialized using 'CodeIgniter\Session\Handlers\FileHandler' driver.
INFO - 2024-05-15 08:26:40 --> Session: Class initialized using 'CodeIgniter\Session\Handlers\FileHandler' driver.
INFO - 2024-05-15 08:27:00 --> Session: Class initialized using 'CodeIgniter\Session\Handlers\FileHandler' driver.
INFO - 2024-05-15 08:27:12 --> Session: Class initialized using 'CodeIgniter\Session\Handlers\FileHandler' driver.
INFO - 2024-05-15 08:27:16 --> Session: Class initialized using 'CodeIgniter\Session\Handlers\FileHandler' driver.
INFO - 2024-05-15 08:27:50 --> Session: Class initialized using 'CodeIgniter\Session\Handlers\FileHandler' driver.
INFO - 2024-05-15 08:27:50 --> Session: Class initialized using 'CodeIgniter\Session\Handlers\FileHandler' driver.
INFO - 2024-05-15 08:28:12 --> Session: Class initialized using 'CodeIgniter\Session\Handlers\FileHandler' driver.
INFO - 2024-05-15 08:28:15 --> Session: Class initialized using 'CodeIgniter\Session\Handlers\FileHandler' driver.
INFO - 2024-05-15 08:28:18 --> Session: Class initialized using 'CodeIgniter\Session\Handlers\FileHandler' driver.
ERROR - 2024-05-15 08:28:18 --> mysqli_sql_exception: Unknown column 't3.rn' in 'on clause' in /home/validas1/ci4_core/system/Database/MySQLi/Connection.php:295
Stack trace:
#0 /home/validas1/ci4_core/system/Database/MySQLi/Connection.php(295): mysqli->query('SELECT \t\t \r\n   ...', 0)
#1 /home/validas1/ci4_core/system/Database/BaseConnection.php(692): CodeIgniter\Database\MySQLi\Connection->execute('SELECT \t\t \r\n   ...')
#2 /home/validas1/ci4_core/system/Database/BaseConnection.php(606): CodeIgniter\Database\BaseConnection->simpleQuery('SELECT \t\t \r\n   ...')
#3 /home/validas1/ci4_core/app/Models/PpojModel.php(373): CodeIgniter\Database\BaseConnection->query('SELECT \t\t \r\n   ...')
#4 /home/validas1/ci4_core/app/Models/PpojModel.php(344): App\Models\PpojModel->DataSuhuRH('( select \r\n    ...', '(select \r\n     ...', ' ( select \r\n   ...', '( select \r\n    ...', '3', 't4', 't1', 't2', 't3')
#5 /home/validas1/ci4_core/app/Controllers/DataPpoj.php(109): App\Models\PpojModel->DataPDF(1, 1, 1, 2, '3')
#6 /home/validas1/ci4_core/system/CodeIgniter.php(932): App\Controllers\DataPpoj->Detail('3')
#7 /home/validas1/ci4_core/system/CodeIgniter.php(497): CodeIgniter\CodeIgniter->runController(Object(App\Controllers\DataPpoj))
#8 /home/validas1/ci4_core/system/CodeIgniter.php(366): CodeIgniter\CodeIgniter->handleRequest(NULL, Object(Config\Cache), false)
#9 /home/validas1/ereport.validasickr.my.id/index.php(79): CodeIgniter\CodeIgniter->run()
#10 {main}
CRITICAL - 2024-05-15 08:28:18 --> Unknown column 't3.rn' in 'on clause'
in SYSTEMPATH/Database/MySQLi/Connection.php on line 295.
 1 SYSTEMPATH/Database/MySQLi/Connection.php(295): mysqli->query('SELECT 		 
        DAP.KELAS,
        DAP.ID ID_PPOJ,
        t1.SUHU_MIN, 
        t1.SUHU_MAX, 
        t2.RH_MIN, 
        t2.RH_MAX,
        t3.HASIL_TPC CAPAR_TPC,
        t3.HASIL_KK CAPAR_KK,
        t4.HASIL_TPC MIKRO_TPC,
        t4.HASIL_KK MIKRO_KK
    FROM 
    data_awal_ppoj DAP 
    LEFT JOIN 
    ( select 
      ID_PPOJ, 
      ROW_NUMBER() over (partition by ID_PPOJ order by HASIL_TPC) as rn, 
      HASIL_TPC, 
      HASIL_KK 
    from mikro_volumetrik ) t4 ON DAP.id = t4.ID_PPOJ left join 
    (select 
      ID_PPOJ, 
      ROW_NUMBER() over (partition by ID_PPOJ order by SUHU_MIN) as rn, 
      SUHU_MIN, 
      SUHU_MAX 
    from 
      suhu ) t1 on DAP.id = t1.ID_PPOJ   and t1.rn = t2.rn LEFT join 
     ( select 
      ID_PPOJ, 
      ROW_NUMBER() over (partition by ID_PPOJ order by RH_MIN) as rn, 
      RH_MIN, 
      RH_MAX 
    from rh ) t2 ON DAP.id = t2.id_ppoj AND t2.rn = t3.rn left JOIN
    ( select 
      ID_PPOJ, 
      ROW_NUMBER() over (partition by ID_PPOJ order by HASIL_TPC) as rn, 
      HASIL_TPC, 
      HASIL_KK 
    from mikro_capar ) t3 ON DAP.id = t3.id_ppoj AND t3.rn = t4.rn
      
      WHERE 
        DAP.id =3;
      ', 0)
 2 SYSTEMPATH/Database/BaseConnection.php(692): CodeIgniter\Database\MySQLi\Connection->execute('SELECT 		 
        DAP.KELAS,
        DAP.ID ID_PPOJ,
        t1.SUHU_MIN, 
        t1.SUHU_MAX, 
        t2.RH_MIN, 
        t2.RH_MAX,
        t3.HASIL_TPC CAPAR_TPC,
        t3.HASIL_KK CAPAR_KK,
        t4.HASIL_TPC MIKRO_TPC,
        t4.HASIL_KK MIKRO_KK
    FROM 
    data_awal_ppoj DAP 
    LEFT JOIN 
    ( select 
      ID_PPOJ, 
      ROW_NUMBER() over (partition by ID_PPOJ order by HASIL_TPC) as rn, 
      HASIL_TPC, 
      HASIL_KK 
    from mikro_volumetrik ) t4 ON DAP.id = t4.ID_PPOJ left join 
    (select 
      ID_PPOJ, 
      ROW_NUMBER() over (partition by ID_PPOJ order by SUHU_MIN) as rn, 
      SUHU_MIN, 
      SUHU_MAX 
    from 
      suhu ) t1 on DAP.id = t1.ID_PPOJ   and t1.rn = t2.rn LEFT join 
     ( select 
      ID_PPOJ, 
      ROW_NUMBER() over (partition by ID_PPOJ order by RH_MIN) as rn, 
      RH_MIN, 
      RH_MAX 
    from rh ) t2 ON DAP.id = t2.id_ppoj AND t2.rn = t3.rn left JOIN
    ( select 
      ID_PPOJ, 
      ROW_NUMBER() over (partition by ID_PPOJ order by HASIL_TPC) as rn, 
      HASIL_TPC, 
      HASIL_KK 
    from mikro_capar ) t3 ON DAP.id = t3.id_ppoj AND t3.rn = t4.rn
      
      WHERE 
        DAP.id =3;
      ')
 3 SYSTEMPATH/Database/BaseConnection.php(606): CodeIgniter\Database\BaseConnection->simpleQuery('SELECT 		 
        DAP.KELAS,
        DAP.ID ID_PPOJ,
        t1.SUHU_MIN, 
        t1.SUHU_MAX, 
        t2.RH_MIN, 
        t2.RH_MAX,
        t3.HASIL_TPC CAPAR_TPC,
        t3.HASIL_KK CAPAR_KK,
        t4.HASIL_TPC MIKRO_TPC,
        t4.HASIL_KK MIKRO_KK
    FROM 
    data_awal_ppoj DAP 
    LEFT JOIN 
    ( select 
      ID_PPOJ, 
      ROW_NUMBER() over (partition by ID_PPOJ order by HASIL_TPC) as rn, 
      HASIL_TPC, 
      HASIL_KK 
    from mikro_volumetrik ) t4 ON DAP.id = t4.ID_PPOJ left join 
    (select 
      ID_PPOJ, 
      ROW_NUMBER() over (partition by ID_PPOJ order by SUHU_MIN) as rn, 
      SUHU_MIN, 
      SUHU_MAX 
    from 
      suhu ) t1 on DAP.id = t1.ID_PPOJ   and t1.rn = t2.rn LEFT join 
     ( select 
      ID_PPOJ, 
      ROW_NUMBER() over (partition by ID_PPOJ order by RH_MIN) as rn, 
      RH_MIN, 
      RH_MAX 
    from rh ) t2 ON DAP.id = t2.id_ppoj AND t2.rn = t3.rn left JOIN
    ( select 
      ID_PPOJ, 
      ROW_NUMBER() over (partition by ID_PPOJ order by HASIL_TPC) as rn, 
      HASIL_TPC, 
      HASIL_KK 
    from mikro_capar ) t3 ON DAP.id = t3.id_ppoj AND t3.rn = t4.rn
      
      WHERE 
        DAP.id =3;
      ')
 4 APPPATH/Models/PpojModel.php(373): CodeIgniter\Database\BaseConnection->query('SELECT 		 
        DAP.KELAS,
        DAP.ID ID_PPOJ,
        t1.SUHU_MIN, 
        t1.SUHU_MAX, 
        t2.RH_MIN, 
        t2.RH_MAX,
        t3.HASIL_TPC CAPAR_TPC,
        t3.HASIL_KK CAPAR_KK,
        t4.HASIL_TPC MIKRO_TPC,
        t4.HASIL_KK MIKRO_KK
    FROM 
    data_awal_ppoj DAP 
    LEFT JOIN 
    ( select 
      ID_PPOJ, 
      ROW_NUMBER() over (partition by ID_PPOJ order by HASIL_TPC) as rn, 
      HASIL_TPC, 
      HASIL_KK 
    from mikro_volumetrik ) t4 ON DAP.id = t4.ID_PPOJ left join 
    (select 
      ID_PPOJ, 
      ROW_NUMBER() over (partition by ID_PPOJ order by SUHU_MIN) as rn, 
      SUHU_MIN, 
      SUHU_MAX 
    from 
      suhu ) t1 on DAP.id = t1.ID_PPOJ   and t1.rn = t2.rn LEFT join 
     ( select 
      ID_PPOJ, 
      ROW_NUMBER() over (partition by ID_PPOJ order by RH_MIN) as rn, 
      RH_MIN, 
      RH_MAX 
    from rh ) t2 ON DAP.id = t2.id_ppoj AND t2.rn = t3.rn left JOIN
    ( select 
      ID_PPOJ, 
      ROW_NUMBER() over (partition by ID_PPOJ order by HASIL_TPC) as rn, 
      HASIL_TPC, 
      HASIL_KK 
    from mikro_capar ) t3 ON DAP.id = t3.id_ppoj AND t3.rn = t4.rn
      
      WHERE 
        DAP.id =3;
      ')
 5 APPPATH/Models/PpojModel.php(344): App\Models\PpojModel->DataSuhuRH('( select 
      ID_PPOJ, 
      ROW_NUMBER() over (partition by ID_PPOJ order by HASIL_TPC) as rn, 
      HASIL_TPC, 
      HASIL_KK 
    from mikro_volumetrik )', '(select 
      ID_PPOJ, 
      ROW_NUMBER() over (partition by ID_PPOJ order by SUHU_MIN) as rn, 
      SUHU_MIN, 
      SUHU_MAX 
    from 
      suhu )', ' ( select 
      ID_PPOJ, 
      ROW_NUMBER() over (partition by ID_PPOJ order by RH_MIN) as rn, 
      RH_MIN, 
      RH_MAX 
    from rh )', '( select 
      ID_PPOJ, 
      ROW_NUMBER() over (partition by ID_PPOJ order by HASIL_TPC) as rn, 
      HASIL_TPC, 
      HASIL_KK 
    from mikro_capar )', '3', 't4', 't1', 't2', 't3')
 6 APPPATH/Controllers/DataPpoj.php(109): App\Models\PpojModel->DataPDF(1, 1, 1, 2, '3')
 7 SYSTEMPATH/CodeIgniter.php(932): App\Controllers\DataPpoj->Detail('3')
 8 SYSTEMPATH/CodeIgniter.php(497): CodeIgniter\CodeIgniter->runController(Object(App\Controllers\DataPpoj))
 9 SYSTEMPATH/CodeIgniter.php(366): CodeIgniter\CodeIgniter->handleRequest(null, Object(Config\Cache), false)
10 FCPATH/index.php(79): CodeIgniter\CodeIgniter->run()
INFO - 2024-05-15 08:28:21 --> Session: Class initialized using 'CodeIgniter\Session\Handlers\FileHandler' driver.
INFO - 2024-05-15 08:29:05 --> Session: Class initialized using 'CodeIgniter\Session\Handlers\FileHandler' driver.
INFO - 2024-05-15 08:29:10 --> Session: Class initialized using 'CodeIgniter\Session\Handlers\FileHandler' driver.
INFO - 2024-05-15 08:29:14 --> Session: Class initialized using 'CodeIgniter\Session\Handlers\FileHandler' driver.
INFO - 2024-05-15 08:29:24 --> Session: Class initialized using 'CodeIgniter\Session\Handlers\FileHandler' driver.
INFO - 2024-05-15 08:29:29 --> Session: Class initialized using 'CodeIgniter\Session\Handlers\FileHandler' driver.
INFO - 2024-05-15 08:29:33 --> Session: Class initialized using 'CodeIgniter\Session\Handlers\FileHandler' driver.
INFO - 2024-05-15 08:36:31 --> Session: Class initialized using 'CodeIgniter\Session\Handlers\FileHandler' driver.
INFO - 2024-05-15 08:40:19 --> Session: Class initialized using 'CodeIgniter\Session\Handlers\FileHandler' driver.
INFO - 2024-05-15 08:40:22 --> Session: Class initialized using 'CodeIgniter\Session\Handlers\FileHandler' driver.
INFO - 2024-05-15 08:40:24 --> Session: Class initialized using 'CodeIgniter\Session\Handlers\FileHandler' driver.
INFO - 2024-05-15 08:46:56 --> Session: Class initialized using 'CodeIgniter\Session\Handlers\FileHandler' driver.
INFO - 2024-05-15 08:47:13 --> Session: Class initialized using 'CodeIgniter\Session\Handlers\FileHandler' driver.
INFO - 2024-05-15 08:48:02 --> Session: Class initialized using 'CodeIgniter\Session\Handlers\FileHandler' driver.
INFO - 2024-05-15 08:48:27 --> Session: Class initialized using 'CodeIgniter\Session\Handlers\FileHandler' driver.
INFO - 2024-05-15 08:48:27 --> Session: Class initialized using 'CodeIgniter\Session\Handlers\FileHandler' driver.
INFO - 2024-05-15 08:48:31 --> Session: Class initialized using 'CodeIgniter\Session\Handlers\FileHandler' driver.
INFO - 2024-05-15 08:48:33 --> Session: Class initialized using 'CodeIgniter\Session\Handlers\FileHandler' driver.
INFO - 2024-05-15 08:48:35 --> Session: Class initialized using 'CodeIgniter\Session\Handlers\FileHandler' driver.
ERROR - 2024-05-15 08:48:35 --> mysqli_sql_exception: Unknown column 't3.rn' in 'on clause' in /home/validas1/ci4_core/system/Database/MySQLi/Connection.php:295
Stack trace:
#0 /home/validas1/ci4_core/system/Database/MySQLi/Connection.php(295): mysqli->query('SELECT \t\t \r\n   ...', 0)
#1 /home/validas1/ci4_core/system/Database/BaseConnection.php(692): CodeIgniter\Database\MySQLi\Connection->execute('SELECT \t\t \r\n   ...')
#2 /home/validas1/ci4_core/system/Database/BaseConnection.php(606): CodeIgniter\Database\BaseConnection->simpleQuery('SELECT \t\t \r\n   ...')
#3 /home/validas1/ci4_core/app/Models/PpojModel.php(373): CodeIgniter\Database\BaseConnection->query('SELECT \t\t \r\n   ...')
#4 /home/validas1/ci4_core/app/Models/PpojModel.php(344): App\Models\PpojModel->DataSuhuRH('( select \r\n    ...', '(select \r\n     ...', ' ( select \r\n   ...', '( select \r\n    ...', '3', 't4', 't1', 't2', 't3')
#5 /home/validas1/ci4_core/app/Controllers/DataPpoj.php(109): App\Models\PpojModel->DataPDF(1, 1, 1, 2, '3')
#6 /home/validas1/ci4_core/system/CodeIgniter.php(932): App\Controllers\DataPpoj->Detail('3')
#7 /home/validas1/ci4_core/system/CodeIgniter.php(497): CodeIgniter\CodeIgniter->runController(Object(App\Controllers\DataPpoj))
#8 /home/validas1/ci4_core/system/CodeIgniter.php(366): CodeIgniter\CodeIgniter->handleRequest(NULL, Object(Config\Cache), false)
#9 /home/validas1/ereport.validasickr.my.id/index.php(79): CodeIgniter\CodeIgniter->run()
#10 {main}
CRITICAL - 2024-05-15 08:48:35 --> Unknown column 't3.rn' in 'on clause'
in SYSTEMPATH/Database/MySQLi/Connection.php on line 295.
 1 SYSTEMPATH/Database/MySQLi/Connection.php(295): mysqli->query('SELECT 		 
        DAP.KELAS,
        DAP.ID ID_PPOJ,
        t1.SUHU_MIN, 
        t1.SUHU_MAX, 
        t2.RH_MIN, 
        t2.RH_MAX,
        t3.HASIL_TPC CAPAR_TPC,
        t3.HASIL_KK CAPAR_KK,
        t4.HASIL_TPC MIKRO_TPC,
        t4.HASIL_KK MIKRO_KK
    FROM 
    data_awal_ppoj DAP 
    LEFT JOIN 
    ( select 
      ID_PPOJ, 
      ROW_NUMBER() over (partition by ID_PPOJ order by HASIL_TPC) as rn, 
      HASIL_TPC, 
      HASIL_KK 
    from mikro_volumetrik ) t4 ON DAP.id = t4.ID_PPOJ left join 
    (select 
      ID_PPOJ, 
      ROW_NUMBER() over (partition by ID_PPOJ order by SUHU_MIN) as rn, 
      SUHU_MIN, 
      SUHU_MAX 
    from 
      suhu ) t1 on DAP.id = t1.ID_PPOJ   and t1.rn = t2.rn LEFT join 
     ( select 
      ID_PPOJ, 
      ROW_NUMBER() over (partition by ID_PPOJ order by RH_MIN) as rn, 
      RH_MIN, 
      RH_MAX 
    from rh ) t2 ON DAP.id = t2.id_ppoj AND t2.rn = t3.rn left JOIN
    ( select 
      ID_PPOJ, 
      ROW_NUMBER() over (partition by ID_PPOJ order by HASIL_TPC) as rn, 
      HASIL_TPC, 
      HASIL_KK 
    from mikro_capar ) t3 ON DAP.id = t3.id_ppoj AND t3.rn = t4.rn
      
      WHERE 
        DAP.id =3;
      ', 0)
 2 SYSTEMPATH/Database/BaseConnection.php(692): CodeIgniter\Database\MySQLi\Connection->execute('SELECT 		 
        DAP.KELAS,
        DAP.ID ID_PPOJ,
        t1.SUHU_MIN, 
        t1.SUHU_MAX, 
        t2.RH_MIN, 
        t2.RH_MAX,
        t3.HASIL_TPC CAPAR_TPC,
        t3.HASIL_KK CAPAR_KK,
        t4.HASIL_TPC MIKRO_TPC,
        t4.HASIL_KK MIKRO_KK
    FROM 
    data_awal_ppoj DAP 
    LEFT JOIN 
    ( select 
      ID_PPOJ, 
      ROW_NUMBER() over (partition by ID_PPOJ order by HASIL_TPC) as rn, 
      HASIL_TPC, 
      HASIL_KK 
    from mikro_volumetrik ) t4 ON DAP.id = t4.ID_PPOJ left join 
    (select 
      ID_PPOJ, 
      ROW_NUMBER() over (partition by ID_PPOJ order by SUHU_MIN) as rn, 
      SUHU_MIN, 
      SUHU_MAX 
    from 
      suhu ) t1 on DAP.id = t1.ID_PPOJ   and t1.rn = t2.rn LEFT join 
     ( select 
      ID_PPOJ, 
      ROW_NUMBER() over (partition by ID_PPOJ order by RH_MIN) as rn, 
      RH_MIN, 
      RH_MAX 
    from rh ) t2 ON DAP.id = t2.id_ppoj AND t2.rn = t3.rn left JOIN
    ( select 
      ID_PPOJ, 
      ROW_NUMBER() over (partition by ID_PPOJ order by HASIL_TPC) as rn, 
      HASIL_TPC, 
      HASIL_KK 
    from mikro_capar ) t3 ON DAP.id = t3.id_ppoj AND t3.rn = t4.rn
      
      WHERE 
        DAP.id =3;
      ')
 3 SYSTEMPATH/Database/BaseConnection.php(606): CodeIgniter\Database\BaseConnection->simpleQuery('SELECT 		 
        DAP.KELAS,
        DAP.ID ID_PPOJ,
        t1.SUHU_MIN, 
        t1.SUHU_MAX, 
        t2.RH_MIN, 
        t2.RH_MAX,
        t3.HASIL_TPC CAPAR_TPC,
        t3.HASIL_KK CAPAR_KK,
        t4.HASIL_TPC MIKRO_TPC,
        t4.HASIL_KK MIKRO_KK
    FROM 
    data_awal_ppoj DAP 
    LEFT JOIN 
    ( select 
      ID_PPOJ, 
      ROW_NUMBER() over (partition by ID_PPOJ order by HASIL_TPC) as rn, 
      HASIL_TPC, 
      HASIL_KK 
    from mikro_volumetrik ) t4 ON DAP.id = t4.ID_PPOJ left join 
    (select 
      ID_PPOJ, 
      ROW_NUMBER() over (partition by ID_PPOJ order by SUHU_MIN) as rn, 
      SUHU_MIN, 
      SUHU_MAX 
    from 
      suhu ) t1 on DAP.id = t1.ID_PPOJ   and t1.rn = t2.rn LEFT join 
     ( select 
      ID_PPOJ, 
      ROW_NUMBER() over (partition by ID_PPOJ order by RH_MIN) as rn, 
      RH_MIN, 
      RH_MAX 
    from rh ) t2 ON DAP.id = t2.id_ppoj AND t2.rn = t3.rn left JOIN
    ( select 
      ID_PPOJ, 
      ROW_NUMBER() over (partition by ID_PPOJ order by HASIL_TPC) as rn, 
      HASIL_TPC, 
      HASIL_KK 
    from mikro_capar ) t3 ON DAP.id = t3.id_ppoj AND t3.rn = t4.rn
      
      WHERE 
        DAP.id =3;
      ')
 4 APPPATH/Models/PpojModel.php(373): CodeIgniter\Database\BaseConnection->query('SELECT 		 
        DAP.KELAS,
        DAP.ID ID_PPOJ,
        t1.SUHU_MIN, 
        t1.SUHU_MAX, 
        t2.RH_MIN, 
        t2.RH_MAX,
        t3.HASIL_TPC CAPAR_TPC,
        t3.HASIL_KK CAPAR_KK,
        t4.HASIL_TPC MIKRO_TPC,
        t4.HASIL_KK MIKRO_KK
    FROM 
    data_awal_ppoj DAP 
    LEFT JOIN 
    ( select 
      ID_PPOJ, 
      ROW_NUMBER() over (partition by ID_PPOJ order by HASIL_TPC) as rn, 
      HASIL_TPC, 
      HASIL_KK 
    from mikro_volumetrik ) t4 ON DAP.id = t4.ID_PPOJ left join 
    (select 
      ID_PPOJ, 
      ROW_NUMBER() over (partition by ID_PPOJ order by SUHU_MIN) as rn, 
      SUHU_MIN, 
      SUHU_MAX 
    from 
      suhu ) t1 on DAP.id = t1.ID_PPOJ   and t1.rn = t2.rn LEFT join 
     ( select 
      ID_PPOJ, 
      ROW_NUMBER() over (partition by ID_PPOJ order by RH_MIN) as rn, 
      RH_MIN, 
      RH_MAX 
    from rh ) t2 ON DAP.id = t2.id_ppoj AND t2.rn = t3.rn left JOIN
    ( select 
      ID_PPOJ, 
      ROW_NUMBER() over (partition by ID_PPOJ order by HASIL_TPC) as rn, 
      HASIL_TPC, 
      HASIL_KK 
    from mikro_capar ) t3 ON DAP.id = t3.id_ppoj AND t3.rn = t4.rn
      
      WHERE 
        DAP.id =3;
      ')
 5 APPPATH/Models/PpojModel.php(344): App\Models\PpojModel->DataSuhuRH('( select 
      ID_PPOJ, 
      ROW_NUMBER() over (partition by ID_PPOJ order by HASIL_TPC) as rn, 
      HASIL_TPC, 
      HASIL_KK 
    from mikro_volumetrik )', '(select 
      ID_PPOJ, 
      ROW_NUMBER() over (partition by ID_PPOJ order by SUHU_MIN) as rn, 
      SUHU_MIN, 
      SUHU_MAX 
    from 
      suhu )', ' ( select 
      ID_PPOJ, 
      ROW_NUMBER() over (partition by ID_PPOJ order by RH_MIN) as rn, 
      RH_MIN, 
      RH_MAX 
    from rh )', '( select 
      ID_PPOJ, 
      ROW_NUMBER() over (partition by ID_PPOJ order by HASIL_TPC) as rn, 
      HASIL_TPC, 
      HASIL_KK 
    from mikro_capar )', '3', 't4', 't1', 't2', 't3')
 6 APPPATH/Controllers/DataPpoj.php(109): App\Models\PpojModel->DataPDF(1, 1, 1, 2, '3')
 7 SYSTEMPATH/CodeIgniter.php(932): App\Controllers\DataPpoj->Detail('3')
 8 SYSTEMPATH/CodeIgniter.php(497): CodeIgniter\CodeIgniter->runController(Object(App\Controllers\DataPpoj))
 9 SYSTEMPATH/CodeIgniter.php(366): CodeIgniter\CodeIgniter->handleRequest(null, Object(Config\Cache), false)
10 FCPATH/index.php(79): CodeIgniter\CodeIgniter->run()
INFO - 2024-05-15 08:48:37 --> Session: Class initialized using 'CodeIgniter\Session\Handlers\FileHandler' driver.
INFO - 2024-05-15 08:48:40 --> Session: Class initialized using 'CodeIgniter\Session\Handlers\FileHandler' driver.
INFO - 2024-05-15 08:48:42 --> Session: Class initialized using 'CodeIgniter\Session\Handlers\FileHandler' driver.
INFO - 2024-05-15 08:48:44 --> Session: Class initialized using 'CodeIgniter\Session\Handlers\FileHandler' driver.
INFO - 2024-05-15 08:48:48 --> Session: Class initialized using 'CodeIgniter\Session\Handlers\FileHandler' driver.
INFO - 2024-05-15 08:48:49 --> Session: Class initialized using 'CodeIgniter\Session\Handlers\FileHandler' driver.
INFO - 2024-05-15 08:48:49 --> Session: Class initialized using 'CodeIgniter\Session\Handlers\FileHandler' driver.
INFO - 2024-05-15 08:48:52 --> Session: Class initialized using 'CodeIgniter\Session\Handlers\FileHandler' driver.
INFO - 2024-05-15 08:49:31 --> Session: Class initialized using 'CodeIgniter\Session\Handlers\FileHandler' driver.
INFO - 2024-05-15 08:49:31 --> Session: Class initialized using 'CodeIgniter\Session\Handlers\FileHandler' driver.
INFO - 2024-05-15 08:49:42 --> Session: Class initialized using 'CodeIgniter\Session\Handlers\FileHandler' driver.
INFO - 2024-05-15 08:50:13 --> Session: Class initialized using 'CodeIgniter\Session\Handlers\FileHandler' driver.
INFO - 2024-05-15 08:50:16 --> Session: Class initialized using 'CodeIgniter\Session\Handlers\FileHandler' driver.
INFO - 2024-05-15 08:50:48 --> Session: Class initialized using 'CodeIgniter\Session\Handlers\FileHandler' driver.
INFO - 2024-05-15 08:50:48 --> Session: Class initialized using 'CodeIgniter\Session\Handlers\FileHandler' driver.
INFO - 2024-05-15 08:52:05 --> Session: Class initialized using 'CodeIgniter\Session\Handlers\FileHandler' driver.
INFO - 2024-05-15 08:52:13 --> Session: Class initialized using 'CodeIgniter\Session\Handlers\FileHandler' driver.
INFO - 2024-05-15 08:52:35 --> Session: Class initialized using 'CodeIgniter\Session\Handlers\FileHandler' driver.
INFO - 2024-05-15 08:52:41 --> Session: Class initialized using 'CodeIgniter\Session\Handlers\FileHandler' driver.
INFO - 2024-05-15 08:52:44 --> Session: Class initialized using 'CodeIgniter\Session\Handlers\FileHandler' driver.
INFO - 2024-05-15 08:52:44 --> Session: Class initialized using 'CodeIgniter\Session\Handlers\FileHandler' driver.
INFO - 2024-05-15 08:52:49 --> Session: Class initialized using 'CodeIgniter\Session\Handlers\FileHandler' driver.
INFO - 2024-05-15 08:52:53 --> Session: Class initialized using 'CodeIgniter\Session\Handlers\FileHandler' driver.
INFO - 2024-05-15 08:52:56 --> Session: Class initialized using 'CodeIgniter\Session\Handlers\FileHandler' driver.
INFO - 2024-05-15 08:52:59 --> Session: Class initialized using 'CodeIgniter\Session\Handlers\FileHandler' driver.
INFO - 2024-05-15 08:52:59 --> Session: Class initialized using 'CodeIgniter\Session\Handlers\FileHandler' driver.
INFO - 2024-05-15 08:52:59 --> Session: Class initialized using 'CodeIgniter\Session\Handlers\FileHandler' driver.
INFO - 2024-05-15 08:53:01 --> Session: Class initialized using 'CodeIgniter\Session\Handlers\FileHandler' driver.
INFO - 2024-05-15 08:53:01 --> Session: Class initialized using 'CodeIgniter\Session\Handlers\FileHandler' driver.
INFO - 2024-05-15 08:53:12 --> Session: Class initialized using 'CodeIgniter\Session\Handlers\FileHandler' driver.
INFO - 2024-05-15 08:53:12 --> Session: Class initialized using 'CodeIgniter\Session\Handlers\FileHandler' driver.
INFO - 2024-05-15 08:53:15 --> Session: Class initialized using 'CodeIgniter\Session\Handlers\FileHandler' driver.
INFO - 2024-05-15 08:53:21 --> Session: Class initialized using 'CodeIgniter\Session\Handlers\FileHandler' driver.
INFO - 2024-05-15 08:53:22 --> Session: Class initialized using 'CodeIgniter\Session\Handlers\FileHandler' driver.
INFO - 2024-05-15 08:53:31 --> Session: Class initialized using 'CodeIgniter\Session\Handlers\FileHandler' driver.
INFO - 2024-05-15 08:53:44 --> Session: Class initialized using 'CodeIgniter\Session\Handlers\FileHandler' driver.
INFO - 2024-05-15 08:53:44 --> Session: Class initialized using 'CodeIgniter\Session\Handlers\FileHandler' driver.
INFO - 2024-05-15 08:53:49 --> Session: Class initialized using 'CodeIgniter\Session\Handlers\FileHandler' driver.
INFO - 2024-05-15 08:53:57 --> Session: Class initialized using 'CodeIgniter\Session\Handlers\FileHandler' driver.
INFO - 2024-05-15 08:54:01 --> Session: Class initialized using 'CodeIgniter\Session\Handlers\FileHandler' driver.
INFO - 2024-05-15 08:54:08 --> Session: Class initialized using 'CodeIgniter\Session\Handlers\FileHandler' driver.
INFO - 2024-05-15 08:54:09 --> Session: Class initialized using 'CodeIgniter\Session\Handlers\FileHandler' driver.
INFO - 2024-05-15 08:54:13 --> Session: Class initialized using 'CodeIgniter\Session\Handlers\FileHandler' driver.
INFO - 2024-05-15 08:54:16 --> Session: Class initialized using 'CodeIgniter\Session\Handlers\FileHandler' driver.
INFO - 2024-05-15 08:54:18 --> Session: Class initialized using 'CodeIgniter\Session\Handlers\FileHandler' driver.
INFO - 2024-05-15 08:54:25 --> Session: Class initialized using 'CodeIgniter\Session\Handlers\FileHandler' driver.
INFO - 2024-05-15 08:54:25 --> Session: Class initialized using 'CodeIgniter\Session\Handlers\FileHandler' driver.
INFO - 2024-05-15 08:54:28 --> Session: Class initialized using 'CodeIgniter\Session\Handlers\FileHandler' driver.
INFO - 2024-05-15 08:54:31 --> Session: Class initialized using 'CodeIgniter\Session\Handlers\FileHandler' driver.
INFO - 2024-05-15 08:54:33 --> Session: Class initialized using 'CodeIgniter\Session\Handlers\FileHandler' driver.
INFO - 2024-05-15 08:54:44 --> Session: Class initialized using 'CodeIgniter\Session\Handlers\FileHandler' driver.
INFO - 2024-05-15 08:54:44 --> Session: Class initialized using 'CodeIgniter\Session\Handlers\FileHandler' driver.
INFO - 2024-05-15 08:54:51 --> Session: Class initialized using 'CodeIgniter\Session\Handlers\FileHandler' driver.
INFO - 2024-05-15 08:54:51 --> Session: Class initialized using 'CodeIgniter\Session\Handlers\FileHandler' driver.
INFO - 2024-05-15 08:54:59 --> Session: Class initialized using 'CodeIgniter\Session\Handlers\FileHandler' driver.
INFO - 2024-05-15 08:54:59 --> Session: Class initialized using 'CodeIgniter\Session\Handlers\FileHandler' driver.
INFO - 2024-05-15 08:55:10 --> Session: Class initialized using 'CodeIgniter\Session\Handlers\FileHandler' driver.
INFO - 2024-05-15 08:55:10 --> Session: Class initialized using 'CodeIgniter\Session\Handlers\FileHandler' driver.
INFO - 2024-05-15 08:55:40 --> Session: Class initialized using 'CodeIgniter\Session\Handlers\FileHandler' driver.
INFO - 2024-05-15 08:55:42 --> Session: Class initialized using 'CodeIgniter\Session\Handlers\FileHandler' driver.
INFO - 2024-05-15 08:55:44 --> Session: Class initialized using 'CodeIgniter\Session\Handlers\FileHandler' driver.
INFO - 2024-05-15 08:55:55 --> Session: Class initialized using 'CodeIgniter\Session\Handlers\FileHandler' driver.
INFO - 2024-05-15 08:55:55 --> Session: Class initialized using 'CodeIgniter\Session\Handlers\FileHandler' driver.
INFO - 2024-05-15 08:56:03 --> Session: Class initialized using 'CodeIgniter\Session\Handlers\FileHandler' driver.
INFO - 2024-05-15 08:56:05 --> Session: Class initialized using 'CodeIgniter\Session\Handlers\FileHandler' driver.
INFO - 2024-05-15 08:56:12 --> Session: Class initialized using 'CodeIgniter\Session\Handlers\FileHandler' driver.
INFO - 2024-05-15 08:56:13 --> Session: Class initialized using 'CodeIgniter\Session\Handlers\FileHandler' driver.
INFO - 2024-05-15 08:56:16 --> Session: Class initialized using 'CodeIgniter\Session\Handlers\FileHandler' driver.
INFO - 2024-05-15 08:56:23 --> Session: Class initialized using 'CodeIgniter\Session\Handlers\FileHandler' driver.
INFO - 2024-05-15 08:56:23 --> Session: Class initialized using 'CodeIgniter\Session\Handlers\FileHandler' driver.
INFO - 2024-05-15 08:56:29 --> Session: Class initialized using 'CodeIgniter\Session\Handlers\FileHandler' driver.
INFO - 2024-05-15 08:56:35 --> Session: Class initialized using 'CodeIgniter\Session\Handlers\FileHandler' driver.
INFO - 2024-05-15 08:56:37 --> Session: Class initialized using 'CodeIgniter\Session\Handlers\FileHandler' driver.
INFO - 2024-05-15 08:56:55 --> Session: Class initialized using 'CodeIgniter\Session\Handlers\FileHandler' driver.
INFO - 2024-05-15 08:56:55 --> Session: Class initialized using 'CodeIgniter\Session\Handlers\FileHandler' driver.
INFO - 2024-05-15 08:57:07 --> Session: Class initialized using 'CodeIgniter\Session\Handlers\FileHandler' driver.
INFO - 2024-05-15 08:57:09 --> Session: Class initialized using 'CodeIgniter\Session\Handlers\FileHandler' driver.
INFO - 2024-05-15 08:57:11 --> Session: Class initialized using 'CodeIgniter\Session\Handlers\FileHandler' driver.
INFO - 2024-05-15 08:57:19 --> Session: Class initialized using 'CodeIgniter\Session\Handlers\FileHandler' driver.
INFO - 2024-05-15 08:57:19 --> Session: Class initialized using 'CodeIgniter\Session\Handlers\FileHandler' driver.
INFO - 2024-05-15 08:57:23 --> Session: Class initialized using 'CodeIgniter\Session\Handlers\FileHandler' driver.
INFO - 2024-05-15 08:57:23 --> Session: Class initialized using 'CodeIgniter\Session\Handlers\FileHandler' driver.
INFO - 2024-05-15 08:57:31 --> Session: Class initialized using 'CodeIgniter\Session\Handlers\FileHandler' driver.
INFO - 2024-05-15 08:57:31 --> Session: Class initialized using 'CodeIgniter\Session\Handlers\FileHandler' driver.
INFO - 2024-05-15 08:57:56 --> Session: Class initialized using 'CodeIgniter\Session\Handlers\FileHandler' driver.
INFO - 2024-05-15 08:57:56 --> Session: Class initialized using 'CodeIgniter\Session\Handlers\FileHandler' driver.
INFO - 2024-05-15 08:58:14 --> Session: Class initialized using 'CodeIgniter\Session\Handlers\FileHandler' driver.
INFO - 2024-05-15 08:58:14 --> Session: Class initialized using 'CodeIgniter\Session\Handlers\FileHandler' driver.
INFO - 2024-05-15 08:58:19 --> Session: Class initialized using 'CodeIgniter\Session\Handlers\FileHandler' driver.
INFO - 2024-05-15 08:58:24 --> Session: Class initialized using 'CodeIgniter\Session\Handlers\FileHandler' driver.
INFO - 2024-05-15 08:58:26 --> Session: Class initialized using 'CodeIgniter\Session\Handlers\FileHandler' driver.
INFO - 2024-05-15 08:58:26 --> Session: Class initialized using 'CodeIgniter\Session\Handlers\FileHandler' driver.
INFO - 2024-05-15 08:58:28 --> Session: Class initialized using 'CodeIgniter\Session\Handlers\FileHandler' driver.
INFO - 2024-05-15 08:58:36 --> Session: Class initialized using 'CodeIgniter\Session\Handlers\FileHandler' driver.
INFO - 2024-05-15 08:58:36 --> Session: Class initialized using 'CodeIgniter\Session\Handlers\FileHandler' driver.
INFO - 2024-05-15 08:58:40 --> Session: Class initialized using 'CodeIgniter\Session\Handlers\FileHandler' driver.
INFO - 2024-05-15 08:58:42 --> Session: Class initialized using 'CodeIgniter\Session\Handlers\FileHandler' driver.
INFO - 2024-05-15 08:58:42 --> Session: Class initialized using 'CodeIgniter\Session\Handlers\FileHandler' driver.
INFO - 2024-05-15 08:58:44 --> Session: Class initialized using 'CodeIgniter\Session\Handlers\FileHandler' driver.
INFO - 2024-05-15 08:58:50 --> Session: Class initialized using 'CodeIgniter\Session\Handlers\FileHandler' driver.
INFO - 2024-05-15 08:58:50 --> Session: Class initialized using 'CodeIgniter\Session\Handlers\FileHandler' driver.
INFO - 2024-05-15 08:58:54 --> Session: Class initialized using 'CodeIgniter\Session\Handlers\FileHandler' driver.
INFO - 2024-05-15 08:58:57 --> Session: Class initialized using 'CodeIgniter\Session\Handlers\FileHandler' driver.
INFO - 2024-05-15 08:58:58 --> Session: Class initialized using 'CodeIgniter\Session\Handlers\FileHandler' driver.
INFO - 2024-05-15 08:58:59 --> Session: Class initialized using 'CodeIgniter\Session\Handlers\FileHandler' driver.
INFO - 2024-05-15 08:59:02 --> Session: Class initialized using 'CodeIgniter\Session\Handlers\FileHandler' driver.
INFO - 2024-05-15 08:59:09 --> Session: Class initialized using 'CodeIgniter\Session\Handlers\FileHandler' driver.
INFO - 2024-05-15 08:59:09 --> Session: Class initialized using 'CodeIgniter\Session\Handlers\FileHandler' driver.
INFO - 2024-05-15 08:59:14 --> Session: Class initialized using 'CodeIgniter\Session\Handlers\FileHandler' driver.
INFO - 2024-05-15 08:59:17 --> Session: Class initialized using 'CodeIgniter\Session\Handlers\FileHandler' driver.
INFO - 2024-05-15 08:59:18 --> Session: Class initialized using 'CodeIgniter\Session\Handlers\FileHandler' driver.
INFO - 2024-05-15 08:59:41 --> Session: Class initialized using 'CodeIgniter\Session\Handlers\FileHandler' driver.
INFO - 2024-05-15 08:59:52 --> Session: Class initialized using 'CodeIgniter\Session\Handlers\FileHandler' driver.
INFO - 2024-05-15 08:59:54 --> Session: Class initialized using 'CodeIgniter\Session\Handlers\FileHandler' driver.
INFO - 2024-05-15 08:59:56 --> Session: Class initialized using 'CodeIgniter\Session\Handlers\FileHandler' driver.
INFO - 2024-05-15 09:00:15 --> Session: Class initialized using 'CodeIgniter\Session\Handlers\FileHandler' driver.
INFO - 2024-05-15 09:00:18 --> Session: Class initialized using 'CodeIgniter\Session\Handlers\FileHandler' driver.
INFO - 2024-05-15 09:00:20 --> Session: Class initialized using 'CodeIgniter\Session\Handlers\FileHandler' driver.
INFO - 2024-05-15 09:00:21 --> Session: Class initialized using 'CodeIgniter\Session\Handlers\FileHandler' driver.
INFO - 2024-05-15 09:00:25 --> Session: Class initialized using 'CodeIgniter\Session\Handlers\FileHandler' driver.
INFO - 2024-05-15 09:00:38 --> Session: Class initialized using 'CodeIgniter\Session\Handlers\FileHandler' driver.
INFO - 2024-05-15 09:00:42 --> Session: Class initialized using 'CodeIgniter\Session\Handlers\FileHandler' driver.
INFO - 2024-05-15 09:00:45 --> Session: Class initialized using 'CodeIgniter\Session\Handlers\FileHandler' driver.
INFO - 2024-05-15 09:00:50 --> Session: Class initialized using 'CodeIgniter\Session\Handlers\FileHandler' driver.
INFO - 2024-05-15 09:00:55 --> Session: Class initialized using 'CodeIgniter\Session\Handlers\FileHandler' driver.
INFO - 2024-05-15 09:01:11 --> Session: Class initialized using 'CodeIgniter\Session\Handlers\FileHandler' driver.
INFO - 2024-05-15 09:01:16 --> Session: Class initialized using 'CodeIgniter\Session\Handlers\FileHandler' driver.
INFO - 2024-05-15 09:01:17 --> Session: Class initialized using 'CodeIgniter\Session\Handlers\FileHandler' driver.
INFO - 2024-05-15 09:01:21 --> Session: Class initialized using 'CodeIgniter\Session\Handlers\FileHandler' driver.
INFO - 2024-05-15 09:01:23 --> Session: Class initialized using 'CodeIgniter\Session\Handlers\FileHandler' driver.
INFO - 2024-05-15 09:01:26 --> Session: Class initialized using 'CodeIgniter\Session\Handlers\FileHandler' driver.
INFO - 2024-05-15 09:01:27 --> Session: Class initialized using 'CodeIgniter\Session\Handlers\FileHandler' driver.
INFO - 2024-05-15 09:01:34 --> Session: Class initialized using 'CodeIgniter\Session\Handlers\FileHandler' driver.
INFO - 2024-05-15 09:01:42 --> Session: Class initialized using 'CodeIgniter\Session\Handlers\FileHandler' driver.
CRITICAL - 2024-05-15 09:01:42 --> Trying to access array offset on value of type null
in APPPATH/Controllers/DataPpoj.php on line 112.
 1 APPPATH/Controllers/DataPpoj.php(112): CodeIgniter\Debug\Exceptions->errorHandler(8, 'Trying to access array offset on value of type null', '/home/validas1/ci4_core/app/Controllers/DataPpoj.php', 112, [...])
 2 SYSTEMPATH/CodeIgniter.php(932): App\Controllers\DataPpoj->Detail('7')
 3 SYSTEMPATH/CodeIgniter.php(497): CodeIgniter\CodeIgniter->runController(Object(App\Controllers\DataPpoj))
 4 SYSTEMPATH/CodeIgniter.php(366): CodeIgniter\CodeIgniter->handleRequest(null, Object(Config\Cache), false)
 5 FCPATH/index.php(79): CodeIgniter\CodeIgniter->run()
INFO - 2024-05-15 09:01:53 --> Session: Class initialized using 'CodeIgniter\Session\Handlers\FileHandler' driver.
INFO - 2024-05-15 09:01:56 --> Session: Class initialized using 'CodeIgniter\Session\Handlers\FileHandler' driver.
INFO - 2024-05-15 09:02:11 --> Session: Class initialized using 'CodeIgniter\Session\Handlers\FileHandler' driver.
INFO - 2024-05-15 09:02:14 --> Session: Class initialized using 'CodeIgniter\Session\Handlers\FileHandler' driver.
INFO - 2024-05-15 09:02:18 --> Session: Class initialized using 'CodeIgniter\Session\Handlers\FileHandler' driver.
INFO - 2024-05-15 09:02:22 --> Session: Class initialized using 'CodeIgniter\Session\Handlers\FileHandler' driver.
INFO - 2024-05-15 09:02:26 --> Session: Class initialized using 'CodeIgniter\Session\Handlers\FileHandler' driver.
INFO - 2024-05-15 09:15:35 --> Session: Class initialized using 'CodeIgniter\Session\Handlers\FileHandler' driver.
INFO - 2024-05-15 09:16:12 --> Session: Class initialized using 'CodeIgniter\Session\Handlers\FileHandler' driver.
INFO - 2024-05-15 09:17:05 --> Session: Class initialized using 'CodeIgniter\Session\Handlers\FileHandler' driver.
INFO - 2024-05-15 09:17:07 --> Session: Class initialized using 'CodeIgniter\Session\Handlers\FileHandler' driver.
INFO - 2024-05-15 09:17:10 --> Session: Class initialized using 'CodeIgniter\Session\Handlers\FileHandler' driver.
INFO - 2024-05-15 09:44:08 --> Session: Class initialized using 'CodeIgniter\Session\Handlers\FileHandler' driver.
INFO - 2024-05-15 14:18:39 --> Session: Class initialized using 'CodeIgniter\Session\Handlers\FileHandler' driver.
INFO - 2024-05-15 14:18:40 --> Session: Class initialized using 'CodeIgniter\Session\Handlers\FileHandler' driver.
INFO - 2024-05-15 14:18:51 --> Session: Class initialized using 'CodeIgniter\Session\Handlers\FileHandler' driver.
INFO - 2024-05-15 14:18:51 --> Session: Class initialized using 'CodeIgniter\Session\Handlers\FileHandler' driver.
INFO - 2024-05-15 14:18:52 --> Session: Class initialized using 'CodeIgniter\Session\Handlers\FileHandler' driver.
INFO - 2024-05-15 14:18:52 --> Session: Class initialized using 'CodeIgniter\Session\Handlers\FileHandler' driver.
INFO - 2024-05-15 14:18:57 --> Session: Class initialized using 'CodeIgniter\Session\Handlers\FileHandler' driver.
INFO - 2024-05-15 14:19:06 --> Session: Class initialized using 'CodeIgniter\Session\Handlers\FileHandler' driver.
INFO - 2024-05-15 14:19:06 --> Session: Class initialized using 'CodeIgniter\Session\Handlers\FileHandler' driver.
INFO - 2024-05-15 14:19:17 --> Session: Class initialized using 'CodeIgniter\Session\Handlers\FileHandler' driver.
INFO - 2024-05-15 14:19:17 --> Session: Class initialized using 'CodeIgniter\Session\Handlers\FileHandler' driver.
INFO - 2024-05-15 14:19:30 --> Session: Class initialized using 'CodeIgniter\Session\Handlers\FileHandler' driver.
INFO - 2024-05-15 14:19:30 --> Session: Class initialized using 'CodeIgniter\Session\Handlers\FileHandler' driver.
INFO - 2024-05-15 14:19:38 --> Session: Class initialized using 'CodeIgniter\Session\Handlers\FileHandler' driver.
INFO - 2024-05-15 14:19:38 --> Session: Class initialized using 'CodeIgniter\Session\Handlers\FileHandler' driver.
INFO - 2024-05-15 14:19:49 --> Session: Class initialized using 'CodeIgniter\Session\Handlers\FileHandler' driver.
INFO - 2024-05-15 14:19:49 --> Session: Class initialized using 'CodeIgniter\Session\Handlers\FileHandler' driver.
INFO - 2024-05-15 14:19:51 --> Session: Class initialized using 'CodeIgniter\Session\Handlers\FileHandler' driver.
INFO - 2024-05-15 14:19:53 --> Session: Class initialized using 'CodeIgniter\Session\Handlers\FileHandler' driver.
INFO - 2024-05-15 14:20:09 --> Session: Class initialized using 'CodeIgniter\Session\Handlers\FileHandler' driver.
INFO - 2024-05-15 14:20:09 --> Session: Class initialized using 'CodeIgniter\Session\Handlers\FileHandler' driver.
INFO - 2024-05-15 14:20:12 --> Session: Class initialized using 'CodeIgniter\Session\Handlers\FileHandler' driver.
INFO - 2024-05-15 14:20:13 --> Session: Class initialized using 'CodeIgniter\Session\Handlers\FileHandler' driver.
INFO - 2024-05-15 14:20:15 --> Session: Class initialized using 'CodeIgniter\Session\Handlers\FileHandler' driver.
INFO - 2024-05-15 14:20:40 --> Session: Class initialized using 'CodeIgniter\Session\Handlers\FileHandler' driver.
INFO - 2024-05-15 14:20:40 --> Session: Class initialized using 'CodeIgniter\Session\Handlers\FileHandler' driver.
INFO - 2024-05-15 14:22:14 --> Session: Class initialized using 'CodeIgniter\Session\Handlers\FileHandler' driver.
INFO - 2024-05-15 14:22:23 --> Session: Class initialized using 'CodeIgniter\Session\Handlers\FileHandler' driver.
INFO - 2024-05-15 14:22:24 --> Session: Class initialized using 'CodeIgniter\Session\Handlers\FileHandler' driver.
INFO - 2024-05-15 14:22:34 --> Session: Class initialized using 'CodeIgniter\Session\Handlers\FileHandler' driver.
INFO - 2024-05-15 14:22:34 --> Session: Class initialized using 'CodeIgniter\Session\Handlers\FileHandler' driver.
INFO - 2024-05-15 14:23:09 --> Session: Class initialized using 'CodeIgniter\Session\Handlers\FileHandler' driver.
INFO - 2024-05-15 14:23:48 --> Session: Class initialized using 'CodeIgniter\Session\Handlers\FileHandler' driver.
INFO - 2024-05-15 14:23:48 --> Session: Class initialized using 'CodeIgniter\Session\Handlers\FileHandler' driver.
INFO - 2024-05-15 14:24:49 --> Session: Class initialized using 'CodeIgniter\Session\Handlers\FileHandler' driver.
INFO - 2024-05-15 14:24:49 --> Session: Class initialized using 'CodeIgniter\Session\Handlers\FileHandler' driver.
INFO - 2024-05-15 14:30:26 --> Session: Class initialized using 'CodeIgniter\Session\Handlers\FileHandler' driver.
INFO - 2024-05-15 21:05:27 --> Session: Class initialized using 'CodeIgniter\Session\Handlers\FileHandler' driver.
INFO - 2024-05-15 21:05:27 --> Session: Class initialized using 'CodeIgniter\Session\Handlers\FileHandler' driver.
INFO - 2024-05-15 21:05:34 --> Session: Class initialized using 'CodeIgniter\Session\Handlers\FileHandler' driver.
INFO - 2024-05-15 21:05:34 --> Session: Class initialized using 'CodeIgniter\Session\Handlers\FileHandler' driver.
INFO - 2024-05-15 21:05:34 --> Session: Class initialized using 'CodeIgniter\Session\Handlers\FileHandler' driver.
INFO - 2024-05-15 21:05:35 --> Session: Class initialized using 'CodeIgniter\Session\Handlers\FileHandler' driver.
INFO - 2024-05-15 21:07:12 --> Session: Class initialized using 'CodeIgniter\Session\Handlers\FileHandler' driver.
INFO - 2024-05-15 21:07:12 --> Session: Class initialized using 'CodeIgniter\Session\Handlers\FileHandler' driver.
INFO - 2024-05-15 21:07:16 --> Session: Class initialized using 'CodeIgniter\Session\Handlers\FileHandler' driver.
INFO - 2024-05-15 21:07:19 --> Session: Class initialized using 'CodeIgniter\Session\Handlers\FileHandler' driver.
INFO - 2024-05-15 21:07:24 --> Session: Class initialized using 'CodeIgniter\Session\Handlers\FileHandler' driver.
ERROR - 2024-05-15 21:07:24 --> mysqli_sql_exception: Unknown column 't3.rn' in 'on clause' in /home/validas1/ci4_core/system/Database/MySQLi/Connection.php:295
Stack trace:
#0 /home/validas1/ci4_core/system/Database/MySQLi/Connection.php(295): mysqli->query('SELECT \t\t \r\n   ...', 0)
#1 /home/validas1/ci4_core/system/Database/BaseConnection.php(692): CodeIgniter\Database\MySQLi\Connection->execute('SELECT \t\t \r\n   ...')
#2 /home/validas1/ci4_core/system/Database/BaseConnection.php(606): CodeIgniter\Database\BaseConnection->simpleQuery('SELECT \t\t \r\n   ...')
#3 /home/validas1/ci4_core/app/Models/PpojModel.php(373): CodeIgniter\Database\BaseConnection->query('SELECT \t\t \r\n   ...')
#4 /home/validas1/ci4_core/app/Models/PpojModel.php(344): App\Models\PpojModel->DataSuhuRH('(select \r\n     ...', ' ( select \r\n   ...', '( select \r\n    ...', '( select \r\n    ...', '5', 't1', 't2', 't4', 't3')
#5 /home/validas1/ci4_core/app/Controllers/DataPpoj.php(109): App\Models\PpojModel->DataPDF(1, 1, 0, 1, '5')
#6 /home/validas1/ci4_core/system/CodeIgniter.php(932): App\Controllers\DataPpoj->Detail('5')
#7 /home/validas1/ci4_core/system/CodeIgniter.php(497): CodeIgniter\CodeIgniter->runController(Object(App\Controllers\DataPpoj))
#8 /home/validas1/ci4_core/system/CodeIgniter.php(366): CodeIgniter\CodeIgniter->handleRequest(NULL, Object(Config\Cache), false)
#9 /home/validas1/ereport.validasickr.my.id/index.php(79): CodeIgniter\CodeIgniter->run()
#10 {main}
CRITICAL - 2024-05-15 21:07:24 --> Unknown column 't3.rn' in 'on clause'
in SYSTEMPATH/Database/MySQLi/Connection.php on line 295.
 1 SYSTEMPATH/Database/MySQLi/Connection.php(295): mysqli->query('SELECT 		 
        DAP.KELAS,
        DAP.ID ID_PPOJ,
        t1.SUHU_MIN, 
        t1.SUHU_MAX, 
        t2.RH_MIN, 
        t2.RH_MAX,
        t3.HASIL_TPC CAPAR_TPC,
        t3.HASIL_KK CAPAR_KK,
        t4.HASIL_TPC MIKRO_TPC,
        t4.HASIL_KK MIKRO_KK
    FROM 
    data_awal_ppoj DAP 
    LEFT JOIN 
    (select 
      ID_PPOJ, 
      ROW_NUMBER() over (partition by ID_PPOJ order by SUHU_MIN) as rn, 
      SUHU_MIN, 
      SUHU_MAX 
    from 
      suhu ) t1 ON DAP.id = t1.ID_PPOJ left join 
     ( select 
      ID_PPOJ, 
      ROW_NUMBER() over (partition by ID_PPOJ order by RH_MIN) as rn, 
      RH_MIN, 
      RH_MAX 
    from rh ) t2 on DAP.id = t2.ID_PPOJ   and t1.rn = t2.rn LEFT join 
    ( select 
      ID_PPOJ, 
      ROW_NUMBER() over (partition by ID_PPOJ order by HASIL_TPC) as rn, 
      HASIL_TPC, 
      HASIL_KK 
    from mikro_volumetrik ) t4 ON DAP.id = t4.id_ppoj AND t2.rn = t3.rn left JOIN
    ( select 
      ID_PPOJ, 
      ROW_NUMBER() over (partition by ID_PPOJ order by HASIL_TPC) as rn, 
      HASIL_TPC, 
      HASIL_KK 
    from mikro_capar ) t3 ON DAP.id = t3.id_ppoj AND t3.rn = t4.rn
      
      WHERE 
        DAP.id =5;
      ', 0)
 2 SYSTEMPATH/Database/BaseConnection.php(692): CodeIgniter\Database\MySQLi\Connection->execute('SELECT 		 
        DAP.KELAS,
        DAP.ID ID_PPOJ,
        t1.SUHU_MIN, 
        t1.SUHU_MAX, 
        t2.RH_MIN, 
        t2.RH_MAX,
        t3.HASIL_TPC CAPAR_TPC,
        t3.HASIL_KK CAPAR_KK,
        t4.HASIL_TPC MIKRO_TPC,
        t4.HASIL_KK MIKRO_KK
    FROM 
    data_awal_ppoj DAP 
    LEFT JOIN 
    (select 
      ID_PPOJ, 
      ROW_NUMBER() over (partition by ID_PPOJ order by SUHU_MIN) as rn, 
      SUHU_MIN, 
      SUHU_MAX 
    from 
      suhu ) t1 ON DAP.id = t1.ID_PPOJ left join 
     ( select 
      ID_PPOJ, 
      ROW_NUMBER() over (partition by ID_PPOJ order by RH_MIN) as rn, 
      RH_MIN, 
      RH_MAX 
    from rh ) t2 on DAP.id = t2.ID_PPOJ   and t1.rn = t2.rn LEFT join 
    ( select 
      ID_PPOJ, 
      ROW_NUMBER() over (partition by ID_PPOJ order by HASIL_TPC) as rn, 
      HASIL_TPC, 
      HASIL_KK 
    from mikro_volumetrik ) t4 ON DAP.id = t4.id_ppoj AND t2.rn = t3.rn left JOIN
    ( select 
      ID_PPOJ, 
      ROW_NUMBER() over (partition by ID_PPOJ order by HASIL_TPC) as rn, 
      HASIL_TPC, 
      HASIL_KK 
    from mikro_capar ) t3 ON DAP.id = t3.id_ppoj AND t3.rn = t4.rn
      
      WHERE 
        DAP.id =5;
      ')
 3 SYSTEMPATH/Database/BaseConnection.php(606): CodeIgniter\Database\BaseConnection->simpleQuery('SELECT 		 
        DAP.KELAS,
        DAP.ID ID_PPOJ,
        t1.SUHU_MIN, 
        t1.SUHU_MAX, 
        t2.RH_MIN, 
        t2.RH_MAX,
        t3.HASIL_TPC CAPAR_TPC,
        t3.HASIL_KK CAPAR_KK,
        t4.HASIL_TPC MIKRO_TPC,
        t4.HASIL_KK MIKRO_KK
    FROM 
    data_awal_ppoj DAP 
    LEFT JOIN 
    (select 
      ID_PPOJ, 
      ROW_NUMBER() over (partition by ID_PPOJ order by SUHU_MIN) as rn, 
      SUHU_MIN, 
      SUHU_MAX 
    from 
      suhu ) t1 ON DAP.id = t1.ID_PPOJ left join 
     ( select 
      ID_PPOJ, 
      ROW_NUMBER() over (partition by ID_PPOJ order by RH_MIN) as rn, 
      RH_MIN, 
      RH_MAX 
    from rh ) t2 on DAP.id = t2.ID_PPOJ   and t1.rn = t2.rn LEFT join 
    ( select 
      ID_PPOJ, 
      ROW_NUMBER() over (partition by ID_PPOJ order by HASIL_TPC) as rn, 
      HASIL_TPC, 
      HASIL_KK 
    from mikro_volumetrik ) t4 ON DAP.id = t4.id_ppoj AND t2.rn = t3.rn left JOIN
    ( select 
      ID_PPOJ, 
      ROW_NUMBER() over (partition by ID_PPOJ order by HASIL_TPC) as rn, 
      HASIL_TPC, 
      HASIL_KK 
    from mikro_capar ) t3 ON DAP.id = t3.id_ppoj AND t3.rn = t4.rn
      
      WHERE 
        DAP.id =5;
      ')
 4 APPPATH/Models/PpojModel.php(373): CodeIgniter\Database\BaseConnection->query('SELECT 		 
        DAP.KELAS,
        DAP.ID ID_PPOJ,
        t1.SUHU_MIN, 
        t1.SUHU_MAX, 
        t2.RH_MIN, 
        t2.RH_MAX,
        t3.HASIL_TPC CAPAR_TPC,
        t3.HASIL_KK CAPAR_KK,
        t4.HASIL_TPC MIKRO_TPC,
        t4.HASIL_KK MIKRO_KK
    FROM 
    data_awal_ppoj DAP 
    LEFT JOIN 
    (select 
      ID_PPOJ, 
      ROW_NUMBER() over (partition by ID_PPOJ order by SUHU_MIN) as rn, 
      SUHU_MIN, 
      SUHU_MAX 
    from 
      suhu ) t1 ON DAP.id = t1.ID_PPOJ left join 
     ( select 
      ID_PPOJ, 
      ROW_NUMBER() over (partition by ID_PPOJ order by RH_MIN) as rn, 
      RH_MIN, 
      RH_MAX 
    from rh ) t2 on DAP.id = t2.ID_PPOJ   and t1.rn = t2.rn LEFT join 
    ( select 
      ID_PPOJ, 
      ROW_NUMBER() over (partition by ID_PPOJ order by HASIL_TPC) as rn, 
      HASIL_TPC, 
      HASIL_KK 
    from mikro_volumetrik ) t4 ON DAP.id = t4.id_ppoj AND t2.rn = t3.rn left JOIN
    ( select 
      ID_PPOJ, 
      ROW_NUMBER() over (partition by ID_PPOJ order by HASIL_TPC) as rn, 
      HASIL_TPC, 
      HASIL_KK 
    from mikro_capar ) t3 ON DAP.id = t3.id_ppoj AND t3.rn = t4.rn
      
      WHERE 
        DAP.id =5;
      ')
 5 APPPATH/Models/PpojModel.php(344): App\Models\PpojModel->DataSuhuRH('(select 
      ID_PPOJ, 
      ROW_NUMBER() over (partition by ID_PPOJ order by SUHU_MIN) as rn, 
      SUHU_MIN, 
      SUHU_MAX 
    from 
      suhu )', ' ( select 
      ID_PPOJ, 
      ROW_NUMBER() over (partition by ID_PPOJ order by RH_MIN) as rn, 
      RH_MIN, 
      RH_MAX 
    from rh )', '( select 
      ID_PPOJ, 
      ROW_NUMBER() over (partition by ID_PPOJ order by HASIL_TPC) as rn, 
      HASIL_TPC, 
      HASIL_KK 
    from mikro_volumetrik )', '( select 
      ID_PPOJ, 
      ROW_NUMBER() over (partition by ID_PPOJ order by HASIL_TPC) as rn, 
      HASIL_TPC, 
      HASIL_KK 
    from mikro_capar )', '5', 't1', 't2', 't4', 't3')
 6 APPPATH/Controllers/DataPpoj.php(109): App\Models\PpojModel->DataPDF(1, 1, 0, 1, '5')
 7 SYSTEMPATH/CodeIgniter.php(932): App\Controllers\DataPpoj->Detail('5')
 8 SYSTEMPATH/CodeIgniter.php(497): CodeIgniter\CodeIgniter->runController(Object(App\Controllers\DataPpoj))
 9 SYSTEMPATH/CodeIgniter.php(366): CodeIgniter\CodeIgniter->handleRequest(null, Object(Config\Cache), false)
10 FCPATH/index.php(79): CodeIgniter\CodeIgniter->run()
INFO - 2024-05-15 21:09:41 --> Session: Class initialized using 'CodeIgniter\Session\Handlers\FileHandler' driver.
INFO - 2024-05-15 21:10:43 --> Session: Class initialized using 'CodeIgniter\Session\Handlers\FileHandler' driver.
INFO - 2024-05-15 21:10:57 --> Session: Class initialized using 'CodeIgniter\Session\Handlers\FileHandler' driver.
INFO - 2024-05-15 21:11:00 --> Session: Class initialized using 'CodeIgniter\Session\Handlers\FileHandler' driver.
INFO - 2024-05-15 21:11:05 --> Session: Class initialized using 'CodeIgniter\Session\Handlers\FileHandler' driver.
INFO - 2024-05-15 21:11:17 --> Session: Class initialized using 'CodeIgniter\Session\Handlers\FileHandler' driver.
INFO - 2024-05-15 21:11:50 --> Session: Class initialized using 'CodeIgniter\Session\Handlers\FileHandler' driver.
INFO - 2024-05-15 21:16:34 --> Session: Class initialized using 'CodeIgniter\Session\Handlers\FileHandler' driver.
INFO - 2024-05-15 21:16:38 --> Session: Class initialized using 'CodeIgniter\Session\Handlers\FileHandler' driver.
INFO - 2024-05-15 21:16:56 --> Session: Class initialized using 'CodeIgniter\Session\Handlers\FileHandler' driver.
INFO - 2024-05-15 21:16:59 --> Session: Class initialized using 'CodeIgniter\Session\Handlers\FileHandler' driver.
INFO - 2024-05-15 21:17:02 --> Session: Class initialized using 'CodeIgniter\Session\Handlers\FileHandler' driver.
INFO - 2024-05-15 21:17:40 --> Session: Class initialized using 'CodeIgniter\Session\Handlers\FileHandler' driver.
INFO - 2024-05-15 21:17:44 --> Session: Class initialized using 'CodeIgniter\Session\Handlers\FileHandler' driver.
INFO - 2024-05-15 21:17:47 --> Session: Class initialized using 'CodeIgniter\Session\Handlers\FileHandler' driver.
INFO - 2024-05-15 21:18:45 --> Session: Class initialized using 'CodeIgniter\Session\Handlers\FileHandler' driver.
INFO - 2024-05-15 21:18:51 --> Session: Class initialized using 'CodeIgniter\Session\Handlers\FileHandler' driver.
INFO - 2024-05-15 21:18:57 --> Session: Class initialized using 'CodeIgniter\Session\Handlers\FileHandler' driver.
INFO - 2024-05-15 21:19:03 --> Session: Class initialized using 'CodeIgniter\Session\Handlers\FileHandler' driver.
INFO - 2024-05-15 21:19:19 --> Session: Class initialized using 'CodeIgniter\Session\Handlers\FileHandler' driver.
INFO - 2024-05-15 21:19:21 --> Session: Class initialized using 'CodeIgniter\Session\Handlers\FileHandler' driver.
INFO - 2024-05-15 21:19:24 --> Session: Class initialized using 'CodeIgniter\Session\Handlers\FileHandler' driver.
INFO - 2024-05-15 21:20:41 --> Session: Class initialized using 'CodeIgniter\Session\Handlers\FileHandler' driver.
INFO - 2024-05-15 21:20:41 --> Session: Class initialized using 'CodeIgniter\Session\Handlers\FileHandler' driver.
INFO - 2024-05-15 21:20:41 --> Session: Class initialized using 'CodeIgniter\Session\Handlers\FileHandler' driver.
INFO - 2024-05-15 21:20:52 --> Session: Class initialized using 'CodeIgniter\Session\Handlers\FileHandler' driver.
INFO - 2024-05-15 21:20:52 --> Session: Class initialized using 'CodeIgniter\Session\Handlers\FileHandler' driver.
INFO - 2024-05-15 21:20:55 --> Session: Class initialized using 'CodeIgniter\Session\Handlers\FileHandler' driver.
INFO - 2024-05-15 21:20:59 --> Session: Class initialized using 'CodeIgniter\Session\Handlers\FileHandler' driver.
INFO - 2024-05-15 21:21:13 --> Session: Class initialized using 'CodeIgniter\Session\Handlers\FileHandler' driver.
INFO - 2024-05-15 21:21:13 --> Session: Class initialized using 'CodeIgniter\Session\Handlers\FileHandler' driver.
INFO - 2024-05-15 21:21:13 --> Session: Class initialized using 'CodeIgniter\Session\Handlers\FileHandler' driver.
INFO - 2024-05-15 21:21:17 --> Session: Class initialized using 'CodeIgniter\Session\Handlers\FileHandler' driver.
INFO - 2024-05-15 21:21:17 --> Session: Class initialized using 'CodeIgniter\Session\Handlers\FileHandler' driver.
INFO - 2024-05-15 21:21:20 --> Session: Class initialized using 'CodeIgniter\Session\Handlers\FileHandler' driver.
INFO - 2024-05-15 21:21:24 --> Session: Class initialized using 'CodeIgniter\Session\Handlers\FileHandler' driver.
INFO - 2024-05-15 21:21:31 --> Session: Class initialized using 'CodeIgniter\Session\Handlers\FileHandler' driver.
INFO - 2024-05-15 21:21:43 --> Session: Class initialized using 'CodeIgniter\Session\Handlers\FileHandler' driver.
INFO - 2024-05-15 21:21:47 --> Session: Class initialized using 'CodeIgniter\Session\Handlers\FileHandler' driver.
INFO - 2024-05-15 21:21:47 --> Session: Class initialized using 'CodeIgniter\Session\Handlers\FileHandler' driver.
INFO - 2024-05-15 21:21:51 --> Session: Class initialized using 'CodeIgniter\Session\Handlers\FileHandler' driver.
INFO - 2024-05-15 21:21:55 --> Session: Class initialized using 'CodeIgniter\Session\Handlers\FileHandler' driver.
