INFO - 2025-05-28 00:55:43 --> Session: Class initialized using 'CodeIgniter\Session\Handlers\FileHandler' driver.
INFO - 2025-05-28 00:55:43 --> Session: Class initialized using 'CodeIgniter\Session\Handlers\FileHandler' driver.
INFO - 2025-05-28 00:55:48 --> Session: Class initialized using 'CodeIgniter\Session\Handlers\FileHandler' driver.
INFO - 2025-05-28 00:55:48 --> Session: Class initialized using 'CodeIgniter\Session\Handlers\FileHandler' driver.
INFO - 2025-05-28 00:55:55 --> Session: Class initialized using 'CodeIgniter\Session\Handlers\FileHandler' driver.
INFO - 2025-05-28 00:55:58 --> Session: Class initialized using 'CodeIgniter\Session\Handlers\FileHandler' driver.
INFO - 2025-05-28 00:56:00 --> Session: Class initialized using 'CodeIgniter\Session\Handlers\FileHandler' driver.
INFO - 2025-05-28 00:56:08 --> Session: Class initialized using 'CodeIgniter\Session\Handlers\FileHandler' driver.
INFO - 2025-05-28 00:56:08 --> Session: Class initialized using 'CodeIgniter\Session\Handlers\FileHandler' driver.
INFO - 2025-05-28 00:56:16 --> Session: Class initialized using 'CodeIgniter\Session\Handlers\FileHandler' driver.
INFO - 2025-05-28 00:56:16 --> Session: Class initialized using 'CodeIgniter\Session\Handlers\FileHandler' driver.
INFO - 2025-05-28 00:56:22 --> Session: Class initialized using 'CodeIgniter\Session\Handlers\FileHandler' driver.
INFO - 2025-05-28 00:56:22 --> Session: Class initialized using 'CodeIgniter\Session\Handlers\FileHandler' driver.
INFO - 2025-05-28 00:56:30 --> Session: Class initialized using 'CodeIgniter\Session\Handlers\FileHandler' driver.
INFO - 2025-05-28 00:56:30 --> Session: Class initialized using 'CodeIgniter\Session\Handlers\FileHandler' driver.
INFO - 2025-05-28 00:56:38 --> Session: Class initialized using 'CodeIgniter\Session\Handlers\FileHandler' driver.
INFO - 2025-05-28 00:56:38 --> Session: Class initialized using 'CodeIgniter\Session\Handlers\FileHandler' driver.
INFO - 2025-05-28 00:56:45 --> Session: Class initialized using 'CodeIgniter\Session\Handlers\FileHandler' driver.
INFO - 2025-05-28 00:56:45 --> Session: Class initialized using 'CodeIgniter\Session\Handlers\FileHandler' driver.
INFO - 2025-05-28 00:56:52 --> Session: Class initialized using 'CodeIgniter\Session\Handlers\FileHandler' driver.
INFO - 2025-05-28 00:56:52 --> Session: Class initialized using 'CodeIgniter\Session\Handlers\FileHandler' driver.
INFO - 2025-05-28 00:56:58 --> Session: Class initialized using 'CodeIgniter\Session\Handlers\FileHandler' driver.
INFO - 2025-05-28 00:56:58 --> Session: Class initialized using 'CodeIgniter\Session\Handlers\FileHandler' driver.
INFO - 2025-05-28 00:57:05 --> Session: Class initialized using 'CodeIgniter\Session\Handlers\FileHandler' driver.
INFO - 2025-05-28 00:57:05 --> Session: Class initialized using 'CodeIgniter\Session\Handlers\FileHandler' driver.
INFO - 2025-05-28 00:57:07 --> Session: Class initialized using 'CodeIgniter\Session\Handlers\FileHandler' driver.
INFO - 2025-05-28 00:57:10 --> Session: Class initialized using 'CodeIgniter\Session\Handlers\FileHandler' driver.
INFO - 2025-05-28 00:57:10 --> Session: Class initialized using 'CodeIgniter\Session\Handlers\FileHandler' driver.
INFO - 2025-05-28 00:57:15 --> Session: Class initialized using 'CodeIgniter\Session\Handlers\FileHandler' driver.
INFO - 2025-05-28 00:57:17 --> Session: Class initialized using 'CodeIgniter\Session\Handlers\FileHandler' driver.
INFO - 2025-05-28 00:57:18 --> Session: Class initialized using 'CodeIgniter\Session\Handlers\FileHandler' driver.
INFO - 2025-05-28 00:57:23 --> Session: Class initialized using 'CodeIgniter\Session\Handlers\FileHandler' driver.
INFO - 2025-05-28 01:03:21 --> Session: Class initialized using 'CodeIgniter\Session\Handlers\FileHandler' driver.
INFO - 2025-05-28 01:03:22 --> Session: Class initialized using 'CodeIgniter\Session\Handlers\FileHandler' driver.
CRITICAL - 2025-05-28 01:03:22 --> Undefined array key "hasil_flow"
in APPPATH\Views\AtRest\Getpdf.php on line 248.
 1 APPPATH\Views\AtRest\Getpdf.php(248): CodeIgniter\Debug\Exceptions->errorHandler(2, 'Undefined array key "hasil_flow"', 'C:\\xampp\\htdocs\\e-reportruangan\\app\\Views\\AtRest\\Getpdf.php', 248)
 2 SYSTEMPATH\View\View.php(224): include('C:\\xampp\\htdocs\\e-reportruangan\\app\\Views\\AtRest\\Getpdf.php')
 3 SYSTEMPATH\View\View.php(227): CodeIgniter\View\View->CodeIgniter\View\{closure}()
 4 SYSTEMPATH\Common.php(1180): CodeIgniter\View\View->render('AtRest/Getpdf', [], true)
 5 APPPATH\Controllers\DataPpoj.php(74): view('AtRest/Getpdf', [...])
 6 SYSTEMPATH\CodeIgniter.php(932): App\Controllers\DataPpoj->DetailPpoj(' 241')
 7 SYSTEMPATH\CodeIgniter.php(497): CodeIgniter\CodeIgniter->runController(Object(App\Controllers\DataPpoj))
 8 SYSTEMPATH\CodeIgniter.php(366): CodeIgniter\CodeIgniter->handleRequest(null, Object(Config\Cache), false)
 9 FCPATH\index.php(81): CodeIgniter\CodeIgniter->run()
INFO - 2025-05-28 01:04:28 --> Session: Class initialized using 'CodeIgniter\Session\Handlers\FileHandler' driver.
INFO - 2025-05-28 01:06:17 --> Session: Class initialized using 'CodeIgniter\Session\Handlers\FileHandler' driver.
INFO - 2025-05-28 01:06:18 --> Session: Class initialized using 'CodeIgniter\Session\Handlers\FileHandler' driver.
INFO - 2025-05-28 01:06:19 --> Session: Class initialized using 'CodeIgniter\Session\Handlers\FileHandler' driver.
INFO - 2025-05-28 01:06:44 --> Session: Class initialized using 'CodeIgniter\Session\Handlers\FileHandler' driver.
INFO - 2025-05-28 01:06:45 --> Session: Class initialized using 'CodeIgniter\Session\Handlers\FileHandler' driver.
INFO - 2025-05-28 01:07:28 --> Session: Class initialized using 'CodeIgniter\Session\Handlers\FileHandler' driver.
INFO - 2025-05-28 01:07:30 --> Session: Class initialized using 'CodeIgniter\Session\Handlers\FileHandler' driver.
INFO - 2025-05-28 01:07:32 --> Session: Class initialized using 'CodeIgniter\Session\Handlers\FileHandler' driver.
INFO - 2025-05-28 01:07:39 --> Session: Class initialized using 'CodeIgniter\Session\Handlers\FileHandler' driver.
INFO - 2025-05-28 01:07:39 --> Session: Class initialized using 'CodeIgniter\Session\Handlers\FileHandler' driver.
INFO - 2025-05-28 01:07:47 --> Session: Class initialized using 'CodeIgniter\Session\Handlers\FileHandler' driver.
INFO - 2025-05-28 01:07:47 --> Session: Class initialized using 'CodeIgniter\Session\Handlers\FileHandler' driver.
INFO - 2025-05-28 01:07:52 --> Session: Class initialized using 'CodeIgniter\Session\Handlers\FileHandler' driver.
INFO - 2025-05-28 01:07:52 --> Session: Class initialized using 'CodeIgniter\Session\Handlers\FileHandler' driver.
INFO - 2025-05-28 01:08:00 --> Session: Class initialized using 'CodeIgniter\Session\Handlers\FileHandler' driver.
INFO - 2025-05-28 01:08:00 --> Session: Class initialized using 'CodeIgniter\Session\Handlers\FileHandler' driver.
INFO - 2025-05-28 01:08:06 --> Session: Class initialized using 'CodeIgniter\Session\Handlers\FileHandler' driver.
INFO - 2025-05-28 01:08:06 --> Session: Class initialized using 'CodeIgniter\Session\Handlers\FileHandler' driver.
INFO - 2025-05-28 01:08:13 --> Session: Class initialized using 'CodeIgniter\Session\Handlers\FileHandler' driver.
INFO - 2025-05-28 01:08:13 --> Session: Class initialized using 'CodeIgniter\Session\Handlers\FileHandler' driver.
INFO - 2025-05-28 01:08:20 --> Session: Class initialized using 'CodeIgniter\Session\Handlers\FileHandler' driver.
INFO - 2025-05-28 01:08:20 --> Session: Class initialized using 'CodeIgniter\Session\Handlers\FileHandler' driver.
INFO - 2025-05-28 01:08:26 --> Session: Class initialized using 'CodeIgniter\Session\Handlers\FileHandler' driver.
INFO - 2025-05-28 01:08:26 --> Session: Class initialized using 'CodeIgniter\Session\Handlers\FileHandler' driver.
INFO - 2025-05-28 01:08:34 --> Session: Class initialized using 'CodeIgniter\Session\Handlers\FileHandler' driver.
INFO - 2025-05-28 01:08:34 --> Session: Class initialized using 'CodeIgniter\Session\Handlers\FileHandler' driver.
INFO - 2025-05-28 01:08:39 --> Session: Class initialized using 'CodeIgniter\Session\Handlers\FileHandler' driver.
INFO - 2025-05-28 01:08:39 --> Session: Class initialized using 'CodeIgniter\Session\Handlers\FileHandler' driver.
INFO - 2025-05-28 01:08:44 --> Session: Class initialized using 'CodeIgniter\Session\Handlers\FileHandler' driver.
INFO - 2025-05-28 01:08:44 --> Session: Class initialized using 'CodeIgniter\Session\Handlers\FileHandler' driver.
INFO - 2025-05-28 01:08:50 --> Session: Class initialized using 'CodeIgniter\Session\Handlers\FileHandler' driver.
INFO - 2025-05-28 01:08:50 --> Session: Class initialized using 'CodeIgniter\Session\Handlers\FileHandler' driver.
INFO - 2025-05-28 01:08:56 --> Session: Class initialized using 'CodeIgniter\Session\Handlers\FileHandler' driver.
INFO - 2025-05-28 01:08:56 --> Session: Class initialized using 'CodeIgniter\Session\Handlers\FileHandler' driver.
INFO - 2025-05-28 01:09:06 --> Session: Class initialized using 'CodeIgniter\Session\Handlers\FileHandler' driver.
INFO - 2025-05-28 01:09:06 --> Session: Class initialized using 'CodeIgniter\Session\Handlers\FileHandler' driver.
INFO - 2025-05-28 01:09:12 --> Session: Class initialized using 'CodeIgniter\Session\Handlers\FileHandler' driver.
INFO - 2025-05-28 01:09:12 --> Session: Class initialized using 'CodeIgniter\Session\Handlers\FileHandler' driver.
INFO - 2025-05-28 01:09:17 --> Session: Class initialized using 'CodeIgniter\Session\Handlers\FileHandler' driver.
INFO - 2025-05-28 01:09:20 --> Session: Class initialized using 'CodeIgniter\Session\Handlers\FileHandler' driver.
INFO - 2025-05-28 01:09:20 --> Session: Class initialized using 'CodeIgniter\Session\Handlers\FileHandler' driver.
INFO - 2025-05-28 01:09:23 --> Session: Class initialized using 'CodeIgniter\Session\Handlers\FileHandler' driver.
INFO - 2025-05-28 01:09:25 --> Session: Class initialized using 'CodeIgniter\Session\Handlers\FileHandler' driver.
INFO - 2025-05-28 01:09:26 --> Session: Class initialized using 'CodeIgniter\Session\Handlers\FileHandler' driver.
INFO - 2025-05-28 01:09:38 --> Session: Class initialized using 'CodeIgniter\Session\Handlers\FileHandler' driver.
INFO - 2025-05-28 01:09:56 --> Session: Class initialized using 'CodeIgniter\Session\Handlers\FileHandler' driver.
INFO - 2025-05-28 01:09:58 --> Session: Class initialized using 'CodeIgniter\Session\Handlers\FileHandler' driver.
INFO - 2025-05-28 01:10:00 --> Session: Class initialized using 'CodeIgniter\Session\Handlers\FileHandler' driver.
INFO - 2025-05-28 02:00:52 --> Session: Class initialized using 'CodeIgniter\Session\Handlers\FileHandler' driver.
INFO - 2025-05-28 02:00:52 --> Session: Class initialized using 'CodeIgniter\Session\Handlers\FileHandler' driver.
INFO - 2025-05-28 02:00:52 --> Session: Class initialized using 'CodeIgniter\Session\Handlers\FileHandler' driver.
INFO - 2025-05-28 02:00:57 --> Session: Class initialized using 'CodeIgniter\Session\Handlers\FileHandler' driver.
INFO - 2025-05-28 02:00:57 --> Session: Class initialized using 'CodeIgniter\Session\Handlers\FileHandler' driver.
INFO - 2025-05-28 02:00:59 --> Session: Class initialized using 'CodeIgniter\Session\Handlers\FileHandler' driver.
INFO - 2025-05-28 02:01:07 --> Session: Class initialized using 'CodeIgniter\Session\Handlers\FileHandler' driver.
INFO - 2025-05-28 02:01:09 --> Session: Class initialized using 'CodeIgniter\Session\Handlers\FileHandler' driver.
INFO - 2025-05-28 02:01:11 --> Session: Class initialized using 'CodeIgniter\Session\Handlers\FileHandler' driver.
INFO - 2025-05-28 02:01:12 --> Session: Class initialized using 'CodeIgniter\Session\Handlers\FileHandler' driver.
INFO - 2025-05-28 03:00:11 --> Session: Class initialized using 'CodeIgniter\Session\Handlers\FileHandler' driver.
INFO - 2025-05-28 03:00:11 --> Session: Class initialized using 'CodeIgniter\Session\Handlers\FileHandler' driver.
INFO - 2025-05-28 03:00:11 --> Session: Class initialized using 'CodeIgniter\Session\Handlers\FileHandler' driver.
INFO - 2025-05-28 03:00:15 --> Session: Class initialized using 'CodeIgniter\Session\Handlers\FileHandler' driver.
INFO - 2025-05-28 03:00:15 --> Session: Class initialized using 'CodeIgniter\Session\Handlers\FileHandler' driver.
INFO - 2025-05-28 03:00:17 --> Session: Class initialized using 'CodeIgniter\Session\Handlers\FileHandler' driver.
INFO - 2025-05-28 03:00:20 --> Session: Class initialized using 'CodeIgniter\Session\Handlers\FileHandler' driver.
INFO - 2025-05-28 03:00:22 --> Session: Class initialized using 'CodeIgniter\Session\Handlers\FileHandler' driver.
CRITICAL - 2025-05-28 03:00:22 --> Too few arguments to function App\Models\PpojModel::DataPDF(), 5 passed in C:\xampp\htdocs\e-reportruangan\app\Controllers\DataPpoj.php on line 143 and exactly 7 expected
in APPPATH\Models\PpojModel.php on line 281.
 1 APPPATH\Controllers\DataPpoj.php(143): App\Models\PpojModel->DataPDF(1, 1, 0, 22, '241')
 2 SYSTEMPATH\CodeIgniter.php(932): App\Controllers\DataPpoj->Detail('241')
 3 SYSTEMPATH\CodeIgniter.php(497): CodeIgniter\CodeIgniter->runController(Object(App\Controllers\DataPpoj))
 4 SYSTEMPATH\CodeIgniter.php(366): CodeIgniter\CodeIgniter->handleRequest(null, Object(Config\Cache), false)
 5 FCPATH\index.php(81): CodeIgniter\CodeIgniter->run()
CRITICAL - 2025-05-28 03:04:01 --> Undefined variable $DpModel
in APPPATH\Controllers\DataPpoj.php on line 130.
 1 APPPATH\Controllers\DataPpoj.php(130): CodeIgniter\Debug\Exceptions->errorHandler(2, 'Undefined variable $DpModel', 'C:\\xampp\\htdocs\\e-reportruangan\\app\\Controllers\\DataPpoj.php', 130)
 2 SYSTEMPATH\CodeIgniter.php(932): App\Controllers\DataPpoj->Detail('241')
 3 SYSTEMPATH\CodeIgniter.php(497): CodeIgniter\CodeIgniter->runController(Object(App\Controllers\DataPpoj))
 4 SYSTEMPATH\CodeIgniter.php(366): CodeIgniter\CodeIgniter->handleRequest(null, Object(Config\Cache), false)
 5 FCPATH\index.php(81): CodeIgniter\CodeIgniter->run()
CRITICAL - 2025-05-28 03:04:42 --> Class "App\Controllers\DpModel" not found
in APPPATH\Controllers\DataPpoj.php on line 119.
 1 SYSTEMPATH\CodeIgniter.php(932): App\Controllers\DataPpoj->Detail('241')
 2 SYSTEMPATH\CodeIgniter.php(497): CodeIgniter\CodeIgniter->runController(Object(App\Controllers\DataPpoj))
 3 SYSTEMPATH\CodeIgniter.php(366): CodeIgniter\CodeIgniter->handleRequest(null, Object(Config\Cache), false)
 4 FCPATH\index.php(81): CodeIgniter\CodeIgniter->run()
INFO - 2025-05-28 03:05:12 --> Session: Class initialized using 'CodeIgniter\Session\Handlers\FileHandler' driver.
ERROR - 2025-05-28 03:05:12 --> mysqli_sql_exception: Unknown column 't5.SUHU_MIN' in 'field list' in C:\xampp\htdocs\e-reportruangan\system\Database\MySQLi\Connection.php:295
Stack trace:
#0 C:\xampp\htdocs\e-reportruangan\system\Database\MySQLi\Connection.php(295): mysqli->query('SELECT\r\n       ...', 0)
#1 C:\xampp\htdocs\e-reportruangan\system\Database\BaseConnection.php(692): CodeIgniter\Database\MySQLi\Connection->execute('SELECT\r\n       ...')
#2 C:\xampp\htdocs\e-reportruangan\system\Database\BaseConnection.php(606): CodeIgniter\Database\BaseConnection->simpleQuery('SELECT\r\n       ...')
#3 C:\xampp\htdocs\e-reportruangan\app\Models\PpojModel.php(323): CodeIgniter\Database\BaseConnection->query('SELECT\r\n       ...')
#4 C:\xampp\htdocs\e-reportruangan\app\Models\PpojModel.php(313): App\Models\PpojModel->DataSuhuRH('( select \r\n    ...', '( select \r\n    ...', '( select \r\n    ...', '(select \r\n     ...', ' ( select \r\n   ...', '( select \r\n    ...', '241', 't5', 't4', 't6', 't1', 't2', 't3')
#5 C:\xampp\htdocs\e-reportruangan\app\Controllers\DataPpoj.php(147): App\Models\PpojModel->DataPDF(1, 1, 0, 22, 25, 7, '241')
#6 C:\xampp\htdocs\e-reportruangan\system\CodeIgniter.php(932): App\Controllers\DataPpoj->Detail('241')
#7 C:\xampp\htdocs\e-reportruangan\system\CodeIgniter.php(497): CodeIgniter\CodeIgniter->runController(Object(App\Controllers\DataPpoj))
#8 C:\xampp\htdocs\e-reportruangan\system\CodeIgniter.php(366): CodeIgniter\CodeIgniter->handleRequest(NULL, Object(Config\Cache), false)
#9 C:\xampp\htdocs\e-reportruangan\public\index.php(81): CodeIgniter\CodeIgniter->run()
#10 {main}
CRITICAL - 2025-05-28 03:05:12 --> Unknown column 't5.SUHU_MIN' in 'field list'
in SYSTEMPATH\Database\MySQLi\Connection.php on line 295.
 1 SYSTEMPATH\Database\MySQLi\Connection.php(295): mysqli->query('SELECT
            DAP.KELAS,
            DAP.ID ID_PPOJ,
            t5.SUHU_MIN, 
            t5.SUHU_MAX, 
            t4.RH_MIN, 
            t4.RH_MAX,
            t6.HASIL_TPC CAPAR_TPC,
            t6.HASIL_KK CAPAR_KK,
            t1.HASIL_TPC MIKRO_TPC,
            t1.HASIL_KK MIKRO_KK,
            t2.hasil_flow FLOW_VALUE,
            t3.terhadap_ruangan, 
            t3.hasil_dp
        FROM
            data_awal_ppoj DAP
        LEFT JOIN
            ( select 
      ID_PPOJ, 
      ROW_NUMBER() over (partition by ID_PPOJ order by hasil_flow) as rn, 
      hasil_flow 
    from flow ) t5 ON DAP.id = t5.ID_PPOJ
        LEFT JOIN
            ( select 
      ID_PPOJ, 
      ROW_NUMBER() over (partition by ID_PPOJ order by HASIL_TPC) as rn, 
      HASIL_TPC, 
      HASIL_KK 
    from mikro_volumetrik ) t4 ON DAP.id = t4.ID_PPOJ AND t5.rn = t4.rn
        LEFT JOIN
            ( select 
      ID_PPOJ, 
      ROW_NUMBER() over (partition by ID_PPOJ order by hasil_dp) as rn, 
      terhadap_ruangan, hasil_dp 
    from dp ) t6 ON DAP.id = t6.id_ppoj AND t4.rn = t6.rn
        LEFT JOIN
            (select 
      ID_PPOJ, 
      ROW_NUMBER() over (partition by ID_PPOJ order by SUHU_MIN) as rn, 
      SUHU_MIN, 
      SUHU_MAX 
    from 
      suhu ) t1 ON DAP.id = t1.id_ppoj AND t6.rn = t1.rn
        LEFT JOIN
             ( select 
      ID_PPOJ, 
      ROW_NUMBER() over (partition by ID_PPOJ order by RH_MIN) as rn, 
      RH_MIN, 
      RH_MAX 
    from rh ) t2 ON DAP.id = t2.ID_PPOJ AND t1.rn = t2.rn
        LEFT JOIN
            ( select 
      ID_PPOJ, 
      ROW_NUMBER() over (partition by ID_PPOJ order by HASIL_TPC) as rn, 
      HASIL_TPC, 
      HASIL_KK 
    from mikro_capar ) t3 ON DAP.id = t3.ID_PPOJ AND t2.rn = t3.rn
        WHERE
            DAP.id = 241;
        ', 0)
 2 SYSTEMPATH\Database\BaseConnection.php(692): CodeIgniter\Database\MySQLi\Connection->execute('SELECT
            DAP.KELAS,
            DAP.ID ID_PPOJ,
            t5.SUHU_MIN, 
            t5.SUHU_MAX, 
            t4.RH_MIN, 
            t4.RH_MAX,
            t6.HASIL_TPC CAPAR_TPC,
            t6.HASIL_KK CAPAR_KK,
            t1.HASIL_TPC MIKRO_TPC,
            t1.HASIL_KK MIKRO_KK,
            t2.hasil_flow FLOW_VALUE,
            t3.terhadap_ruangan, 
            t3.hasil_dp
        FROM
            data_awal_ppoj DAP
        LEFT JOIN
            ( select 
      ID_PPOJ, 
      ROW_NUMBER() over (partition by ID_PPOJ order by hasil_flow) as rn, 
      hasil_flow 
    from flow ) t5 ON DAP.id = t5.ID_PPOJ
        LEFT JOIN
            ( select 
      ID_PPOJ, 
      ROW_NUMBER() over (partition by ID_PPOJ order by HASIL_TPC) as rn, 
      HASIL_TPC, 
      HASIL_KK 
    from mikro_volumetrik ) t4 ON DAP.id = t4.ID_PPOJ AND t5.rn = t4.rn
        LEFT JOIN
            ( select 
      ID_PPOJ, 
      ROW_NUMBER() over (partition by ID_PPOJ order by hasil_dp) as rn, 
      terhadap_ruangan, hasil_dp 
    from dp ) t6 ON DAP.id = t6.id_ppoj AND t4.rn = t6.rn
        LEFT JOIN
            (select 
      ID_PPOJ, 
      ROW_NUMBER() over (partition by ID_PPOJ order by SUHU_MIN) as rn, 
      SUHU_MIN, 
      SUHU_MAX 
    from 
      suhu ) t1 ON DAP.id = t1.id_ppoj AND t6.rn = t1.rn
        LEFT JOIN
             ( select 
      ID_PPOJ, 
      ROW_NUMBER() over (partition by ID_PPOJ order by RH_MIN) as rn, 
      RH_MIN, 
      RH_MAX 
    from rh ) t2 ON DAP.id = t2.ID_PPOJ AND t1.rn = t2.rn
        LEFT JOIN
            ( select 
      ID_PPOJ, 
      ROW_NUMBER() over (partition by ID_PPOJ order by HASIL_TPC) as rn, 
      HASIL_TPC, 
      HASIL_KK 
    from mikro_capar ) t3 ON DAP.id = t3.ID_PPOJ AND t2.rn = t3.rn
        WHERE
            DAP.id = 241;
        ')
 3 SYSTEMPATH\Database\BaseConnection.php(606): CodeIgniter\Database\BaseConnection->simpleQuery('SELECT
            DAP.KELAS,
            DAP.ID ID_PPOJ,
            t5.SUHU_MIN, 
            t5.SUHU_MAX, 
            t4.RH_MIN, 
            t4.RH_MAX,
            t6.HASIL_TPC CAPAR_TPC,
            t6.HASIL_KK CAPAR_KK,
            t1.HASIL_TPC MIKRO_TPC,
            t1.HASIL_KK MIKRO_KK,
            t2.hasil_flow FLOW_VALUE,
            t3.terhadap_ruangan, 
            t3.hasil_dp
        FROM
            data_awal_ppoj DAP
        LEFT JOIN
            ( select 
      ID_PPOJ, 
      ROW_NUMBER() over (partition by ID_PPOJ order by hasil_flow) as rn, 
      hasil_flow 
    from flow ) t5 ON DAP.id = t5.ID_PPOJ
        LEFT JOIN
            ( select 
      ID_PPOJ, 
      ROW_NUMBER() over (partition by ID_PPOJ order by HASIL_TPC) as rn, 
      HASIL_TPC, 
      HASIL_KK 
    from mikro_volumetrik ) t4 ON DAP.id = t4.ID_PPOJ AND t5.rn = t4.rn
        LEFT JOIN
            ( select 
      ID_PPOJ, 
      ROW_NUMBER() over (partition by ID_PPOJ order by hasil_dp) as rn, 
      terhadap_ruangan, hasil_dp 
    from dp ) t6 ON DAP.id = t6.id_ppoj AND t4.rn = t6.rn
        LEFT JOIN
            (select 
      ID_PPOJ, 
      ROW_NUMBER() over (partition by ID_PPOJ order by SUHU_MIN) as rn, 
      SUHU_MIN, 
      SUHU_MAX 
    from 
      suhu ) t1 ON DAP.id = t1.id_ppoj AND t6.rn = t1.rn
        LEFT JOIN
             ( select 
      ID_PPOJ, 
      ROW_NUMBER() over (partition by ID_PPOJ order by RH_MIN) as rn, 
      RH_MIN, 
      RH_MAX 
    from rh ) t2 ON DAP.id = t2.ID_PPOJ AND t1.rn = t2.rn
        LEFT JOIN
            ( select 
      ID_PPOJ, 
      ROW_NUMBER() over (partition by ID_PPOJ order by HASIL_TPC) as rn, 
      HASIL_TPC, 
      HASIL_KK 
    from mikro_capar ) t3 ON DAP.id = t3.ID_PPOJ AND t2.rn = t3.rn
        WHERE
            DAP.id = 241;
        ')
 4 APPPATH\Models\PpojModel.php(323): CodeIgniter\Database\BaseConnection->query('SELECT
            DAP.KELAS,
            DAP.ID ID_PPOJ,
            t5.SUHU_MIN, 
            t5.SUHU_MAX, 
            t4.RH_MIN, 
            t4.RH_MAX,
            t6.HASIL_TPC CAPAR_TPC,
            t6.HASIL_KK CAPAR_KK,
            t1.HASIL_TPC MIKRO_TPC,
            t1.HASIL_KK MIKRO_KK,
            t2.hasil_flow FLOW_VALUE,
            t3.terhadap_ruangan, 
            t3.hasil_dp
        FROM
            data_awal_ppoj DAP
        LEFT JOIN
            ( select 
      ID_PPOJ, 
      ROW_NUMBER() over (partition by ID_PPOJ order by hasil_flow) as rn, 
      hasil_flow 
    from flow ) t5 ON DAP.id = t5.ID_PPOJ
        LEFT JOIN
            ( select 
      ID_PPOJ, 
      ROW_NUMBER() over (partition by ID_PPOJ order by HASIL_TPC) as rn, 
      HASIL_TPC, 
      HASIL_KK 
    from mikro_volumetrik ) t4 ON DAP.id = t4.ID_PPOJ AND t5.rn = t4.rn
        LEFT JOIN
            ( select 
      ID_PPOJ, 
      ROW_NUMBER() over (partition by ID_PPOJ order by hasil_dp) as rn, 
      terhadap_ruangan, hasil_dp 
    from dp ) t6 ON DAP.id = t6.id_ppoj AND t4.rn = t6.rn
        LEFT JOIN
            (select 
      ID_PPOJ, 
      ROW_NUMBER() over (partition by ID_PPOJ order by SUHU_MIN) as rn, 
      SUHU_MIN, 
      SUHU_MAX 
    from 
      suhu ) t1 ON DAP.id = t1.id_ppoj AND t6.rn = t1.rn
        LEFT JOIN
             ( select 
      ID_PPOJ, 
      ROW_NUMBER() over (partition by ID_PPOJ order by RH_MIN) as rn, 
      RH_MIN, 
      RH_MAX 
    from rh ) t2 ON DAP.id = t2.ID_PPOJ AND t1.rn = t2.rn
        LEFT JOIN
            ( select 
      ID_PPOJ, 
      ROW_NUMBER() over (partition by ID_PPOJ order by HASIL_TPC) as rn, 
      HASIL_TPC, 
      HASIL_KK 
    from mikro_capar ) t3 ON DAP.id = t3.ID_PPOJ AND t2.rn = t3.rn
        WHERE
            DAP.id = 241;
        ')
 5 APPPATH\Models\PpojModel.php(313): App\Models\PpojModel->DataSuhuRH('( select 
      ID_PPOJ, 
      ROW_NUMBER() over (partition by ID_PPOJ order by hasil_flow) as rn, 
      hasil_flow 
    from flow )', '( select 
      ID_PPOJ, 
      ROW_NUMBER() over (partition by ID_PPOJ order by HASIL_TPC) as rn, 
      HASIL_TPC, 
      HASIL_KK 
    from mikro_volumetrik )', '( select 
      ID_PPOJ, 
      ROW_NUMBER() over (partition by ID_PPOJ order by hasil_dp) as rn, 
      terhadap_ruangan, hasil_dp 
    from dp )', '(select 
      ID_PPOJ, 
      ROW_NUMBER() over (partition by ID_PPOJ order by SUHU_MIN) as rn, 
      SUHU_MIN, 
      SUHU_MAX 
    from 
      suhu )', ' ( select 
      ID_PPOJ, 
      ROW_NUMBER() over (partition by ID_PPOJ order by RH_MIN) as rn, 
      RH_MIN, 
      RH_MAX 
    from rh )', '( select 
      ID_PPOJ, 
      ROW_NUMBER() over (partition by ID_PPOJ order by HASIL_TPC) as rn, 
      HASIL_TPC, 
      HASIL_KK 
    from mikro_capar )', '241', 't5', 't4', 't6', 't1', 't2', 't3')
 6 APPPATH\Controllers\DataPpoj.php(147): App\Models\PpojModel->DataPDF(1, 1, 0, 22, 25, 7, '241')
 7 SYSTEMPATH\CodeIgniter.php(932): App\Controllers\DataPpoj->Detail('241')
 8 SYSTEMPATH\CodeIgniter.php(497): CodeIgniter\CodeIgniter->runController(Object(App\Controllers\DataPpoj))
 9 SYSTEMPATH\CodeIgniter.php(366): CodeIgniter\CodeIgniter->handleRequest(null, Object(Config\Cache), false)
10 FCPATH\index.php(81): CodeIgniter\CodeIgniter->run()
INFO - 2025-05-28 03:09:23 --> Session: Class initialized using 'CodeIgniter\Session\Handlers\FileHandler' driver.
ERROR - 2025-05-28 03:09:23 --> mysqli_sql_exception: Unknown column 't5.SUHU_MIN' in 'field list' in C:\xampp\htdocs\e-reportruangan\system\Database\MySQLi\Connection.php:295
Stack trace:
#0 C:\xampp\htdocs\e-reportruangan\system\Database\MySQLi\Connection.php(295): mysqli->query('SELECT\r\n       ...', 0)
#1 C:\xampp\htdocs\e-reportruangan\system\Database\BaseConnection.php(692): CodeIgniter\Database\MySQLi\Connection->execute('SELECT\r\n       ...')
#2 C:\xampp\htdocs\e-reportruangan\system\Database\BaseConnection.php(606): CodeIgniter\Database\BaseConnection->simpleQuery('SELECT\r\n       ...')
#3 C:\xampp\htdocs\e-reportruangan\app\Models\PpojModel.php(323): CodeIgniter\Database\BaseConnection->query('SELECT\r\n       ...')
#4 C:\xampp\htdocs\e-reportruangan\app\Models\PpojModel.php(313): App\Models\PpojModel->DataSuhuRH('( select \r\n    ...', '( select \r\n    ...', '( select \r\n    ...', '(select \r\n     ...', ' ( select \r\n   ...', '( select \r\n    ...', '241', 't5', 't4', 't6', 't1', 't2', 't3')
#5 C:\xampp\htdocs\e-reportruangan\app\Controllers\DataPpoj.php(147): App\Models\PpojModel->DataPDF(1, 1, 0, 22, 25, 7, '241')
#6 C:\xampp\htdocs\e-reportruangan\system\CodeIgniter.php(932): App\Controllers\DataPpoj->Detail('241')
#7 C:\xampp\htdocs\e-reportruangan\system\CodeIgniter.php(497): CodeIgniter\CodeIgniter->runController(Object(App\Controllers\DataPpoj))
#8 C:\xampp\htdocs\e-reportruangan\system\CodeIgniter.php(366): CodeIgniter\CodeIgniter->handleRequest(NULL, Object(Config\Cache), false)
#9 C:\xampp\htdocs\e-reportruangan\public\index.php(81): CodeIgniter\CodeIgniter->run()
#10 {main}
CRITICAL - 2025-05-28 03:09:23 --> Unknown column 't5.SUHU_MIN' in 'field list'
in SYSTEMPATH\Database\MySQLi\Connection.php on line 295.
 1 SYSTEMPATH\Database\MySQLi\Connection.php(295): mysqli->query('SELECT
            DAP.KELAS,
            DAP.ID ID_PPOJ,
            t5.SUHU_MIN, 
            t5.SUHU_MAX, 
            t4.RH_MIN, 
            t4.RH_MAX,
            t6.HASIL_TPC CAPAR_TPC,
            t6.HASIL_KK CAPAR_KK,
            t1.HASIL_TPC MIKRO_TPC,
            t1.HASIL_KK MIKRO_KK,
            t2.hasil_flow FLOW_VALUE,
            t3.terhadap_ruangan, 
            t3.hasil_dp
        FROM
            data_awal_ppoj DAP
        LEFT JOIN
            ( select 
      ID_PPOJ, 
      ROW_NUMBER() over (partition by ID_PPOJ order by hasil_flow) as rn, 
      hasil_flow AS hasil_flow 
    from flow ) t5 ON DAP.id = t5.ID_PPOJ
        LEFT JOIN
            ( select 
      ID_PPOJ, 
      ROW_NUMBER() over (partition by ID_PPOJ order by HASIL_TPC) as rn, 
      HASIL_TPC, 
      HASIL_KK 
    from mikro_volumetrik ) t4 ON DAP.id = t4.ID_PPOJ AND t5.rn = t4.rn
        LEFT JOIN
            ( select 
      ID_PPOJ, 
      ROW_NUMBER() over (partition by ID_PPOJ order by hasil_dp) as rn, 
      terhadap_ruangan, hasil_dp AS hasil_dp 
    from dp ) t6 ON DAP.id = t6.id_ppoj AND t4.rn = t6.rn
        LEFT JOIN
            (select 
      ID_PPOJ, 
      ROW_NUMBER() over (partition by ID_PPOJ order by SUHU_MIN) as rn, 
      SUHU_MIN, 
      SUHU_MAX 
    from 
      suhu ) t1 ON DAP.id = t1.id_ppoj AND t6.rn = t1.rn
        LEFT JOIN
             ( select 
      ID_PPOJ, 
      ROW_NUMBER() over (partition by ID_PPOJ order by RH_MIN) as rn, 
      RH_MIN, 
      RH_MAX 
    from rh ) t2 ON DAP.id = t2.ID_PPOJ AND t1.rn = t2.rn
        LEFT JOIN
            ( select 
      ID_PPOJ, 
      ROW_NUMBER() over (partition by ID_PPOJ order by HASIL_TPC) as rn, 
      HASIL_TPC, 
      HASIL_KK 
    from mikro_capar ) t3 ON DAP.id = t3.ID_PPOJ AND t2.rn = t3.rn
        WHERE
            DAP.id = 241;
        ', 0)
 2 SYSTEMPATH\Database\BaseConnection.php(692): CodeIgniter\Database\MySQLi\Connection->execute('SELECT
            DAP.KELAS,
            DAP.ID ID_PPOJ,
            t5.SUHU_MIN, 
            t5.SUHU_MAX, 
            t4.RH_MIN, 
            t4.RH_MAX,
            t6.HASIL_TPC CAPAR_TPC,
            t6.HASIL_KK CAPAR_KK,
            t1.HASIL_TPC MIKRO_TPC,
            t1.HASIL_KK MIKRO_KK,
            t2.hasil_flow FLOW_VALUE,
            t3.terhadap_ruangan, 
            t3.hasil_dp
        FROM
            data_awal_ppoj DAP
        LEFT JOIN
            ( select 
      ID_PPOJ, 
      ROW_NUMBER() over (partition by ID_PPOJ order by hasil_flow) as rn, 
      hasil_flow AS hasil_flow 
    from flow ) t5 ON DAP.id = t5.ID_PPOJ
        LEFT JOIN
            ( select 
      ID_PPOJ, 
      ROW_NUMBER() over (partition by ID_PPOJ order by HASIL_TPC) as rn, 
      HASIL_TPC, 
      HASIL_KK 
    from mikro_volumetrik ) t4 ON DAP.id = t4.ID_PPOJ AND t5.rn = t4.rn
        LEFT JOIN
            ( select 
      ID_PPOJ, 
      ROW_NUMBER() over (partition by ID_PPOJ order by hasil_dp) as rn, 
      terhadap_ruangan, hasil_dp AS hasil_dp 
    from dp ) t6 ON DAP.id = t6.id_ppoj AND t4.rn = t6.rn
        LEFT JOIN
            (select 
      ID_PPOJ, 
      ROW_NUMBER() over (partition by ID_PPOJ order by SUHU_MIN) as rn, 
      SUHU_MIN, 
      SUHU_MAX 
    from 
      suhu ) t1 ON DAP.id = t1.id_ppoj AND t6.rn = t1.rn
        LEFT JOIN
             ( select 
      ID_PPOJ, 
      ROW_NUMBER() over (partition by ID_PPOJ order by RH_MIN) as rn, 
      RH_MIN, 
      RH_MAX 
    from rh ) t2 ON DAP.id = t2.ID_PPOJ AND t1.rn = t2.rn
        LEFT JOIN
            ( select 
      ID_PPOJ, 
      ROW_NUMBER() over (partition by ID_PPOJ order by HASIL_TPC) as rn, 
      HASIL_TPC, 
      HASIL_KK 
    from mikro_capar ) t3 ON DAP.id = t3.ID_PPOJ AND t2.rn = t3.rn
        WHERE
            DAP.id = 241;
        ')
 3 SYSTEMPATH\Database\BaseConnection.php(606): CodeIgniter\Database\BaseConnection->simpleQuery('SELECT
            DAP.KELAS,
            DAP.ID ID_PPOJ,
            t5.SUHU_MIN, 
            t5.SUHU_MAX, 
            t4.RH_MIN, 
            t4.RH_MAX,
            t6.HASIL_TPC CAPAR_TPC,
            t6.HASIL_KK CAPAR_KK,
            t1.HASIL_TPC MIKRO_TPC,
            t1.HASIL_KK MIKRO_KK,
            t2.hasil_flow FLOW_VALUE,
            t3.terhadap_ruangan, 
            t3.hasil_dp
        FROM
            data_awal_ppoj DAP
        LEFT JOIN
            ( select 
      ID_PPOJ, 
      ROW_NUMBER() over (partition by ID_PPOJ order by hasil_flow) as rn, 
      hasil_flow AS hasil_flow 
    from flow ) t5 ON DAP.id = t5.ID_PPOJ
        LEFT JOIN
            ( select 
      ID_PPOJ, 
      ROW_NUMBER() over (partition by ID_PPOJ order by HASIL_TPC) as rn, 
      HASIL_TPC, 
      HASIL_KK 
    from mikro_volumetrik ) t4 ON DAP.id = t4.ID_PPOJ AND t5.rn = t4.rn
        LEFT JOIN
            ( select 
      ID_PPOJ, 
      ROW_NUMBER() over (partition by ID_PPOJ order by hasil_dp) as rn, 
      terhadap_ruangan, hasil_dp AS hasil_dp 
    from dp ) t6 ON DAP.id = t6.id_ppoj AND t4.rn = t6.rn
        LEFT JOIN
            (select 
      ID_PPOJ, 
      ROW_NUMBER() over (partition by ID_PPOJ order by SUHU_MIN) as rn, 
      SUHU_MIN, 
      SUHU_MAX 
    from 
      suhu ) t1 ON DAP.id = t1.id_ppoj AND t6.rn = t1.rn
        LEFT JOIN
             ( select 
      ID_PPOJ, 
      ROW_NUMBER() over (partition by ID_PPOJ order by RH_MIN) as rn, 
      RH_MIN, 
      RH_MAX 
    from rh ) t2 ON DAP.id = t2.ID_PPOJ AND t1.rn = t2.rn
        LEFT JOIN
            ( select 
      ID_PPOJ, 
      ROW_NUMBER() over (partition by ID_PPOJ order by HASIL_TPC) as rn, 
      HASIL_TPC, 
      HASIL_KK 
    from mikro_capar ) t3 ON DAP.id = t3.ID_PPOJ AND t2.rn = t3.rn
        WHERE
            DAP.id = 241;
        ')
 4 APPPATH\Models\PpojModel.php(323): CodeIgniter\Database\BaseConnection->query('SELECT
            DAP.KELAS,
            DAP.ID ID_PPOJ,
            t5.SUHU_MIN, 
            t5.SUHU_MAX, 
            t4.RH_MIN, 
            t4.RH_MAX,
            t6.HASIL_TPC CAPAR_TPC,
            t6.HASIL_KK CAPAR_KK,
            t1.HASIL_TPC MIKRO_TPC,
            t1.HASIL_KK MIKRO_KK,
            t2.hasil_flow FLOW_VALUE,
            t3.terhadap_ruangan, 
            t3.hasil_dp
        FROM
            data_awal_ppoj DAP
        LEFT JOIN
            ( select 
      ID_PPOJ, 
      ROW_NUMBER() over (partition by ID_PPOJ order by hasil_flow) as rn, 
      hasil_flow AS hasil_flow 
    from flow ) t5 ON DAP.id = t5.ID_PPOJ
        LEFT JOIN
            ( select 
      ID_PPOJ, 
      ROW_NUMBER() over (partition by ID_PPOJ order by HASIL_TPC) as rn, 
      HASIL_TPC, 
      HASIL_KK 
    from mikro_volumetrik ) t4 ON DAP.id = t4.ID_PPOJ AND t5.rn = t4.rn
        LEFT JOIN
            ( select 
      ID_PPOJ, 
      ROW_NUMBER() over (partition by ID_PPOJ order by hasil_dp) as rn, 
      terhadap_ruangan, hasil_dp AS hasil_dp 
    from dp ) t6 ON DAP.id = t6.id_ppoj AND t4.rn = t6.rn
        LEFT JOIN
            (select 
      ID_PPOJ, 
      ROW_NUMBER() over (partition by ID_PPOJ order by SUHU_MIN) as rn, 
      SUHU_MIN, 
      SUHU_MAX 
    from 
      suhu ) t1 ON DAP.id = t1.id_ppoj AND t6.rn = t1.rn
        LEFT JOIN
             ( select 
      ID_PPOJ, 
      ROW_NUMBER() over (partition by ID_PPOJ order by RH_MIN) as rn, 
      RH_MIN, 
      RH_MAX 
    from rh ) t2 ON DAP.id = t2.ID_PPOJ AND t1.rn = t2.rn
        LEFT JOIN
            ( select 
      ID_PPOJ, 
      ROW_NUMBER() over (partition by ID_PPOJ order by HASIL_TPC) as rn, 
      HASIL_TPC, 
      HASIL_KK 
    from mikro_capar ) t3 ON DAP.id = t3.ID_PPOJ AND t2.rn = t3.rn
        WHERE
            DAP.id = 241;
        ')
 5 APPPATH\Models\PpojModel.php(313): App\Models\PpojModel->DataSuhuRH('( select 
      ID_PPOJ, 
      ROW_NUMBER() over (partition by ID_PPOJ order by hasil_flow) as rn, 
      hasil_flow AS hasil_flow 
    from flow )', '( select 
      ID_PPOJ, 
      ROW_NUMBER() over (partition by ID_PPOJ order by HASIL_TPC) as rn, 
      HASIL_TPC, 
      HASIL_KK 
    from mikro_volumetrik )', '( select 
      ID_PPOJ, 
      ROW_NUMBER() over (partition by ID_PPOJ order by hasil_dp) as rn, 
      terhadap_ruangan, hasil_dp AS hasil_dp 
    from dp )', '(select 
      ID_PPOJ, 
      ROW_NUMBER() over (partition by ID_PPOJ order by SUHU_MIN) as rn, 
      SUHU_MIN, 
      SUHU_MAX 
    from 
      suhu )', ' ( select 
      ID_PPOJ, 
      ROW_NUMBER() over (partition by ID_PPOJ order by RH_MIN) as rn, 
      RH_MIN, 
      RH_MAX 
    from rh )', '( select 
      ID_PPOJ, 
      ROW_NUMBER() over (partition by ID_PPOJ order by HASIL_TPC) as rn, 
      HASIL_TPC, 
      HASIL_KK 
    from mikro_capar )', '241', 't5', 't4', 't6', 't1', 't2', 't3')
 6 APPPATH\Controllers\DataPpoj.php(147): App\Models\PpojModel->DataPDF(1, 1, 0, 22, 25, 7, '241')
 7 SYSTEMPATH\CodeIgniter.php(932): App\Controllers\DataPpoj->Detail('241')
 8 SYSTEMPATH\CodeIgniter.php(497): CodeIgniter\CodeIgniter->runController(Object(App\Controllers\DataPpoj))
 9 SYSTEMPATH\CodeIgniter.php(366): CodeIgniter\CodeIgniter->handleRequest(null, Object(Config\Cache), false)
10 FCPATH\index.php(81): CodeIgniter\CodeIgniter->run()
INFO - 2025-05-28 03:09:27 --> Session: Class initialized using 'CodeIgniter\Session\Handlers\FileHandler' driver.
INFO - 2025-05-28 03:09:28 --> Session: Class initialized using 'CodeIgniter\Session\Handlers\FileHandler' driver.
INFO - 2025-05-28 03:09:29 --> Session: Class initialized using 'CodeIgniter\Session\Handlers\FileHandler' driver.
ERROR - 2025-05-28 03:09:29 --> mysqli_sql_exception: Unknown column 't5.SUHU_MIN' in 'field list' in C:\xampp\htdocs\e-reportruangan\system\Database\MySQLi\Connection.php:295
Stack trace:
#0 C:\xampp\htdocs\e-reportruangan\system\Database\MySQLi\Connection.php(295): mysqli->query('SELECT\r\n       ...', 0)
#1 C:\xampp\htdocs\e-reportruangan\system\Database\BaseConnection.php(692): CodeIgniter\Database\MySQLi\Connection->execute('SELECT\r\n       ...')
#2 C:\xampp\htdocs\e-reportruangan\system\Database\BaseConnection.php(606): CodeIgniter\Database\BaseConnection->simpleQuery('SELECT\r\n       ...')
#3 C:\xampp\htdocs\e-reportruangan\app\Models\PpojModel.php(323): CodeIgniter\Database\BaseConnection->query('SELECT\r\n       ...')
#4 C:\xampp\htdocs\e-reportruangan\app\Models\PpojModel.php(313): App\Models\PpojModel->DataSuhuRH('( select \r\n    ...', '( select \r\n    ...', '( select \r\n    ...', '(select \r\n     ...', ' ( select \r\n   ...', '( select \r\n    ...', '241', 't5', 't4', 't6', 't1', 't2', 't3')
#5 C:\xampp\htdocs\e-reportruangan\app\Controllers\DataPpoj.php(147): App\Models\PpojModel->DataPDF(1, 1, 0, 22, 25, 7, '241')
#6 C:\xampp\htdocs\e-reportruangan\system\CodeIgniter.php(932): App\Controllers\DataPpoj->Detail('241')
#7 C:\xampp\htdocs\e-reportruangan\system\CodeIgniter.php(497): CodeIgniter\CodeIgniter->runController(Object(App\Controllers\DataPpoj))
#8 C:\xampp\htdocs\e-reportruangan\system\CodeIgniter.php(366): CodeIgniter\CodeIgniter->handleRequest(NULL, Object(Config\Cache), false)
#9 C:\xampp\htdocs\e-reportruangan\public\index.php(81): CodeIgniter\CodeIgniter->run()
#10 {main}
CRITICAL - 2025-05-28 03:09:29 --> Unknown column 't5.SUHU_MIN' in 'field list'
in SYSTEMPATH\Database\MySQLi\Connection.php on line 295.
 1 SYSTEMPATH\Database\MySQLi\Connection.php(295): mysqli->query('SELECT
            DAP.KELAS,
            DAP.ID ID_PPOJ,
            t5.SUHU_MIN, 
            t5.SUHU_MAX, 
            t4.RH_MIN, 
            t4.RH_MAX,
            t6.HASIL_TPC CAPAR_TPC,
            t6.HASIL_KK CAPAR_KK,
            t1.HASIL_TPC MIKRO_TPC,
            t1.HASIL_KK MIKRO_KK,
            t2.hasil_flow FLOW_VALUE,
            t3.terhadap_ruangan, 
            t3.hasil_dp
        FROM
            data_awal_ppoj DAP
        LEFT JOIN
            ( select 
      ID_PPOJ, 
      ROW_NUMBER() over (partition by ID_PPOJ order by hasil_flow) as rn, 
      hasil_flow AS hasil_flow 
    from flow ) t5 ON DAP.id = t5.ID_PPOJ
        LEFT JOIN
            ( select 
      ID_PPOJ, 
      ROW_NUMBER() over (partition by ID_PPOJ order by HASIL_TPC) as rn, 
      HASIL_TPC, 
      HASIL_KK 
    from mikro_volumetrik ) t4 ON DAP.id = t4.ID_PPOJ AND t5.rn = t4.rn
        LEFT JOIN
            ( select 
      ID_PPOJ, 
      ROW_NUMBER() over (partition by ID_PPOJ order by hasil_dp) as rn, 
      terhadap_ruangan, hasil_dp AS hasil_dp 
    from dp ) t6 ON DAP.id = t6.id_ppoj AND t4.rn = t6.rn
        LEFT JOIN
            (select 
      ID_PPOJ, 
      ROW_NUMBER() over (partition by ID_PPOJ order by SUHU_MIN) as rn, 
      SUHU_MIN, 
      SUHU_MAX 
    from 
      suhu ) t1 ON DAP.id = t1.id_ppoj AND t6.rn = t1.rn
        LEFT JOIN
             ( select 
      ID_PPOJ, 
      ROW_NUMBER() over (partition by ID_PPOJ order by RH_MIN) as rn, 
      RH_MIN, 
      RH_MAX 
    from rh ) t2 ON DAP.id = t2.ID_PPOJ AND t1.rn = t2.rn
        LEFT JOIN
            ( select 
      ID_PPOJ, 
      ROW_NUMBER() over (partition by ID_PPOJ order by HASIL_TPC) as rn, 
      HASIL_TPC, 
      HASIL_KK 
    from mikro_capar ) t3 ON DAP.id = t3.ID_PPOJ AND t2.rn = t3.rn
        WHERE
            DAP.id = 241;
        ', 0)
 2 SYSTEMPATH\Database\BaseConnection.php(692): CodeIgniter\Database\MySQLi\Connection->execute('SELECT
            DAP.KELAS,
            DAP.ID ID_PPOJ,
            t5.SUHU_MIN, 
            t5.SUHU_MAX, 
            t4.RH_MIN, 
            t4.RH_MAX,
            t6.HASIL_TPC CAPAR_TPC,
            t6.HASIL_KK CAPAR_KK,
            t1.HASIL_TPC MIKRO_TPC,
            t1.HASIL_KK MIKRO_KK,
            t2.hasil_flow FLOW_VALUE,
            t3.terhadap_ruangan, 
            t3.hasil_dp
        FROM
            data_awal_ppoj DAP
        LEFT JOIN
            ( select 
      ID_PPOJ, 
      ROW_NUMBER() over (partition by ID_PPOJ order by hasil_flow) as rn, 
      hasil_flow AS hasil_flow 
    from flow ) t5 ON DAP.id = t5.ID_PPOJ
        LEFT JOIN
            ( select 
      ID_PPOJ, 
      ROW_NUMBER() over (partition by ID_PPOJ order by HASIL_TPC) as rn, 
      HASIL_TPC, 
      HASIL_KK 
    from mikro_volumetrik ) t4 ON DAP.id = t4.ID_PPOJ AND t5.rn = t4.rn
        LEFT JOIN
            ( select 
      ID_PPOJ, 
      ROW_NUMBER() over (partition by ID_PPOJ order by hasil_dp) as rn, 
      terhadap_ruangan, hasil_dp AS hasil_dp 
    from dp ) t6 ON DAP.id = t6.id_ppoj AND t4.rn = t6.rn
        LEFT JOIN
            (select 
      ID_PPOJ, 
      ROW_NUMBER() over (partition by ID_PPOJ order by SUHU_MIN) as rn, 
      SUHU_MIN, 
      SUHU_MAX 
    from 
      suhu ) t1 ON DAP.id = t1.id_ppoj AND t6.rn = t1.rn
        LEFT JOIN
             ( select 
      ID_PPOJ, 
      ROW_NUMBER() over (partition by ID_PPOJ order by RH_MIN) as rn, 
      RH_MIN, 
      RH_MAX 
    from rh ) t2 ON DAP.id = t2.ID_PPOJ AND t1.rn = t2.rn
        LEFT JOIN
            ( select 
      ID_PPOJ, 
      ROW_NUMBER() over (partition by ID_PPOJ order by HASIL_TPC) as rn, 
      HASIL_TPC, 
      HASIL_KK 
    from mikro_capar ) t3 ON DAP.id = t3.ID_PPOJ AND t2.rn = t3.rn
        WHERE
            DAP.id = 241;
        ')
 3 SYSTEMPATH\Database\BaseConnection.php(606): CodeIgniter\Database\BaseConnection->simpleQuery('SELECT
            DAP.KELAS,
            DAP.ID ID_PPOJ,
            t5.SUHU_MIN, 
            t5.SUHU_MAX, 
            t4.RH_MIN, 
            t4.RH_MAX,
            t6.HASIL_TPC CAPAR_TPC,
            t6.HASIL_KK CAPAR_KK,
            t1.HASIL_TPC MIKRO_TPC,
            t1.HASIL_KK MIKRO_KK,
            t2.hasil_flow FLOW_VALUE,
            t3.terhadap_ruangan, 
            t3.hasil_dp
        FROM
            data_awal_ppoj DAP
        LEFT JOIN
            ( select 
      ID_PPOJ, 
      ROW_NUMBER() over (partition by ID_PPOJ order by hasil_flow) as rn, 
      hasil_flow AS hasil_flow 
    from flow ) t5 ON DAP.id = t5.ID_PPOJ
        LEFT JOIN
            ( select 
      ID_PPOJ, 
      ROW_NUMBER() over (partition by ID_PPOJ order by HASIL_TPC) as rn, 
      HASIL_TPC, 
      HASIL_KK 
    from mikro_volumetrik ) t4 ON DAP.id = t4.ID_PPOJ AND t5.rn = t4.rn
        LEFT JOIN
            ( select 
      ID_PPOJ, 
      ROW_NUMBER() over (partition by ID_PPOJ order by hasil_dp) as rn, 
      terhadap_ruangan, hasil_dp AS hasil_dp 
    from dp ) t6 ON DAP.id = t6.id_ppoj AND t4.rn = t6.rn
        LEFT JOIN
            (select 
      ID_PPOJ, 
      ROW_NUMBER() over (partition by ID_PPOJ order by SUHU_MIN) as rn, 
      SUHU_MIN, 
      SUHU_MAX 
    from 
      suhu ) t1 ON DAP.id = t1.id_ppoj AND t6.rn = t1.rn
        LEFT JOIN
             ( select 
      ID_PPOJ, 
      ROW_NUMBER() over (partition by ID_PPOJ order by RH_MIN) as rn, 
      RH_MIN, 
      RH_MAX 
    from rh ) t2 ON DAP.id = t2.ID_PPOJ AND t1.rn = t2.rn
        LEFT JOIN
            ( select 
      ID_PPOJ, 
      ROW_NUMBER() over (partition by ID_PPOJ order by HASIL_TPC) as rn, 
      HASIL_TPC, 
      HASIL_KK 
    from mikro_capar ) t3 ON DAP.id = t3.ID_PPOJ AND t2.rn = t3.rn
        WHERE
            DAP.id = 241;
        ')
 4 APPPATH\Models\PpojModel.php(323): CodeIgniter\Database\BaseConnection->query('SELECT
            DAP.KELAS,
            DAP.ID ID_PPOJ,
            t5.SUHU_MIN, 
            t5.SUHU_MAX, 
            t4.RH_MIN, 
            t4.RH_MAX,
            t6.HASIL_TPC CAPAR_TPC,
            t6.HASIL_KK CAPAR_KK,
            t1.HASIL_TPC MIKRO_TPC,
            t1.HASIL_KK MIKRO_KK,
            t2.hasil_flow FLOW_VALUE,
            t3.terhadap_ruangan, 
            t3.hasil_dp
        FROM
            data_awal_ppoj DAP
        LEFT JOIN
            ( select 
      ID_PPOJ, 
      ROW_NUMBER() over (partition by ID_PPOJ order by hasil_flow) as rn, 
      hasil_flow AS hasil_flow 
    from flow ) t5 ON DAP.id = t5.ID_PPOJ
        LEFT JOIN
            ( select 
      ID_PPOJ, 
      ROW_NUMBER() over (partition by ID_PPOJ order by HASIL_TPC) as rn, 
      HASIL_TPC, 
      HASIL_KK 
    from mikro_volumetrik ) t4 ON DAP.id = t4.ID_PPOJ AND t5.rn = t4.rn
        LEFT JOIN
            ( select 
      ID_PPOJ, 
      ROW_NUMBER() over (partition by ID_PPOJ order by hasil_dp) as rn, 
      terhadap_ruangan, hasil_dp AS hasil_dp 
    from dp ) t6 ON DAP.id = t6.id_ppoj AND t4.rn = t6.rn
        LEFT JOIN
            (select 
      ID_PPOJ, 
      ROW_NUMBER() over (partition by ID_PPOJ order by SUHU_MIN) as rn, 
      SUHU_MIN, 
      SUHU_MAX 
    from 
      suhu ) t1 ON DAP.id = t1.id_ppoj AND t6.rn = t1.rn
        LEFT JOIN
             ( select 
      ID_PPOJ, 
      ROW_NUMBER() over (partition by ID_PPOJ order by RH_MIN) as rn, 
      RH_MIN, 
      RH_MAX 
    from rh ) t2 ON DAP.id = t2.ID_PPOJ AND t1.rn = t2.rn
        LEFT JOIN
            ( select 
      ID_PPOJ, 
      ROW_NUMBER() over (partition by ID_PPOJ order by HASIL_TPC) as rn, 
      HASIL_TPC, 
      HASIL_KK 
    from mikro_capar ) t3 ON DAP.id = t3.ID_PPOJ AND t2.rn = t3.rn
        WHERE
            DAP.id = 241;
        ')
 5 APPPATH\Models\PpojModel.php(313): App\Models\PpojModel->DataSuhuRH('( select 
      ID_PPOJ, 
      ROW_NUMBER() over (partition by ID_PPOJ order by hasil_flow) as rn, 
      hasil_flow AS hasil_flow 
    from flow )', '( select 
      ID_PPOJ, 
      ROW_NUMBER() over (partition by ID_PPOJ order by HASIL_TPC) as rn, 
      HASIL_TPC, 
      HASIL_KK 
    from mikro_volumetrik )', '( select 
      ID_PPOJ, 
      ROW_NUMBER() over (partition by ID_PPOJ order by hasil_dp) as rn, 
      terhadap_ruangan, hasil_dp AS hasil_dp 
    from dp )', '(select 
      ID_PPOJ, 
      ROW_NUMBER() over (partition by ID_PPOJ order by SUHU_MIN) as rn, 
      SUHU_MIN, 
      SUHU_MAX 
    from 
      suhu )', ' ( select 
      ID_PPOJ, 
      ROW_NUMBER() over (partition by ID_PPOJ order by RH_MIN) as rn, 
      RH_MIN, 
      RH_MAX 
    from rh )', '( select 
      ID_PPOJ, 
      ROW_NUMBER() over (partition by ID_PPOJ order by HASIL_TPC) as rn, 
      HASIL_TPC, 
      HASIL_KK 
    from mikro_capar )', '241', 't5', 't4', 't6', 't1', 't2', 't3')
 6 APPPATH\Controllers\DataPpoj.php(147): App\Models\PpojModel->DataPDF(1, 1, 0, 22, 25, 7, '241')
 7 SYSTEMPATH\CodeIgniter.php(932): App\Controllers\DataPpoj->Detail('241')
 8 SYSTEMPATH\CodeIgniter.php(497): CodeIgniter\CodeIgniter->runController(Object(App\Controllers\DataPpoj))
 9 SYSTEMPATH\CodeIgniter.php(366): CodeIgniter\CodeIgniter->handleRequest(null, Object(Config\Cache), false)
10 FCPATH\index.php(81): CodeIgniter\CodeIgniter->run()
INFO - 2025-05-28 03:12:53 --> Session: Class initialized using 'CodeIgniter\Session\Handlers\FileHandler' driver.
ERROR - 2025-05-28 03:12:53 --> mysqli_sql_exception: Unknown column 't5.SUHU_MIN' in 'field list' in C:\xampp\htdocs\e-reportruangan\system\Database\MySQLi\Connection.php:295
Stack trace:
#0 C:\xampp\htdocs\e-reportruangan\system\Database\MySQLi\Connection.php(295): mysqli->query('SELECT\r\n       ...', 0)
#1 C:\xampp\htdocs\e-reportruangan\system\Database\BaseConnection.php(692): CodeIgniter\Database\MySQLi\Connection->execute('SELECT\r\n       ...')
#2 C:\xampp\htdocs\e-reportruangan\system\Database\BaseConnection.php(606): CodeIgniter\Database\BaseConnection->simpleQuery('SELECT\r\n       ...')
#3 C:\xampp\htdocs\e-reportruangan\app\Models\PpojModel.php(323): CodeIgniter\Database\BaseConnection->query('SELECT\r\n       ...')
#4 C:\xampp\htdocs\e-reportruangan\app\Models\PpojModel.php(313): App\Models\PpojModel->DataSuhuRH('( select \r\n    ...', '( select \r\n    ...', '( select \r\n    ...', '(select \r\n     ...', ' ( select \r\n   ...', '( select \r\n    ...', '241', 't5', 't4', 't6', 't1', 't2', 't3')
#5 C:\xampp\htdocs\e-reportruangan\app\Controllers\DataPpoj.php(147): App\Models\PpojModel->DataPDF(1, 1, 0, 22, 25, 7, '241')
#6 C:\xampp\htdocs\e-reportruangan\system\CodeIgniter.php(932): App\Controllers\DataPpoj->Detail('241')
#7 C:\xampp\htdocs\e-reportruangan\system\CodeIgniter.php(497): CodeIgniter\CodeIgniter->runController(Object(App\Controllers\DataPpoj))
#8 C:\xampp\htdocs\e-reportruangan\system\CodeIgniter.php(366): CodeIgniter\CodeIgniter->handleRequest(NULL, Object(Config\Cache), false)
#9 C:\xampp\htdocs\e-reportruangan\public\index.php(81): CodeIgniter\CodeIgniter->run()
#10 {main}
CRITICAL - 2025-05-28 03:12:53 --> Unknown column 't5.SUHU_MIN' in 'field list'
in SYSTEMPATH\Database\MySQLi\Connection.php on line 295.
 1 SYSTEMPATH\Database\MySQLi\Connection.php(295): mysqli->query('SELECT
            DAP.KELAS,
            DAP.ID ID_PPOJ,
            t5.SUHU_MIN, 
            t5.SUHU_MAX, 
            t4.RH_MIN, 
            t4.RH_MAX,
            t6.HASIL_TPC CAPAR_TPC,
            t6.HASIL_KK CAPAR_KK,
            t1.HASIL_TPC MIKRO_TPC,
            t1.HASIL_KK MIKRO_KK,
            t2.hasil_flow FLOW_VALUE,
            t3.terhadap_ruangan, 
            t3.hasil_dp
        FROM
            data_awal_ppoj DAP
        LEFT JOIN
            ( select 
      ID_PPOJ, 
      ROW_NUMBER() over (partition by ID_PPOJ order by hasil_flow) as rn, 
      hasil_flow AS hasil_flow 
    from flow ) t5 ON DAP.id = t5.ID_PPOJ
        LEFT JOIN
            ( select 
      ID_PPOJ, 
      ROW_NUMBER() over (partition by ID_PPOJ order by HASIL_TPC) as rn, 
      HASIL_TPC, 
      HASIL_KK 
    from mikro_volumetrik ) t4 ON DAP.id = t4.ID_PPOJ AND t5.rn = t4.rn
        LEFT JOIN
            ( select 
      ID_PPOJ, 
      ROW_NUMBER() over (partition by ID_PPOJ order by hasil_dp) as rn, 
      terhadap_ruangan, hasil_dp AS hasil_dp 
    from dp ) t6 ON DAP.id = t6.id_ppoj AND t4.rn = t6.rn
        LEFT JOIN
            (select 
      ID_PPOJ, 
      ROW_NUMBER() over (partition by ID_PPOJ order by SUHU_MIN) as rn, 
      SUHU_MIN, 
      SUHU_MAX 
    from 
      suhu ) t1 ON DAP.id = t1.id_ppoj AND t6.rn = t1.rn
        LEFT JOIN
             ( select 
      ID_PPOJ, 
      ROW_NUMBER() over (partition by ID_PPOJ order by RH_MIN) as rn, 
      RH_MIN, 
      RH_MAX 
    from rh ) t2 ON DAP.id = t2.ID_PPOJ AND t1.rn = t2.rn
        LEFT JOIN
            ( select 
      ID_PPOJ, 
      ROW_NUMBER() over (partition by ID_PPOJ order by HASIL_TPC) as rn, 
      HASIL_TPC, 
      HASIL_KK 
    from mikro_capar ) t3 ON DAP.id = t3.ID_PPOJ AND t2.rn = t3.rn
        WHERE
            DAP.id = 241;
        ', 0)
 2 SYSTEMPATH\Database\BaseConnection.php(692): CodeIgniter\Database\MySQLi\Connection->execute('SELECT
            DAP.KELAS,
            DAP.ID ID_PPOJ,
            t5.SUHU_MIN, 
            t5.SUHU_MAX, 
            t4.RH_MIN, 
            t4.RH_MAX,
            t6.HASIL_TPC CAPAR_TPC,
            t6.HASIL_KK CAPAR_KK,
            t1.HASIL_TPC MIKRO_TPC,
            t1.HASIL_KK MIKRO_KK,
            t2.hasil_flow FLOW_VALUE,
            t3.terhadap_ruangan, 
            t3.hasil_dp
        FROM
            data_awal_ppoj DAP
        LEFT JOIN
            ( select 
      ID_PPOJ, 
      ROW_NUMBER() over (partition by ID_PPOJ order by hasil_flow) as rn, 
      hasil_flow AS hasil_flow 
    from flow ) t5 ON DAP.id = t5.ID_PPOJ
        LEFT JOIN
            ( select 
      ID_PPOJ, 
      ROW_NUMBER() over (partition by ID_PPOJ order by HASIL_TPC) as rn, 
      HASIL_TPC, 
      HASIL_KK 
    from mikro_volumetrik ) t4 ON DAP.id = t4.ID_PPOJ AND t5.rn = t4.rn
        LEFT JOIN
            ( select 
      ID_PPOJ, 
      ROW_NUMBER() over (partition by ID_PPOJ order by hasil_dp) as rn, 
      terhadap_ruangan, hasil_dp AS hasil_dp 
    from dp ) t6 ON DAP.id = t6.id_ppoj AND t4.rn = t6.rn
        LEFT JOIN
            (select 
      ID_PPOJ, 
      ROW_NUMBER() over (partition by ID_PPOJ order by SUHU_MIN) as rn, 
      SUHU_MIN, 
      SUHU_MAX 
    from 
      suhu ) t1 ON DAP.id = t1.id_ppoj AND t6.rn = t1.rn
        LEFT JOIN
             ( select 
      ID_PPOJ, 
      ROW_NUMBER() over (partition by ID_PPOJ order by RH_MIN) as rn, 
      RH_MIN, 
      RH_MAX 
    from rh ) t2 ON DAP.id = t2.ID_PPOJ AND t1.rn = t2.rn
        LEFT JOIN
            ( select 
      ID_PPOJ, 
      ROW_NUMBER() over (partition by ID_PPOJ order by HASIL_TPC) as rn, 
      HASIL_TPC, 
      HASIL_KK 
    from mikro_capar ) t3 ON DAP.id = t3.ID_PPOJ AND t2.rn = t3.rn
        WHERE
            DAP.id = 241;
        ')
 3 SYSTEMPATH\Database\BaseConnection.php(606): CodeIgniter\Database\BaseConnection->simpleQuery('SELECT
            DAP.KELAS,
            DAP.ID ID_PPOJ,
            t5.SUHU_MIN, 
            t5.SUHU_MAX, 
            t4.RH_MIN, 
            t4.RH_MAX,
            t6.HASIL_TPC CAPAR_TPC,
            t6.HASIL_KK CAPAR_KK,
            t1.HASIL_TPC MIKRO_TPC,
            t1.HASIL_KK MIKRO_KK,
            t2.hasil_flow FLOW_VALUE,
            t3.terhadap_ruangan, 
            t3.hasil_dp
        FROM
            data_awal_ppoj DAP
        LEFT JOIN
            ( select 
      ID_PPOJ, 
      ROW_NUMBER() over (partition by ID_PPOJ order by hasil_flow) as rn, 
      hasil_flow AS hasil_flow 
    from flow ) t5 ON DAP.id = t5.ID_PPOJ
        LEFT JOIN
            ( select 
      ID_PPOJ, 
      ROW_NUMBER() over (partition by ID_PPOJ order by HASIL_TPC) as rn, 
      HASIL_TPC, 
      HASIL_KK 
    from mikro_volumetrik ) t4 ON DAP.id = t4.ID_PPOJ AND t5.rn = t4.rn
        LEFT JOIN
            ( select 
      ID_PPOJ, 
      ROW_NUMBER() over (partition by ID_PPOJ order by hasil_dp) as rn, 
      terhadap_ruangan, hasil_dp AS hasil_dp 
    from dp ) t6 ON DAP.id = t6.id_ppoj AND t4.rn = t6.rn
        LEFT JOIN
            (select 
      ID_PPOJ, 
      ROW_NUMBER() over (partition by ID_PPOJ order by SUHU_MIN) as rn, 
      SUHU_MIN, 
      SUHU_MAX 
    from 
      suhu ) t1 ON DAP.id = t1.id_ppoj AND t6.rn = t1.rn
        LEFT JOIN
             ( select 
      ID_PPOJ, 
      ROW_NUMBER() over (partition by ID_PPOJ order by RH_MIN) as rn, 
      RH_MIN, 
      RH_MAX 
    from rh ) t2 ON DAP.id = t2.ID_PPOJ AND t1.rn = t2.rn
        LEFT JOIN
            ( select 
      ID_PPOJ, 
      ROW_NUMBER() over (partition by ID_PPOJ order by HASIL_TPC) as rn, 
      HASIL_TPC, 
      HASIL_KK 
    from mikro_capar ) t3 ON DAP.id = t3.ID_PPOJ AND t2.rn = t3.rn
        WHERE
            DAP.id = 241;
        ')
 4 APPPATH\Models\PpojModel.php(323): CodeIgniter\Database\BaseConnection->query('SELECT
            DAP.KELAS,
            DAP.ID ID_PPOJ,
            t5.SUHU_MIN, 
            t5.SUHU_MAX, 
            t4.RH_MIN, 
            t4.RH_MAX,
            t6.HASIL_TPC CAPAR_TPC,
            t6.HASIL_KK CAPAR_KK,
            t1.HASIL_TPC MIKRO_TPC,
            t1.HASIL_KK MIKRO_KK,
            t2.hasil_flow FLOW_VALUE,
            t3.terhadap_ruangan, 
            t3.hasil_dp
        FROM
            data_awal_ppoj DAP
        LEFT JOIN
            ( select 
      ID_PPOJ, 
      ROW_NUMBER() over (partition by ID_PPOJ order by hasil_flow) as rn, 
      hasil_flow AS hasil_flow 
    from flow ) t5 ON DAP.id = t5.ID_PPOJ
        LEFT JOIN
            ( select 
      ID_PPOJ, 
      ROW_NUMBER() over (partition by ID_PPOJ order by HASIL_TPC) as rn, 
      HASIL_TPC, 
      HASIL_KK 
    from mikro_volumetrik ) t4 ON DAP.id = t4.ID_PPOJ AND t5.rn = t4.rn
        LEFT JOIN
            ( select 
      ID_PPOJ, 
      ROW_NUMBER() over (partition by ID_PPOJ order by hasil_dp) as rn, 
      terhadap_ruangan, hasil_dp AS hasil_dp 
    from dp ) t6 ON DAP.id = t6.id_ppoj AND t4.rn = t6.rn
        LEFT JOIN
            (select 
      ID_PPOJ, 
      ROW_NUMBER() over (partition by ID_PPOJ order by SUHU_MIN) as rn, 
      SUHU_MIN, 
      SUHU_MAX 
    from 
      suhu ) t1 ON DAP.id = t1.id_ppoj AND t6.rn = t1.rn
        LEFT JOIN
             ( select 
      ID_PPOJ, 
      ROW_NUMBER() over (partition by ID_PPOJ order by RH_MIN) as rn, 
      RH_MIN, 
      RH_MAX 
    from rh ) t2 ON DAP.id = t2.ID_PPOJ AND t1.rn = t2.rn
        LEFT JOIN
            ( select 
      ID_PPOJ, 
      ROW_NUMBER() over (partition by ID_PPOJ order by HASIL_TPC) as rn, 
      HASIL_TPC, 
      HASIL_KK 
    from mikro_capar ) t3 ON DAP.id = t3.ID_PPOJ AND t2.rn = t3.rn
        WHERE
            DAP.id = 241;
        ')
 5 APPPATH\Models\PpojModel.php(313): App\Models\PpojModel->DataSuhuRH('( select 
      ID_PPOJ, 
      ROW_NUMBER() over (partition by ID_PPOJ order by hasil_flow) as rn, 
      hasil_flow AS hasil_flow 
    from flow )', '( select 
      ID_PPOJ, 
      ROW_NUMBER() over (partition by ID_PPOJ order by HASIL_TPC) as rn, 
      HASIL_TPC, 
      HASIL_KK 
    from mikro_volumetrik )', '( select 
      ID_PPOJ, 
      ROW_NUMBER() over (partition by ID_PPOJ order by hasil_dp) as rn, 
      terhadap_ruangan, hasil_dp AS hasil_dp 
    from dp )', '(select 
      ID_PPOJ, 
      ROW_NUMBER() over (partition by ID_PPOJ order by SUHU_MIN) as rn, 
      SUHU_MIN, 
      SUHU_MAX 
    from 
      suhu )', ' ( select 
      ID_PPOJ, 
      ROW_NUMBER() over (partition by ID_PPOJ order by RH_MIN) as rn, 
      RH_MIN, 
      RH_MAX 
    from rh )', '( select 
      ID_PPOJ, 
      ROW_NUMBER() over (partition by ID_PPOJ order by HASIL_TPC) as rn, 
      HASIL_TPC, 
      HASIL_KK 
    from mikro_capar )', '241', 't5', 't4', 't6', 't1', 't2', 't3')
 6 APPPATH\Controllers\DataPpoj.php(147): App\Models\PpojModel->DataPDF(1, 1, 0, 22, 25, 7, '241')
 7 SYSTEMPATH\CodeIgniter.php(932): App\Controllers\DataPpoj->Detail('241')
 8 SYSTEMPATH\CodeIgniter.php(497): CodeIgniter\CodeIgniter->runController(Object(App\Controllers\DataPpoj))
 9 SYSTEMPATH\CodeIgniter.php(366): CodeIgniter\CodeIgniter->handleRequest(null, Object(Config\Cache), false)
10 FCPATH\index.php(81): CodeIgniter\CodeIgniter->run()
CRITICAL - 2025-05-28 03:14:58 --> Namespace declaration statement has to be the very first statement or after any declare call in the script
in APPPATH\Models\PpojModel.php on line 3.
 1 [internal function]: CodeIgniter\Debug\Exceptions->shutdownHandler()
INFO - 2025-05-28 03:15:45 --> Session: Class initialized using 'CodeIgniter\Session\Handlers\FileHandler' driver.
INFO - 2025-05-28 03:15:48 --> Session: Class initialized using 'CodeIgniter\Session\Handlers\FileHandler' driver.
CRITICAL - 2025-05-28 03:15:48 --> Undefined array key "perbedaan_ruangan"
in APPPATH\Views\AtRest\Getpdf.php on line 236.
 1 APPPATH\Views\AtRest\Getpdf.php(236): CodeIgniter\Debug\Exceptions->errorHandler(2, 'Undefined array key "perbedaan_ruangan"', 'C:\\xampp\\htdocs\\e-reportruangan\\app\\Views\\AtRest\\Getpdf.php', 236)
 2 SYSTEMPATH\View\View.php(224): include('C:\\xampp\\htdocs\\e-reportruangan\\app\\Views\\AtRest\\Getpdf.php')
 3 SYSTEMPATH\View\View.php(227): CodeIgniter\View\View->CodeIgniter\View\{closure}()
 4 SYSTEMPATH\Common.php(1180): CodeIgniter\View\View->render('AtRest/Getpdf', [], true)
 5 APPPATH\Controllers\DataPpoj.php(75): view('AtRest/Getpdf', [...])
 6 SYSTEMPATH\CodeIgniter.php(932): App\Controllers\DataPpoj->DetailPpoj(' 241')
 7 SYSTEMPATH\CodeIgniter.php(497): CodeIgniter\CodeIgniter->runController(Object(App\Controllers\DataPpoj))
 8 SYSTEMPATH\CodeIgniter.php(366): CodeIgniter\CodeIgniter->handleRequest(null, Object(Config\Cache), false)
 9 FCPATH\index.php(81): CodeIgniter\CodeIgniter->run()
CRITICAL - 2025-05-28 03:16:47 --> Too few arguments to function App\Models\PpojModel::DataPDF(), 5 passed in C:\xampp\htdocs\e-reportruangan\app\Controllers\DataPpoj.php on line 64 and exactly 7 expected
in APPPATH\Models\PpojModel.php on line 281.
 1 APPPATH\Controllers\DataPpoj.php(64): App\Models\PpojModel->DataPDF(1, 1, 0, 22, ' 241')
 2 SYSTEMPATH\CodeIgniter.php(932): App\Controllers\DataPpoj->DetailPpoj(' 241')
 3 SYSTEMPATH\CodeIgniter.php(497): CodeIgniter\CodeIgniter->runController(Object(App\Controllers\DataPpoj))
 4 SYSTEMPATH\CodeIgniter.php(366): CodeIgniter\CodeIgniter->handleRequest(null, Object(Config\Cache), false)
 5 FCPATH\index.php(81): CodeIgniter\CodeIgniter->run()
CRITICAL - 2025-05-28 03:17:45 --> Too few arguments to function App\Models\PpojModel::DataPDF(), 5 passed in C:\xampp\htdocs\e-reportruangan\app\Controllers\DataPpoj.php on line 64 and exactly 7 expected
in APPPATH\Models\PpojModel.php on line 281.
 1 APPPATH\Controllers\DataPpoj.php(64): App\Models\PpojModel->DataPDF(1, 1, 0, 22, ' 241')
 2 SYSTEMPATH\CodeIgniter.php(932): App\Controllers\DataPpoj->DetailPpoj(' 241')
 3 SYSTEMPATH\CodeIgniter.php(497): CodeIgniter\CodeIgniter->runController(Object(App\Controllers\DataPpoj))
 4 SYSTEMPATH\CodeIgniter.php(366): CodeIgniter\CodeIgniter->handleRequest(null, Object(Config\Cache), false)
 5 FCPATH\index.php(81): CodeIgniter\CodeIgniter->run()
CRITICAL - 2025-05-28 03:20:12 --> Too few arguments to function App\Models\PpojModel::DataPDF(), 5 passed in C:\xampp\htdocs\e-reportruangan\app\Controllers\DataPpoj.php on line 64 and exactly 7 expected
in APPPATH\Models\PpojModel.php on line 281.
 1 APPPATH\Controllers\DataPpoj.php(64): App\Models\PpojModel->DataPDF(1, 1, 0, 22, ' 241')
 2 SYSTEMPATH\CodeIgniter.php(932): App\Controllers\DataPpoj->DetailPpoj(' 241')
 3 SYSTEMPATH\CodeIgniter.php(497): CodeIgniter\CodeIgniter->runController(Object(App\Controllers\DataPpoj))
 4 SYSTEMPATH\CodeIgniter.php(366): CodeIgniter\CodeIgniter->handleRequest(null, Object(Config\Cache), false)
 5 FCPATH\index.php(81): CodeIgniter\CodeIgniter->run()
CRITICAL - 2025-05-28 03:20:24 --> Too few arguments to function App\Models\PpojModel::DataPDF(), 5 passed in C:\xampp\htdocs\e-reportruangan\app\Controllers\DataPpoj.php on line 64 and exactly 7 expected
in APPPATH\Models\PpojModel.php on line 281.
 1 APPPATH\Controllers\DataPpoj.php(64): App\Models\PpojModel->DataPDF(1, 1, 0, 22, ' 241')
 2 SYSTEMPATH\CodeIgniter.php(932): App\Controllers\DataPpoj->DetailPpoj(' 241')
 3 SYSTEMPATH\CodeIgniter.php(497): CodeIgniter\CodeIgniter->runController(Object(App\Controllers\DataPpoj))
 4 SYSTEMPATH\CodeIgniter.php(366): CodeIgniter\CodeIgniter->handleRequest(null, Object(Config\Cache), false)
 5 FCPATH\index.php(81): CodeIgniter\CodeIgniter->run()
CRITICAL - 2025-05-28 03:20:41 --> Too few arguments to function App\Models\PpojModel::DataPDF(), 5 passed in C:\xampp\htdocs\e-reportruangan\app\Controllers\DataPpoj.php on line 64 and exactly 7 expected
in APPPATH\Models\PpojModel.php on line 281.
 1 APPPATH\Controllers\DataPpoj.php(64): App\Models\PpojModel->DataPDF(1, 1, 0, 22, ' 241')
 2 SYSTEMPATH\CodeIgniter.php(932): App\Controllers\DataPpoj->DetailPpoj(' 241')
 3 SYSTEMPATH\CodeIgniter.php(497): CodeIgniter\CodeIgniter->runController(Object(App\Controllers\DataPpoj))
 4 SYSTEMPATH\CodeIgniter.php(366): CodeIgniter\CodeIgniter->handleRequest(null, Object(Config\Cache), false)
 5 FCPATH\index.php(81): CodeIgniter\CodeIgniter->run()
CRITICAL - 2025-05-28 03:20:42 --> Too few arguments to function App\Models\PpojModel::DataPDF(), 5 passed in C:\xampp\htdocs\e-reportruangan\app\Controllers\DataPpoj.php on line 64 and exactly 7 expected
in APPPATH\Models\PpojModel.php on line 281.
 1 APPPATH\Controllers\DataPpoj.php(64): App\Models\PpojModel->DataPDF(1, 1, 0, 22, ' 241')
 2 SYSTEMPATH\CodeIgniter.php(932): App\Controllers\DataPpoj->DetailPpoj(' 241')
 3 SYSTEMPATH\CodeIgniter.php(497): CodeIgniter\CodeIgniter->runController(Object(App\Controllers\DataPpoj))
 4 SYSTEMPATH\CodeIgniter.php(366): CodeIgniter\CodeIgniter->handleRequest(null, Object(Config\Cache), false)
 5 FCPATH\index.php(81): CodeIgniter\CodeIgniter->run()
INFO - 2025-05-28 03:20:43 --> Session: Class initialized using 'CodeIgniter\Session\Handlers\FileHandler' driver.
ERROR - 2025-05-28 03:20:43 --> mysqli_sql_exception: Unknown column 't5.SUHU_MIN' in 'field list' in C:\xampp\htdocs\e-reportruangan\system\Database\MySQLi\Connection.php:295
Stack trace:
#0 C:\xampp\htdocs\e-reportruangan\system\Database\MySQLi\Connection.php(295): mysqli->query('SELECT\r\n       ...', 0)
#1 C:\xampp\htdocs\e-reportruangan\system\Database\BaseConnection.php(692): CodeIgniter\Database\MySQLi\Connection->execute('SELECT\r\n       ...')
#2 C:\xampp\htdocs\e-reportruangan\system\Database\BaseConnection.php(606): CodeIgniter\Database\BaseConnection->simpleQuery('SELECT\r\n       ...')
#3 C:\xampp\htdocs\e-reportruangan\app\Models\PpojModel.php(323): CodeIgniter\Database\BaseConnection->query('SELECT\r\n       ...')
#4 C:\xampp\htdocs\e-reportruangan\app\Models\PpojModel.php(313): App\Models\PpojModel->DataSuhuRH('( select \r\n    ...', '( select \r\n    ...', '( select \r\n    ...', '(select \r\n     ...', ' ( select \r\n   ...', '( select \r\n    ...', '241', 't5', 't4', 't6', 't1', 't2', 't3')
#5 C:\xampp\htdocs\e-reportruangan\app\Controllers\DataPpoj.php(147): App\Models\PpojModel->DataPDF(1, 1, 0, 22, 25, 7, '241')
#6 C:\xampp\htdocs\e-reportruangan\system\CodeIgniter.php(932): App\Controllers\DataPpoj->Detail('241')
#7 C:\xampp\htdocs\e-reportruangan\system\CodeIgniter.php(497): CodeIgniter\CodeIgniter->runController(Object(App\Controllers\DataPpoj))
#8 C:\xampp\htdocs\e-reportruangan\system\CodeIgniter.php(366): CodeIgniter\CodeIgniter->handleRequest(NULL, Object(Config\Cache), false)
#9 C:\xampp\htdocs\e-reportruangan\public\index.php(81): CodeIgniter\CodeIgniter->run()
#10 {main}
CRITICAL - 2025-05-28 03:20:43 --> Unknown column 't5.SUHU_MIN' in 'field list'
in SYSTEMPATH\Database\MySQLi\Connection.php on line 295.
 1 SYSTEMPATH\Database\MySQLi\Connection.php(295): mysqli->query('SELECT
            DAP.KELAS,
            DAP.ID ID_PPOJ,
            t5.SUHU_MIN, 
            t5.SUHU_MAX, 
            t4.RH_MIN, 
            t4.RH_MAX,
            t6.HASIL_TPC CAPAR_TPC,
            t6.HASIL_KK CAPAR_KK,
            t1.HASIL_TPC MIKRO_TPC,
            t1.HASIL_KK MIKRO_KK,
            t2.hasil_flow FLOW_VALUE,
            t3.terhadap_ruangan, 
            t3.hasil_dp
        FROM
            data_awal_ppoj DAP
        LEFT JOIN
            ( select 
      ID_PPOJ, 
      ROW_NUMBER() over (partition by ID_PPOJ order by hasil_flow) as rn, 
      hasil_flow AS hasil_flow 
    from flow ) t5 ON DAP.id = t5.ID_PPOJ
        LEFT JOIN
            ( select 
      ID_PPOJ, 
      ROW_NUMBER() over (partition by ID_PPOJ order by HASIL_TPC) as rn, 
      HASIL_TPC, 
      HASIL_KK 
    from mikro_volumetrik ) t4 ON DAP.id = t4.ID_PPOJ AND t5.rn = t4.rn
        LEFT JOIN
            ( select 
      ID_PPOJ, 
      ROW_NUMBER() over (partition by ID_PPOJ order by hasil_dp) as rn, 
      terhadap_ruangan, hasil_dp AS hasil_dp 
    from dp ) t6 ON DAP.id = t6.id_ppoj AND t4.rn = t6.rn
        LEFT JOIN
            (select 
      ID_PPOJ, 
      ROW_NUMBER() over (partition by ID_PPOJ order by SUHU_MIN) as rn, 
      SUHU_MIN, 
      SUHU_MAX 
    from 
      suhu ) t1 ON DAP.id = t1.id_ppoj AND t6.rn = t1.rn
        LEFT JOIN
             ( select 
      ID_PPOJ, 
      ROW_NUMBER() over (partition by ID_PPOJ order by RH_MIN) as rn, 
      RH_MIN, 
      RH_MAX 
    from rh ) t2 ON DAP.id = t2.ID_PPOJ AND t1.rn = t2.rn
        LEFT JOIN
            ( select 
      ID_PPOJ, 
      ROW_NUMBER() over (partition by ID_PPOJ order by HASIL_TPC) as rn, 
      HASIL_TPC, 
      HASIL_KK 
    from mikro_capar ) t3 ON DAP.id = t3.ID_PPOJ AND t2.rn = t3.rn
        WHERE
            DAP.id = 241;
        ', 0)
 2 SYSTEMPATH\Database\BaseConnection.php(692): CodeIgniter\Database\MySQLi\Connection->execute('SELECT
            DAP.KELAS,
            DAP.ID ID_PPOJ,
            t5.SUHU_MIN, 
            t5.SUHU_MAX, 
            t4.RH_MIN, 
            t4.RH_MAX,
            t6.HASIL_TPC CAPAR_TPC,
            t6.HASIL_KK CAPAR_KK,
            t1.HASIL_TPC MIKRO_TPC,
            t1.HASIL_KK MIKRO_KK,
            t2.hasil_flow FLOW_VALUE,
            t3.terhadap_ruangan, 
            t3.hasil_dp
        FROM
            data_awal_ppoj DAP
        LEFT JOIN
            ( select 
      ID_PPOJ, 
      ROW_NUMBER() over (partition by ID_PPOJ order by hasil_flow) as rn, 
      hasil_flow AS hasil_flow 
    from flow ) t5 ON DAP.id = t5.ID_PPOJ
        LEFT JOIN
            ( select 
      ID_PPOJ, 
      ROW_NUMBER() over (partition by ID_PPOJ order by HASIL_TPC) as rn, 
      HASIL_TPC, 
      HASIL_KK 
    from mikro_volumetrik ) t4 ON DAP.id = t4.ID_PPOJ AND t5.rn = t4.rn
        LEFT JOIN
            ( select 
      ID_PPOJ, 
      ROW_NUMBER() over (partition by ID_PPOJ order by hasil_dp) as rn, 
      terhadap_ruangan, hasil_dp AS hasil_dp 
    from dp ) t6 ON DAP.id = t6.id_ppoj AND t4.rn = t6.rn
        LEFT JOIN
            (select 
      ID_PPOJ, 
      ROW_NUMBER() over (partition by ID_PPOJ order by SUHU_MIN) as rn, 
      SUHU_MIN, 
      SUHU_MAX 
    from 
      suhu ) t1 ON DAP.id = t1.id_ppoj AND t6.rn = t1.rn
        LEFT JOIN
             ( select 
      ID_PPOJ, 
      ROW_NUMBER() over (partition by ID_PPOJ order by RH_MIN) as rn, 
      RH_MIN, 
      RH_MAX 
    from rh ) t2 ON DAP.id = t2.ID_PPOJ AND t1.rn = t2.rn
        LEFT JOIN
            ( select 
      ID_PPOJ, 
      ROW_NUMBER() over (partition by ID_PPOJ order by HASIL_TPC) as rn, 
      HASIL_TPC, 
      HASIL_KK 
    from mikro_capar ) t3 ON DAP.id = t3.ID_PPOJ AND t2.rn = t3.rn
        WHERE
            DAP.id = 241;
        ')
 3 SYSTEMPATH\Database\BaseConnection.php(606): CodeIgniter\Database\BaseConnection->simpleQuery('SELECT
            DAP.KELAS,
            DAP.ID ID_PPOJ,
            t5.SUHU_MIN, 
            t5.SUHU_MAX, 
            t4.RH_MIN, 
            t4.RH_MAX,
            t6.HASIL_TPC CAPAR_TPC,
            t6.HASIL_KK CAPAR_KK,
            t1.HASIL_TPC MIKRO_TPC,
            t1.HASIL_KK MIKRO_KK,
            t2.hasil_flow FLOW_VALUE,
            t3.terhadap_ruangan, 
            t3.hasil_dp
        FROM
            data_awal_ppoj DAP
        LEFT JOIN
            ( select 
      ID_PPOJ, 
      ROW_NUMBER() over (partition by ID_PPOJ order by hasil_flow) as rn, 
      hasil_flow AS hasil_flow 
    from flow ) t5 ON DAP.id = t5.ID_PPOJ
        LEFT JOIN
            ( select 
      ID_PPOJ, 
      ROW_NUMBER() over (partition by ID_PPOJ order by HASIL_TPC) as rn, 
      HASIL_TPC, 
      HASIL_KK 
    from mikro_volumetrik ) t4 ON DAP.id = t4.ID_PPOJ AND t5.rn = t4.rn
        LEFT JOIN
            ( select 
      ID_PPOJ, 
      ROW_NUMBER() over (partition by ID_PPOJ order by hasil_dp) as rn, 
      terhadap_ruangan, hasil_dp AS hasil_dp 
    from dp ) t6 ON DAP.id = t6.id_ppoj AND t4.rn = t6.rn
        LEFT JOIN
            (select 
      ID_PPOJ, 
      ROW_NUMBER() over (partition by ID_PPOJ order by SUHU_MIN) as rn, 
      SUHU_MIN, 
      SUHU_MAX 
    from 
      suhu ) t1 ON DAP.id = t1.id_ppoj AND t6.rn = t1.rn
        LEFT JOIN
             ( select 
      ID_PPOJ, 
      ROW_NUMBER() over (partition by ID_PPOJ order by RH_MIN) as rn, 
      RH_MIN, 
      RH_MAX 
    from rh ) t2 ON DAP.id = t2.ID_PPOJ AND t1.rn = t2.rn
        LEFT JOIN
            ( select 
      ID_PPOJ, 
      ROW_NUMBER() over (partition by ID_PPOJ order by HASIL_TPC) as rn, 
      HASIL_TPC, 
      HASIL_KK 
    from mikro_capar ) t3 ON DAP.id = t3.ID_PPOJ AND t2.rn = t3.rn
        WHERE
            DAP.id = 241;
        ')
 4 APPPATH\Models\PpojModel.php(323): CodeIgniter\Database\BaseConnection->query('SELECT
            DAP.KELAS,
            DAP.ID ID_PPOJ,
            t5.SUHU_MIN, 
            t5.SUHU_MAX, 
            t4.RH_MIN, 
            t4.RH_MAX,
            t6.HASIL_TPC CAPAR_TPC,
            t6.HASIL_KK CAPAR_KK,
            t1.HASIL_TPC MIKRO_TPC,
            t1.HASIL_KK MIKRO_KK,
            t2.hasil_flow FLOW_VALUE,
            t3.terhadap_ruangan, 
            t3.hasil_dp
        FROM
            data_awal_ppoj DAP
        LEFT JOIN
            ( select 
      ID_PPOJ, 
      ROW_NUMBER() over (partition by ID_PPOJ order by hasil_flow) as rn, 
      hasil_flow AS hasil_flow 
    from flow ) t5 ON DAP.id = t5.ID_PPOJ
        LEFT JOIN
            ( select 
      ID_PPOJ, 
      ROW_NUMBER() over (partition by ID_PPOJ order by HASIL_TPC) as rn, 
      HASIL_TPC, 
      HASIL_KK 
    from mikro_volumetrik ) t4 ON DAP.id = t4.ID_PPOJ AND t5.rn = t4.rn
        LEFT JOIN
            ( select 
      ID_PPOJ, 
      ROW_NUMBER() over (partition by ID_PPOJ order by hasil_dp) as rn, 
      terhadap_ruangan, hasil_dp AS hasil_dp 
    from dp ) t6 ON DAP.id = t6.id_ppoj AND t4.rn = t6.rn
        LEFT JOIN
            (select 
      ID_PPOJ, 
      ROW_NUMBER() over (partition by ID_PPOJ order by SUHU_MIN) as rn, 
      SUHU_MIN, 
      SUHU_MAX 
    from 
      suhu ) t1 ON DAP.id = t1.id_ppoj AND t6.rn = t1.rn
        LEFT JOIN
             ( select 
      ID_PPOJ, 
      ROW_NUMBER() over (partition by ID_PPOJ order by RH_MIN) as rn, 
      RH_MIN, 
      RH_MAX 
    from rh ) t2 ON DAP.id = t2.ID_PPOJ AND t1.rn = t2.rn
        LEFT JOIN
            ( select 
      ID_PPOJ, 
      ROW_NUMBER() over (partition by ID_PPOJ order by HASIL_TPC) as rn, 
      HASIL_TPC, 
      HASIL_KK 
    from mikro_capar ) t3 ON DAP.id = t3.ID_PPOJ AND t2.rn = t3.rn
        WHERE
            DAP.id = 241;
        ')
 5 APPPATH\Models\PpojModel.php(313): App\Models\PpojModel->DataSuhuRH('( select 
      ID_PPOJ, 
      ROW_NUMBER() over (partition by ID_PPOJ order by hasil_flow) as rn, 
      hasil_flow AS hasil_flow 
    from flow )', '( select 
      ID_PPOJ, 
      ROW_NUMBER() over (partition by ID_PPOJ order by HASIL_TPC) as rn, 
      HASIL_TPC, 
      HASIL_KK 
    from mikro_volumetrik )', '( select 
      ID_PPOJ, 
      ROW_NUMBER() over (partition by ID_PPOJ order by hasil_dp) as rn, 
      terhadap_ruangan, hasil_dp AS hasil_dp 
    from dp )', '(select 
      ID_PPOJ, 
      ROW_NUMBER() over (partition by ID_PPOJ order by SUHU_MIN) as rn, 
      SUHU_MIN, 
      SUHU_MAX 
    from 
      suhu )', ' ( select 
      ID_PPOJ, 
      ROW_NUMBER() over (partition by ID_PPOJ order by RH_MIN) as rn, 
      RH_MIN, 
      RH_MAX 
    from rh )', '( select 
      ID_PPOJ, 
      ROW_NUMBER() over (partition by ID_PPOJ order by HASIL_TPC) as rn, 
      HASIL_TPC, 
      HASIL_KK 
    from mikro_capar )', '241', 't5', 't4', 't6', 't1', 't2', 't3')
 6 APPPATH\Controllers\DataPpoj.php(147): App\Models\PpojModel->DataPDF(1, 1, 0, 22, 25, 7, '241')
 7 SYSTEMPATH\CodeIgniter.php(932): App\Controllers\DataPpoj->Detail('241')
 8 SYSTEMPATH\CodeIgniter.php(497): CodeIgniter\CodeIgniter->runController(Object(App\Controllers\DataPpoj))
 9 SYSTEMPATH\CodeIgniter.php(366): CodeIgniter\CodeIgniter->handleRequest(null, Object(Config\Cache), false)
10 FCPATH\index.php(81): CodeIgniter\CodeIgniter->run()
INFO - 2025-05-28 03:20:45 --> Session: Class initialized using 'CodeIgniter\Session\Handlers\FileHandler' driver.
ERROR - 2025-05-28 03:20:45 --> mysqli_sql_exception: Unknown column 't5.SUHU_MIN' in 'field list' in C:\xampp\htdocs\e-reportruangan\system\Database\MySQLi\Connection.php:295
Stack trace:
#0 C:\xampp\htdocs\e-reportruangan\system\Database\MySQLi\Connection.php(295): mysqli->query('SELECT\r\n       ...', 0)
#1 C:\xampp\htdocs\e-reportruangan\system\Database\BaseConnection.php(692): CodeIgniter\Database\MySQLi\Connection->execute('SELECT\r\n       ...')
#2 C:\xampp\htdocs\e-reportruangan\system\Database\BaseConnection.php(606): CodeIgniter\Database\BaseConnection->simpleQuery('SELECT\r\n       ...')
#3 C:\xampp\htdocs\e-reportruangan\app\Models\PpojModel.php(323): CodeIgniter\Database\BaseConnection->query('SELECT\r\n       ...')
#4 C:\xampp\htdocs\e-reportruangan\app\Models\PpojModel.php(313): App\Models\PpojModel->DataSuhuRH('( select \r\n    ...', '( select \r\n    ...', '( select \r\n    ...', '(select \r\n     ...', ' ( select \r\n   ...', '( select \r\n    ...', '241', 't5', 't4', 't6', 't1', 't2', 't3')
#5 C:\xampp\htdocs\e-reportruangan\app\Controllers\DataPpoj.php(147): App\Models\PpojModel->DataPDF(1, 1, 0, 22, 25, 7, '241')
#6 C:\xampp\htdocs\e-reportruangan\system\CodeIgniter.php(932): App\Controllers\DataPpoj->Detail('241')
#7 C:\xampp\htdocs\e-reportruangan\system\CodeIgniter.php(497): CodeIgniter\CodeIgniter->runController(Object(App\Controllers\DataPpoj))
#8 C:\xampp\htdocs\e-reportruangan\system\CodeIgniter.php(366): CodeIgniter\CodeIgniter->handleRequest(NULL, Object(Config\Cache), false)
#9 C:\xampp\htdocs\e-reportruangan\public\index.php(81): CodeIgniter\CodeIgniter->run()
#10 {main}
CRITICAL - 2025-05-28 03:20:45 --> Unknown column 't5.SUHU_MIN' in 'field list'
in SYSTEMPATH\Database\MySQLi\Connection.php on line 295.
 1 SYSTEMPATH\Database\MySQLi\Connection.php(295): mysqli->query('SELECT
            DAP.KELAS,
            DAP.ID ID_PPOJ,
            t5.SUHU_MIN, 
            t5.SUHU_MAX, 
            t4.RH_MIN, 
            t4.RH_MAX,
            t6.HASIL_TPC CAPAR_TPC,
            t6.HASIL_KK CAPAR_KK,
            t1.HASIL_TPC MIKRO_TPC,
            t1.HASIL_KK MIKRO_KK,
            t2.hasil_flow FLOW_VALUE,
            t3.terhadap_ruangan, 
            t3.hasil_dp
        FROM
            data_awal_ppoj DAP
        LEFT JOIN
            ( select 
      ID_PPOJ, 
      ROW_NUMBER() over (partition by ID_PPOJ order by hasil_flow) as rn, 
      hasil_flow AS hasil_flow 
    from flow ) t5 ON DAP.id = t5.ID_PPOJ
        LEFT JOIN
            ( select 
      ID_PPOJ, 
      ROW_NUMBER() over (partition by ID_PPOJ order by HASIL_TPC) as rn, 
      HASIL_TPC, 
      HASIL_KK 
    from mikro_volumetrik ) t4 ON DAP.id = t4.ID_PPOJ AND t5.rn = t4.rn
        LEFT JOIN
            ( select 
      ID_PPOJ, 
      ROW_NUMBER() over (partition by ID_PPOJ order by hasil_dp) as rn, 
      terhadap_ruangan, hasil_dp AS hasil_dp 
    from dp ) t6 ON DAP.id = t6.id_ppoj AND t4.rn = t6.rn
        LEFT JOIN
            (select 
      ID_PPOJ, 
      ROW_NUMBER() over (partition by ID_PPOJ order by SUHU_MIN) as rn, 
      SUHU_MIN, 
      SUHU_MAX 
    from 
      suhu ) t1 ON DAP.id = t1.id_ppoj AND t6.rn = t1.rn
        LEFT JOIN
             ( select 
      ID_PPOJ, 
      ROW_NUMBER() over (partition by ID_PPOJ order by RH_MIN) as rn, 
      RH_MIN, 
      RH_MAX 
    from rh ) t2 ON DAP.id = t2.ID_PPOJ AND t1.rn = t2.rn
        LEFT JOIN
            ( select 
      ID_PPOJ, 
      ROW_NUMBER() over (partition by ID_PPOJ order by HASIL_TPC) as rn, 
      HASIL_TPC, 
      HASIL_KK 
    from mikro_capar ) t3 ON DAP.id = t3.ID_PPOJ AND t2.rn = t3.rn
        WHERE
            DAP.id = 241;
        ', 0)
 2 SYSTEMPATH\Database\BaseConnection.php(692): CodeIgniter\Database\MySQLi\Connection->execute('SELECT
            DAP.KELAS,
            DAP.ID ID_PPOJ,
            t5.SUHU_MIN, 
            t5.SUHU_MAX, 
            t4.RH_MIN, 
            t4.RH_MAX,
            t6.HASIL_TPC CAPAR_TPC,
            t6.HASIL_KK CAPAR_KK,
            t1.HASIL_TPC MIKRO_TPC,
            t1.HASIL_KK MIKRO_KK,
            t2.hasil_flow FLOW_VALUE,
            t3.terhadap_ruangan, 
            t3.hasil_dp
        FROM
            data_awal_ppoj DAP
        LEFT JOIN
            ( select 
      ID_PPOJ, 
      ROW_NUMBER() over (partition by ID_PPOJ order by hasil_flow) as rn, 
      hasil_flow AS hasil_flow 
    from flow ) t5 ON DAP.id = t5.ID_PPOJ
        LEFT JOIN
            ( select 
      ID_PPOJ, 
      ROW_NUMBER() over (partition by ID_PPOJ order by HASIL_TPC) as rn, 
      HASIL_TPC, 
      HASIL_KK 
    from mikro_volumetrik ) t4 ON DAP.id = t4.ID_PPOJ AND t5.rn = t4.rn
        LEFT JOIN
            ( select 
      ID_PPOJ, 
      ROW_NUMBER() over (partition by ID_PPOJ order by hasil_dp) as rn, 
      terhadap_ruangan, hasil_dp AS hasil_dp 
    from dp ) t6 ON DAP.id = t6.id_ppoj AND t4.rn = t6.rn
        LEFT JOIN
            (select 
      ID_PPOJ, 
      ROW_NUMBER() over (partition by ID_PPOJ order by SUHU_MIN) as rn, 
      SUHU_MIN, 
      SUHU_MAX 
    from 
      suhu ) t1 ON DAP.id = t1.id_ppoj AND t6.rn = t1.rn
        LEFT JOIN
             ( select 
      ID_PPOJ, 
      ROW_NUMBER() over (partition by ID_PPOJ order by RH_MIN) as rn, 
      RH_MIN, 
      RH_MAX 
    from rh ) t2 ON DAP.id = t2.ID_PPOJ AND t1.rn = t2.rn
        LEFT JOIN
            ( select 
      ID_PPOJ, 
      ROW_NUMBER() over (partition by ID_PPOJ order by HASIL_TPC) as rn, 
      HASIL_TPC, 
      HASIL_KK 
    from mikro_capar ) t3 ON DAP.id = t3.ID_PPOJ AND t2.rn = t3.rn
        WHERE
            DAP.id = 241;
        ')
 3 SYSTEMPATH\Database\BaseConnection.php(606): CodeIgniter\Database\BaseConnection->simpleQuery('SELECT
            DAP.KELAS,
            DAP.ID ID_PPOJ,
            t5.SUHU_MIN, 
            t5.SUHU_MAX, 
            t4.RH_MIN, 
            t4.RH_MAX,
            t6.HASIL_TPC CAPAR_TPC,
            t6.HASIL_KK CAPAR_KK,
            t1.HASIL_TPC MIKRO_TPC,
            t1.HASIL_KK MIKRO_KK,
            t2.hasil_flow FLOW_VALUE,
            t3.terhadap_ruangan, 
            t3.hasil_dp
        FROM
            data_awal_ppoj DAP
        LEFT JOIN
            ( select 
      ID_PPOJ, 
      ROW_NUMBER() over (partition by ID_PPOJ order by hasil_flow) as rn, 
      hasil_flow AS hasil_flow 
    from flow ) t5 ON DAP.id = t5.ID_PPOJ
        LEFT JOIN
            ( select 
      ID_PPOJ, 
      ROW_NUMBER() over (partition by ID_PPOJ order by HASIL_TPC) as rn, 
      HASIL_TPC, 
      HASIL_KK 
    from mikro_volumetrik ) t4 ON DAP.id = t4.ID_PPOJ AND t5.rn = t4.rn
        LEFT JOIN
            ( select 
      ID_PPOJ, 
      ROW_NUMBER() over (partition by ID_PPOJ order by hasil_dp) as rn, 
      terhadap_ruangan, hasil_dp AS hasil_dp 
    from dp ) t6 ON DAP.id = t6.id_ppoj AND t4.rn = t6.rn
        LEFT JOIN
            (select 
      ID_PPOJ, 
      ROW_NUMBER() over (partition by ID_PPOJ order by SUHU_MIN) as rn, 
      SUHU_MIN, 
      SUHU_MAX 
    from 
      suhu ) t1 ON DAP.id = t1.id_ppoj AND t6.rn = t1.rn
        LEFT JOIN
             ( select 
      ID_PPOJ, 
      ROW_NUMBER() over (partition by ID_PPOJ order by RH_MIN) as rn, 
      RH_MIN, 
      RH_MAX 
    from rh ) t2 ON DAP.id = t2.ID_PPOJ AND t1.rn = t2.rn
        LEFT JOIN
            ( select 
      ID_PPOJ, 
      ROW_NUMBER() over (partition by ID_PPOJ order by HASIL_TPC) as rn, 
      HASIL_TPC, 
      HASIL_KK 
    from mikro_capar ) t3 ON DAP.id = t3.ID_PPOJ AND t2.rn = t3.rn
        WHERE
            DAP.id = 241;
        ')
 4 APPPATH\Models\PpojModel.php(323): CodeIgniter\Database\BaseConnection->query('SELECT
            DAP.KELAS,
            DAP.ID ID_PPOJ,
            t5.SUHU_MIN, 
            t5.SUHU_MAX, 
            t4.RH_MIN, 
            t4.RH_MAX,
            t6.HASIL_TPC CAPAR_TPC,
            t6.HASIL_KK CAPAR_KK,
            t1.HASIL_TPC MIKRO_TPC,
            t1.HASIL_KK MIKRO_KK,
            t2.hasil_flow FLOW_VALUE,
            t3.terhadap_ruangan, 
            t3.hasil_dp
        FROM
            data_awal_ppoj DAP
        LEFT JOIN
            ( select 
      ID_PPOJ, 
      ROW_NUMBER() over (partition by ID_PPOJ order by hasil_flow) as rn, 
      hasil_flow AS hasil_flow 
    from flow ) t5 ON DAP.id = t5.ID_PPOJ
        LEFT JOIN
            ( select 
      ID_PPOJ, 
      ROW_NUMBER() over (partition by ID_PPOJ order by HASIL_TPC) as rn, 
      HASIL_TPC, 
      HASIL_KK 
    from mikro_volumetrik ) t4 ON DAP.id = t4.ID_PPOJ AND t5.rn = t4.rn
        LEFT JOIN
            ( select 
      ID_PPOJ, 
      ROW_NUMBER() over (partition by ID_PPOJ order by hasil_dp) as rn, 
      terhadap_ruangan, hasil_dp AS hasil_dp 
    from dp ) t6 ON DAP.id = t6.id_ppoj AND t4.rn = t6.rn
        LEFT JOIN
            (select 
      ID_PPOJ, 
      ROW_NUMBER() over (partition by ID_PPOJ order by SUHU_MIN) as rn, 
      SUHU_MIN, 
      SUHU_MAX 
    from 
      suhu ) t1 ON DAP.id = t1.id_ppoj AND t6.rn = t1.rn
        LEFT JOIN
             ( select 
      ID_PPOJ, 
      ROW_NUMBER() over (partition by ID_PPOJ order by RH_MIN) as rn, 
      RH_MIN, 
      RH_MAX 
    from rh ) t2 ON DAP.id = t2.ID_PPOJ AND t1.rn = t2.rn
        LEFT JOIN
            ( select 
      ID_PPOJ, 
      ROW_NUMBER() over (partition by ID_PPOJ order by HASIL_TPC) as rn, 
      HASIL_TPC, 
      HASIL_KK 
    from mikro_capar ) t3 ON DAP.id = t3.ID_PPOJ AND t2.rn = t3.rn
        WHERE
            DAP.id = 241;
        ')
 5 APPPATH\Models\PpojModel.php(313): App\Models\PpojModel->DataSuhuRH('( select 
      ID_PPOJ, 
      ROW_NUMBER() over (partition by ID_PPOJ order by hasil_flow) as rn, 
      hasil_flow AS hasil_flow 
    from flow )', '( select 
      ID_PPOJ, 
      ROW_NUMBER() over (partition by ID_PPOJ order by HASIL_TPC) as rn, 
      HASIL_TPC, 
      HASIL_KK 
    from mikro_volumetrik )', '( select 
      ID_PPOJ, 
      ROW_NUMBER() over (partition by ID_PPOJ order by hasil_dp) as rn, 
      terhadap_ruangan, hasil_dp AS hasil_dp 
    from dp )', '(select 
      ID_PPOJ, 
      ROW_NUMBER() over (partition by ID_PPOJ order by SUHU_MIN) as rn, 
      SUHU_MIN, 
      SUHU_MAX 
    from 
      suhu )', ' ( select 
      ID_PPOJ, 
      ROW_NUMBER() over (partition by ID_PPOJ order by RH_MIN) as rn, 
      RH_MIN, 
      RH_MAX 
    from rh )', '( select 
      ID_PPOJ, 
      ROW_NUMBER() over (partition by ID_PPOJ order by HASIL_TPC) as rn, 
      HASIL_TPC, 
      HASIL_KK 
    from mikro_capar )', '241', 't5', 't4', 't6', 't1', 't2', 't3')
 6 APPPATH\Controllers\DataPpoj.php(147): App\Models\PpojModel->DataPDF(1, 1, 0, 22, 25, 7, '241')
 7 SYSTEMPATH\CodeIgniter.php(932): App\Controllers\DataPpoj->Detail('241')
 8 SYSTEMPATH\CodeIgniter.php(497): CodeIgniter\CodeIgniter->runController(Object(App\Controllers\DataPpoj))
 9 SYSTEMPATH\CodeIgniter.php(366): CodeIgniter\CodeIgniter->handleRequest(null, Object(Config\Cache), false)
10 FCPATH\index.php(81): CodeIgniter\CodeIgniter->run()
INFO - 2025-05-28 03:24:38 --> Session: Class initialized using 'CodeIgniter\Session\Handlers\FileHandler' driver.
ERROR - 2025-05-28 03:24:39 --> mysqli_sql_exception: Table 'validas1_ehm_report.data_awal_ppojs' doesn't exist in C:\xampp\htdocs\e-reportruangan\system\Database\MySQLi\Connection.php:295
Stack trace:
#0 C:\xampp\htdocs\e-reportruangan\system\Database\MySQLi\Connection.php(295): mysqli->query('\r\n        SELEC...', 0)
#1 C:\xampp\htdocs\e-reportruangan\system\Database\BaseConnection.php(692): CodeIgniter\Database\MySQLi\Connection->execute('\r\n        SELEC...')
#2 C:\xampp\htdocs\e-reportruangan\system\Database\BaseConnection.php(606): CodeIgniter\Database\BaseConnection->simpleQuery('\r\n        SELEC...')
#3 C:\xampp\htdocs\e-reportruangan\app\Models\PpojModel.php(350): CodeIgniter\Database\BaseConnection->query('\r\n        SELEC...', Array)
#4 C:\xampp\htdocs\e-reportruangan\app\Models\PpojModel.php(304): App\Models\PpojModel->DataSuhuRH('( select \r\n    ...', '( select \r\n    ...', '( select \r\n    ...', '(select \r\n     ...', ' ( select \r\n   ...', '( select \r\n    ...', '241', 't5', 't4', 't6', 't1', 't2', 't3', 'flow', 'mas', 'dp', 'suhu', 'rh', 'capar')
#5 C:\xampp\htdocs\e-reportruangan\app\Controllers\DataPpoj.php(147): App\Models\PpojModel->DataPDF(1, 1, 0, 22, 25, 7, '241')
#6 C:\xampp\htdocs\e-reportruangan\system\CodeIgniter.php(932): App\Controllers\DataPpoj->Detail('241')
#7 C:\xampp\htdocs\e-reportruangan\system\CodeIgniter.php(497): CodeIgniter\CodeIgniter->runController(Object(App\Controllers\DataPpoj))
#8 C:\xampp\htdocs\e-reportruangan\system\CodeIgniter.php(366): CodeIgniter\CodeIgniter->handleRequest(NULL, Object(Config\Cache), false)
#9 C:\xampp\htdocs\e-reportruangan\public\index.php(81): CodeIgniter\CodeIgniter->run()
#10 {main}
CRITICAL - 2025-05-28 03:24:39 --> Table 'validas1_ehm_report.data_awal_ppojs' doesn't exist
in SYSTEMPATH\Database\MySQLi\Connection.php on line 295.
 1 SYSTEMPATH\Database\MySQLi\Connection.php(295): mysqli->query('
        SELECT DAP.KELAS, DAP.ID AS ID_PPOJ, t5.hasil_flow, t4.HASIL_TPC, t4.HASIL_KK, t6.hasil_dp, t6.terhadap_ruangan, t1.SUHU_MIN, t1.SUHU_MAX, t2.RH_MIN, t2.RH_MAX, t3.HASIL_TPC, t3.HASIL_KK
        FROM data_awal_ppojs DAP
        LEFT JOIN ( select 
      ID_PPOJ, 
      ROW_NUMBER() over (partition by ID_PPOJ order by hasil_flow) as rn, 
      hasil_flow AS hasil_flow 
    from flow ) AS t5 ON DAP.ID = t5.ID_PPOJ AND t5.rn = 1
        LEFT JOIN ( select 
      ID_PPOJ, 
      ROW_NUMBER() over (partition by ID_PPOJ order by HASIL_TPC) as rn, 
      HASIL_TPC, 
      HASIL_KK 
    from mikro_volumetrik ) AS t4 ON DAP.ID = t4.ID_PPOJ AND t4.rn = 1
        LEFT JOIN ( select 
      ID_PPOJ, 
      ROW_NUMBER() over (partition by ID_PPOJ order by hasil_dp) as rn, 
      terhadap_ruangan, hasil_dp AS hasil_dp 
    from dp ) AS t6 ON DAP.ID = t6.ID_PPOJ AND t6.rn = 1
        LEFT JOIN (select 
      ID_PPOJ, 
      ROW_NUMBER() over (partition by ID_PPOJ order by SUHU_MIN) as rn, 
      SUHU_MIN, 
      SUHU_MAX 
    from 
      suhu ) AS t1 ON DAP.ID = t1.ID_PPOJ AND t1.rn = 1
        LEFT JOIN  ( select 
      ID_PPOJ, 
      ROW_NUMBER() over (partition by ID_PPOJ order by RH_MIN) as rn, 
      RH_MIN, 
      RH_MAX 
    from rh ) AS t2 ON DAP.ID = t2.ID_PPOJ AND t2.rn = 1
        LEFT JOIN ( select 
      ID_PPOJ, 
      ROW_NUMBER() over (partition by ID_PPOJ order by HASIL_TPC) as rn, 
      HASIL_TPC, 
      HASIL_KK 
    from mikro_capar ) AS t3 ON DAP.ID = t3.ID_PPOJ AND t3.rn = 1
        WHERE DAP.ID = \'241\'
    ', 0)
 2 SYSTEMPATH\Database\BaseConnection.php(692): CodeIgniter\Database\MySQLi\Connection->execute('
        SELECT DAP.KELAS, DAP.ID AS ID_PPOJ, t5.hasil_flow, t4.HASIL_TPC, t4.HASIL_KK, t6.hasil_dp, t6.terhadap_ruangan, t1.SUHU_MIN, t1.SUHU_MAX, t2.RH_MIN, t2.RH_MAX, t3.HASIL_TPC, t3.HASIL_KK
        FROM data_awal_ppojs DAP
        LEFT JOIN ( select 
      ID_PPOJ, 
      ROW_NUMBER() over (partition by ID_PPOJ order by hasil_flow) as rn, 
      hasil_flow AS hasil_flow 
    from flow ) AS t5 ON DAP.ID = t5.ID_PPOJ AND t5.rn = 1
        LEFT JOIN ( select 
      ID_PPOJ, 
      ROW_NUMBER() over (partition by ID_PPOJ order by HASIL_TPC) as rn, 
      HASIL_TPC, 
      HASIL_KK 
    from mikro_volumetrik ) AS t4 ON DAP.ID = t4.ID_PPOJ AND t4.rn = 1
        LEFT JOIN ( select 
      ID_PPOJ, 
      ROW_NUMBER() over (partition by ID_PPOJ order by hasil_dp) as rn, 
      terhadap_ruangan, hasil_dp AS hasil_dp 
    from dp ) AS t6 ON DAP.ID = t6.ID_PPOJ AND t6.rn = 1
        LEFT JOIN (select 
      ID_PPOJ, 
      ROW_NUMBER() over (partition by ID_PPOJ order by SUHU_MIN) as rn, 
      SUHU_MIN, 
      SUHU_MAX 
    from 
      suhu ) AS t1 ON DAP.ID = t1.ID_PPOJ AND t1.rn = 1
        LEFT JOIN  ( select 
      ID_PPOJ, 
      ROW_NUMBER() over (partition by ID_PPOJ order by RH_MIN) as rn, 
      RH_MIN, 
      RH_MAX 
    from rh ) AS t2 ON DAP.ID = t2.ID_PPOJ AND t2.rn = 1
        LEFT JOIN ( select 
      ID_PPOJ, 
      ROW_NUMBER() over (partition by ID_PPOJ order by HASIL_TPC) as rn, 
      HASIL_TPC, 
      HASIL_KK 
    from mikro_capar ) AS t3 ON DAP.ID = t3.ID_PPOJ AND t3.rn = 1
        WHERE DAP.ID = \'241\'
    ')
 3 SYSTEMPATH\Database\BaseConnection.php(606): CodeIgniter\Database\BaseConnection->simpleQuery('
        SELECT DAP.KELAS, DAP.ID AS ID_PPOJ, t5.hasil_flow, t4.HASIL_TPC, t4.HASIL_KK, t6.hasil_dp, t6.terhadap_ruangan, t1.SUHU_MIN, t1.SUHU_MAX, t2.RH_MIN, t2.RH_MAX, t3.HASIL_TPC, t3.HASIL_KK
        FROM data_awal_ppojs DAP
        LEFT JOIN ( select 
      ID_PPOJ, 
      ROW_NUMBER() over (partition by ID_PPOJ order by hasil_flow) as rn, 
      hasil_flow AS hasil_flow 
    from flow ) AS t5 ON DAP.ID = t5.ID_PPOJ AND t5.rn = 1
        LEFT JOIN ( select 
      ID_PPOJ, 
      ROW_NUMBER() over (partition by ID_PPOJ order by HASIL_TPC) as rn, 
      HASIL_TPC, 
      HASIL_KK 
    from mikro_volumetrik ) AS t4 ON DAP.ID = t4.ID_PPOJ AND t4.rn = 1
        LEFT JOIN ( select 
      ID_PPOJ, 
      ROW_NUMBER() over (partition by ID_PPOJ order by hasil_dp) as rn, 
      terhadap_ruangan, hasil_dp AS hasil_dp 
    from dp ) AS t6 ON DAP.ID = t6.ID_PPOJ AND t6.rn = 1
        LEFT JOIN (select 
      ID_PPOJ, 
      ROW_NUMBER() over (partition by ID_PPOJ order by SUHU_MIN) as rn, 
      SUHU_MIN, 
      SUHU_MAX 
    from 
      suhu ) AS t1 ON DAP.ID = t1.ID_PPOJ AND t1.rn = 1
        LEFT JOIN  ( select 
      ID_PPOJ, 
      ROW_NUMBER() over (partition by ID_PPOJ order by RH_MIN) as rn, 
      RH_MIN, 
      RH_MAX 
    from rh ) AS t2 ON DAP.ID = t2.ID_PPOJ AND t2.rn = 1
        LEFT JOIN ( select 
      ID_PPOJ, 
      ROW_NUMBER() over (partition by ID_PPOJ order by HASIL_TPC) as rn, 
      HASIL_TPC, 
      HASIL_KK 
    from mikro_capar ) AS t3 ON DAP.ID = t3.ID_PPOJ AND t3.rn = 1
        WHERE DAP.ID = \'241\'
    ')
 4 APPPATH\Models\PpojModel.php(350): CodeIgniter\Database\BaseConnection->query('
        SELECT DAP.KELAS, DAP.ID AS ID_PPOJ, t5.hasil_flow, t4.HASIL_TPC, t4.HASIL_KK, t6.hasil_dp, t6.terhadap_ruangan, t1.SUHU_MIN, t1.SUHU_MAX, t2.RH_MIN, t2.RH_MAX, t3.HASIL_TPC, t3.HASIL_KK
        FROM data_awal_ppojs DAP
        LEFT JOIN ( select 
      ID_PPOJ, 
      ROW_NUMBER() over (partition by ID_PPOJ order by hasil_flow) as rn, 
      hasil_flow AS hasil_flow 
    from flow ) AS t5 ON DAP.ID = t5.ID_PPOJ AND t5.rn = 1
        LEFT JOIN ( select 
      ID_PPOJ, 
      ROW_NUMBER() over (partition by ID_PPOJ order by HASIL_TPC) as rn, 
      HASIL_TPC, 
      HASIL_KK 
    from mikro_volumetrik ) AS t4 ON DAP.ID = t4.ID_PPOJ AND t4.rn = 1
        LEFT JOIN ( select 
      ID_PPOJ, 
      ROW_NUMBER() over (partition by ID_PPOJ order by hasil_dp) as rn, 
      terhadap_ruangan, hasil_dp AS hasil_dp 
    from dp ) AS t6 ON DAP.ID = t6.ID_PPOJ AND t6.rn = 1
        LEFT JOIN (select 
      ID_PPOJ, 
      ROW_NUMBER() over (partition by ID_PPOJ order by SUHU_MIN) as rn, 
      SUHU_MIN, 
      SUHU_MAX 
    from 
      suhu ) AS t1 ON DAP.ID = t1.ID_PPOJ AND t1.rn = 1
        LEFT JOIN  ( select 
      ID_PPOJ, 
      ROW_NUMBER() over (partition by ID_PPOJ order by RH_MIN) as rn, 
      RH_MIN, 
      RH_MAX 
    from rh ) AS t2 ON DAP.ID = t2.ID_PPOJ AND t2.rn = 1
        LEFT JOIN ( select 
      ID_PPOJ, 
      ROW_NUMBER() over (partition by ID_PPOJ order by HASIL_TPC) as rn, 
      HASIL_TPC, 
      HASIL_KK 
    from mikro_capar ) AS t3 ON DAP.ID = t3.ID_PPOJ AND t3.rn = 1
        WHERE DAP.ID = ?
    ', [...])
 5 APPPATH\Models\PpojModel.php(304): App\Models\PpojModel->DataSuhuRH('( select 
      ID_PPOJ, 
      ROW_NUMBER() over (partition by ID_PPOJ order by hasil_flow) as rn, 
      hasil_flow AS hasil_flow 
    from flow )', '( select 
      ID_PPOJ, 
      ROW_NUMBER() over (partition by ID_PPOJ order by HASIL_TPC) as rn, 
      HASIL_TPC, 
      HASIL_KK 
    from mikro_volumetrik )', '( select 
      ID_PPOJ, 
      ROW_NUMBER() over (partition by ID_PPOJ order by hasil_dp) as rn, 
      terhadap_ruangan, hasil_dp AS hasil_dp 
    from dp )', '(select 
      ID_PPOJ, 
      ROW_NUMBER() over (partition by ID_PPOJ order by SUHU_MIN) as rn, 
      SUHU_MIN, 
      SUHU_MAX 
    from 
      suhu )', ' ( select 
      ID_PPOJ, 
      ROW_NUMBER() over (partition by ID_PPOJ order by RH_MIN) as rn, 
      RH_MIN, 
      RH_MAX 
    from rh )', '( select 
      ID_PPOJ, 
      ROW_NUMBER() over (partition by ID_PPOJ order by HASIL_TPC) as rn, 
      HASIL_TPC, 
      HASIL_KK 
    from mikro_capar )', '241', 't5', 't4', 't6', 't1', 't2', 't3', 'flow', 'mas', 'dp', 'suhu', 'rh', 'capar')
 6 APPPATH\Controllers\DataPpoj.php(147): App\Models\PpojModel->DataPDF(1, 1, 0, 22, 25, 7, '241')
 7 SYSTEMPATH\CodeIgniter.php(932): App\Controllers\DataPpoj->Detail('241')
 8 SYSTEMPATH\CodeIgniter.php(497): CodeIgniter\CodeIgniter->runController(Object(App\Controllers\DataPpoj))
 9 SYSTEMPATH\CodeIgniter.php(366): CodeIgniter\CodeIgniter->handleRequest(null, Object(Config\Cache), false)
10 FCPATH\index.php(81): CodeIgniter\CodeIgniter->run()
INFO - 2025-05-28 03:24:45 --> Session: Class initialized using 'CodeIgniter\Session\Handlers\FileHandler' driver.
ERROR - 2025-05-28 03:24:45 --> mysqli_sql_exception: Table 'validas1_ehm_report.data_awal_ppojs' doesn't exist in C:\xampp\htdocs\e-reportruangan\system\Database\MySQLi\Connection.php:295
Stack trace:
#0 C:\xampp\htdocs\e-reportruangan\system\Database\MySQLi\Connection.php(295): mysqli->query('\r\n        SELEC...', 0)
#1 C:\xampp\htdocs\e-reportruangan\system\Database\BaseConnection.php(692): CodeIgniter\Database\MySQLi\Connection->execute('\r\n        SELEC...')
#2 C:\xampp\htdocs\e-reportruangan\system\Database\BaseConnection.php(606): CodeIgniter\Database\BaseConnection->simpleQuery('\r\n        SELEC...')
#3 C:\xampp\htdocs\e-reportruangan\app\Models\PpojModel.php(350): CodeIgniter\Database\BaseConnection->query('\r\n        SELEC...', Array)
#4 C:\xampp\htdocs\e-reportruangan\app\Models\PpojModel.php(304): App\Models\PpojModel->DataSuhuRH('( select \r\n    ...', '( select \r\n    ...', '( select \r\n    ...', '(select \r\n     ...', ' ( select \r\n   ...', '( select \r\n    ...', '241', 't5', 't4', 't6', 't1', 't2', 't3', 'flow', 'mas', 'dp', 'suhu', 'rh', 'capar')
#5 C:\xampp\htdocs\e-reportruangan\app\Controllers\DataPpoj.php(147): App\Models\PpojModel->DataPDF(1, 1, 0, 22, 25, 7, '241')
#6 C:\xampp\htdocs\e-reportruangan\system\CodeIgniter.php(932): App\Controllers\DataPpoj->Detail('241')
#7 C:\xampp\htdocs\e-reportruangan\system\CodeIgniter.php(497): CodeIgniter\CodeIgniter->runController(Object(App\Controllers\DataPpoj))
#8 C:\xampp\htdocs\e-reportruangan\system\CodeIgniter.php(366): CodeIgniter\CodeIgniter->handleRequest(NULL, Object(Config\Cache), false)
#9 C:\xampp\htdocs\e-reportruangan\public\index.php(81): CodeIgniter\CodeIgniter->run()
#10 {main}
CRITICAL - 2025-05-28 03:24:45 --> Table 'validas1_ehm_report.data_awal_ppojs' doesn't exist
in SYSTEMPATH\Database\MySQLi\Connection.php on line 295.
 1 SYSTEMPATH\Database\MySQLi\Connection.php(295): mysqli->query('
        SELECT DAP.KELAS, DAP.ID AS ID_PPOJ, t5.hasil_flow, t4.HASIL_TPC, t4.HASIL_KK, t6.hasil_dp, t6.terhadap_ruangan, t1.SUHU_MIN, t1.SUHU_MAX, t2.RH_MIN, t2.RH_MAX, t3.HASIL_TPC, t3.HASIL_KK
        FROM data_awal_ppojs DAP
        LEFT JOIN ( select 
      ID_PPOJ, 
      ROW_NUMBER() over (partition by ID_PPOJ order by hasil_flow) as rn, 
      hasil_flow AS hasil_flow 
    from flow ) AS t5 ON DAP.ID = t5.ID_PPOJ AND t5.rn = 1
        LEFT JOIN ( select 
      ID_PPOJ, 
      ROW_NUMBER() over (partition by ID_PPOJ order by HASIL_TPC) as rn, 
      HASIL_TPC, 
      HASIL_KK 
    from mikro_volumetrik ) AS t4 ON DAP.ID = t4.ID_PPOJ AND t4.rn = 1
        LEFT JOIN ( select 
      ID_PPOJ, 
      ROW_NUMBER() over (partition by ID_PPOJ order by hasil_dp) as rn, 
      terhadap_ruangan, hasil_dp AS hasil_dp 
    from dp ) AS t6 ON DAP.ID = t6.ID_PPOJ AND t6.rn = 1
        LEFT JOIN (select 
      ID_PPOJ, 
      ROW_NUMBER() over (partition by ID_PPOJ order by SUHU_MIN) as rn, 
      SUHU_MIN, 
      SUHU_MAX 
    from 
      suhu ) AS t1 ON DAP.ID = t1.ID_PPOJ AND t1.rn = 1
        LEFT JOIN  ( select 
      ID_PPOJ, 
      ROW_NUMBER() over (partition by ID_PPOJ order by RH_MIN) as rn, 
      RH_MIN, 
      RH_MAX 
    from rh ) AS t2 ON DAP.ID = t2.ID_PPOJ AND t2.rn = 1
        LEFT JOIN ( select 
      ID_PPOJ, 
      ROW_NUMBER() over (partition by ID_PPOJ order by HASIL_TPC) as rn, 
      HASIL_TPC, 
      HASIL_KK 
    from mikro_capar ) AS t3 ON DAP.ID = t3.ID_PPOJ AND t3.rn = 1
        WHERE DAP.ID = \'241\'
    ', 0)
 2 SYSTEMPATH\Database\BaseConnection.php(692): CodeIgniter\Database\MySQLi\Connection->execute('
        SELECT DAP.KELAS, DAP.ID AS ID_PPOJ, t5.hasil_flow, t4.HASIL_TPC, t4.HASIL_KK, t6.hasil_dp, t6.terhadap_ruangan, t1.SUHU_MIN, t1.SUHU_MAX, t2.RH_MIN, t2.RH_MAX, t3.HASIL_TPC, t3.HASIL_KK
        FROM data_awal_ppojs DAP
        LEFT JOIN ( select 
      ID_PPOJ, 
      ROW_NUMBER() over (partition by ID_PPOJ order by hasil_flow) as rn, 
      hasil_flow AS hasil_flow 
    from flow ) AS t5 ON DAP.ID = t5.ID_PPOJ AND t5.rn = 1
        LEFT JOIN ( select 
      ID_PPOJ, 
      ROW_NUMBER() over (partition by ID_PPOJ order by HASIL_TPC) as rn, 
      HASIL_TPC, 
      HASIL_KK 
    from mikro_volumetrik ) AS t4 ON DAP.ID = t4.ID_PPOJ AND t4.rn = 1
        LEFT JOIN ( select 
      ID_PPOJ, 
      ROW_NUMBER() over (partition by ID_PPOJ order by hasil_dp) as rn, 
      terhadap_ruangan, hasil_dp AS hasil_dp 
    from dp ) AS t6 ON DAP.ID = t6.ID_PPOJ AND t6.rn = 1
        LEFT JOIN (select 
      ID_PPOJ, 
      ROW_NUMBER() over (partition by ID_PPOJ order by SUHU_MIN) as rn, 
      SUHU_MIN, 
      SUHU_MAX 
    from 
      suhu ) AS t1 ON DAP.ID = t1.ID_PPOJ AND t1.rn = 1
        LEFT JOIN  ( select 
      ID_PPOJ, 
      ROW_NUMBER() over (partition by ID_PPOJ order by RH_MIN) as rn, 
      RH_MIN, 
      RH_MAX 
    from rh ) AS t2 ON DAP.ID = t2.ID_PPOJ AND t2.rn = 1
        LEFT JOIN ( select 
      ID_PPOJ, 
      ROW_NUMBER() over (partition by ID_PPOJ order by HASIL_TPC) as rn, 
      HASIL_TPC, 
      HASIL_KK 
    from mikro_capar ) AS t3 ON DAP.ID = t3.ID_PPOJ AND t3.rn = 1
        WHERE DAP.ID = \'241\'
    ')
 3 SYSTEMPATH\Database\BaseConnection.php(606): CodeIgniter\Database\BaseConnection->simpleQuery('
        SELECT DAP.KELAS, DAP.ID AS ID_PPOJ, t5.hasil_flow, t4.HASIL_TPC, t4.HASIL_KK, t6.hasil_dp, t6.terhadap_ruangan, t1.SUHU_MIN, t1.SUHU_MAX, t2.RH_MIN, t2.RH_MAX, t3.HASIL_TPC, t3.HASIL_KK
        FROM data_awal_ppojs DAP
        LEFT JOIN ( select 
      ID_PPOJ, 
      ROW_NUMBER() over (partition by ID_PPOJ order by hasil_flow) as rn, 
      hasil_flow AS hasil_flow 
    from flow ) AS t5 ON DAP.ID = t5.ID_PPOJ AND t5.rn = 1
        LEFT JOIN ( select 
      ID_PPOJ, 
      ROW_NUMBER() over (partition by ID_PPOJ order by HASIL_TPC) as rn, 
      HASIL_TPC, 
      HASIL_KK 
    from mikro_volumetrik ) AS t4 ON DAP.ID = t4.ID_PPOJ AND t4.rn = 1
        LEFT JOIN ( select 
      ID_PPOJ, 
      ROW_NUMBER() over (partition by ID_PPOJ order by hasil_dp) as rn, 
      terhadap_ruangan, hasil_dp AS hasil_dp 
    from dp ) AS t6 ON DAP.ID = t6.ID_PPOJ AND t6.rn = 1
        LEFT JOIN (select 
      ID_PPOJ, 
      ROW_NUMBER() over (partition by ID_PPOJ order by SUHU_MIN) as rn, 
      SUHU_MIN, 
      SUHU_MAX 
    from 
      suhu ) AS t1 ON DAP.ID = t1.ID_PPOJ AND t1.rn = 1
        LEFT JOIN  ( select 
      ID_PPOJ, 
      ROW_NUMBER() over (partition by ID_PPOJ order by RH_MIN) as rn, 
      RH_MIN, 
      RH_MAX 
    from rh ) AS t2 ON DAP.ID = t2.ID_PPOJ AND t2.rn = 1
        LEFT JOIN ( select 
      ID_PPOJ, 
      ROW_NUMBER() over (partition by ID_PPOJ order by HASIL_TPC) as rn, 
      HASIL_TPC, 
      HASIL_KK 
    from mikro_capar ) AS t3 ON DAP.ID = t3.ID_PPOJ AND t3.rn = 1
        WHERE DAP.ID = \'241\'
    ')
 4 APPPATH\Models\PpojModel.php(350): CodeIgniter\Database\BaseConnection->query('
        SELECT DAP.KELAS, DAP.ID AS ID_PPOJ, t5.hasil_flow, t4.HASIL_TPC, t4.HASIL_KK, t6.hasil_dp, t6.terhadap_ruangan, t1.SUHU_MIN, t1.SUHU_MAX, t2.RH_MIN, t2.RH_MAX, t3.HASIL_TPC, t3.HASIL_KK
        FROM data_awal_ppojs DAP
        LEFT JOIN ( select 
      ID_PPOJ, 
      ROW_NUMBER() over (partition by ID_PPOJ order by hasil_flow) as rn, 
      hasil_flow AS hasil_flow 
    from flow ) AS t5 ON DAP.ID = t5.ID_PPOJ AND t5.rn = 1
        LEFT JOIN ( select 
      ID_PPOJ, 
      ROW_NUMBER() over (partition by ID_PPOJ order by HASIL_TPC) as rn, 
      HASIL_TPC, 
      HASIL_KK 
    from mikro_volumetrik ) AS t4 ON DAP.ID = t4.ID_PPOJ AND t4.rn = 1
        LEFT JOIN ( select 
      ID_PPOJ, 
      ROW_NUMBER() over (partition by ID_PPOJ order by hasil_dp) as rn, 
      terhadap_ruangan, hasil_dp AS hasil_dp 
    from dp ) AS t6 ON DAP.ID = t6.ID_PPOJ AND t6.rn = 1
        LEFT JOIN (select 
      ID_PPOJ, 
      ROW_NUMBER() over (partition by ID_PPOJ order by SUHU_MIN) as rn, 
      SUHU_MIN, 
      SUHU_MAX 
    from 
      suhu ) AS t1 ON DAP.ID = t1.ID_PPOJ AND t1.rn = 1
        LEFT JOIN  ( select 
      ID_PPOJ, 
      ROW_NUMBER() over (partition by ID_PPOJ order by RH_MIN) as rn, 
      RH_MIN, 
      RH_MAX 
    from rh ) AS t2 ON DAP.ID = t2.ID_PPOJ AND t2.rn = 1
        LEFT JOIN ( select 
      ID_PPOJ, 
      ROW_NUMBER() over (partition by ID_PPOJ order by HASIL_TPC) as rn, 
      HASIL_TPC, 
      HASIL_KK 
    from mikro_capar ) AS t3 ON DAP.ID = t3.ID_PPOJ AND t3.rn = 1
        WHERE DAP.ID = ?
    ', [...])
 5 APPPATH\Models\PpojModel.php(304): App\Models\PpojModel->DataSuhuRH('( select 
      ID_PPOJ, 
      ROW_NUMBER() over (partition by ID_PPOJ order by hasil_flow) as rn, 
      hasil_flow AS hasil_flow 
    from flow )', '( select 
      ID_PPOJ, 
      ROW_NUMBER() over (partition by ID_PPOJ order by HASIL_TPC) as rn, 
      HASIL_TPC, 
      HASIL_KK 
    from mikro_volumetrik )', '( select 
      ID_PPOJ, 
      ROW_NUMBER() over (partition by ID_PPOJ order by hasil_dp) as rn, 
      terhadap_ruangan, hasil_dp AS hasil_dp 
    from dp )', '(select 
      ID_PPOJ, 
      ROW_NUMBER() over (partition by ID_PPOJ order by SUHU_MIN) as rn, 
      SUHU_MIN, 
      SUHU_MAX 
    from 
      suhu )', ' ( select 
      ID_PPOJ, 
      ROW_NUMBER() over (partition by ID_PPOJ order by RH_MIN) as rn, 
      RH_MIN, 
      RH_MAX 
    from rh )', '( select 
      ID_PPOJ, 
      ROW_NUMBER() over (partition by ID_PPOJ order by HASIL_TPC) as rn, 
      HASIL_TPC, 
      HASIL_KK 
    from mikro_capar )', '241', 't5', 't4', 't6', 't1', 't2', 't3', 'flow', 'mas', 'dp', 'suhu', 'rh', 'capar')
 6 APPPATH\Controllers\DataPpoj.php(147): App\Models\PpojModel->DataPDF(1, 1, 0, 22, 25, 7, '241')
 7 SYSTEMPATH\CodeIgniter.php(932): App\Controllers\DataPpoj->Detail('241')
 8 SYSTEMPATH\CodeIgniter.php(497): CodeIgniter\CodeIgniter->runController(Object(App\Controllers\DataPpoj))
 9 SYSTEMPATH\CodeIgniter.php(366): CodeIgniter\CodeIgniter->handleRequest(null, Object(Config\Cache), false)
10 FCPATH\index.php(81): CodeIgniter\CodeIgniter->run()
INFO - 2025-05-28 03:24:46 --> Session: Class initialized using 'CodeIgniter\Session\Handlers\FileHandler' driver.
ERROR - 2025-05-28 03:24:46 --> mysqli_sql_exception: Table 'validas1_ehm_report.data_awal_ppojs' doesn't exist in C:\xampp\htdocs\e-reportruangan\system\Database\MySQLi\Connection.php:295
Stack trace:
#0 C:\xampp\htdocs\e-reportruangan\system\Database\MySQLi\Connection.php(295): mysqli->query('\r\n        SELEC...', 0)
#1 C:\xampp\htdocs\e-reportruangan\system\Database\BaseConnection.php(692): CodeIgniter\Database\MySQLi\Connection->execute('\r\n        SELEC...')
#2 C:\xampp\htdocs\e-reportruangan\system\Database\BaseConnection.php(606): CodeIgniter\Database\BaseConnection->simpleQuery('\r\n        SELEC...')
#3 C:\xampp\htdocs\e-reportruangan\app\Models\PpojModel.php(350): CodeIgniter\Database\BaseConnection->query('\r\n        SELEC...', Array)
#4 C:\xampp\htdocs\e-reportruangan\app\Models\PpojModel.php(304): App\Models\PpojModel->DataSuhuRH('( select \r\n    ...', '( select \r\n    ...', '( select \r\n    ...', '(select \r\n     ...', ' ( select \r\n   ...', '( select \r\n    ...', '241', 't5', 't4', 't6', 't1', 't2', 't3', 'flow', 'mas', 'dp', 'suhu', 'rh', 'capar')
#5 C:\xampp\htdocs\e-reportruangan\app\Controllers\DataPpoj.php(147): App\Models\PpojModel->DataPDF(1, 1, 0, 22, 25, 7, '241')
#6 C:\xampp\htdocs\e-reportruangan\system\CodeIgniter.php(932): App\Controllers\DataPpoj->Detail('241')
#7 C:\xampp\htdocs\e-reportruangan\system\CodeIgniter.php(497): CodeIgniter\CodeIgniter->runController(Object(App\Controllers\DataPpoj))
#8 C:\xampp\htdocs\e-reportruangan\system\CodeIgniter.php(366): CodeIgniter\CodeIgniter->handleRequest(NULL, Object(Config\Cache), false)
#9 C:\xampp\htdocs\e-reportruangan\public\index.php(81): CodeIgniter\CodeIgniter->run()
#10 {main}
CRITICAL - 2025-05-28 03:24:46 --> Table 'validas1_ehm_report.data_awal_ppojs' doesn't exist
in SYSTEMPATH\Database\MySQLi\Connection.php on line 295.
 1 SYSTEMPATH\Database\MySQLi\Connection.php(295): mysqli->query('
        SELECT DAP.KELAS, DAP.ID AS ID_PPOJ, t5.hasil_flow, t4.HASIL_TPC, t4.HASIL_KK, t6.hasil_dp, t6.terhadap_ruangan, t1.SUHU_MIN, t1.SUHU_MAX, t2.RH_MIN, t2.RH_MAX, t3.HASIL_TPC, t3.HASIL_KK
        FROM data_awal_ppojs DAP
        LEFT JOIN ( select 
      ID_PPOJ, 
      ROW_NUMBER() over (partition by ID_PPOJ order by hasil_flow) as rn, 
      hasil_flow AS hasil_flow 
    from flow ) AS t5 ON DAP.ID = t5.ID_PPOJ AND t5.rn = 1
        LEFT JOIN ( select 
      ID_PPOJ, 
      ROW_NUMBER() over (partition by ID_PPOJ order by HASIL_TPC) as rn, 
      HASIL_TPC, 
      HASIL_KK 
    from mikro_volumetrik ) AS t4 ON DAP.ID = t4.ID_PPOJ AND t4.rn = 1
        LEFT JOIN ( select 
      ID_PPOJ, 
      ROW_NUMBER() over (partition by ID_PPOJ order by hasil_dp) as rn, 
      terhadap_ruangan, hasil_dp AS hasil_dp 
    from dp ) AS t6 ON DAP.ID = t6.ID_PPOJ AND t6.rn = 1
        LEFT JOIN (select 
      ID_PPOJ, 
      ROW_NUMBER() over (partition by ID_PPOJ order by SUHU_MIN) as rn, 
      SUHU_MIN, 
      SUHU_MAX 
    from 
      suhu ) AS t1 ON DAP.ID = t1.ID_PPOJ AND t1.rn = 1
        LEFT JOIN  ( select 
      ID_PPOJ, 
      ROW_NUMBER() over (partition by ID_PPOJ order by RH_MIN) as rn, 
      RH_MIN, 
      RH_MAX 
    from rh ) AS t2 ON DAP.ID = t2.ID_PPOJ AND t2.rn = 1
        LEFT JOIN ( select 
      ID_PPOJ, 
      ROW_NUMBER() over (partition by ID_PPOJ order by HASIL_TPC) as rn, 
      HASIL_TPC, 
      HASIL_KK 
    from mikro_capar ) AS t3 ON DAP.ID = t3.ID_PPOJ AND t3.rn = 1
        WHERE DAP.ID = \'241\'
    ', 0)
 2 SYSTEMPATH\Database\BaseConnection.php(692): CodeIgniter\Database\MySQLi\Connection->execute('
        SELECT DAP.KELAS, DAP.ID AS ID_PPOJ, t5.hasil_flow, t4.HASIL_TPC, t4.HASIL_KK, t6.hasil_dp, t6.terhadap_ruangan, t1.SUHU_MIN, t1.SUHU_MAX, t2.RH_MIN, t2.RH_MAX, t3.HASIL_TPC, t3.HASIL_KK
        FROM data_awal_ppojs DAP
        LEFT JOIN ( select 
      ID_PPOJ, 
      ROW_NUMBER() over (partition by ID_PPOJ order by hasil_flow) as rn, 
      hasil_flow AS hasil_flow 
    from flow ) AS t5 ON DAP.ID = t5.ID_PPOJ AND t5.rn = 1
        LEFT JOIN ( select 
      ID_PPOJ, 
      ROW_NUMBER() over (partition by ID_PPOJ order by HASIL_TPC) as rn, 
      HASIL_TPC, 
      HASIL_KK 
    from mikro_volumetrik ) AS t4 ON DAP.ID = t4.ID_PPOJ AND t4.rn = 1
        LEFT JOIN ( select 
      ID_PPOJ, 
      ROW_NUMBER() over (partition by ID_PPOJ order by hasil_dp) as rn, 
      terhadap_ruangan, hasil_dp AS hasil_dp 
    from dp ) AS t6 ON DAP.ID = t6.ID_PPOJ AND t6.rn = 1
        LEFT JOIN (select 
      ID_PPOJ, 
      ROW_NUMBER() over (partition by ID_PPOJ order by SUHU_MIN) as rn, 
      SUHU_MIN, 
      SUHU_MAX 
    from 
      suhu ) AS t1 ON DAP.ID = t1.ID_PPOJ AND t1.rn = 1
        LEFT JOIN  ( select 
      ID_PPOJ, 
      ROW_NUMBER() over (partition by ID_PPOJ order by RH_MIN) as rn, 
      RH_MIN, 
      RH_MAX 
    from rh ) AS t2 ON DAP.ID = t2.ID_PPOJ AND t2.rn = 1
        LEFT JOIN ( select 
      ID_PPOJ, 
      ROW_NUMBER() over (partition by ID_PPOJ order by HASIL_TPC) as rn, 
      HASIL_TPC, 
      HASIL_KK 
    from mikro_capar ) AS t3 ON DAP.ID = t3.ID_PPOJ AND t3.rn = 1
        WHERE DAP.ID = \'241\'
    ')
 3 SYSTEMPATH\Database\BaseConnection.php(606): CodeIgniter\Database\BaseConnection->simpleQuery('
        SELECT DAP.KELAS, DAP.ID AS ID_PPOJ, t5.hasil_flow, t4.HASIL_TPC, t4.HASIL_KK, t6.hasil_dp, t6.terhadap_ruangan, t1.SUHU_MIN, t1.SUHU_MAX, t2.RH_MIN, t2.RH_MAX, t3.HASIL_TPC, t3.HASIL_KK
        FROM data_awal_ppojs DAP
        LEFT JOIN ( select 
      ID_PPOJ, 
      ROW_NUMBER() over (partition by ID_PPOJ order by hasil_flow) as rn, 
      hasil_flow AS hasil_flow 
    from flow ) AS t5 ON DAP.ID = t5.ID_PPOJ AND t5.rn = 1
        LEFT JOIN ( select 
      ID_PPOJ, 
      ROW_NUMBER() over (partition by ID_PPOJ order by HASIL_TPC) as rn, 
      HASIL_TPC, 
      HASIL_KK 
    from mikro_volumetrik ) AS t4 ON DAP.ID = t4.ID_PPOJ AND t4.rn = 1
        LEFT JOIN ( select 
      ID_PPOJ, 
      ROW_NUMBER() over (partition by ID_PPOJ order by hasil_dp) as rn, 
      terhadap_ruangan, hasil_dp AS hasil_dp 
    from dp ) AS t6 ON DAP.ID = t6.ID_PPOJ AND t6.rn = 1
        LEFT JOIN (select 
      ID_PPOJ, 
      ROW_NUMBER() over (partition by ID_PPOJ order by SUHU_MIN) as rn, 
      SUHU_MIN, 
      SUHU_MAX 
    from 
      suhu ) AS t1 ON DAP.ID = t1.ID_PPOJ AND t1.rn = 1
        LEFT JOIN  ( select 
      ID_PPOJ, 
      ROW_NUMBER() over (partition by ID_PPOJ order by RH_MIN) as rn, 
      RH_MIN, 
      RH_MAX 
    from rh ) AS t2 ON DAP.ID = t2.ID_PPOJ AND t2.rn = 1
        LEFT JOIN ( select 
      ID_PPOJ, 
      ROW_NUMBER() over (partition by ID_PPOJ order by HASIL_TPC) as rn, 
      HASIL_TPC, 
      HASIL_KK 
    from mikro_capar ) AS t3 ON DAP.ID = t3.ID_PPOJ AND t3.rn = 1
        WHERE DAP.ID = \'241\'
    ')
 4 APPPATH\Models\PpojModel.php(350): CodeIgniter\Database\BaseConnection->query('
        SELECT DAP.KELAS, DAP.ID AS ID_PPOJ, t5.hasil_flow, t4.HASIL_TPC, t4.HASIL_KK, t6.hasil_dp, t6.terhadap_ruangan, t1.SUHU_MIN, t1.SUHU_MAX, t2.RH_MIN, t2.RH_MAX, t3.HASIL_TPC, t3.HASIL_KK
        FROM data_awal_ppojs DAP
        LEFT JOIN ( select 
      ID_PPOJ, 
      ROW_NUMBER() over (partition by ID_PPOJ order by hasil_flow) as rn, 
      hasil_flow AS hasil_flow 
    from flow ) AS t5 ON DAP.ID = t5.ID_PPOJ AND t5.rn = 1
        LEFT JOIN ( select 
      ID_PPOJ, 
      ROW_NUMBER() over (partition by ID_PPOJ order by HASIL_TPC) as rn, 
      HASIL_TPC, 
      HASIL_KK 
    from mikro_volumetrik ) AS t4 ON DAP.ID = t4.ID_PPOJ AND t4.rn = 1
        LEFT JOIN ( select 
      ID_PPOJ, 
      ROW_NUMBER() over (partition by ID_PPOJ order by hasil_dp) as rn, 
      terhadap_ruangan, hasil_dp AS hasil_dp 
    from dp ) AS t6 ON DAP.ID = t6.ID_PPOJ AND t6.rn = 1
        LEFT JOIN (select 
      ID_PPOJ, 
      ROW_NUMBER() over (partition by ID_PPOJ order by SUHU_MIN) as rn, 
      SUHU_MIN, 
      SUHU_MAX 
    from 
      suhu ) AS t1 ON DAP.ID = t1.ID_PPOJ AND t1.rn = 1
        LEFT JOIN  ( select 
      ID_PPOJ, 
      ROW_NUMBER() over (partition by ID_PPOJ order by RH_MIN) as rn, 
      RH_MIN, 
      RH_MAX 
    from rh ) AS t2 ON DAP.ID = t2.ID_PPOJ AND t2.rn = 1
        LEFT JOIN ( select 
      ID_PPOJ, 
      ROW_NUMBER() over (partition by ID_PPOJ order by HASIL_TPC) as rn, 
      HASIL_TPC, 
      HASIL_KK 
    from mikro_capar ) AS t3 ON DAP.ID = t3.ID_PPOJ AND t3.rn = 1
        WHERE DAP.ID = ?
    ', [...])
 5 APPPATH\Models\PpojModel.php(304): App\Models\PpojModel->DataSuhuRH('( select 
      ID_PPOJ, 
      ROW_NUMBER() over (partition by ID_PPOJ order by hasil_flow) as rn, 
      hasil_flow AS hasil_flow 
    from flow )', '( select 
      ID_PPOJ, 
      ROW_NUMBER() over (partition by ID_PPOJ order by HASIL_TPC) as rn, 
      HASIL_TPC, 
      HASIL_KK 
    from mikro_volumetrik )', '( select 
      ID_PPOJ, 
      ROW_NUMBER() over (partition by ID_PPOJ order by hasil_dp) as rn, 
      terhadap_ruangan, hasil_dp AS hasil_dp 
    from dp )', '(select 
      ID_PPOJ, 
      ROW_NUMBER() over (partition by ID_PPOJ order by SUHU_MIN) as rn, 
      SUHU_MIN, 
      SUHU_MAX 
    from 
      suhu )', ' ( select 
      ID_PPOJ, 
      ROW_NUMBER() over (partition by ID_PPOJ order by RH_MIN) as rn, 
      RH_MIN, 
      RH_MAX 
    from rh )', '( select 
      ID_PPOJ, 
      ROW_NUMBER() over (partition by ID_PPOJ order by HASIL_TPC) as rn, 
      HASIL_TPC, 
      HASIL_KK 
    from mikro_capar )', '241', 't5', 't4', 't6', 't1', 't2', 't3', 'flow', 'mas', 'dp', 'suhu', 'rh', 'capar')
 6 APPPATH\Controllers\DataPpoj.php(147): App\Models\PpojModel->DataPDF(1, 1, 0, 22, 25, 7, '241')
 7 SYSTEMPATH\CodeIgniter.php(932): App\Controllers\DataPpoj->Detail('241')
 8 SYSTEMPATH\CodeIgniter.php(497): CodeIgniter\CodeIgniter->runController(Object(App\Controllers\DataPpoj))
 9 SYSTEMPATH\CodeIgniter.php(366): CodeIgniter\CodeIgniter->handleRequest(null, Object(Config\Cache), false)
10 FCPATH\index.php(81): CodeIgniter\CodeIgniter->run()
INFO - 2025-05-28 03:25:38 --> Session: Class initialized using 'CodeIgniter\Session\Handlers\FileHandler' driver.
CRITICAL - 2025-05-28 03:25:38 --> Too few arguments to function App\Models\PpojModel::DataPDF(), 5 passed in C:\xampp\htdocs\e-reportruangan\app\Controllers\DataPpoj.php on line 148 and exactly 7 expected
in APPPATH\Models\PpojModel.php on line 281.
 1 APPPATH\Controllers\DataPpoj.php(148): App\Models\PpojModel->DataPDF(1, 1, 0, 22, '241')
 2 SYSTEMPATH\CodeIgniter.php(932): App\Controllers\DataPpoj->Detail('241')
 3 SYSTEMPATH\CodeIgniter.php(497): CodeIgniter\CodeIgniter->runController(Object(App\Controllers\DataPpoj))
 4 SYSTEMPATH\CodeIgniter.php(366): CodeIgniter\CodeIgniter->handleRequest(null, Object(Config\Cache), false)
 5 FCPATH\index.php(81): CodeIgniter\CodeIgniter->run()
CRITICAL - 2025-05-28 03:27:04 --> Too few arguments to function App\Models\PpojModel::DataPDF(), 5 passed in C:\xampp\htdocs\e-reportruangan\app\Controllers\DataPpoj.php on line 64 and exactly 7 expected
in APPPATH\Models\PpojModel.php on line 281.
 1 APPPATH\Controllers\DataPpoj.php(64): App\Models\PpojModel->DataPDF(1, 1, 0, 22, ' 241')
 2 SYSTEMPATH\CodeIgniter.php(932): App\Controllers\DataPpoj->DetailPpoj(' 241')
 3 SYSTEMPATH\CodeIgniter.php(497): CodeIgniter\CodeIgniter->runController(Object(App\Controllers\DataPpoj))
 4 SYSTEMPATH\CodeIgniter.php(366): CodeIgniter\CodeIgniter->handleRequest(null, Object(Config\Cache), false)
 5 FCPATH\index.php(81): CodeIgniter\CodeIgniter->run()
CRITICAL - 2025-05-28 03:27:06 --> Too few arguments to function App\Models\PpojModel::DataPDF(), 5 passed in C:\xampp\htdocs\e-reportruangan\app\Controllers\DataPpoj.php on line 64 and exactly 7 expected
in APPPATH\Models\PpojModel.php on line 281.
 1 APPPATH\Controllers\DataPpoj.php(64): App\Models\PpojModel->DataPDF(1, 1, 0, 22, ' 241')
 2 SYSTEMPATH\CodeIgniter.php(932): App\Controllers\DataPpoj->DetailPpoj(' 241')
 3 SYSTEMPATH\CodeIgniter.php(497): CodeIgniter\CodeIgniter->runController(Object(App\Controllers\DataPpoj))
 4 SYSTEMPATH\CodeIgniter.php(366): CodeIgniter\CodeIgniter->handleRequest(null, Object(Config\Cache), false)
 5 FCPATH\index.php(81): CodeIgniter\CodeIgniter->run()
CRITICAL - 2025-05-28 03:28:58 --> Undefined array key "perbedaan_ruangan"
in APPPATH\Views\AtRest\Getpdf.php on line 236.
 1 APPPATH\Views\AtRest\Getpdf.php(236): CodeIgniter\Debug\Exceptions->errorHandler(2, 'Undefined array key "perbedaan_ruangan"', 'C:\\xampp\\htdocs\\e-reportruangan\\app\\Views\\AtRest\\Getpdf.php', 236)
 2 SYSTEMPATH\View\View.php(224): include('C:\\xampp\\htdocs\\e-reportruangan\\app\\Views\\AtRest\\Getpdf.php')
 3 SYSTEMPATH\View\View.php(227): CodeIgniter\View\View->CodeIgniter\View\{closure}()
 4 SYSTEMPATH\Common.php(1180): CodeIgniter\View\View->render('AtRest/Getpdf', [], true)
 5 APPPATH\Controllers\DataPpoj.php(79): view('AtRest/Getpdf', [...])
 6 SYSTEMPATH\CodeIgniter.php(932): App\Controllers\DataPpoj->DetailPpoj(' 241')
 7 SYSTEMPATH\CodeIgniter.php(497): CodeIgniter\CodeIgniter->runController(Object(App\Controllers\DataPpoj))
 8 SYSTEMPATH\CodeIgniter.php(366): CodeIgniter\CodeIgniter->handleRequest(null, Object(Config\Cache), false)
 9 FCPATH\index.php(81): CodeIgniter\CodeIgniter->run()
CRITICAL - 2025-05-28 03:29:42 --> Undefined array key "MIKRO_TPC"
in APPPATH\Views\AtRest\Getpdf.php on line 278.
 1 APPPATH\Views\AtRest\Getpdf.php(278): CodeIgniter\Debug\Exceptions->errorHandler(2, 'Undefined array key "MIKRO_TPC"', 'C:\\xampp\\htdocs\\e-reportruangan\\app\\Views\\AtRest\\Getpdf.php', 278)
 2 SYSTEMPATH\View\View.php(224): include('C:\\xampp\\htdocs\\e-reportruangan\\app\\Views\\AtRest\\Getpdf.php')
 3 SYSTEMPATH\View\View.php(227): CodeIgniter\View\View->CodeIgniter\View\{closure}()
 4 SYSTEMPATH\Common.php(1180): CodeIgniter\View\View->render('AtRest/Getpdf', [], true)
 5 APPPATH\Controllers\DataPpoj.php(79): view('AtRest/Getpdf', [...])
 6 SYSTEMPATH\CodeIgniter.php(932): App\Controllers\DataPpoj->DetailPpoj(' 241')
 7 SYSTEMPATH\CodeIgniter.php(497): CodeIgniter\CodeIgniter->runController(Object(App\Controllers\DataPpoj))
 8 SYSTEMPATH\CodeIgniter.php(366): CodeIgniter\CodeIgniter->handleRequest(null, Object(Config\Cache), false)
 9 FCPATH\index.php(81): CodeIgniter\CodeIgniter->run()
CRITICAL - 2025-05-28 03:31:05 --> Undefined array key "MIKRO_TPC"
in APPPATH\Views\AtRest\Getpdf.php on line 278.
 1 APPPATH\Views\AtRest\Getpdf.php(278): CodeIgniter\Debug\Exceptions->errorHandler(2, 'Undefined array key "MIKRO_TPC"', 'C:\\xampp\\htdocs\\e-reportruangan\\app\\Views\\AtRest\\Getpdf.php', 278)
 2 SYSTEMPATH\View\View.php(224): include('C:\\xampp\\htdocs\\e-reportruangan\\app\\Views\\AtRest\\Getpdf.php')
 3 SYSTEMPATH\View\View.php(227): CodeIgniter\View\View->CodeIgniter\View\{closure}()
 4 SYSTEMPATH\Common.php(1180): CodeIgniter\View\View->render('AtRest/Getpdf', [], true)
 5 APPPATH\Controllers\DataPpoj.php(79): view('AtRest/Getpdf', [...])
 6 SYSTEMPATH\CodeIgniter.php(932): App\Controllers\DataPpoj->DetailPpoj(' 241')
 7 SYSTEMPATH\CodeIgniter.php(497): CodeIgniter\CodeIgniter->runController(Object(App\Controllers\DataPpoj))
 8 SYSTEMPATH\CodeIgniter.php(366): CodeIgniter\CodeIgniter->handleRequest(null, Object(Config\Cache), false)
 9 FCPATH\index.php(81): CodeIgniter\CodeIgniter->run()
INFO - 2025-05-28 03:32:36 --> Session: Class initialized using 'CodeIgniter\Session\Handlers\FileHandler' driver.
CRITICAL - 2025-05-28 03:32:36 --> Undefined array key "MIKRO_TPC"
in APPPATH\Views\AtRest\table.php on line 288.
 1 APPPATH\Views\AtRest\table.php(288): CodeIgniter\Debug\Exceptions->errorHandler(2, 'Undefined array key "MIKRO_TPC"', 'C:\\xampp\\htdocs\\e-reportruangan\\app\\Views\\AtRest\\table.php', 288)
 2 SYSTEMPATH\View\View.php(224): include('C:\\xampp\\htdocs\\e-reportruangan\\app\\Views\\AtRest\\table.php')
 3 SYSTEMPATH\View\View.php(227): CodeIgniter\View\View->CodeIgniter\View\{closure}()
 4 SYSTEMPATH\Common.php(1180): CodeIgniter\View\View->render('AtRest/table', [], true)
 5 APPPATH\Controllers\DataPpoj.php(162): view('AtRest/table', [...])
 6 SYSTEMPATH\CodeIgniter.php(932): App\Controllers\DataPpoj->Detail('241')
 7 SYSTEMPATH\CodeIgniter.php(497): CodeIgniter\CodeIgniter->runController(Object(App\Controllers\DataPpoj))
 8 SYSTEMPATH\CodeIgniter.php(366): CodeIgniter\CodeIgniter->handleRequest(null, Object(Config\Cache), false)
 9 FCPATH\index.php(81): CodeIgniter\CodeIgniter->run()
INFO - 2025-05-28 03:32:37 --> Session: Class initialized using 'CodeIgniter\Session\Handlers\FileHandler' driver.
INFO - 2025-05-28 03:32:40 --> Session: Class initialized using 'CodeIgniter\Session\Handlers\FileHandler' driver.
CRITICAL - 2025-05-28 03:32:40 --> Undefined array key "MIKRO_TPC"
in APPPATH\Views\AtRest\table.php on line 288.
 1 APPPATH\Views\AtRest\table.php(288): CodeIgniter\Debug\Exceptions->errorHandler(2, 'Undefined array key "MIKRO_TPC"', 'C:\\xampp\\htdocs\\e-reportruangan\\app\\Views\\AtRest\\table.php', 288)
 2 SYSTEMPATH\View\View.php(224): include('C:\\xampp\\htdocs\\e-reportruangan\\app\\Views\\AtRest\\table.php')
 3 SYSTEMPATH\View\View.php(227): CodeIgniter\View\View->CodeIgniter\View\{closure}()
 4 SYSTEMPATH\Common.php(1180): CodeIgniter\View\View->render('AtRest/table', [], true)
 5 APPPATH\Controllers\DataPpoj.php(162): view('AtRest/table', [...])
 6 SYSTEMPATH\CodeIgniter.php(932): App\Controllers\DataPpoj->Detail('241')
 7 SYSTEMPATH\CodeIgniter.php(497): CodeIgniter\CodeIgniter->runController(Object(App\Controllers\DataPpoj))
 8 SYSTEMPATH\CodeIgniter.php(366): CodeIgniter\CodeIgniter->handleRequest(null, Object(Config\Cache), false)
 9 FCPATH\index.php(81): CodeIgniter\CodeIgniter->run()
INFO - 2025-05-28 03:34:09 --> Session: Class initialized using 'CodeIgniter\Session\Handlers\FileHandler' driver.
CRITICAL - 2025-05-28 03:34:09 --> Undefined array key "MIKRO_TPC"
in APPPATH\Views\AtRest\table.php on line 288.
 1 APPPATH\Views\AtRest\table.php(288): CodeIgniter\Debug\Exceptions->errorHandler(2, 'Undefined array key "MIKRO_TPC"', 'C:\\xampp\\htdocs\\e-reportruangan\\app\\Views\\AtRest\\table.php', 288)
 2 SYSTEMPATH\View\View.php(224): include('C:\\xampp\\htdocs\\e-reportruangan\\app\\Views\\AtRest\\table.php')
 3 SYSTEMPATH\View\View.php(227): CodeIgniter\View\View->CodeIgniter\View\{closure}()
 4 SYSTEMPATH\Common.php(1180): CodeIgniter\View\View->render('AtRest/table', [], true)
 5 APPPATH\Controllers\DataPpoj.php(162): view('AtRest/table', [...])
 6 SYSTEMPATH\CodeIgniter.php(932): App\Controllers\DataPpoj->Detail('241')
 7 SYSTEMPATH\CodeIgniter.php(497): CodeIgniter\CodeIgniter->runController(Object(App\Controllers\DataPpoj))
 8 SYSTEMPATH\CodeIgniter.php(366): CodeIgniter\CodeIgniter->handleRequest(null, Object(Config\Cache), false)
 9 FCPATH\index.php(81): CodeIgniter\CodeIgniter->run()
INFO - 2025-05-28 03:34:12 --> Session: Class initialized using 'CodeIgniter\Session\Handlers\FileHandler' driver.
INFO - 2025-05-28 03:34:13 --> Session: Class initialized using 'CodeIgniter\Session\Handlers\FileHandler' driver.
CRITICAL - 2025-05-28 03:34:13 --> Undefined array key "MIKRO_TPC"
in APPPATH\Views\AtRest\table.php on line 288.
 1 APPPATH\Views\AtRest\table.php(288): CodeIgniter\Debug\Exceptions->errorHandler(2, 'Undefined array key "MIKRO_TPC"', 'C:\\xampp\\htdocs\\e-reportruangan\\app\\Views\\AtRest\\table.php', 288)
 2 SYSTEMPATH\View\View.php(224): include('C:\\xampp\\htdocs\\e-reportruangan\\app\\Views\\AtRest\\table.php')
 3 SYSTEMPATH\View\View.php(227): CodeIgniter\View\View->CodeIgniter\View\{closure}()
 4 SYSTEMPATH\Common.php(1180): CodeIgniter\View\View->render('AtRest/table', [], true)
 5 APPPATH\Controllers\DataPpoj.php(162): view('AtRest/table', [...])
 6 SYSTEMPATH\CodeIgniter.php(932): App\Controllers\DataPpoj->Detail('241')
 7 SYSTEMPATH\CodeIgniter.php(497): CodeIgniter\CodeIgniter->runController(Object(App\Controllers\DataPpoj))
 8 SYSTEMPATH\CodeIgniter.php(366): CodeIgniter\CodeIgniter->handleRequest(null, Object(Config\Cache), false)
 9 FCPATH\index.php(81): CodeIgniter\CodeIgniter->run()
INFO - 2025-05-28 03:36:47 --> Session: Class initialized using 'CodeIgniter\Session\Handlers\FileHandler' driver.
CRITICAL - 2025-05-28 03:36:47 --> Undefined array key "MIKRO_TPC"
in APPPATH\Views\AtRest\table.php on line 288.
 1 APPPATH\Views\AtRest\table.php(288): CodeIgniter\Debug\Exceptions->errorHandler(2, 'Undefined array key "MIKRO_TPC"', 'C:\\xampp\\htdocs\\e-reportruangan\\app\\Views\\AtRest\\table.php', 288)
 2 SYSTEMPATH\View\View.php(224): include('C:\\xampp\\htdocs\\e-reportruangan\\app\\Views\\AtRest\\table.php')
 3 SYSTEMPATH\View\View.php(227): CodeIgniter\View\View->CodeIgniter\View\{closure}()
 4 SYSTEMPATH\Common.php(1180): CodeIgniter\View\View->render('AtRest/table', [], true)
 5 APPPATH\Controllers\DataPpoj.php(162): view('AtRest/table', [...])
 6 SYSTEMPATH\CodeIgniter.php(932): App\Controllers\DataPpoj->Detail('241')
 7 SYSTEMPATH\CodeIgniter.php(497): CodeIgniter\CodeIgniter->runController(Object(App\Controllers\DataPpoj))
 8 SYSTEMPATH\CodeIgniter.php(366): CodeIgniter\CodeIgniter->handleRequest(null, Object(Config\Cache), false)
 9 FCPATH\index.php(81): CodeIgniter\CodeIgniter->run()
INFO - 2025-05-28 03:36:48 --> Session: Class initialized using 'CodeIgniter\Session\Handlers\FileHandler' driver.
CRITICAL - 2025-05-28 03:36:48 --> Undefined array key "MIKRO_TPC"
in APPPATH\Views\AtRest\table.php on line 288.
 1 APPPATH\Views\AtRest\table.php(288): CodeIgniter\Debug\Exceptions->errorHandler(2, 'Undefined array key "MIKRO_TPC"', 'C:\\xampp\\htdocs\\e-reportruangan\\app\\Views\\AtRest\\table.php', 288)
 2 SYSTEMPATH\View\View.php(224): include('C:\\xampp\\htdocs\\e-reportruangan\\app\\Views\\AtRest\\table.php')
 3 SYSTEMPATH\View\View.php(227): CodeIgniter\View\View->CodeIgniter\View\{closure}()
 4 SYSTEMPATH\Common.php(1180): CodeIgniter\View\View->render('AtRest/table', [], true)
 5 APPPATH\Controllers\DataPpoj.php(162): view('AtRest/table', [...])
 6 SYSTEMPATH\CodeIgniter.php(932): App\Controllers\DataPpoj->Detail('241')
 7 SYSTEMPATH\CodeIgniter.php(497): CodeIgniter\CodeIgniter->runController(Object(App\Controllers\DataPpoj))
 8 SYSTEMPATH\CodeIgniter.php(366): CodeIgniter\CodeIgniter->handleRequest(null, Object(Config\Cache), false)
 9 FCPATH\index.php(81): CodeIgniter\CodeIgniter->run()
INFO - 2025-05-28 03:36:49 --> Session: Class initialized using 'CodeIgniter\Session\Handlers\FileHandler' driver.
CRITICAL - 2025-05-28 03:36:49 --> Undefined array key "MIKRO_TPC"
in APPPATH\Views\AtRest\table.php on line 288.
 1 APPPATH\Views\AtRest\table.php(288): CodeIgniter\Debug\Exceptions->errorHandler(2, 'Undefined array key "MIKRO_TPC"', 'C:\\xampp\\htdocs\\e-reportruangan\\app\\Views\\AtRest\\table.php', 288)
 2 SYSTEMPATH\View\View.php(224): include('C:\\xampp\\htdocs\\e-reportruangan\\app\\Views\\AtRest\\table.php')
 3 SYSTEMPATH\View\View.php(227): CodeIgniter\View\View->CodeIgniter\View\{closure}()
 4 SYSTEMPATH\Common.php(1180): CodeIgniter\View\View->render('AtRest/table', [], true)
 5 APPPATH\Controllers\DataPpoj.php(162): view('AtRest/table', [...])
 6 SYSTEMPATH\CodeIgniter.php(932): App\Controllers\DataPpoj->Detail('241')
 7 SYSTEMPATH\CodeIgniter.php(497): CodeIgniter\CodeIgniter->runController(Object(App\Controllers\DataPpoj))
 8 SYSTEMPATH\CodeIgniter.php(366): CodeIgniter\CodeIgniter->handleRequest(null, Object(Config\Cache), false)
 9 FCPATH\index.php(81): CodeIgniter\CodeIgniter->run()
INFO - 2025-05-28 03:36:49 --> Session: Class initialized using 'CodeIgniter\Session\Handlers\FileHandler' driver.
CRITICAL - 2025-05-28 03:36:49 --> Undefined array key "MIKRO_TPC"
in APPPATH\Views\AtRest\table.php on line 288.
 1 APPPATH\Views\AtRest\table.php(288): CodeIgniter\Debug\Exceptions->errorHandler(2, 'Undefined array key "MIKRO_TPC"', 'C:\\xampp\\htdocs\\e-reportruangan\\app\\Views\\AtRest\\table.php', 288)
 2 SYSTEMPATH\View\View.php(224): include('C:\\xampp\\htdocs\\e-reportruangan\\app\\Views\\AtRest\\table.php')
 3 SYSTEMPATH\View\View.php(227): CodeIgniter\View\View->CodeIgniter\View\{closure}()
 4 SYSTEMPATH\Common.php(1180): CodeIgniter\View\View->render('AtRest/table', [], true)
 5 APPPATH\Controllers\DataPpoj.php(162): view('AtRest/table', [...])
 6 SYSTEMPATH\CodeIgniter.php(932): App\Controllers\DataPpoj->Detail('241')
 7 SYSTEMPATH\CodeIgniter.php(497): CodeIgniter\CodeIgniter->runController(Object(App\Controllers\DataPpoj))
 8 SYSTEMPATH\CodeIgniter.php(366): CodeIgniter\CodeIgniter->handleRequest(null, Object(Config\Cache), false)
 9 FCPATH\index.php(81): CodeIgniter\CodeIgniter->run()
INFO - 2025-05-28 03:44:24 --> Session: Class initialized using 'CodeIgniter\Session\Handlers\FileHandler' driver.
INFO - 2025-05-28 03:45:37 --> Session: Class initialized using 'CodeIgniter\Session\Handlers\FileHandler' driver.
INFO - 2025-05-28 03:47:57 --> Session: Class initialized using 'CodeIgniter\Session\Handlers\FileHandler' driver.
INFO - 2025-05-28 03:49:01 --> Session: Class initialized using 'CodeIgniter\Session\Handlers\FileHandler' driver.
INFO - 2025-05-28 03:50:13 --> Session: Class initialized using 'CodeIgniter\Session\Handlers\FileHandler' driver.
INFO - 2025-05-28 03:50:18 --> Session: Class initialized using 'CodeIgniter\Session\Handlers\FileHandler' driver.
INFO - 2025-05-28 03:50:53 --> Session: Class initialized using 'CodeIgniter\Session\Handlers\FileHandler' driver.
INFO - 2025-05-28 03:51:01 --> Session: Class initialized using 'CodeIgniter\Session\Handlers\FileHandler' driver.
INFO - 2025-05-28 03:51:44 --> Session: Class initialized using 'CodeIgniter\Session\Handlers\FileHandler' driver.
INFO - 2025-05-28 03:51:45 --> Session: Class initialized using 'CodeIgniter\Session\Handlers\FileHandler' driver.
INFO - 2025-05-28 03:52:43 --> Session: Class initialized using 'CodeIgniter\Session\Handlers\FileHandler' driver.
INFO - 2025-05-28 03:52:49 --> Session: Class initialized using 'CodeIgniter\Session\Handlers\FileHandler' driver.
INFO - 2025-05-28 05:04:46 --> Session: Class initialized using 'CodeIgniter\Session\Handlers\FileHandler' driver.
INFO - 2025-05-28 05:04:46 --> Session: Class initialized using 'CodeIgniter\Session\Handlers\FileHandler' driver.
INFO - 2025-05-28 05:04:46 --> Session: Class initialized using 'CodeIgniter\Session\Handlers\FileHandler' driver.
INFO - 2025-05-28 05:04:50 --> Session: Class initialized using 'CodeIgniter\Session\Handlers\FileHandler' driver.
INFO - 2025-05-28 05:04:50 --> Session: Class initialized using 'CodeIgniter\Session\Handlers\FileHandler' driver.
INFO - 2025-05-28 05:04:53 --> Session: Class initialized using 'CodeIgniter\Session\Handlers\FileHandler' driver.
INFO - 2025-05-28 05:04:55 --> Session: Class initialized using 'CodeIgniter\Session\Handlers\FileHandler' driver.
INFO - 2025-05-28 05:04:57 --> Session: Class initialized using 'CodeIgniter\Session\Handlers\FileHandler' driver.
INFO - 2025-05-28 05:19:53 --> Session: Class initialized using 'CodeIgniter\Session\Handlers\FileHandler' driver.
INFO - 2025-05-28 05:19:54 --> Session: Class initialized using 'CodeIgniter\Session\Handlers\FileHandler' driver.
INFO - 2025-05-28 05:19:54 --> Session: Class initialized using 'CodeIgniter\Session\Handlers\FileHandler' driver.
INFO - 2025-05-28 05:19:59 --> Session: Class initialized using 'CodeIgniter\Session\Handlers\FileHandler' driver.
INFO - 2025-05-28 05:19:59 --> Session: Class initialized using 'CodeIgniter\Session\Handlers\FileHandler' driver.
INFO - 2025-05-28 05:20:01 --> Session: Class initialized using 'CodeIgniter\Session\Handlers\FileHandler' driver.
INFO - 2025-05-28 05:20:03 --> Session: Class initialized using 'CodeIgniter\Session\Handlers\FileHandler' driver.
INFO - 2025-05-28 05:20:05 --> Session: Class initialized using 'CodeIgniter\Session\Handlers\FileHandler' driver.
CRITICAL - 2025-05-28 05:20:05 --> Undefined array key "nama_ahu"
in APPPATH\Views\AtRest\suhu_add.php on line 172.
 1 APPPATH\Views\AtRest\suhu_add.php(172): CodeIgniter\Debug\Exceptions->errorHandler(2, 'Undefined array key "nama_ahu"', 'C:\\xampp\\htdocs\\e-reportruangan\\app\\Views\\AtRest\\suhu_add.php', 172)
 2 SYSTEMPATH\View\View.php(224): include('C:\\xampp\\htdocs\\e-reportruangan\\app\\Views\\AtRest\\suhu_add.php')
 3 SYSTEMPATH\View\View.php(227): CodeIgniter\View\View->CodeIgniter\View\{closure}()
 4 SYSTEMPATH\Common.php(1180): CodeIgniter\View\View->render('AtRest/suhu_add', [], true)
 5 APPPATH\Controllers\Suhu.php(174): view('AtRest/suhu_add', [...])
 6 SYSTEMPATH\CodeIgniter.php(932): App\Controllers\Suhu->AddSuhu('241')
 7 SYSTEMPATH\CodeIgniter.php(497): CodeIgniter\CodeIgniter->runController(Object(App\Controllers\Suhu))
 8 SYSTEMPATH\CodeIgniter.php(366): CodeIgniter\CodeIgniter->handleRequest(null, Object(Config\Cache), false)
 9 FCPATH\index.php(81): CodeIgniter\CodeIgniter->run()
INFO - 2025-05-28 05:21:58 --> Session: Class initialized using 'CodeIgniter\Session\Handlers\FileHandler' driver.
CRITICAL - 2025-05-28 05:21:58 --> Undefined array key "nama"
in APPPATH\Views\AtRest\suhu_add.php on line 172.
 1 APPPATH\Views\AtRest\suhu_add.php(172): CodeIgniter\Debug\Exceptions->errorHandler(2, 'Undefined array key "nama"', 'C:\\xampp\\htdocs\\e-reportruangan\\app\\Views\\AtRest\\suhu_add.php', 172)
 2 SYSTEMPATH\View\View.php(224): include('C:\\xampp\\htdocs\\e-reportruangan\\app\\Views\\AtRest\\suhu_add.php')
 3 SYSTEMPATH\View\View.php(227): CodeIgniter\View\View->CodeIgniter\View\{closure}()
 4 SYSTEMPATH\Common.php(1180): CodeIgniter\View\View->render('AtRest/suhu_add', [], true)
 5 APPPATH\Controllers\Suhu.php(174): view('AtRest/suhu_add', [...])
 6 SYSTEMPATH\CodeIgniter.php(932): App\Controllers\Suhu->AddSuhu('241')
 7 SYSTEMPATH\CodeIgniter.php(497): CodeIgniter\CodeIgniter->runController(Object(App\Controllers\Suhu))
 8 SYSTEMPATH\CodeIgniter.php(366): CodeIgniter\CodeIgniter->handleRequest(null, Object(Config\Cache), false)
 9 FCPATH\index.php(81): CodeIgniter\CodeIgniter->run()
INFO - 2025-05-28 05:22:11 --> Session: Class initialized using 'CodeIgniter\Session\Handlers\FileHandler' driver.
INFO - 2025-05-28 05:23:37 --> Session: Class initialized using 'CodeIgniter\Session\Handlers\FileHandler' driver.
INFO - 2025-05-28 05:24:10 --> Session: Class initialized using 'CodeIgniter\Session\Handlers\FileHandler' driver.
INFO - 2025-05-28 05:26:02 --> Session: Class initialized using 'CodeIgniter\Session\Handlers\FileHandler' driver.
INFO - 2025-05-28 05:27:32 --> Session: Class initialized using 'CodeIgniter\Session\Handlers\FileHandler' driver.
INFO - 2025-05-28 05:27:33 --> Session: Class initialized using 'CodeIgniter\Session\Handlers\FileHandler' driver.
INFO - 2025-05-28 05:29:44 --> Session: Class initialized using 'CodeIgniter\Session\Handlers\FileHandler' driver.
INFO - 2025-05-28 05:30:11 --> Session: Class initialized using 'CodeIgniter\Session\Handlers\FileHandler' driver.
INFO - 2025-05-28 05:30:41 --> Session: Class initialized using 'CodeIgniter\Session\Handlers\FileHandler' driver.
INFO - 2025-05-28 05:30:41 --> Session: Class initialized using 'CodeIgniter\Session\Handlers\FileHandler' driver.
INFO - 2025-05-28 05:35:10 --> Session: Class initialized using 'CodeIgniter\Session\Handlers\FileHandler' driver.
INFO - 2025-05-28 05:38:40 --> Session: Class initialized using 'CodeIgniter\Session\Handlers\FileHandler' driver.
INFO - 2025-05-28 05:40:15 --> Session: Class initialized using 'CodeIgniter\Session\Handlers\FileHandler' driver.
CRITICAL - 2025-05-28 05:40:16 --> Trying to access array offset on value of type null
in APPPATH\Controllers\Suhu.php on line 161.
 1 APPPATH\Controllers\Suhu.php(161): CodeIgniter\Debug\Exceptions->errorHandler(2, 'Trying to access array offset on value of type null', 'C:\\xampp\\htdocs\\e-reportruangan\\app\\Controllers\\Suhu.php', 161)
 2 SYSTEMPATH\CodeIgniter.php(932): App\Controllers\Suhu->AddSuhu('bootstrap.js')
 3 SYSTEMPATH\CodeIgniter.php(497): CodeIgniter\CodeIgniter->runController(Object(App\Controllers\Suhu))
 4 SYSTEMPATH\CodeIgniter.php(366): CodeIgniter\CodeIgniter->handleRequest(null, Object(Config\Cache), false)
 5 FCPATH\index.php(81): CodeIgniter\CodeIgniter->run()
CRITICAL - 2025-05-28 05:40:16 --> Trying to access array offset on value of type null
in APPPATH\Controllers\Suhu.php on line 161.
 1 APPPATH\Controllers\Suhu.php(161): CodeIgniter\Debug\Exceptions->errorHandler(2, 'Trying to access array offset on value of type null', 'C:\\xampp\\htdocs\\e-reportruangan\\app\\Controllers\\Suhu.php', 161)
 2 SYSTEMPATH\CodeIgniter.php(932): App\Controllers\Suhu->AddSuhu('jquery.js')
 3 SYSTEMPATH\CodeIgniter.php(497): CodeIgniter\CodeIgniter->runController(Object(App\Controllers\Suhu))
 4 SYSTEMPATH\CodeIgniter.php(366): CodeIgniter\CodeIgniter->handleRequest(null, Object(Config\Cache), false)
 5 FCPATH\index.php(81): CodeIgniter\CodeIgniter->run()
INFO - 2025-05-28 05:43:34 --> Session: Class initialized using 'CodeIgniter\Session\Handlers\FileHandler' driver.
CRITICAL - 2025-05-28 05:43:34 --> Trying to access array offset on value of type null
in APPPATH\Controllers\Suhu.php on line 161.
 1 APPPATH\Controllers\Suhu.php(161): CodeIgniter\Debug\Exceptions->errorHandler(2, 'Trying to access array offset on value of type null', 'C:\\xampp\\htdocs\\e-reportruangan\\app\\Controllers\\Suhu.php', 161)
 2 SYSTEMPATH\CodeIgniter.php(932): App\Controllers\Suhu->AddSuhu('bootstrap.js')
 3 SYSTEMPATH\CodeIgniter.php(497): CodeIgniter\CodeIgniter->runController(Object(App\Controllers\Suhu))
 4 SYSTEMPATH\CodeIgniter.php(366): CodeIgniter\CodeIgniter->handleRequest(null, Object(Config\Cache), false)
 5 FCPATH\index.php(81): CodeIgniter\CodeIgniter->run()
CRITICAL - 2025-05-28 05:43:34 --> Trying to access array offset on value of type null
in APPPATH\Controllers\Suhu.php on line 161.
 1 APPPATH\Controllers\Suhu.php(161): CodeIgniter\Debug\Exceptions->errorHandler(2, 'Trying to access array offset on value of type null', 'C:\\xampp\\htdocs\\e-reportruangan\\app\\Controllers\\Suhu.php', 161)
 2 SYSTEMPATH\CodeIgniter.php(932): App\Controllers\Suhu->AddSuhu('jquery.js')
 3 SYSTEMPATH\CodeIgniter.php(497): CodeIgniter\CodeIgniter->runController(Object(App\Controllers\Suhu))
 4 SYSTEMPATH\CodeIgniter.php(366): CodeIgniter\CodeIgniter->handleRequest(null, Object(Config\Cache), false)
 5 FCPATH\index.php(81): CodeIgniter\CodeIgniter->run()
INFO - 2025-05-28 05:44:11 --> Session: Class initialized using 'CodeIgniter\Session\Handlers\FileHandler' driver.
CRITICAL - 2025-05-28 05:44:11 --> Trying to access array offset on value of type null
in APPPATH\Controllers\Suhu.php on line 161.
 1 APPPATH\Controllers\Suhu.php(161): CodeIgniter\Debug\Exceptions->errorHandler(2, 'Trying to access array offset on value of type null', 'C:\\xampp\\htdocs\\e-reportruangan\\app\\Controllers\\Suhu.php', 161)
 2 SYSTEMPATH\CodeIgniter.php(932): App\Controllers\Suhu->AddSuhu('jquery.js')
 3 SYSTEMPATH\CodeIgniter.php(497): CodeIgniter\CodeIgniter->runController(Object(App\Controllers\Suhu))
 4 SYSTEMPATH\CodeIgniter.php(366): CodeIgniter\CodeIgniter->handleRequest(null, Object(Config\Cache), false)
 5 FCPATH\index.php(81): CodeIgniter\CodeIgniter->run()
CRITICAL - 2025-05-28 05:44:11 --> Trying to access array offset on value of type null
in APPPATH\Controllers\Suhu.php on line 161.
 1 APPPATH\Controllers\Suhu.php(161): CodeIgniter\Debug\Exceptions->errorHandler(2, 'Trying to access array offset on value of type null', 'C:\\xampp\\htdocs\\e-reportruangan\\app\\Controllers\\Suhu.php', 161)
 2 SYSTEMPATH\CodeIgniter.php(932): App\Controllers\Suhu->AddSuhu('bootstrap.js')
 3 SYSTEMPATH\CodeIgniter.php(497): CodeIgniter\CodeIgniter->runController(Object(App\Controllers\Suhu))
 4 SYSTEMPATH\CodeIgniter.php(366): CodeIgniter\CodeIgniter->handleRequest(null, Object(Config\Cache), false)
 5 FCPATH\index.php(81): CodeIgniter\CodeIgniter->run()
INFO - 2025-05-28 05:44:47 --> Session: Class initialized using 'CodeIgniter\Session\Handlers\FileHandler' driver.
INFO - 2025-05-28 05:44:47 --> Session: Class initialized using 'CodeIgniter\Session\Handlers\FileHandler' driver.
CRITICAL - 2025-05-28 05:44:47 --> Trying to access array offset on value of type null
in APPPATH\Controllers\Suhu.php on line 161.
 1 APPPATH\Controllers\Suhu.php(161): CodeIgniter\Debug\Exceptions->errorHandler(2, 'Trying to access array offset on value of type null', 'C:\\xampp\\htdocs\\e-reportruangan\\app\\Controllers\\Suhu.php', 161)
 2 SYSTEMPATH\CodeIgniter.php(932): App\Controllers\Suhu->AddSuhu('bootstrap.js')
 3 SYSTEMPATH\CodeIgniter.php(497): CodeIgniter\CodeIgniter->runController(Object(App\Controllers\Suhu))
 4 SYSTEMPATH\CodeIgniter.php(366): CodeIgniter\CodeIgniter->handleRequest(null, Object(Config\Cache), false)
 5 FCPATH\index.php(81): CodeIgniter\CodeIgniter->run()
CRITICAL - 2025-05-28 05:44:47 --> Trying to access array offset on value of type null
in APPPATH\Controllers\Suhu.php on line 161.
 1 APPPATH\Controllers\Suhu.php(161): CodeIgniter\Debug\Exceptions->errorHandler(2, 'Trying to access array offset on value of type null', 'C:\\xampp\\htdocs\\e-reportruangan\\app\\Controllers\\Suhu.php', 161)
 2 SYSTEMPATH\CodeIgniter.php(932): App\Controllers\Suhu->AddSuhu('jquery.js')
 3 SYSTEMPATH\CodeIgniter.php(497): CodeIgniter\CodeIgniter->runController(Object(App\Controllers\Suhu))
 4 SYSTEMPATH\CodeIgniter.php(366): CodeIgniter\CodeIgniter->handleRequest(null, Object(Config\Cache), false)
 5 FCPATH\index.php(81): CodeIgniter\CodeIgniter->run()
INFO - 2025-05-28 06:08:10 --> Session: Class initialized using 'CodeIgniter\Session\Handlers\FileHandler' driver.
INFO - 2025-05-28 06:08:10 --> Session: Class initialized using 'CodeIgniter\Session\Handlers\FileHandler' driver.
INFO - 2025-05-28 06:08:10 --> Session: Class initialized using 'CodeIgniter\Session\Handlers\FileHandler' driver.
INFO - 2025-05-28 06:08:15 --> Session: Class initialized using 'CodeIgniter\Session\Handlers\FileHandler' driver.
INFO - 2025-05-28 06:08:15 --> Session: Class initialized using 'CodeIgniter\Session\Handlers\FileHandler' driver.
INFO - 2025-05-28 06:08:19 --> Session: Class initialized using 'CodeIgniter\Session\Handlers\FileHandler' driver.
INFO - 2025-05-28 06:08:23 --> Session: Class initialized using 'CodeIgniter\Session\Handlers\FileHandler' driver.
INFO - 2025-05-28 06:08:32 --> Session: Class initialized using 'CodeIgniter\Session\Handlers\FileHandler' driver.
INFO - 2025-05-28 06:08:37 --> Session: Class initialized using 'CodeIgniter\Session\Handlers\FileHandler' driver.
INFO - 2025-05-28 06:08:40 --> Session: Class initialized using 'CodeIgniter\Session\Handlers\FileHandler' driver.
CRITICAL - 2025-05-28 06:08:41 --> Trying to access array offset on value of type null
in APPPATH\Controllers\Suhu.php on line 161.
 1 APPPATH\Controllers\Suhu.php(161): CodeIgniter\Debug\Exceptions->errorHandler(2, 'Trying to access array offset on value of type null', 'C:\\xampp\\htdocs\\e-reportruangan\\app\\Controllers\\Suhu.php', 161)
 2 SYSTEMPATH\CodeIgniter.php(932): App\Controllers\Suhu->AddSuhu('bootstrap.js')
 3 SYSTEMPATH\CodeIgniter.php(497): CodeIgniter\CodeIgniter->runController(Object(App\Controllers\Suhu))
 4 SYSTEMPATH\CodeIgniter.php(366): CodeIgniter\CodeIgniter->handleRequest(null, Object(Config\Cache), false)
 5 FCPATH\index.php(81): CodeIgniter\CodeIgniter->run()
CRITICAL - 2025-05-28 06:08:41 --> Trying to access array offset on value of type null
in APPPATH\Controllers\Suhu.php on line 161.
 1 APPPATH\Controllers\Suhu.php(161): CodeIgniter\Debug\Exceptions->errorHandler(2, 'Trying to access array offset on value of type null', 'C:\\xampp\\htdocs\\e-reportruangan\\app\\Controllers\\Suhu.php', 161)
 2 SYSTEMPATH\CodeIgniter.php(932): App\Controllers\Suhu->AddSuhu('jquery.js')
 3 SYSTEMPATH\CodeIgniter.php(497): CodeIgniter\CodeIgniter->runController(Object(App\Controllers\Suhu))
 4 SYSTEMPATH\CodeIgniter.php(366): CodeIgniter\CodeIgniter->handleRequest(null, Object(Config\Cache), false)
 5 FCPATH\index.php(81): CodeIgniter\CodeIgniter->run()
INFO - 2025-05-28 06:13:30 --> Session: Class initialized using 'CodeIgniter\Session\Handlers\FileHandler' driver.
CRITICAL - 2025-05-28 06:13:30 --> Trying to access array offset on value of type null
in APPPATH\Controllers\Suhu.php on line 161.
 1 APPPATH\Controllers\Suhu.php(161): CodeIgniter\Debug\Exceptions->errorHandler(2, 'Trying to access array offset on value of type null', 'C:\\xampp\\htdocs\\e-reportruangan\\app\\Controllers\\Suhu.php', 161)
 2 SYSTEMPATH\CodeIgniter.php(932): App\Controllers\Suhu->AddSuhu('bootstrap.js')
 3 SYSTEMPATH\CodeIgniter.php(497): CodeIgniter\CodeIgniter->runController(Object(App\Controllers\Suhu))
 4 SYSTEMPATH\CodeIgniter.php(366): CodeIgniter\CodeIgniter->handleRequest(null, Object(Config\Cache), false)
 5 FCPATH\index.php(81): CodeIgniter\CodeIgniter->run()
CRITICAL - 2025-05-28 06:13:30 --> Trying to access array offset on value of type null
in APPPATH\Controllers\Suhu.php on line 161.
 1 APPPATH\Controllers\Suhu.php(161): CodeIgniter\Debug\Exceptions->errorHandler(2, 'Trying to access array offset on value of type null', 'C:\\xampp\\htdocs\\e-reportruangan\\app\\Controllers\\Suhu.php', 161)
 2 SYSTEMPATH\CodeIgniter.php(932): App\Controllers\Suhu->AddSuhu('jquery.js')
 3 SYSTEMPATH\CodeIgniter.php(497): CodeIgniter\CodeIgniter->runController(Object(App\Controllers\Suhu))
 4 SYSTEMPATH\CodeIgniter.php(366): CodeIgniter\CodeIgniter->handleRequest(null, Object(Config\Cache), false)
 5 FCPATH\index.php(81): CodeIgniter\CodeIgniter->run()
INFO - 2025-05-28 06:19:48 --> Session: Class initialized using 'CodeIgniter\Session\Handlers\FileHandler' driver.
ERROR - 2025-05-28 06:19:48 --> mysqli_sql_exception: Unknown column 'id_ahu' in 'where clause' in C:\xampp\htdocs\e-reportruangan\system\Database\MySQLi\Connection.php:295
Stack trace:
#0 C:\xampp\htdocs\e-reportruangan\system\Database\MySQLi\Connection.php(295): mysqli->query('SELECT `nama_ah...', 0)
#1 C:\xampp\htdocs\e-reportruangan\system\Database\BaseConnection.php(692): CodeIgniter\Database\MySQLi\Connection->execute('SELECT `nama_ah...')
#2 C:\xampp\htdocs\e-reportruangan\system\Database\BaseConnection.php(606): CodeIgniter\Database\BaseConnection->simpleQuery('SELECT `nama_ah...')
#3 C:\xampp\htdocs\e-reportruangan\system\Database\BaseBuilder.php(1616): CodeIgniter\Database\BaseConnection->query('SELECT `nama_ah...', Array, false)
#4 C:\xampp\htdocs\e-reportruangan\app\Views\AtRest\suhu_add.php(177): CodeIgniter\Database\BaseBuilder->get()
#5 C:\xampp\htdocs\e-reportruangan\system\View\View.php(224): include('C:\\xampp\\htdocs...')
#6 C:\xampp\htdocs\e-reportruangan\system\View\View.php(227): CodeIgniter\View\View->CodeIgniter\View\{closure}()
#7 C:\xampp\htdocs\e-reportruangan\system\Common.php(1180): CodeIgniter\View\View->render('AtRest/suhu_add', Array, true)
#8 C:\xampp\htdocs\e-reportruangan\app\Controllers\Suhu.php(174): view('AtRest/suhu_add', Array)
#9 C:\xampp\htdocs\e-reportruangan\system\CodeIgniter.php(932): App\Controllers\Suhu->AddSuhu('241')
#10 C:\xampp\htdocs\e-reportruangan\system\CodeIgniter.php(497): CodeIgniter\CodeIgniter->runController(Object(App\Controllers\Suhu))
#11 C:\xampp\htdocs\e-reportruangan\system\CodeIgniter.php(366): CodeIgniter\CodeIgniter->handleRequest(NULL, Object(Config\Cache), false)
#12 C:\xampp\htdocs\e-reportruangan\public\index.php(81): CodeIgniter\CodeIgniter->run()
#13 {main}
CRITICAL - 2025-05-28 06:19:48 --> Unknown column 'id_ahu' in 'where clause'
in SYSTEMPATH\Database\MySQLi\Connection.php on line 295.
 1 SYSTEMPATH\Database\MySQLi\Connection.php(295): mysqli->query('SELECT `nama_ahu`
FROM `master_data`
WHERE `id_ahu` = \'1.02\'', 0)
 2 SYSTEMPATH\Database\BaseConnection.php(692): CodeIgniter\Database\MySQLi\Connection->execute('SELECT `nama_ahu`
FROM `master_data`
WHERE `id_ahu` = \'1.02\'')
 3 SYSTEMPATH\Database\BaseConnection.php(606): CodeIgniter\Database\BaseConnection->simpleQuery('SELECT `nama_ahu`
FROM `master_data`
WHERE `id_ahu` = \'1.02\'')
 4 SYSTEMPATH\Database\BaseBuilder.php(1616): CodeIgniter\Database\BaseConnection->query('SELECT `nama_ahu`
FROM `master_data`
WHERE `id_ahu` = :id_ahu:', [...], false)
 5 APPPATH\Views\AtRest\suhu_add.php(177): CodeIgniter\Database\BaseBuilder->get()
 6 SYSTEMPATH\View\View.php(224): include('C:\\xampp\\htdocs\\e-reportruangan\\app\\Views\\AtRest\\suhu_add.php')
 7 SYSTEMPATH\View\View.php(227): CodeIgniter\View\View->CodeIgniter\View\{closure}()
 8 SYSTEMPATH\Common.php(1180): CodeIgniter\View\View->render('AtRest/suhu_add', [], true)
 9 APPPATH\Controllers\Suhu.php(174): view('AtRest/suhu_add', [...])
10 SYSTEMPATH\CodeIgniter.php(932): App\Controllers\Suhu->AddSuhu('241')
11 SYSTEMPATH\CodeIgniter.php(497): CodeIgniter\CodeIgniter->runController(Object(App\Controllers\Suhu))
12 SYSTEMPATH\CodeIgniter.php(366): CodeIgniter\CodeIgniter->handleRequest(null, Object(Config\Cache), false)
13 FCPATH\index.php(81): CodeIgniter\CodeIgniter->run()
INFO - 2025-05-28 06:21:07 --> Session: Class initialized using 'CodeIgniter\Session\Handlers\FileHandler' driver.
ERROR - 2025-05-28 06:21:07 --> mysqli_sql_exception: Unknown column 'id_ahu' in 'where clause' in C:\xampp\htdocs\e-reportruangan\system\Database\MySQLi\Connection.php:295
Stack trace:
#0 C:\xampp\htdocs\e-reportruangan\system\Database\MySQLi\Connection.php(295): mysqli->query('SELECT `nama_ah...', 0)
#1 C:\xampp\htdocs\e-reportruangan\system\Database\BaseConnection.php(692): CodeIgniter\Database\MySQLi\Connection->execute('SELECT `nama_ah...')
#2 C:\xampp\htdocs\e-reportruangan\system\Database\BaseConnection.php(606): CodeIgniter\Database\BaseConnection->simpleQuery('SELECT `nama_ah...')
#3 C:\xampp\htdocs\e-reportruangan\system\Database\BaseBuilder.php(1616): CodeIgniter\Database\BaseConnection->query('SELECT `nama_ah...', Array, false)
#4 C:\xampp\htdocs\e-reportruangan\app\Views\AtRest\suhu_add.php(177): CodeIgniter\Database\BaseBuilder->get()
#5 C:\xampp\htdocs\e-reportruangan\system\View\View.php(224): include('C:\\xampp\\htdocs...')
#6 C:\xampp\htdocs\e-reportruangan\system\View\View.php(227): CodeIgniter\View\View->CodeIgniter\View\{closure}()
#7 C:\xampp\htdocs\e-reportruangan\system\Common.php(1180): CodeIgniter\View\View->render('AtRest/suhu_add', Array, true)
#8 C:\xampp\htdocs\e-reportruangan\app\Controllers\Suhu.php(174): view('AtRest/suhu_add', Array)
#9 C:\xampp\htdocs\e-reportruangan\system\CodeIgniter.php(932): App\Controllers\Suhu->AddSuhu('241')
#10 C:\xampp\htdocs\e-reportruangan\system\CodeIgniter.php(497): CodeIgniter\CodeIgniter->runController(Object(App\Controllers\Suhu))
#11 C:\xampp\htdocs\e-reportruangan\system\CodeIgniter.php(366): CodeIgniter\CodeIgniter->handleRequest(NULL, Object(Config\Cache), false)
#12 C:\xampp\htdocs\e-reportruangan\public\index.php(81): CodeIgniter\CodeIgniter->run()
#13 {main}
CRITICAL - 2025-05-28 06:21:07 --> Unknown column 'id_ahu' in 'where clause'
in SYSTEMPATH\Database\MySQLi\Connection.php on line 295.
 1 SYSTEMPATH\Database\MySQLi\Connection.php(295): mysqli->query('SELECT `nama_ahu`
FROM `master_data`
WHERE `id_ahu` = \'72\'', 0)
 2 SYSTEMPATH\Database\BaseConnection.php(692): CodeIgniter\Database\MySQLi\Connection->execute('SELECT `nama_ahu`
FROM `master_data`
WHERE `id_ahu` = \'72\'')
 3 SYSTEMPATH\Database\BaseConnection.php(606): CodeIgniter\Database\BaseConnection->simpleQuery('SELECT `nama_ahu`
FROM `master_data`
WHERE `id_ahu` = \'72\'')
 4 SYSTEMPATH\Database\BaseBuilder.php(1616): CodeIgniter\Database\BaseConnection->query('SELECT `nama_ahu`
FROM `master_data`
WHERE `id_ahu` = :id_ahu:', [...], false)
 5 APPPATH\Views\AtRest\suhu_add.php(177): CodeIgniter\Database\BaseBuilder->get()
 6 SYSTEMPATH\View\View.php(224): include('C:\\xampp\\htdocs\\e-reportruangan\\app\\Views\\AtRest\\suhu_add.php')
 7 SYSTEMPATH\View\View.php(227): CodeIgniter\View\View->CodeIgniter\View\{closure}()
 8 SYSTEMPATH\Common.php(1180): CodeIgniter\View\View->render('AtRest/suhu_add', [], true)
 9 APPPATH\Controllers\Suhu.php(174): view('AtRest/suhu_add', [...])
10 SYSTEMPATH\CodeIgniter.php(932): App\Controllers\Suhu->AddSuhu('241')
11 SYSTEMPATH\CodeIgniter.php(497): CodeIgniter\CodeIgniter->runController(Object(App\Controllers\Suhu))
12 SYSTEMPATH\CodeIgniter.php(366): CodeIgniter\CodeIgniter->handleRequest(null, Object(Config\Cache), false)
13 FCPATH\index.php(81): CodeIgniter\CodeIgniter->run()
INFO - 2025-05-28 06:21:34 --> Session: Class initialized using 'CodeIgniter\Session\Handlers\FileHandler' driver.
ERROR - 2025-05-28 06:21:34 --> mysqli_sql_exception: Unknown column 'id_ahu' in 'where clause' in C:\xampp\htdocs\e-reportruangan\system\Database\MySQLi\Connection.php:295
Stack trace:
#0 C:\xampp\htdocs\e-reportruangan\system\Database\MySQLi\Connection.php(295): mysqli->query('SELECT `nama_ah...', 0)
#1 C:\xampp\htdocs\e-reportruangan\system\Database\BaseConnection.php(692): CodeIgniter\Database\MySQLi\Connection->execute('SELECT `nama_ah...')
#2 C:\xampp\htdocs\e-reportruangan\system\Database\BaseConnection.php(606): CodeIgniter\Database\BaseConnection->simpleQuery('SELECT `nama_ah...')
#3 C:\xampp\htdocs\e-reportruangan\system\Database\BaseBuilder.php(1616): CodeIgniter\Database\BaseConnection->query('SELECT `nama_ah...', Array, false)
#4 C:\xampp\htdocs\e-reportruangan\app\Views\AtRest\suhu_add.php(177): CodeIgniter\Database\BaseBuilder->get()
#5 C:\xampp\htdocs\e-reportruangan\system\View\View.php(224): include('C:\\xampp\\htdocs...')
#6 C:\xampp\htdocs\e-reportruangan\system\View\View.php(227): CodeIgniter\View\View->CodeIgniter\View\{closure}()
#7 C:\xampp\htdocs\e-reportruangan\system\Common.php(1180): CodeIgniter\View\View->render('AtRest/suhu_add', Array, true)
#8 C:\xampp\htdocs\e-reportruangan\app\Controllers\Suhu.php(174): view('AtRest/suhu_add', Array)
#9 C:\xampp\htdocs\e-reportruangan\system\CodeIgniter.php(932): App\Controllers\Suhu->AddSuhu('241')
#10 C:\xampp\htdocs\e-reportruangan\system\CodeIgniter.php(497): CodeIgniter\CodeIgniter->runController(Object(App\Controllers\Suhu))
#11 C:\xampp\htdocs\e-reportruangan\system\CodeIgniter.php(366): CodeIgniter\CodeIgniter->handleRequest(NULL, Object(Config\Cache), false)
#12 C:\xampp\htdocs\e-reportruangan\public\index.php(81): CodeIgniter\CodeIgniter->run()
#13 {main}
CRITICAL - 2025-05-28 06:21:34 --> Unknown column 'id_ahu' in 'where clause'
in SYSTEMPATH\Database\MySQLi\Connection.php on line 295.
 1 SYSTEMPATH\Database\MySQLi\Connection.php(295): mysqli->query('SELECT `nama_ahu`
FROM `master_data`
WHERE `id_ahu` = \'241\'', 0)
 2 SYSTEMPATH\Database\BaseConnection.php(692): CodeIgniter\Database\MySQLi\Connection->execute('SELECT `nama_ahu`
FROM `master_data`
WHERE `id_ahu` = \'241\'')
 3 SYSTEMPATH\Database\BaseConnection.php(606): CodeIgniter\Database\BaseConnection->simpleQuery('SELECT `nama_ahu`
FROM `master_data`
WHERE `id_ahu` = \'241\'')
 4 SYSTEMPATH\Database\BaseBuilder.php(1616): CodeIgniter\Database\BaseConnection->query('SELECT `nama_ahu`
FROM `master_data`
WHERE `id_ahu` = :id_ahu:', [...], false)
 5 APPPATH\Views\AtRest\suhu_add.php(177): CodeIgniter\Database\BaseBuilder->get()
 6 SYSTEMPATH\View\View.php(224): include('C:\\xampp\\htdocs\\e-reportruangan\\app\\Views\\AtRest\\suhu_add.php')
 7 SYSTEMPATH\View\View.php(227): CodeIgniter\View\View->CodeIgniter\View\{closure}()
 8 SYSTEMPATH\Common.php(1180): CodeIgniter\View\View->render('AtRest/suhu_add', [], true)
 9 APPPATH\Controllers\Suhu.php(174): view('AtRest/suhu_add', [...])
10 SYSTEMPATH\CodeIgniter.php(932): App\Controllers\Suhu->AddSuhu('241')
11 SYSTEMPATH\CodeIgniter.php(497): CodeIgniter\CodeIgniter->runController(Object(App\Controllers\Suhu))
12 SYSTEMPATH\CodeIgniter.php(366): CodeIgniter\CodeIgniter->handleRequest(null, Object(Config\Cache), false)
13 FCPATH\index.php(81): CodeIgniter\CodeIgniter->run()
INFO - 2025-05-28 06:22:05 --> Session: Class initialized using 'CodeIgniter\Session\Handlers\FileHandler' driver.
CRITICAL - 2025-05-28 06:22:05 --> Trying to access array offset on value of type null
in APPPATH\Controllers\Suhu.php on line 161.
 1 APPPATH\Controllers\Suhu.php(161): CodeIgniter\Debug\Exceptions->errorHandler(2, 'Trying to access array offset on value of type null', 'C:\\xampp\\htdocs\\e-reportruangan\\app\\Controllers\\Suhu.php', 161)
 2 SYSTEMPATH\CodeIgniter.php(932): App\Controllers\Suhu->AddSuhu('bootstrap.js')
 3 SYSTEMPATH\CodeIgniter.php(497): CodeIgniter\CodeIgniter->runController(Object(App\Controllers\Suhu))
 4 SYSTEMPATH\CodeIgniter.php(366): CodeIgniter\CodeIgniter->handleRequest(null, Object(Config\Cache), false)
 5 FCPATH\index.php(81): CodeIgniter\CodeIgniter->run()
CRITICAL - 2025-05-28 06:22:05 --> Trying to access array offset on value of type null
in APPPATH\Controllers\Suhu.php on line 161.
 1 APPPATH\Controllers\Suhu.php(161): CodeIgniter\Debug\Exceptions->errorHandler(2, 'Trying to access array offset on value of type null', 'C:\\xampp\\htdocs\\e-reportruangan\\app\\Controllers\\Suhu.php', 161)
 2 SYSTEMPATH\CodeIgniter.php(932): App\Controllers\Suhu->AddSuhu('jquery.js')
 3 SYSTEMPATH\CodeIgniter.php(497): CodeIgniter\CodeIgniter->runController(Object(App\Controllers\Suhu))
 4 SYSTEMPATH\CodeIgniter.php(366): CodeIgniter\CodeIgniter->handleRequest(null, Object(Config\Cache), false)
 5 FCPATH\index.php(81): CodeIgniter\CodeIgniter->run()
INFO - 2025-05-28 06:22:53 --> Session: Class initialized using 'CodeIgniter\Session\Handlers\FileHandler' driver.
CRITICAL - 2025-05-28 06:22:53 --> Trying to access array offset on value of type null
in APPPATH\Controllers\Suhu.php on line 161.
 1 APPPATH\Controllers\Suhu.php(161): CodeIgniter\Debug\Exceptions->errorHandler(2, 'Trying to access array offset on value of type null', 'C:\\xampp\\htdocs\\e-reportruangan\\app\\Controllers\\Suhu.php', 161)
 2 SYSTEMPATH\CodeIgniter.php(932): App\Controllers\Suhu->AddSuhu('bootstrap.js')
 3 SYSTEMPATH\CodeIgniter.php(497): CodeIgniter\CodeIgniter->runController(Object(App\Controllers\Suhu))
 4 SYSTEMPATH\CodeIgniter.php(366): CodeIgniter\CodeIgniter->handleRequest(null, Object(Config\Cache), false)
 5 FCPATH\index.php(81): CodeIgniter\CodeIgniter->run()
CRITICAL - 2025-05-28 06:22:53 --> Trying to access array offset on value of type null
in APPPATH\Controllers\Suhu.php on line 161.
 1 APPPATH\Controllers\Suhu.php(161): CodeIgniter\Debug\Exceptions->errorHandler(2, 'Trying to access array offset on value of type null', 'C:\\xampp\\htdocs\\e-reportruangan\\app\\Controllers\\Suhu.php', 161)
 2 SYSTEMPATH\CodeIgniter.php(932): App\Controllers\Suhu->AddSuhu('jquery.js')
 3 SYSTEMPATH\CodeIgniter.php(497): CodeIgniter\CodeIgniter->runController(Object(App\Controllers\Suhu))
 4 SYSTEMPATH\CodeIgniter.php(366): CodeIgniter\CodeIgniter->handleRequest(null, Object(Config\Cache), false)
 5 FCPATH\index.php(81): CodeIgniter\CodeIgniter->run()
INFO - 2025-05-28 06:28:54 --> Session: Class initialized using 'CodeIgniter\Session\Handlers\FileHandler' driver.
CRITICAL - 2025-05-28 06:28:54 --> Trying to access array offset on value of type null
in APPPATH\Controllers\Suhu.php on line 161.
 1 APPPATH\Controllers\Suhu.php(161): CodeIgniter\Debug\Exceptions->errorHandler(2, 'Trying to access array offset on value of type null', 'C:\\xampp\\htdocs\\e-reportruangan\\app\\Controllers\\Suhu.php', 161)
 2 SYSTEMPATH\CodeIgniter.php(932): App\Controllers\Suhu->AddSuhu('jquery.js')
 3 SYSTEMPATH\CodeIgniter.php(497): CodeIgniter\CodeIgniter->runController(Object(App\Controllers\Suhu))
 4 SYSTEMPATH\CodeIgniter.php(366): CodeIgniter\CodeIgniter->handleRequest(null, Object(Config\Cache), false)
 5 FCPATH\index.php(81): CodeIgniter\CodeIgniter->run()
CRITICAL - 2025-05-28 06:28:54 --> Trying to access array offset on value of type null
in APPPATH\Controllers\Suhu.php on line 161.
 1 APPPATH\Controllers\Suhu.php(161): CodeIgniter\Debug\Exceptions->errorHandler(2, 'Trying to access array offset on value of type null', 'C:\\xampp\\htdocs\\e-reportruangan\\app\\Controllers\\Suhu.php', 161)
 2 SYSTEMPATH\CodeIgniter.php(932): App\Controllers\Suhu->AddSuhu('bootstrap.js')
 3 SYSTEMPATH\CodeIgniter.php(497): CodeIgniter\CodeIgniter->runController(Object(App\Controllers\Suhu))
 4 SYSTEMPATH\CodeIgniter.php(366): CodeIgniter\CodeIgniter->handleRequest(null, Object(Config\Cache), false)
 5 FCPATH\index.php(81): CodeIgniter\CodeIgniter->run()
INFO - 2025-05-28 06:29:53 --> Session: Class initialized using 'CodeIgniter\Session\Handlers\FileHandler' driver.
CRITICAL - 2025-05-28 06:29:54 --> Trying to access array offset on value of type null
in APPPATH\Controllers\Suhu.php on line 161.
 1 APPPATH\Controllers\Suhu.php(161): CodeIgniter\Debug\Exceptions->errorHandler(2, 'Trying to access array offset on value of type null', 'C:\\xampp\\htdocs\\e-reportruangan\\app\\Controllers\\Suhu.php', 161)
 2 SYSTEMPATH\CodeIgniter.php(932): App\Controllers\Suhu->AddSuhu('jquery.js')
 3 SYSTEMPATH\CodeIgniter.php(497): CodeIgniter\CodeIgniter->runController(Object(App\Controllers\Suhu))
 4 SYSTEMPATH\CodeIgniter.php(366): CodeIgniter\CodeIgniter->handleRequest(null, Object(Config\Cache), false)
 5 FCPATH\index.php(81): CodeIgniter\CodeIgniter->run()
CRITICAL - 2025-05-28 06:29:54 --> Trying to access array offset on value of type null
in APPPATH\Controllers\Suhu.php on line 161.
 1 APPPATH\Controllers\Suhu.php(161): CodeIgniter\Debug\Exceptions->errorHandler(2, 'Trying to access array offset on value of type null', 'C:\\xampp\\htdocs\\e-reportruangan\\app\\Controllers\\Suhu.php', 161)
 2 SYSTEMPATH\CodeIgniter.php(932): App\Controllers\Suhu->AddSuhu('bootstrap.js')
 3 SYSTEMPATH\CodeIgniter.php(497): CodeIgniter\CodeIgniter->runController(Object(App\Controllers\Suhu))
 4 SYSTEMPATH\CodeIgniter.php(366): CodeIgniter\CodeIgniter->handleRequest(null, Object(Config\Cache), false)
 5 FCPATH\index.php(81): CodeIgniter\CodeIgniter->run()
INFO - 2025-05-28 06:31:00 --> Session: Class initialized using 'CodeIgniter\Session\Handlers\FileHandler' driver.
CRITICAL - 2025-05-28 06:31:00 --> Trying to access array offset on value of type null
in APPPATH\Controllers\Suhu.php on line 161.
 1 APPPATH\Controllers\Suhu.php(161): CodeIgniter\Debug\Exceptions->errorHandler(2, 'Trying to access array offset on value of type null', 'C:\\xampp\\htdocs\\e-reportruangan\\app\\Controllers\\Suhu.php', 161)
 2 SYSTEMPATH\CodeIgniter.php(932): App\Controllers\Suhu->AddSuhu('jquery.js')
 3 SYSTEMPATH\CodeIgniter.php(497): CodeIgniter\CodeIgniter->runController(Object(App\Controllers\Suhu))
 4 SYSTEMPATH\CodeIgniter.php(366): CodeIgniter\CodeIgniter->handleRequest(null, Object(Config\Cache), false)
 5 FCPATH\index.php(81): CodeIgniter\CodeIgniter->run()
CRITICAL - 2025-05-28 06:31:00 --> Trying to access array offset on value of type null
in APPPATH\Controllers\Suhu.php on line 161.
 1 APPPATH\Controllers\Suhu.php(161): CodeIgniter\Debug\Exceptions->errorHandler(2, 'Trying to access array offset on value of type null', 'C:\\xampp\\htdocs\\e-reportruangan\\app\\Controllers\\Suhu.php', 161)
 2 SYSTEMPATH\CodeIgniter.php(932): App\Controllers\Suhu->AddSuhu('bootstrap.js')
 3 SYSTEMPATH\CodeIgniter.php(497): CodeIgniter\CodeIgniter->runController(Object(App\Controllers\Suhu))
 4 SYSTEMPATH\CodeIgniter.php(366): CodeIgniter\CodeIgniter->handleRequest(null, Object(Config\Cache), false)
 5 FCPATH\index.php(81): CodeIgniter\CodeIgniter->run()
INFO - 2025-05-28 06:31:17 --> Session: Class initialized using 'CodeIgniter\Session\Handlers\FileHandler' driver.
CRITICAL - 2025-05-28 06:31:18 --> Trying to access array offset on value of type null
in APPPATH\Controllers\Suhu.php on line 161.
 1 APPPATH\Controllers\Suhu.php(161): CodeIgniter\Debug\Exceptions->errorHandler(2, 'Trying to access array offset on value of type null', 'C:\\xampp\\htdocs\\e-reportruangan\\app\\Controllers\\Suhu.php', 161)
 2 SYSTEMPATH\CodeIgniter.php(932): App\Controllers\Suhu->AddSuhu('jquery.js')
 3 SYSTEMPATH\CodeIgniter.php(497): CodeIgniter\CodeIgniter->runController(Object(App\Controllers\Suhu))
 4 SYSTEMPATH\CodeIgniter.php(366): CodeIgniter\CodeIgniter->handleRequest(null, Object(Config\Cache), false)
 5 FCPATH\index.php(81): CodeIgniter\CodeIgniter->run()
CRITICAL - 2025-05-28 06:31:18 --> Trying to access array offset on value of type null
in APPPATH\Controllers\Suhu.php on line 161.
 1 APPPATH\Controllers\Suhu.php(161): CodeIgniter\Debug\Exceptions->errorHandler(2, 'Trying to access array offset on value of type null', 'C:\\xampp\\htdocs\\e-reportruangan\\app\\Controllers\\Suhu.php', 161)
 2 SYSTEMPATH\CodeIgniter.php(932): App\Controllers\Suhu->AddSuhu('bootstrap.js')
 3 SYSTEMPATH\CodeIgniter.php(497): CodeIgniter\CodeIgniter->runController(Object(App\Controllers\Suhu))
 4 SYSTEMPATH\CodeIgniter.php(366): CodeIgniter\CodeIgniter->handleRequest(null, Object(Config\Cache), false)
 5 FCPATH\index.php(81): CodeIgniter\CodeIgniter->run()
INFO - 2025-05-28 06:34:30 --> Session: Class initialized using 'CodeIgniter\Session\Handlers\FileHandler' driver.
CRITICAL - 2025-05-28 06:34:30 --> Trying to access array offset on value of type null
in APPPATH\Controllers\Suhu.php on line 161.
 1 APPPATH\Controllers\Suhu.php(161): CodeIgniter\Debug\Exceptions->errorHandler(2, 'Trying to access array offset on value of type null', 'C:\\xampp\\htdocs\\e-reportruangan\\app\\Controllers\\Suhu.php', 161)
 2 SYSTEMPATH\CodeIgniter.php(932): App\Controllers\Suhu->AddSuhu('jquery.js')
 3 SYSTEMPATH\CodeIgniter.php(497): CodeIgniter\CodeIgniter->runController(Object(App\Controllers\Suhu))
 4 SYSTEMPATH\CodeIgniter.php(366): CodeIgniter\CodeIgniter->handleRequest(null, Object(Config\Cache), false)
 5 FCPATH\index.php(81): CodeIgniter\CodeIgniter->run()
CRITICAL - 2025-05-28 06:34:30 --> Trying to access array offset on value of type null
in APPPATH\Controllers\Suhu.php on line 161.
 1 APPPATH\Controllers\Suhu.php(161): CodeIgniter\Debug\Exceptions->errorHandler(2, 'Trying to access array offset on value of type null', 'C:\\xampp\\htdocs\\e-reportruangan\\app\\Controllers\\Suhu.php', 161)
 2 SYSTEMPATH\CodeIgniter.php(932): App\Controllers\Suhu->AddSuhu('bootstrap.js')
 3 SYSTEMPATH\CodeIgniter.php(497): CodeIgniter\CodeIgniter->runController(Object(App\Controllers\Suhu))
 4 SYSTEMPATH\CodeIgniter.php(366): CodeIgniter\CodeIgniter->handleRequest(null, Object(Config\Cache), false)
 5 FCPATH\index.php(81): CodeIgniter\CodeIgniter->run()
INFO - 2025-05-28 06:34:47 --> Session: Class initialized using 'CodeIgniter\Session\Handlers\FileHandler' driver.
CRITICAL - 2025-05-28 06:34:47 --> Trying to access array offset on value of type null
in APPPATH\Controllers\Suhu.php on line 161.
 1 APPPATH\Controllers\Suhu.php(161): CodeIgniter\Debug\Exceptions->errorHandler(2, 'Trying to access array offset on value of type null', 'C:\\xampp\\htdocs\\e-reportruangan\\app\\Controllers\\Suhu.php', 161)
 2 SYSTEMPATH\CodeIgniter.php(932): App\Controllers\Suhu->AddSuhu('jquery.js')
 3 SYSTEMPATH\CodeIgniter.php(497): CodeIgniter\CodeIgniter->runController(Object(App\Controllers\Suhu))
 4 SYSTEMPATH\CodeIgniter.php(366): CodeIgniter\CodeIgniter->handleRequest(null, Object(Config\Cache), false)
 5 FCPATH\index.php(81): CodeIgniter\CodeIgniter->run()
CRITICAL - 2025-05-28 06:34:47 --> Trying to access array offset on value of type null
in APPPATH\Controllers\Suhu.php on line 161.
 1 APPPATH\Controllers\Suhu.php(161): CodeIgniter\Debug\Exceptions->errorHandler(2, 'Trying to access array offset on value of type null', 'C:\\xampp\\htdocs\\e-reportruangan\\app\\Controllers\\Suhu.php', 161)
 2 SYSTEMPATH\CodeIgniter.php(932): App\Controllers\Suhu->AddSuhu('bootstrap.js')
 3 SYSTEMPATH\CodeIgniter.php(497): CodeIgniter\CodeIgniter->runController(Object(App\Controllers\Suhu))
 4 SYSTEMPATH\CodeIgniter.php(366): CodeIgniter\CodeIgniter->handleRequest(null, Object(Config\Cache), false)
 5 FCPATH\index.php(81): CodeIgniter\CodeIgniter->run()
INFO - 2025-05-28 06:40:22 --> Session: Class initialized using 'CodeIgniter\Session\Handlers\FileHandler' driver.
CRITICAL - 2025-05-28 06:40:23 --> Trying to access array offset on value of type null
in APPPATH\Controllers\Suhu.php on line 161.
 1 APPPATH\Controllers\Suhu.php(161): CodeIgniter\Debug\Exceptions->errorHandler(2, 'Trying to access array offset on value of type null', 'C:\\xampp\\htdocs\\e-reportruangan\\app\\Controllers\\Suhu.php', 161)
 2 SYSTEMPATH\CodeIgniter.php(932): App\Controllers\Suhu->AddSuhu('bootstrap.js')
 3 SYSTEMPATH\CodeIgniter.php(497): CodeIgniter\CodeIgniter->runController(Object(App\Controllers\Suhu))
 4 SYSTEMPATH\CodeIgniter.php(366): CodeIgniter\CodeIgniter->handleRequest(null, Object(Config\Cache), false)
 5 FCPATH\index.php(81): CodeIgniter\CodeIgniter->run()
CRITICAL - 2025-05-28 06:40:23 --> Trying to access array offset on value of type null
in APPPATH\Controllers\Suhu.php on line 161.
 1 APPPATH\Controllers\Suhu.php(161): CodeIgniter\Debug\Exceptions->errorHandler(2, 'Trying to access array offset on value of type null', 'C:\\xampp\\htdocs\\e-reportruangan\\app\\Controllers\\Suhu.php', 161)
 2 SYSTEMPATH\CodeIgniter.php(932): App\Controllers\Suhu->AddSuhu('jquery.js')
 3 SYSTEMPATH\CodeIgniter.php(497): CodeIgniter\CodeIgniter->runController(Object(App\Controllers\Suhu))
 4 SYSTEMPATH\CodeIgniter.php(366): CodeIgniter\CodeIgniter->handleRequest(null, Object(Config\Cache), false)
 5 FCPATH\index.php(81): CodeIgniter\CodeIgniter->run()
INFO - 2025-05-28 06:41:19 --> Session: Class initialized using 'CodeIgniter\Session\Handlers\FileHandler' driver.
CRITICAL - 2025-05-28 06:41:20 --> Trying to access array offset on value of type null
in APPPATH\Controllers\Suhu.php on line 161.
 1 APPPATH\Controllers\Suhu.php(161): CodeIgniter\Debug\Exceptions->errorHandler(2, 'Trying to access array offset on value of type null', 'C:\\xampp\\htdocs\\e-reportruangan\\app\\Controllers\\Suhu.php', 161)
 2 SYSTEMPATH\CodeIgniter.php(932): App\Controllers\Suhu->AddSuhu('bootstrap.js')
 3 SYSTEMPATH\CodeIgniter.php(497): CodeIgniter\CodeIgniter->runController(Object(App\Controllers\Suhu))
 4 SYSTEMPATH\CodeIgniter.php(366): CodeIgniter\CodeIgniter->handleRequest(null, Object(Config\Cache), false)
 5 FCPATH\index.php(81): CodeIgniter\CodeIgniter->run()
CRITICAL - 2025-05-28 06:41:20 --> Trying to access array offset on value of type null
in APPPATH\Controllers\Suhu.php on line 161.
 1 APPPATH\Controllers\Suhu.php(161): CodeIgniter\Debug\Exceptions->errorHandler(2, 'Trying to access array offset on value of type null', 'C:\\xampp\\htdocs\\e-reportruangan\\app\\Controllers\\Suhu.php', 161)
 2 SYSTEMPATH\CodeIgniter.php(932): App\Controllers\Suhu->AddSuhu('jquery.js')
 3 SYSTEMPATH\CodeIgniter.php(497): CodeIgniter\CodeIgniter->runController(Object(App\Controllers\Suhu))
 4 SYSTEMPATH\CodeIgniter.php(366): CodeIgniter\CodeIgniter->handleRequest(null, Object(Config\Cache), false)
 5 FCPATH\index.php(81): CodeIgniter\CodeIgniter->run()
INFO - 2025-05-28 06:42:55 --> Session: Class initialized using 'CodeIgniter\Session\Handlers\FileHandler' driver.
CRITICAL - 2025-05-28 06:42:56 --> Trying to access array offset on value of type null
in APPPATH\Controllers\Suhu.php on line 161.
 1 APPPATH\Controllers\Suhu.php(161): CodeIgniter\Debug\Exceptions->errorHandler(2, 'Trying to access array offset on value of type null', 'C:\\xampp\\htdocs\\e-reportruangan\\app\\Controllers\\Suhu.php', 161)
 2 SYSTEMPATH\CodeIgniter.php(932): App\Controllers\Suhu->AddSuhu('bootstrap.js')
 3 SYSTEMPATH\CodeIgniter.php(497): CodeIgniter\CodeIgniter->runController(Object(App\Controllers\Suhu))
 4 SYSTEMPATH\CodeIgniter.php(366): CodeIgniter\CodeIgniter->handleRequest(null, Object(Config\Cache), false)
 5 FCPATH\index.php(81): CodeIgniter\CodeIgniter->run()
CRITICAL - 2025-05-28 06:42:56 --> Trying to access array offset on value of type null
in APPPATH\Controllers\Suhu.php on line 161.
 1 APPPATH\Controllers\Suhu.php(161): CodeIgniter\Debug\Exceptions->errorHandler(2, 'Trying to access array offset on value of type null', 'C:\\xampp\\htdocs\\e-reportruangan\\app\\Controllers\\Suhu.php', 161)
 2 SYSTEMPATH\CodeIgniter.php(932): App\Controllers\Suhu->AddSuhu('jquery.js')
 3 SYSTEMPATH\CodeIgniter.php(497): CodeIgniter\CodeIgniter->runController(Object(App\Controllers\Suhu))
 4 SYSTEMPATH\CodeIgniter.php(366): CodeIgniter\CodeIgniter->handleRequest(null, Object(Config\Cache), false)
 5 FCPATH\index.php(81): CodeIgniter\CodeIgniter->run()
INFO - 2025-05-28 06:44:27 --> Session: Class initialized using 'CodeIgniter\Session\Handlers\FileHandler' driver.
CRITICAL - 2025-05-28 06:44:28 --> Trying to access array offset on value of type null
in APPPATH\Controllers\Suhu.php on line 161.
 1 APPPATH\Controllers\Suhu.php(161): CodeIgniter\Debug\Exceptions->errorHandler(2, 'Trying to access array offset on value of type null', 'C:\\xampp\\htdocs\\e-reportruangan\\app\\Controllers\\Suhu.php', 161)
 2 SYSTEMPATH\CodeIgniter.php(932): App\Controllers\Suhu->AddSuhu('bootstrap.js')
 3 SYSTEMPATH\CodeIgniter.php(497): CodeIgniter\CodeIgniter->runController(Object(App\Controllers\Suhu))
 4 SYSTEMPATH\CodeIgniter.php(366): CodeIgniter\CodeIgniter->handleRequest(null, Object(Config\Cache), false)
 5 FCPATH\index.php(81): CodeIgniter\CodeIgniter->run()
CRITICAL - 2025-05-28 06:44:28 --> Trying to access array offset on value of type null
in APPPATH\Controllers\Suhu.php on line 161.
 1 APPPATH\Controllers\Suhu.php(161): CodeIgniter\Debug\Exceptions->errorHandler(2, 'Trying to access array offset on value of type null', 'C:\\xampp\\htdocs\\e-reportruangan\\app\\Controllers\\Suhu.php', 161)
 2 SYSTEMPATH\CodeIgniter.php(932): App\Controllers\Suhu->AddSuhu('jquery.js')
 3 SYSTEMPATH\CodeIgniter.php(497): CodeIgniter\CodeIgniter->runController(Object(App\Controllers\Suhu))
 4 SYSTEMPATH\CodeIgniter.php(366): CodeIgniter\CodeIgniter->handleRequest(null, Object(Config\Cache), false)
 5 FCPATH\index.php(81): CodeIgniter\CodeIgniter->run()
WARNING - 2025-05-28 06:48:06 --> [DEPRECATED] Creation of dynamic property App\Controllers\Suhu::$MasterDataModel is deprecated in APPPATH\Controllers\Suhu.php on line 205.
 1 SYSTEMPATH\CodeIgniter.php(904): App\Controllers\Suhu->__construct()
 2 SYSTEMPATH\CodeIgniter.php(488): CodeIgniter\CodeIgniter->createController()
 3 SYSTEMPATH\CodeIgniter.php(366): CodeIgniter\CodeIgniter->handleRequest(null, Object(Config\Cache), false)
 4 FCPATH\index.php(81): CodeIgniter\CodeIgniter->run()
INFO - 2025-05-28 06:48:06 --> Session: Class initialized using 'CodeIgniter\Session\Handlers\FileHandler' driver.
WARNING - 2025-05-28 06:48:06 --> [DEPRECATED] Creation of dynamic property App\Controllers\Suhu::$MasterDataModel is deprecated in APPPATH\Controllers\Suhu.php on line 205.
 1 SYSTEMPATH\CodeIgniter.php(904): App\Controllers\Suhu->__construct()
 2 SYSTEMPATH\CodeIgniter.php(488): CodeIgniter\CodeIgniter->createController()
 3 SYSTEMPATH\CodeIgniter.php(366): CodeIgniter\CodeIgniter->handleRequest(null, Object(Config\Cache), false)
 4 FCPATH\index.php(81): CodeIgniter\CodeIgniter->run()
WARNING - 2025-05-28 06:48:06 --> [DEPRECATED] Creation of dynamic property App\Controllers\Suhu::$MasterDataModel is deprecated in APPPATH\Controllers\Suhu.php on line 205.
 1 SYSTEMPATH\CodeIgniter.php(904): App\Controllers\Suhu->__construct()
 2 SYSTEMPATH\CodeIgniter.php(488): CodeIgniter\CodeIgniter->createController()
 3 SYSTEMPATH\CodeIgniter.php(366): CodeIgniter\CodeIgniter->handleRequest(null, Object(Config\Cache), false)
 4 FCPATH\index.php(81): CodeIgniter\CodeIgniter->run()
CRITICAL - 2025-05-28 06:48:06 --> Trying to access array offset on value of type null
in APPPATH\Controllers\Suhu.php on line 162.
 1 APPPATH\Controllers\Suhu.php(162): CodeIgniter\Debug\Exceptions->errorHandler(2, 'Trying to access array offset on value of type null', 'C:\\xampp\\htdocs\\e-reportruangan\\app\\Controllers\\Suhu.php', 162)
 2 SYSTEMPATH\CodeIgniter.php(932): App\Controllers\Suhu->AddSuhu('jquery.js')
 3 SYSTEMPATH\CodeIgniter.php(497): CodeIgniter\CodeIgniter->runController(Object(App\Controllers\Suhu))
 4 SYSTEMPATH\CodeIgniter.php(366): CodeIgniter\CodeIgniter->handleRequest(null, Object(Config\Cache), false)
 5 FCPATH\index.php(81): CodeIgniter\CodeIgniter->run()
CRITICAL - 2025-05-28 06:48:06 --> Trying to access array offset on value of type null
in APPPATH\Controllers\Suhu.php on line 162.
 1 APPPATH\Controllers\Suhu.php(162): CodeIgniter\Debug\Exceptions->errorHandler(2, 'Trying to access array offset on value of type null', 'C:\\xampp\\htdocs\\e-reportruangan\\app\\Controllers\\Suhu.php', 162)
 2 SYSTEMPATH\CodeIgniter.php(932): App\Controllers\Suhu->AddSuhu('bootstrap.js')
 3 SYSTEMPATH\CodeIgniter.php(497): CodeIgniter\CodeIgniter->runController(Object(App\Controllers\Suhu))
 4 SYSTEMPATH\CodeIgniter.php(366): CodeIgniter\CodeIgniter->handleRequest(null, Object(Config\Cache), false)
 5 FCPATH\index.php(81): CodeIgniter\CodeIgniter->run()
WARNING - 2025-05-28 06:49:30 --> [DEPRECATED] Creation of dynamic property App\Controllers\Suhu::$MasterDataModel is deprecated in APPPATH\Controllers\Suhu.php on line 205.
 1 SYSTEMPATH\CodeIgniter.php(904): App\Controllers\Suhu->__construct()
 2 SYSTEMPATH\CodeIgniter.php(488): CodeIgniter\CodeIgniter->createController()
 3 SYSTEMPATH\CodeIgniter.php(366): CodeIgniter\CodeIgniter->handleRequest(null, Object(Config\Cache), false)
 4 FCPATH\index.php(81): CodeIgniter\CodeIgniter->run()
INFO - 2025-05-28 06:49:30 --> Session: Class initialized using 'CodeIgniter\Session\Handlers\FileHandler' driver.
WARNING - 2025-05-28 06:49:30 --> [DEPRECATED] Creation of dynamic property App\Controllers\Suhu::$MasterDataModel is deprecated in APPPATH\Controllers\Suhu.php on line 205.
 1 SYSTEMPATH\CodeIgniter.php(904): App\Controllers\Suhu->__construct()
 2 SYSTEMPATH\CodeIgniter.php(488): CodeIgniter\CodeIgniter->createController()
 3 SYSTEMPATH\CodeIgniter.php(366): CodeIgniter\CodeIgniter->handleRequest(null, Object(Config\Cache), false)
 4 FCPATH\index.php(81): CodeIgniter\CodeIgniter->run()
WARNING - 2025-05-28 06:49:30 --> [DEPRECATED] Creation of dynamic property App\Controllers\Suhu::$MasterDataModel is deprecated in APPPATH\Controllers\Suhu.php on line 205.
 1 SYSTEMPATH\CodeIgniter.php(904): App\Controllers\Suhu->__construct()
 2 SYSTEMPATH\CodeIgniter.php(488): CodeIgniter\CodeIgniter->createController()
 3 SYSTEMPATH\CodeIgniter.php(366): CodeIgniter\CodeIgniter->handleRequest(null, Object(Config\Cache), false)
 4 FCPATH\index.php(81): CodeIgniter\CodeIgniter->run()
CRITICAL - 2025-05-28 06:49:30 --> Trying to access array offset on value of type null
in APPPATH\Controllers\Suhu.php on line 162.
 1 APPPATH\Controllers\Suhu.php(162): CodeIgniter\Debug\Exceptions->errorHandler(2, 'Trying to access array offset on value of type null', 'C:\\xampp\\htdocs\\e-reportruangan\\app\\Controllers\\Suhu.php', 162)
 2 SYSTEMPATH\CodeIgniter.php(932): App\Controllers\Suhu->AddSuhu('bootstrap.js')
 3 SYSTEMPATH\CodeIgniter.php(497): CodeIgniter\CodeIgniter->runController(Object(App\Controllers\Suhu))
 4 SYSTEMPATH\CodeIgniter.php(366): CodeIgniter\CodeIgniter->handleRequest(null, Object(Config\Cache), false)
 5 FCPATH\index.php(81): CodeIgniter\CodeIgniter->run()
CRITICAL - 2025-05-28 06:49:30 --> Trying to access array offset on value of type null
in APPPATH\Controllers\Suhu.php on line 162.
 1 APPPATH\Controllers\Suhu.php(162): CodeIgniter\Debug\Exceptions->errorHandler(2, 'Trying to access array offset on value of type null', 'C:\\xampp\\htdocs\\e-reportruangan\\app\\Controllers\\Suhu.php', 162)
 2 SYSTEMPATH\CodeIgniter.php(932): App\Controllers\Suhu->AddSuhu('jquery.js')
 3 SYSTEMPATH\CodeIgniter.php(497): CodeIgniter\CodeIgniter->runController(Object(App\Controllers\Suhu))
 4 SYSTEMPATH\CodeIgniter.php(366): CodeIgniter\CodeIgniter->handleRequest(null, Object(Config\Cache), false)
 5 FCPATH\index.php(81): CodeIgniter\CodeIgniter->run()
WARNING - 2025-05-28 06:51:08 --> [DEPRECATED] Creation of dynamic property App\Controllers\Suhu::$MasterDataModel is deprecated in APPPATH\Controllers\Suhu.php on line 205.
 1 SYSTEMPATH\CodeIgniter.php(904): App\Controllers\Suhu->__construct()
 2 SYSTEMPATH\CodeIgniter.php(488): CodeIgniter\CodeIgniter->createController()
 3 SYSTEMPATH\CodeIgniter.php(366): CodeIgniter\CodeIgniter->handleRequest(null, Object(Config\Cache), false)
 4 FCPATH\index.php(81): CodeIgniter\CodeIgniter->run()
INFO - 2025-05-28 06:51:08 --> Session: Class initialized using 'CodeIgniter\Session\Handlers\FileHandler' driver.
WARNING - 2025-05-28 06:51:09 --> [DEPRECATED] Creation of dynamic property App\Controllers\Suhu::$MasterDataModel is deprecated in APPPATH\Controllers\Suhu.php on line 205.
 1 SYSTEMPATH\CodeIgniter.php(904): App\Controllers\Suhu->__construct()
 2 SYSTEMPATH\CodeIgniter.php(488): CodeIgniter\CodeIgniter->createController()
 3 SYSTEMPATH\CodeIgniter.php(366): CodeIgniter\CodeIgniter->handleRequest(null, Object(Config\Cache), false)
 4 FCPATH\index.php(81): CodeIgniter\CodeIgniter->run()
WARNING - 2025-05-28 06:51:09 --> [DEPRECATED] Creation of dynamic property App\Controllers\Suhu::$MasterDataModel is deprecated in APPPATH\Controllers\Suhu.php on line 205.
 1 SYSTEMPATH\CodeIgniter.php(904): App\Controllers\Suhu->__construct()
 2 SYSTEMPATH\CodeIgniter.php(488): CodeIgniter\CodeIgniter->createController()
 3 SYSTEMPATH\CodeIgniter.php(366): CodeIgniter\CodeIgniter->handleRequest(null, Object(Config\Cache), false)
 4 FCPATH\index.php(81): CodeIgniter\CodeIgniter->run()
CRITICAL - 2025-05-28 06:51:09 --> Trying to access array offset on value of type null
in APPPATH\Controllers\Suhu.php on line 162.
 1 APPPATH\Controllers\Suhu.php(162): CodeIgniter\Debug\Exceptions->errorHandler(2, 'Trying to access array offset on value of type null', 'C:\\xampp\\htdocs\\e-reportruangan\\app\\Controllers\\Suhu.php', 162)
 2 SYSTEMPATH\CodeIgniter.php(932): App\Controllers\Suhu->AddSuhu('jquery.js')
 3 SYSTEMPATH\CodeIgniter.php(497): CodeIgniter\CodeIgniter->runController(Object(App\Controllers\Suhu))
 4 SYSTEMPATH\CodeIgniter.php(366): CodeIgniter\CodeIgniter->handleRequest(null, Object(Config\Cache), false)
 5 FCPATH\index.php(81): CodeIgniter\CodeIgniter->run()
CRITICAL - 2025-05-28 06:51:09 --> Trying to access array offset on value of type null
in APPPATH\Controllers\Suhu.php on line 162.
 1 APPPATH\Controllers\Suhu.php(162): CodeIgniter\Debug\Exceptions->errorHandler(2, 'Trying to access array offset on value of type null', 'C:\\xampp\\htdocs\\e-reportruangan\\app\\Controllers\\Suhu.php', 162)
 2 SYSTEMPATH\CodeIgniter.php(932): App\Controllers\Suhu->AddSuhu('bootstrap.js')
 3 SYSTEMPATH\CodeIgniter.php(497): CodeIgniter\CodeIgniter->runController(Object(App\Controllers\Suhu))
 4 SYSTEMPATH\CodeIgniter.php(366): CodeIgniter\CodeIgniter->handleRequest(null, Object(Config\Cache), false)
 5 FCPATH\index.php(81): CodeIgniter\CodeIgniter->run()
WARNING - 2025-05-28 06:54:34 --> [DEPRECATED] Creation of dynamic property App\Controllers\Suhu::$MasterDataModel is deprecated in APPPATH\Controllers\Suhu.php on line 205.
 1 SYSTEMPATH\CodeIgniter.php(904): App\Controllers\Suhu->__construct()
 2 SYSTEMPATH\CodeIgniter.php(488): CodeIgniter\CodeIgniter->createController()
 3 SYSTEMPATH\CodeIgniter.php(366): CodeIgniter\CodeIgniter->handleRequest(null, Object(Config\Cache), false)
 4 FCPATH\index.php(81): CodeIgniter\CodeIgniter->run()
INFO - 2025-05-28 06:54:34 --> Session: Class initialized using 'CodeIgniter\Session\Handlers\FileHandler' driver.
WARNING - 2025-05-28 06:54:34 --> [DEPRECATED] Creation of dynamic property App\Controllers\Suhu::$MasterDataModel is deprecated in APPPATH\Controllers\Suhu.php on line 205.
 1 SYSTEMPATH\CodeIgniter.php(904): App\Controllers\Suhu->__construct()
 2 SYSTEMPATH\CodeIgniter.php(488): CodeIgniter\CodeIgniter->createController()
 3 SYSTEMPATH\CodeIgniter.php(366): CodeIgniter\CodeIgniter->handleRequest(null, Object(Config\Cache), false)
 4 FCPATH\index.php(81): CodeIgniter\CodeIgniter->run()
WARNING - 2025-05-28 06:54:34 --> [DEPRECATED] Creation of dynamic property App\Controllers\Suhu::$MasterDataModel is deprecated in APPPATH\Controllers\Suhu.php on line 205.
 1 SYSTEMPATH\CodeIgniter.php(904): App\Controllers\Suhu->__construct()
 2 SYSTEMPATH\CodeIgniter.php(488): CodeIgniter\CodeIgniter->createController()
 3 SYSTEMPATH\CodeIgniter.php(366): CodeIgniter\CodeIgniter->handleRequest(null, Object(Config\Cache), false)
 4 FCPATH\index.php(81): CodeIgniter\CodeIgniter->run()
CRITICAL - 2025-05-28 06:54:34 --> Trying to access array offset on value of type null
in APPPATH\Controllers\Suhu.php on line 162.
 1 APPPATH\Controllers\Suhu.php(162): CodeIgniter\Debug\Exceptions->errorHandler(2, 'Trying to access array offset on value of type null', 'C:\\xampp\\htdocs\\e-reportruangan\\app\\Controllers\\Suhu.php', 162)
 2 SYSTEMPATH\CodeIgniter.php(932): App\Controllers\Suhu->AddSuhu('bootstrap.js')
 3 SYSTEMPATH\CodeIgniter.php(497): CodeIgniter\CodeIgniter->runController(Object(App\Controllers\Suhu))
 4 SYSTEMPATH\CodeIgniter.php(366): CodeIgniter\CodeIgniter->handleRequest(null, Object(Config\Cache), false)
 5 FCPATH\index.php(81): CodeIgniter\CodeIgniter->run()
CRITICAL - 2025-05-28 06:54:34 --> Trying to access array offset on value of type null
in APPPATH\Controllers\Suhu.php on line 162.
 1 APPPATH\Controllers\Suhu.php(162): CodeIgniter\Debug\Exceptions->errorHandler(2, 'Trying to access array offset on value of type null', 'C:\\xampp\\htdocs\\e-reportruangan\\app\\Controllers\\Suhu.php', 162)
 2 SYSTEMPATH\CodeIgniter.php(932): App\Controllers\Suhu->AddSuhu('jquery.js')
 3 SYSTEMPATH\CodeIgniter.php(497): CodeIgniter\CodeIgniter->runController(Object(App\Controllers\Suhu))
 4 SYSTEMPATH\CodeIgniter.php(366): CodeIgniter\CodeIgniter->handleRequest(null, Object(Config\Cache), false)
 5 FCPATH\index.php(81): CodeIgniter\CodeIgniter->run()
WARNING - 2025-05-28 06:56:29 --> [DEPRECATED] Creation of dynamic property App\Controllers\Suhu::$MasterDataModel is deprecated in APPPATH\Controllers\Suhu.php on line 205.
 1 SYSTEMPATH\CodeIgniter.php(904): App\Controllers\Suhu->__construct()
 2 SYSTEMPATH\CodeIgniter.php(488): CodeIgniter\CodeIgniter->createController()
 3 SYSTEMPATH\CodeIgniter.php(366): CodeIgniter\CodeIgniter->handleRequest(null, Object(Config\Cache), false)
 4 FCPATH\index.php(81): CodeIgniter\CodeIgniter->run()
INFO - 2025-05-28 06:56:29 --> Session: Class initialized using 'CodeIgniter\Session\Handlers\FileHandler' driver.
WARNING - 2025-05-28 06:56:29 --> [DEPRECATED] Creation of dynamic property App\Controllers\Suhu::$MasterDataModel is deprecated in APPPATH\Controllers\Suhu.php on line 205.
 1 SYSTEMPATH\CodeIgniter.php(904): App\Controllers\Suhu->__construct()
 2 SYSTEMPATH\CodeIgniter.php(488): CodeIgniter\CodeIgniter->createController()
 3 SYSTEMPATH\CodeIgniter.php(366): CodeIgniter\CodeIgniter->handleRequest(null, Object(Config\Cache), false)
 4 FCPATH\index.php(81): CodeIgniter\CodeIgniter->run()
WARNING - 2025-05-28 06:56:29 --> [DEPRECATED] Creation of dynamic property App\Controllers\Suhu::$MasterDataModel is deprecated in APPPATH\Controllers\Suhu.php on line 205.
 1 SYSTEMPATH\CodeIgniter.php(904): App\Controllers\Suhu->__construct()
 2 SYSTEMPATH\CodeIgniter.php(488): CodeIgniter\CodeIgniter->createController()
 3 SYSTEMPATH\CodeIgniter.php(366): CodeIgniter\CodeIgniter->handleRequest(null, Object(Config\Cache), false)
 4 FCPATH\index.php(81): CodeIgniter\CodeIgniter->run()
CRITICAL - 2025-05-28 06:56:29 --> Trying to access array offset on value of type null
in APPPATH\Controllers\Suhu.php on line 162.
 1 APPPATH\Controllers\Suhu.php(162): CodeIgniter\Debug\Exceptions->errorHandler(2, 'Trying to access array offset on value of type null', 'C:\\xampp\\htdocs\\e-reportruangan\\app\\Controllers\\Suhu.php', 162)
 2 SYSTEMPATH\CodeIgniter.php(932): App\Controllers\Suhu->AddSuhu('jquery.js')
 3 SYSTEMPATH\CodeIgniter.php(497): CodeIgniter\CodeIgniter->runController(Object(App\Controllers\Suhu))
 4 SYSTEMPATH\CodeIgniter.php(366): CodeIgniter\CodeIgniter->handleRequest(null, Object(Config\Cache), false)
 5 FCPATH\index.php(81): CodeIgniter\CodeIgniter->run()
CRITICAL - 2025-05-28 06:56:29 --> Trying to access array offset on value of type null
in APPPATH\Controllers\Suhu.php on line 162.
 1 APPPATH\Controllers\Suhu.php(162): CodeIgniter\Debug\Exceptions->errorHandler(2, 'Trying to access array offset on value of type null', 'C:\\xampp\\htdocs\\e-reportruangan\\app\\Controllers\\Suhu.php', 162)
 2 SYSTEMPATH\CodeIgniter.php(932): App\Controllers\Suhu->AddSuhu('bootstrap.js')
 3 SYSTEMPATH\CodeIgniter.php(497): CodeIgniter\CodeIgniter->runController(Object(App\Controllers\Suhu))
 4 SYSTEMPATH\CodeIgniter.php(366): CodeIgniter\CodeIgniter->handleRequest(null, Object(Config\Cache), false)
 5 FCPATH\index.php(81): CodeIgniter\CodeIgniter->run()
WARNING - 2025-05-28 07:03:11 --> [DEPRECATED] Creation of dynamic property App\Controllers\Suhu::$MasterDataModel is deprecated in APPPATH\Controllers\Suhu.php on line 205.
 1 SYSTEMPATH\CodeIgniter.php(904): App\Controllers\Suhu->__construct()
 2 SYSTEMPATH\CodeIgniter.php(488): CodeIgniter\CodeIgniter->createController()
 3 SYSTEMPATH\CodeIgniter.php(366): CodeIgniter\CodeIgniter->handleRequest(null, Object(Config\Cache), false)
 4 FCPATH\index.php(81): CodeIgniter\CodeIgniter->run()
INFO - 2025-05-28 07:03:11 --> Session: Class initialized using 'CodeIgniter\Session\Handlers\FileHandler' driver.
WARNING - 2025-05-28 07:03:11 --> [DEPRECATED] Creation of dynamic property App\Controllers\Suhu::$MasterDataModel is deprecated in APPPATH\Controllers\Suhu.php on line 205.
 1 SYSTEMPATH\CodeIgniter.php(904): App\Controllers\Suhu->__construct()
 2 SYSTEMPATH\CodeIgniter.php(488): CodeIgniter\CodeIgniter->createController()
 3 SYSTEMPATH\CodeIgniter.php(366): CodeIgniter\CodeIgniter->handleRequest(null, Object(Config\Cache), false)
 4 FCPATH\index.php(81): CodeIgniter\CodeIgniter->run()
WARNING - 2025-05-28 07:03:11 --> [DEPRECATED] Creation of dynamic property App\Controllers\Suhu::$MasterDataModel is deprecated in APPPATH\Controllers\Suhu.php on line 205.
 1 SYSTEMPATH\CodeIgniter.php(904): App\Controllers\Suhu->__construct()
 2 SYSTEMPATH\CodeIgniter.php(488): CodeIgniter\CodeIgniter->createController()
 3 SYSTEMPATH\CodeIgniter.php(366): CodeIgniter\CodeIgniter->handleRequest(null, Object(Config\Cache), false)
 4 FCPATH\index.php(81): CodeIgniter\CodeIgniter->run()
CRITICAL - 2025-05-28 07:03:11 --> Trying to access array offset on value of type null
in APPPATH\Controllers\Suhu.php on line 162.
 1 APPPATH\Controllers\Suhu.php(162): CodeIgniter\Debug\Exceptions->errorHandler(2, 'Trying to access array offset on value of type null', 'C:\\xampp\\htdocs\\e-reportruangan\\app\\Controllers\\Suhu.php', 162)
 2 SYSTEMPATH\CodeIgniter.php(932): App\Controllers\Suhu->AddSuhu('jquery.js')
 3 SYSTEMPATH\CodeIgniter.php(497): CodeIgniter\CodeIgniter->runController(Object(App\Controllers\Suhu))
 4 SYSTEMPATH\CodeIgniter.php(366): CodeIgniter\CodeIgniter->handleRequest(null, Object(Config\Cache), false)
 5 FCPATH\index.php(81): CodeIgniter\CodeIgniter->run()
CRITICAL - 2025-05-28 07:03:11 --> Trying to access array offset on value of type null
in APPPATH\Controllers\Suhu.php on line 162.
 1 APPPATH\Controllers\Suhu.php(162): CodeIgniter\Debug\Exceptions->errorHandler(2, 'Trying to access array offset on value of type null', 'C:\\xampp\\htdocs\\e-reportruangan\\app\\Controllers\\Suhu.php', 162)
 2 SYSTEMPATH\CodeIgniter.php(932): App\Controllers\Suhu->AddSuhu('bootstrap.js')
 3 SYSTEMPATH\CodeIgniter.php(497): CodeIgniter\CodeIgniter->runController(Object(App\Controllers\Suhu))
 4 SYSTEMPATH\CodeIgniter.php(366): CodeIgniter\CodeIgniter->handleRequest(null, Object(Config\Cache), false)
 5 FCPATH\index.php(81): CodeIgniter\CodeIgniter->run()
WARNING - 2025-05-28 07:06:10 --> [DEPRECATED] Creation of dynamic property App\Controllers\Suhu::$MasterDataModel is deprecated in APPPATH\Controllers\Suhu.php on line 205.
 1 SYSTEMPATH\CodeIgniter.php(904): App\Controllers\Suhu->__construct()
 2 SYSTEMPATH\CodeIgniter.php(488): CodeIgniter\CodeIgniter->createController()
 3 SYSTEMPATH\CodeIgniter.php(366): CodeIgniter\CodeIgniter->handleRequest(null, Object(Config\Cache), false)
 4 FCPATH\index.php(81): CodeIgniter\CodeIgniter->run()
INFO - 2025-05-28 07:06:10 --> Session: Class initialized using 'CodeIgniter\Session\Handlers\FileHandler' driver.
WARNING - 2025-05-28 07:06:10 --> [DEPRECATED] Creation of dynamic property App\Controllers\Suhu::$MasterDataModel is deprecated in APPPATH\Controllers\Suhu.php on line 205.
 1 SYSTEMPATH\CodeIgniter.php(904): App\Controllers\Suhu->__construct()
 2 SYSTEMPATH\CodeIgniter.php(488): CodeIgniter\CodeIgniter->createController()
 3 SYSTEMPATH\CodeIgniter.php(366): CodeIgniter\CodeIgniter->handleRequest(null, Object(Config\Cache), false)
 4 FCPATH\index.php(81): CodeIgniter\CodeIgniter->run()
WARNING - 2025-05-28 07:06:10 --> [DEPRECATED] Creation of dynamic property App\Controllers\Suhu::$MasterDataModel is deprecated in APPPATH\Controllers\Suhu.php on line 205.
 1 SYSTEMPATH\CodeIgniter.php(904): App\Controllers\Suhu->__construct()
 2 SYSTEMPATH\CodeIgniter.php(488): CodeIgniter\CodeIgniter->createController()
 3 SYSTEMPATH\CodeIgniter.php(366): CodeIgniter\CodeIgniter->handleRequest(null, Object(Config\Cache), false)
 4 FCPATH\index.php(81): CodeIgniter\CodeIgniter->run()
CRITICAL - 2025-05-28 07:06:10 --> Trying to access array offset on value of type null
in APPPATH\Controllers\Suhu.php on line 162.
 1 APPPATH\Controllers\Suhu.php(162): CodeIgniter\Debug\Exceptions->errorHandler(2, 'Trying to access array offset on value of type null', 'C:\\xampp\\htdocs\\e-reportruangan\\app\\Controllers\\Suhu.php', 162)
 2 SYSTEMPATH\CodeIgniter.php(932): App\Controllers\Suhu->AddSuhu('bootstrap.js')
 3 SYSTEMPATH\CodeIgniter.php(497): CodeIgniter\CodeIgniter->runController(Object(App\Controllers\Suhu))
 4 SYSTEMPATH\CodeIgniter.php(366): CodeIgniter\CodeIgniter->handleRequest(null, Object(Config\Cache), false)
 5 FCPATH\index.php(81): CodeIgniter\CodeIgniter->run()
CRITICAL - 2025-05-28 07:06:10 --> Trying to access array offset on value of type null
in APPPATH\Controllers\Suhu.php on line 162.
 1 APPPATH\Controllers\Suhu.php(162): CodeIgniter\Debug\Exceptions->errorHandler(2, 'Trying to access array offset on value of type null', 'C:\\xampp\\htdocs\\e-reportruangan\\app\\Controllers\\Suhu.php', 162)
 2 SYSTEMPATH\CodeIgniter.php(932): App\Controllers\Suhu->AddSuhu('jquery.js')
 3 SYSTEMPATH\CodeIgniter.php(497): CodeIgniter\CodeIgniter->runController(Object(App\Controllers\Suhu))
 4 SYSTEMPATH\CodeIgniter.php(366): CodeIgniter\CodeIgniter->handleRequest(null, Object(Config\Cache), false)
 5 FCPATH\index.php(81): CodeIgniter\CodeIgniter->run()
WARNING - 2025-05-28 07:10:16 --> [DEPRECATED] Creation of dynamic property App\Controllers\Suhu::$MasterDataModel is deprecated in APPPATH\Controllers\Suhu.php on line 205.
 1 SYSTEMPATH\CodeIgniter.php(904): App\Controllers\Suhu->__construct()
 2 SYSTEMPATH\CodeIgniter.php(488): CodeIgniter\CodeIgniter->createController()
 3 SYSTEMPATH\CodeIgniter.php(366): CodeIgniter\CodeIgniter->handleRequest(null, Object(Config\Cache), false)
 4 FCPATH\index.php(81): CodeIgniter\CodeIgniter->run()
INFO - 2025-05-28 07:10:16 --> Session: Class initialized using 'CodeIgniter\Session\Handlers\FileHandler' driver.
WARNING - 2025-05-28 07:10:16 --> [DEPRECATED] Creation of dynamic property App\Controllers\Suhu::$MasterDataModel is deprecated in APPPATH\Controllers\Suhu.php on line 205.
 1 SYSTEMPATH\CodeIgniter.php(904): App\Controllers\Suhu->__construct()
 2 SYSTEMPATH\CodeIgniter.php(488): CodeIgniter\CodeIgniter->createController()
 3 SYSTEMPATH\CodeIgniter.php(366): CodeIgniter\CodeIgniter->handleRequest(null, Object(Config\Cache), false)
 4 FCPATH\index.php(81): CodeIgniter\CodeIgniter->run()
WARNING - 2025-05-28 07:10:16 --> [DEPRECATED] Creation of dynamic property App\Controllers\Suhu::$MasterDataModel is deprecated in APPPATH\Controllers\Suhu.php on line 205.
 1 SYSTEMPATH\CodeIgniter.php(904): App\Controllers\Suhu->__construct()
 2 SYSTEMPATH\CodeIgniter.php(488): CodeIgniter\CodeIgniter->createController()
 3 SYSTEMPATH\CodeIgniter.php(366): CodeIgniter\CodeIgniter->handleRequest(null, Object(Config\Cache), false)
 4 FCPATH\index.php(81): CodeIgniter\CodeIgniter->run()
CRITICAL - 2025-05-28 07:10:16 --> Trying to access array offset on value of type null
in APPPATH\Controllers\Suhu.php on line 162.
 1 APPPATH\Controllers\Suhu.php(162): CodeIgniter\Debug\Exceptions->errorHandler(2, 'Trying to access array offset on value of type null', 'C:\\xampp\\htdocs\\e-reportruangan\\app\\Controllers\\Suhu.php', 162)
 2 SYSTEMPATH\CodeIgniter.php(932): App\Controllers\Suhu->AddSuhu('jquery.js')
 3 SYSTEMPATH\CodeIgniter.php(497): CodeIgniter\CodeIgniter->runController(Object(App\Controllers\Suhu))
 4 SYSTEMPATH\CodeIgniter.php(366): CodeIgniter\CodeIgniter->handleRequest(null, Object(Config\Cache), false)
 5 FCPATH\index.php(81): CodeIgniter\CodeIgniter->run()
CRITICAL - 2025-05-28 07:10:16 --> Trying to access array offset on value of type null
in APPPATH\Controllers\Suhu.php on line 162.
 1 APPPATH\Controllers\Suhu.php(162): CodeIgniter\Debug\Exceptions->errorHandler(2, 'Trying to access array offset on value of type null', 'C:\\xampp\\htdocs\\e-reportruangan\\app\\Controllers\\Suhu.php', 162)
 2 SYSTEMPATH\CodeIgniter.php(932): App\Controllers\Suhu->AddSuhu('bootstrap.js')
 3 SYSTEMPATH\CodeIgniter.php(497): CodeIgniter\CodeIgniter->runController(Object(App\Controllers\Suhu))
 4 SYSTEMPATH\CodeIgniter.php(366): CodeIgniter\CodeIgniter->handleRequest(null, Object(Config\Cache), false)
 5 FCPATH\index.php(81): CodeIgniter\CodeIgniter->run()
WARNING - 2025-05-28 07:15:21 --> [DEPRECATED] Creation of dynamic property App\Controllers\Suhu::$MasterDataModel is deprecated in APPPATH\Controllers\Suhu.php on line 205.
 1 SYSTEMPATH\CodeIgniter.php(904): App\Controllers\Suhu->__construct()
 2 SYSTEMPATH\CodeIgniter.php(488): CodeIgniter\CodeIgniter->createController()
 3 SYSTEMPATH\CodeIgniter.php(366): CodeIgniter\CodeIgniter->handleRequest(null, Object(Config\Cache), false)
 4 FCPATH\index.php(81): CodeIgniter\CodeIgniter->run()
INFO - 2025-05-28 07:15:21 --> Session: Class initialized using 'CodeIgniter\Session\Handlers\FileHandler' driver.
WARNING - 2025-05-28 07:15:21 --> [DEPRECATED] Creation of dynamic property App\Controllers\Suhu::$MasterDataModel is deprecated in APPPATH\Controllers\Suhu.php on line 205.
 1 SYSTEMPATH\CodeIgniter.php(904): App\Controllers\Suhu->__construct()
 2 SYSTEMPATH\CodeIgniter.php(488): CodeIgniter\CodeIgniter->createController()
 3 SYSTEMPATH\CodeIgniter.php(366): CodeIgniter\CodeIgniter->handleRequest(null, Object(Config\Cache), false)
 4 FCPATH\index.php(81): CodeIgniter\CodeIgniter->run()
WARNING - 2025-05-28 07:15:21 --> [DEPRECATED] Creation of dynamic property App\Controllers\Suhu::$MasterDataModel is deprecated in APPPATH\Controllers\Suhu.php on line 205.
 1 SYSTEMPATH\CodeIgniter.php(904): App\Controllers\Suhu->__construct()
 2 SYSTEMPATH\CodeIgniter.php(488): CodeIgniter\CodeIgniter->createController()
 3 SYSTEMPATH\CodeIgniter.php(366): CodeIgniter\CodeIgniter->handleRequest(null, Object(Config\Cache), false)
 4 FCPATH\index.php(81): CodeIgniter\CodeIgniter->run()
CRITICAL - 2025-05-28 07:15:21 --> Trying to access array offset on value of type null
in APPPATH\Controllers\Suhu.php on line 162.
 1 APPPATH\Controllers\Suhu.php(162): CodeIgniter\Debug\Exceptions->errorHandler(2, 'Trying to access array offset on value of type null', 'C:\\xampp\\htdocs\\e-reportruangan\\app\\Controllers\\Suhu.php', 162)
 2 SYSTEMPATH\CodeIgniter.php(932): App\Controllers\Suhu->AddSuhu('jquery.js')
 3 SYSTEMPATH\CodeIgniter.php(497): CodeIgniter\CodeIgniter->runController(Object(App\Controllers\Suhu))
 4 SYSTEMPATH\CodeIgniter.php(366): CodeIgniter\CodeIgniter->handleRequest(null, Object(Config\Cache), false)
 5 FCPATH\index.php(81): CodeIgniter\CodeIgniter->run()
CRITICAL - 2025-05-28 07:15:21 --> Trying to access array offset on value of type null
in APPPATH\Controllers\Suhu.php on line 162.
 1 APPPATH\Controllers\Suhu.php(162): CodeIgniter\Debug\Exceptions->errorHandler(2, 'Trying to access array offset on value of type null', 'C:\\xampp\\htdocs\\e-reportruangan\\app\\Controllers\\Suhu.php', 162)
 2 SYSTEMPATH\CodeIgniter.php(932): App\Controllers\Suhu->AddSuhu('bootstrap.js')
 3 SYSTEMPATH\CodeIgniter.php(497): CodeIgniter\CodeIgniter->runController(Object(App\Controllers\Suhu))
 4 SYSTEMPATH\CodeIgniter.php(366): CodeIgniter\CodeIgniter->handleRequest(null, Object(Config\Cache), false)
 5 FCPATH\index.php(81): CodeIgniter\CodeIgniter->run()
WARNING - 2025-05-28 07:17:38 --> [DEPRECATED] Creation of dynamic property App\Controllers\Suhu::$MasterDataModel is deprecated in APPPATH\Controllers\Suhu.php on line 205.
 1 SYSTEMPATH\CodeIgniter.php(904): App\Controllers\Suhu->__construct()
 2 SYSTEMPATH\CodeIgniter.php(488): CodeIgniter\CodeIgniter->createController()
 3 SYSTEMPATH\CodeIgniter.php(366): CodeIgniter\CodeIgniter->handleRequest(null, Object(Config\Cache), false)
 4 FCPATH\index.php(81): CodeIgniter\CodeIgniter->run()
INFO - 2025-05-28 07:17:38 --> Session: Class initialized using 'CodeIgniter\Session\Handlers\FileHandler' driver.
WARNING - 2025-05-28 07:17:38 --> [DEPRECATED] Creation of dynamic property App\Controllers\Suhu::$MasterDataModel is deprecated in APPPATH\Controllers\Suhu.php on line 205.
 1 SYSTEMPATH\CodeIgniter.php(904): App\Controllers\Suhu->__construct()
 2 SYSTEMPATH\CodeIgniter.php(488): CodeIgniter\CodeIgniter->createController()
 3 SYSTEMPATH\CodeIgniter.php(366): CodeIgniter\CodeIgniter->handleRequest(null, Object(Config\Cache), false)
 4 FCPATH\index.php(81): CodeIgniter\CodeIgniter->run()
WARNING - 2025-05-28 07:17:38 --> [DEPRECATED] Creation of dynamic property App\Controllers\Suhu::$MasterDataModel is deprecated in APPPATH\Controllers\Suhu.php on line 205.
 1 SYSTEMPATH\CodeIgniter.php(904): App\Controllers\Suhu->__construct()
 2 SYSTEMPATH\CodeIgniter.php(488): CodeIgniter\CodeIgniter->createController()
 3 SYSTEMPATH\CodeIgniter.php(366): CodeIgniter\CodeIgniter->handleRequest(null, Object(Config\Cache), false)
 4 FCPATH\index.php(81): CodeIgniter\CodeIgniter->run()
CRITICAL - 2025-05-28 07:17:38 --> Trying to access array offset on value of type null
in APPPATH\Controllers\Suhu.php on line 162.
 1 APPPATH\Controllers\Suhu.php(162): CodeIgniter\Debug\Exceptions->errorHandler(2, 'Trying to access array offset on value of type null', 'C:\\xampp\\htdocs\\e-reportruangan\\app\\Controllers\\Suhu.php', 162)
 2 SYSTEMPATH\CodeIgniter.php(932): App\Controllers\Suhu->AddSuhu('jquery.js')
 3 SYSTEMPATH\CodeIgniter.php(497): CodeIgniter\CodeIgniter->runController(Object(App\Controllers\Suhu))
 4 SYSTEMPATH\CodeIgniter.php(366): CodeIgniter\CodeIgniter->handleRequest(null, Object(Config\Cache), false)
 5 FCPATH\index.php(81): CodeIgniter\CodeIgniter->run()
CRITICAL - 2025-05-28 07:17:38 --> Trying to access array offset on value of type null
in APPPATH\Controllers\Suhu.php on line 162.
 1 APPPATH\Controllers\Suhu.php(162): CodeIgniter\Debug\Exceptions->errorHandler(2, 'Trying to access array offset on value of type null', 'C:\\xampp\\htdocs\\e-reportruangan\\app\\Controllers\\Suhu.php', 162)
 2 SYSTEMPATH\CodeIgniter.php(932): App\Controllers\Suhu->AddSuhu('bootstrap.js')
 3 SYSTEMPATH\CodeIgniter.php(497): CodeIgniter\CodeIgniter->runController(Object(App\Controllers\Suhu))
 4 SYSTEMPATH\CodeIgniter.php(366): CodeIgniter\CodeIgniter->handleRequest(null, Object(Config\Cache), false)
 5 FCPATH\index.php(81): CodeIgniter\CodeIgniter->run()
WARNING - 2025-05-28 07:18:08 --> [DEPRECATED] Creation of dynamic property App\Controllers\Suhu::$MasterDataModel is deprecated in APPPATH\Controllers\Suhu.php on line 205.
 1 SYSTEMPATH\CodeIgniter.php(904): App\Controllers\Suhu->__construct()
 2 SYSTEMPATH\CodeIgniter.php(488): CodeIgniter\CodeIgniter->createController()
 3 SYSTEMPATH\CodeIgniter.php(366): CodeIgniter\CodeIgniter->handleRequest(null, Object(Config\Cache), false)
 4 FCPATH\index.php(81): CodeIgniter\CodeIgniter->run()
INFO - 2025-05-28 07:18:08 --> Session: Class initialized using 'CodeIgniter\Session\Handlers\FileHandler' driver.
WARNING - 2025-05-28 07:18:08 --> [DEPRECATED] Creation of dynamic property App\Controllers\Suhu::$MasterDataModel is deprecated in APPPATH\Controllers\Suhu.php on line 205.
 1 SYSTEMPATH\CodeIgniter.php(904): App\Controllers\Suhu->__construct()
 2 SYSTEMPATH\CodeIgniter.php(488): CodeIgniter\CodeIgniter->createController()
 3 SYSTEMPATH\CodeIgniter.php(366): CodeIgniter\CodeIgniter->handleRequest(null, Object(Config\Cache), false)
 4 FCPATH\index.php(81): CodeIgniter\CodeIgniter->run()
WARNING - 2025-05-28 07:18:08 --> [DEPRECATED] Creation of dynamic property App\Controllers\Suhu::$MasterDataModel is deprecated in APPPATH\Controllers\Suhu.php on line 205.
 1 SYSTEMPATH\CodeIgniter.php(904): App\Controllers\Suhu->__construct()
 2 SYSTEMPATH\CodeIgniter.php(488): CodeIgniter\CodeIgniter->createController()
 3 SYSTEMPATH\CodeIgniter.php(366): CodeIgniter\CodeIgniter->handleRequest(null, Object(Config\Cache), false)
 4 FCPATH\index.php(81): CodeIgniter\CodeIgniter->run()
CRITICAL - 2025-05-28 07:18:08 --> Trying to access array offset on value of type null
in APPPATH\Controllers\Suhu.php on line 162.
 1 APPPATH\Controllers\Suhu.php(162): CodeIgniter\Debug\Exceptions->errorHandler(2, 'Trying to access array offset on value of type null', 'C:\\xampp\\htdocs\\e-reportruangan\\app\\Controllers\\Suhu.php', 162)
 2 SYSTEMPATH\CodeIgniter.php(932): App\Controllers\Suhu->AddSuhu('bootstrap.js')
 3 SYSTEMPATH\CodeIgniter.php(497): CodeIgniter\CodeIgniter->runController(Object(App\Controllers\Suhu))
 4 SYSTEMPATH\CodeIgniter.php(366): CodeIgniter\CodeIgniter->handleRequest(null, Object(Config\Cache), false)
 5 FCPATH\index.php(81): CodeIgniter\CodeIgniter->run()
CRITICAL - 2025-05-28 07:18:08 --> Trying to access array offset on value of type null
in APPPATH\Controllers\Suhu.php on line 162.
 1 APPPATH\Controllers\Suhu.php(162): CodeIgniter\Debug\Exceptions->errorHandler(2, 'Trying to access array offset on value of type null', 'C:\\xampp\\htdocs\\e-reportruangan\\app\\Controllers\\Suhu.php', 162)
 2 SYSTEMPATH\CodeIgniter.php(932): App\Controllers\Suhu->AddSuhu('jquery.js')
 3 SYSTEMPATH\CodeIgniter.php(497): CodeIgniter\CodeIgniter->runController(Object(App\Controllers\Suhu))
 4 SYSTEMPATH\CodeIgniter.php(366): CodeIgniter\CodeIgniter->handleRequest(null, Object(Config\Cache), false)
 5 FCPATH\index.php(81): CodeIgniter\CodeIgniter->run()
WARNING - 2025-05-28 07:21:56 --> [DEPRECATED] Creation of dynamic property App\Controllers\Suhu::$MasterDataModel is deprecated in APPPATH\Controllers\Suhu.php on line 205.
 1 SYSTEMPATH\CodeIgniter.php(904): App\Controllers\Suhu->__construct()
 2 SYSTEMPATH\CodeIgniter.php(488): CodeIgniter\CodeIgniter->createController()
 3 SYSTEMPATH\CodeIgniter.php(366): CodeIgniter\CodeIgniter->handleRequest(null, Object(Config\Cache), false)
 4 FCPATH\index.php(81): CodeIgniter\CodeIgniter->run()
INFO - 2025-05-28 07:21:56 --> Session: Class initialized using 'CodeIgniter\Session\Handlers\FileHandler' driver.
WARNING - 2025-05-28 07:21:57 --> [DEPRECATED] Creation of dynamic property App\Controllers\Suhu::$MasterDataModel is deprecated in APPPATH\Controllers\Suhu.php on line 205.
 1 SYSTEMPATH\CodeIgniter.php(904): App\Controllers\Suhu->__construct()
 2 SYSTEMPATH\CodeIgniter.php(488): CodeIgniter\CodeIgniter->createController()
 3 SYSTEMPATH\CodeIgniter.php(366): CodeIgniter\CodeIgniter->handleRequest(null, Object(Config\Cache), false)
 4 FCPATH\index.php(81): CodeIgniter\CodeIgniter->run()
CRITICAL - 2025-05-28 07:21:57 --> Trying to access array offset on value of type null
in APPPATH\Controllers\Suhu.php on line 162.
 1 APPPATH\Controllers\Suhu.php(162): CodeIgniter\Debug\Exceptions->errorHandler(2, 'Trying to access array offset on value of type null', 'C:\\xampp\\htdocs\\e-reportruangan\\app\\Controllers\\Suhu.php', 162)
 2 SYSTEMPATH\CodeIgniter.php(932): App\Controllers\Suhu->AddSuhu('jquery.js')
 3 SYSTEMPATH\CodeIgniter.php(497): CodeIgniter\CodeIgniter->runController(Object(App\Controllers\Suhu))
 4 SYSTEMPATH\CodeIgniter.php(366): CodeIgniter\CodeIgniter->handleRequest(null, Object(Config\Cache), false)
 5 FCPATH\index.php(81): CodeIgniter\CodeIgniter->run()
WARNING - 2025-05-28 07:21:57 --> [DEPRECATED] Creation of dynamic property App\Controllers\Suhu::$MasterDataModel is deprecated in APPPATH\Controllers\Suhu.php on line 205.
 1 SYSTEMPATH\CodeIgniter.php(904): App\Controllers\Suhu->__construct()
 2 SYSTEMPATH\CodeIgniter.php(488): CodeIgniter\CodeIgniter->createController()
 3 SYSTEMPATH\CodeIgniter.php(366): CodeIgniter\CodeIgniter->handleRequest(null, Object(Config\Cache), false)
 4 FCPATH\index.php(81): CodeIgniter\CodeIgniter->run()
CRITICAL - 2025-05-28 07:21:57 --> Trying to access array offset on value of type null
in APPPATH\Controllers\Suhu.php on line 162.
 1 APPPATH\Controllers\Suhu.php(162): CodeIgniter\Debug\Exceptions->errorHandler(2, 'Trying to access array offset on value of type null', 'C:\\xampp\\htdocs\\e-reportruangan\\app\\Controllers\\Suhu.php', 162)
 2 SYSTEMPATH\CodeIgniter.php(932): App\Controllers\Suhu->AddSuhu('bootstrap.js')
 3 SYSTEMPATH\CodeIgniter.php(497): CodeIgniter\CodeIgniter->runController(Object(App\Controllers\Suhu))
 4 SYSTEMPATH\CodeIgniter.php(366): CodeIgniter\CodeIgniter->handleRequest(null, Object(Config\Cache), false)
 5 FCPATH\index.php(81): CodeIgniter\CodeIgniter->run()
WARNING - 2025-05-28 07:22:56 --> [DEPRECATED] Creation of dynamic property App\Controllers\Suhu::$MasterDataModel is deprecated in APPPATH\Controllers\Suhu.php on line 205.
 1 SYSTEMPATH\CodeIgniter.php(904): App\Controllers\Suhu->__construct()
 2 SYSTEMPATH\CodeIgniter.php(488): CodeIgniter\CodeIgniter->createController()
 3 SYSTEMPATH\CodeIgniter.php(366): CodeIgniter\CodeIgniter->handleRequest(null, Object(Config\Cache), false)
 4 FCPATH\index.php(81): CodeIgniter\CodeIgniter->run()
INFO - 2025-05-28 07:22:56 --> Session: Class initialized using 'CodeIgniter\Session\Handlers\FileHandler' driver.
WARNING - 2025-05-28 07:22:57 --> [DEPRECATED] Creation of dynamic property App\Controllers\Suhu::$MasterDataModel is deprecated in APPPATH\Controllers\Suhu.php on line 205.
 1 SYSTEMPATH\CodeIgniter.php(904): App\Controllers\Suhu->__construct()
 2 SYSTEMPATH\CodeIgniter.php(488): CodeIgniter\CodeIgniter->createController()
 3 SYSTEMPATH\CodeIgniter.php(366): CodeIgniter\CodeIgniter->handleRequest(null, Object(Config\Cache), false)
 4 FCPATH\index.php(81): CodeIgniter\CodeIgniter->run()
WARNING - 2025-05-28 07:22:57 --> [DEPRECATED] Creation of dynamic property App\Controllers\Suhu::$MasterDataModel is deprecated in APPPATH\Controllers\Suhu.php on line 205.
 1 SYSTEMPATH\CodeIgniter.php(904): App\Controllers\Suhu->__construct()
 2 SYSTEMPATH\CodeIgniter.php(488): CodeIgniter\CodeIgniter->createController()
 3 SYSTEMPATH\CodeIgniter.php(366): CodeIgniter\CodeIgniter->handleRequest(null, Object(Config\Cache), false)
 4 FCPATH\index.php(81): CodeIgniter\CodeIgniter->run()
CRITICAL - 2025-05-28 07:22:57 --> Trying to access array offset on value of type null
in APPPATH\Controllers\Suhu.php on line 162.
 1 APPPATH\Controllers\Suhu.php(162): CodeIgniter\Debug\Exceptions->errorHandler(2, 'Trying to access array offset on value of type null', 'C:\\xampp\\htdocs\\e-reportruangan\\app\\Controllers\\Suhu.php', 162)
 2 SYSTEMPATH\CodeIgniter.php(932): App\Controllers\Suhu->AddSuhu('jquery.js')
 3 SYSTEMPATH\CodeIgniter.php(497): CodeIgniter\CodeIgniter->runController(Object(App\Controllers\Suhu))
 4 SYSTEMPATH\CodeIgniter.php(366): CodeIgniter\CodeIgniter->handleRequest(null, Object(Config\Cache), false)
 5 FCPATH\index.php(81): CodeIgniter\CodeIgniter->run()
CRITICAL - 2025-05-28 07:22:57 --> Trying to access array offset on value of type null
in APPPATH\Controllers\Suhu.php on line 162.
 1 APPPATH\Controllers\Suhu.php(162): CodeIgniter\Debug\Exceptions->errorHandler(2, 'Trying to access array offset on value of type null', 'C:\\xampp\\htdocs\\e-reportruangan\\app\\Controllers\\Suhu.php', 162)
 2 SYSTEMPATH\CodeIgniter.php(932): App\Controllers\Suhu->AddSuhu('bootstrap.js')
 3 SYSTEMPATH\CodeIgniter.php(497): CodeIgniter\CodeIgniter->runController(Object(App\Controllers\Suhu))
 4 SYSTEMPATH\CodeIgniter.php(366): CodeIgniter\CodeIgniter->handleRequest(null, Object(Config\Cache), false)
 5 FCPATH\index.php(81): CodeIgniter\CodeIgniter->run()
WARNING - 2025-05-28 07:25:35 --> [DEPRECATED] Creation of dynamic property App\Controllers\Suhu::$MasterDataModel is deprecated in APPPATH\Controllers\Suhu.php on line 205.
 1 SYSTEMPATH\CodeIgniter.php(904): App\Controllers\Suhu->__construct()
 2 SYSTEMPATH\CodeIgniter.php(488): CodeIgniter\CodeIgniter->createController()
 3 SYSTEMPATH\CodeIgniter.php(366): CodeIgniter\CodeIgniter->handleRequest(null, Object(Config\Cache), false)
 4 FCPATH\index.php(81): CodeIgniter\CodeIgniter->run()
INFO - 2025-05-28 07:25:35 --> Session: Class initialized using 'CodeIgniter\Session\Handlers\FileHandler' driver.
WARNING - 2025-05-28 07:25:35 --> [DEPRECATED] Creation of dynamic property App\Controllers\Suhu::$MasterDataModel is deprecated in APPPATH\Controllers\Suhu.php on line 205.
 1 SYSTEMPATH\CodeIgniter.php(904): App\Controllers\Suhu->__construct()
 2 SYSTEMPATH\CodeIgniter.php(488): CodeIgniter\CodeIgniter->createController()
 3 SYSTEMPATH\CodeIgniter.php(366): CodeIgniter\CodeIgniter->handleRequest(null, Object(Config\Cache), false)
 4 FCPATH\index.php(81): CodeIgniter\CodeIgniter->run()
WARNING - 2025-05-28 07:25:35 --> [DEPRECATED] Creation of dynamic property App\Controllers\Suhu::$MasterDataModel is deprecated in APPPATH\Controllers\Suhu.php on line 205.
 1 SYSTEMPATH\CodeIgniter.php(904): App\Controllers\Suhu->__construct()
 2 SYSTEMPATH\CodeIgniter.php(488): CodeIgniter\CodeIgniter->createController()
 3 SYSTEMPATH\CodeIgniter.php(366): CodeIgniter\CodeIgniter->handleRequest(null, Object(Config\Cache), false)
 4 FCPATH\index.php(81): CodeIgniter\CodeIgniter->run()
CRITICAL - 2025-05-28 07:25:35 --> Trying to access array offset on value of type null
in APPPATH\Controllers\Suhu.php on line 162.
 1 APPPATH\Controllers\Suhu.php(162): CodeIgniter\Debug\Exceptions->errorHandler(2, 'Trying to access array offset on value of type null', 'C:\\xampp\\htdocs\\e-reportruangan\\app\\Controllers\\Suhu.php', 162)
 2 SYSTEMPATH\CodeIgniter.php(932): App\Controllers\Suhu->AddSuhu('jquery.js')
 3 SYSTEMPATH\CodeIgniter.php(497): CodeIgniter\CodeIgniter->runController(Object(App\Controllers\Suhu))
 4 SYSTEMPATH\CodeIgniter.php(366): CodeIgniter\CodeIgniter->handleRequest(null, Object(Config\Cache), false)
 5 FCPATH\index.php(81): CodeIgniter\CodeIgniter->run()
CRITICAL - 2025-05-28 07:25:35 --> Trying to access array offset on value of type null
in APPPATH\Controllers\Suhu.php on line 162.
 1 APPPATH\Controllers\Suhu.php(162): CodeIgniter\Debug\Exceptions->errorHandler(2, 'Trying to access array offset on value of type null', 'C:\\xampp\\htdocs\\e-reportruangan\\app\\Controllers\\Suhu.php', 162)
 2 SYSTEMPATH\CodeIgniter.php(932): App\Controllers\Suhu->AddSuhu('bootstrap.js')
 3 SYSTEMPATH\CodeIgniter.php(497): CodeIgniter\CodeIgniter->runController(Object(App\Controllers\Suhu))
 4 SYSTEMPATH\CodeIgniter.php(366): CodeIgniter\CodeIgniter->handleRequest(null, Object(Config\Cache), false)
 5 FCPATH\index.php(81): CodeIgniter\CodeIgniter->run()
WARNING - 2025-05-28 07:32:35 --> [DEPRECATED] Creation of dynamic property App\Controllers\Suhu::$MasterDataModel is deprecated in APPPATH\Controllers\Suhu.php on line 205.
 1 SYSTEMPATH\CodeIgniter.php(904): App\Controllers\Suhu->__construct()
 2 SYSTEMPATH\CodeIgniter.php(488): CodeIgniter\CodeIgniter->createController()
 3 SYSTEMPATH\CodeIgniter.php(366): CodeIgniter\CodeIgniter->handleRequest(null, Object(Config\Cache), false)
 4 FCPATH\index.php(81): CodeIgniter\CodeIgniter->run()
INFO - 2025-05-28 07:32:35 --> Session: Class initialized using 'CodeIgniter\Session\Handlers\FileHandler' driver.
WARNING - 2025-05-28 07:32:36 --> [DEPRECATED] Creation of dynamic property App\Controllers\Suhu::$MasterDataModel is deprecated in APPPATH\Controllers\Suhu.php on line 205.
 1 SYSTEMPATH\CodeIgniter.php(904): App\Controllers\Suhu->__construct()
 2 SYSTEMPATH\CodeIgniter.php(488): CodeIgniter\CodeIgniter->createController()
 3 SYSTEMPATH\CodeIgniter.php(366): CodeIgniter\CodeIgniter->handleRequest(null, Object(Config\Cache), false)
 4 FCPATH\index.php(81): CodeIgniter\CodeIgniter->run()
WARNING - 2025-05-28 07:32:36 --> [DEPRECATED] Creation of dynamic property App\Controllers\Suhu::$MasterDataModel is deprecated in APPPATH\Controllers\Suhu.php on line 205.
 1 SYSTEMPATH\CodeIgniter.php(904): App\Controllers\Suhu->__construct()
 2 SYSTEMPATH\CodeIgniter.php(488): CodeIgniter\CodeIgniter->createController()
 3 SYSTEMPATH\CodeIgniter.php(366): CodeIgniter\CodeIgniter->handleRequest(null, Object(Config\Cache), false)
 4 FCPATH\index.php(81): CodeIgniter\CodeIgniter->run()
CRITICAL - 2025-05-28 07:32:36 --> Trying to access array offset on value of type null
in APPPATH\Controllers\Suhu.php on line 162.
 1 APPPATH\Controllers\Suhu.php(162): CodeIgniter\Debug\Exceptions->errorHandler(2, 'Trying to access array offset on value of type null', 'C:\\xampp\\htdocs\\e-reportruangan\\app\\Controllers\\Suhu.php', 162)
 2 SYSTEMPATH\CodeIgniter.php(932): App\Controllers\Suhu->AddSuhu('jquery.js')
 3 SYSTEMPATH\CodeIgniter.php(497): CodeIgniter\CodeIgniter->runController(Object(App\Controllers\Suhu))
 4 SYSTEMPATH\CodeIgniter.php(366): CodeIgniter\CodeIgniter->handleRequest(null, Object(Config\Cache), false)
 5 FCPATH\index.php(81): CodeIgniter\CodeIgniter->run()
CRITICAL - 2025-05-28 07:32:36 --> Trying to access array offset on value of type null
in APPPATH\Controllers\Suhu.php on line 162.
 1 APPPATH\Controllers\Suhu.php(162): CodeIgniter\Debug\Exceptions->errorHandler(2, 'Trying to access array offset on value of type null', 'C:\\xampp\\htdocs\\e-reportruangan\\app\\Controllers\\Suhu.php', 162)
 2 SYSTEMPATH\CodeIgniter.php(932): App\Controllers\Suhu->AddSuhu('bootstrap.js')
 3 SYSTEMPATH\CodeIgniter.php(497): CodeIgniter\CodeIgniter->runController(Object(App\Controllers\Suhu))
 4 SYSTEMPATH\CodeIgniter.php(366): CodeIgniter\CodeIgniter->handleRequest(null, Object(Config\Cache), false)
 5 FCPATH\index.php(81): CodeIgniter\CodeIgniter->run()
WARNING - 2025-05-28 07:33:49 --> [DEPRECATED] Creation of dynamic property App\Controllers\Suhu::$MasterDataModel is deprecated in APPPATH\Controllers\Suhu.php on line 205.
 1 SYSTEMPATH\CodeIgniter.php(904): App\Controllers\Suhu->__construct()
 2 SYSTEMPATH\CodeIgniter.php(488): CodeIgniter\CodeIgniter->createController()
 3 SYSTEMPATH\CodeIgniter.php(366): CodeIgniter\CodeIgniter->handleRequest(null, Object(Config\Cache), false)
 4 FCPATH\index.php(81): CodeIgniter\CodeIgniter->run()
INFO - 2025-05-28 07:33:49 --> Session: Class initialized using 'CodeIgniter\Session\Handlers\FileHandler' driver.
WARNING - 2025-05-28 07:33:49 --> [DEPRECATED] Creation of dynamic property App\Controllers\Suhu::$MasterDataModel is deprecated in APPPATH\Controllers\Suhu.php on line 205.
 1 SYSTEMPATH\CodeIgniter.php(904): App\Controllers\Suhu->__construct()
 2 SYSTEMPATH\CodeIgniter.php(488): CodeIgniter\CodeIgniter->createController()
 3 SYSTEMPATH\CodeIgniter.php(366): CodeIgniter\CodeIgniter->handleRequest(null, Object(Config\Cache), false)
 4 FCPATH\index.php(81): CodeIgniter\CodeIgniter->run()
WARNING - 2025-05-28 07:33:49 --> [DEPRECATED] Creation of dynamic property App\Controllers\Suhu::$MasterDataModel is deprecated in APPPATH\Controllers\Suhu.php on line 205.
 1 SYSTEMPATH\CodeIgniter.php(904): App\Controllers\Suhu->__construct()
 2 SYSTEMPATH\CodeIgniter.php(488): CodeIgniter\CodeIgniter->createController()
 3 SYSTEMPATH\CodeIgniter.php(366): CodeIgniter\CodeIgniter->handleRequest(null, Object(Config\Cache), false)
 4 FCPATH\index.php(81): CodeIgniter\CodeIgniter->run()
CRITICAL - 2025-05-28 07:33:49 --> Trying to access array offset on value of type null
in APPPATH\Controllers\Suhu.php on line 162.
 1 APPPATH\Controllers\Suhu.php(162): CodeIgniter\Debug\Exceptions->errorHandler(2, 'Trying to access array offset on value of type null', 'C:\\xampp\\htdocs\\e-reportruangan\\app\\Controllers\\Suhu.php', 162)
 2 SYSTEMPATH\CodeIgniter.php(932): App\Controllers\Suhu->AddSuhu('bootstrap.js')
 3 SYSTEMPATH\CodeIgniter.php(497): CodeIgniter\CodeIgniter->runController(Object(App\Controllers\Suhu))
 4 SYSTEMPATH\CodeIgniter.php(366): CodeIgniter\CodeIgniter->handleRequest(null, Object(Config\Cache), false)
 5 FCPATH\index.php(81): CodeIgniter\CodeIgniter->run()
CRITICAL - 2025-05-28 07:33:49 --> Trying to access array offset on value of type null
in APPPATH\Controllers\Suhu.php on line 162.
 1 APPPATH\Controllers\Suhu.php(162): CodeIgniter\Debug\Exceptions->errorHandler(2, 'Trying to access array offset on value of type null', 'C:\\xampp\\htdocs\\e-reportruangan\\app\\Controllers\\Suhu.php', 162)
 2 SYSTEMPATH\CodeIgniter.php(932): App\Controllers\Suhu->AddSuhu('jquery.js')
 3 SYSTEMPATH\CodeIgniter.php(497): CodeIgniter\CodeIgniter->runController(Object(App\Controllers\Suhu))
 4 SYSTEMPATH\CodeIgniter.php(366): CodeIgniter\CodeIgniter->handleRequest(null, Object(Config\Cache), false)
 5 FCPATH\index.php(81): CodeIgniter\CodeIgniter->run()
WARNING - 2025-05-28 07:34:20 --> [DEPRECATED] Creation of dynamic property App\Controllers\Suhu::$MasterDataModel is deprecated in APPPATH\Controllers\Suhu.php on line 205.
 1 SYSTEMPATH\CodeIgniter.php(904): App\Controllers\Suhu->__construct()
 2 SYSTEMPATH\CodeIgniter.php(488): CodeIgniter\CodeIgniter->createController()
 3 SYSTEMPATH\CodeIgniter.php(366): CodeIgniter\CodeIgniter->handleRequest(null, Object(Config\Cache), false)
 4 FCPATH\index.php(81): CodeIgniter\CodeIgniter->run()
INFO - 2025-05-28 07:34:20 --> Session: Class initialized using 'CodeIgniter\Session\Handlers\FileHandler' driver.
WARNING - 2025-05-28 07:34:21 --> [DEPRECATED] Creation of dynamic property App\Controllers\Suhu::$MasterDataModel is deprecated in APPPATH\Controllers\Suhu.php on line 205.
 1 SYSTEMPATH\CodeIgniter.php(904): App\Controllers\Suhu->__construct()
 2 SYSTEMPATH\CodeIgniter.php(488): CodeIgniter\CodeIgniter->createController()
 3 SYSTEMPATH\CodeIgniter.php(366): CodeIgniter\CodeIgniter->handleRequest(null, Object(Config\Cache), false)
 4 FCPATH\index.php(81): CodeIgniter\CodeIgniter->run()
WARNING - 2025-05-28 07:34:21 --> [DEPRECATED] Creation of dynamic property App\Controllers\Suhu::$MasterDataModel is deprecated in APPPATH\Controllers\Suhu.php on line 205.
 1 SYSTEMPATH\CodeIgniter.php(904): App\Controllers\Suhu->__construct()
 2 SYSTEMPATH\CodeIgniter.php(488): CodeIgniter\CodeIgniter->createController()
 3 SYSTEMPATH\CodeIgniter.php(366): CodeIgniter\CodeIgniter->handleRequest(null, Object(Config\Cache), false)
 4 FCPATH\index.php(81): CodeIgniter\CodeIgniter->run()
CRITICAL - 2025-05-28 07:34:21 --> Trying to access array offset on value of type null
in APPPATH\Controllers\Suhu.php on line 162.
 1 APPPATH\Controllers\Suhu.php(162): CodeIgniter\Debug\Exceptions->errorHandler(2, 'Trying to access array offset on value of type null', 'C:\\xampp\\htdocs\\e-reportruangan\\app\\Controllers\\Suhu.php', 162)
 2 SYSTEMPATH\CodeIgniter.php(932): App\Controllers\Suhu->AddSuhu('jquery.js')
 3 SYSTEMPATH\CodeIgniter.php(497): CodeIgniter\CodeIgniter->runController(Object(App\Controllers\Suhu))
 4 SYSTEMPATH\CodeIgniter.php(366): CodeIgniter\CodeIgniter->handleRequest(null, Object(Config\Cache), false)
 5 FCPATH\index.php(81): CodeIgniter\CodeIgniter->run()
CRITICAL - 2025-05-28 07:34:21 --> Trying to access array offset on value of type null
in APPPATH\Controllers\Suhu.php on line 162.
 1 APPPATH\Controllers\Suhu.php(162): CodeIgniter\Debug\Exceptions->errorHandler(2, 'Trying to access array offset on value of type null', 'C:\\xampp\\htdocs\\e-reportruangan\\app\\Controllers\\Suhu.php', 162)
 2 SYSTEMPATH\CodeIgniter.php(932): App\Controllers\Suhu->AddSuhu('bootstrap.js')
 3 SYSTEMPATH\CodeIgniter.php(497): CodeIgniter\CodeIgniter->runController(Object(App\Controllers\Suhu))
 4 SYSTEMPATH\CodeIgniter.php(366): CodeIgniter\CodeIgniter->handleRequest(null, Object(Config\Cache), false)
 5 FCPATH\index.php(81): CodeIgniter\CodeIgniter->run()
WARNING - 2025-05-28 07:34:31 --> [DEPRECATED] Creation of dynamic property App\Controllers\Suhu::$MasterDataModel is deprecated in APPPATH\Controllers\Suhu.php on line 205.
 1 SYSTEMPATH\CodeIgniter.php(904): App\Controllers\Suhu->__construct()
 2 SYSTEMPATH\CodeIgniter.php(488): CodeIgniter\CodeIgniter->createController()
 3 SYSTEMPATH\CodeIgniter.php(366): CodeIgniter\CodeIgniter->handleRequest(null, Object(Config\Cache), false)
 4 FCPATH\index.php(81): CodeIgniter\CodeIgniter->run()
INFO - 2025-05-28 07:34:31 --> Session: Class initialized using 'CodeIgniter\Session\Handlers\FileHandler' driver.
WARNING - 2025-05-28 07:34:31 --> [DEPRECATED] Creation of dynamic property App\Controllers\Suhu::$MasterDataModel is deprecated in APPPATH\Controllers\Suhu.php on line 205.
 1 SYSTEMPATH\CodeIgniter.php(904): App\Controllers\Suhu->__construct()
 2 SYSTEMPATH\CodeIgniter.php(488): CodeIgniter\CodeIgniter->createController()
 3 SYSTEMPATH\CodeIgniter.php(366): CodeIgniter\CodeIgniter->handleRequest(null, Object(Config\Cache), false)
 4 FCPATH\index.php(81): CodeIgniter\CodeIgniter->run()
INFO - 2025-05-28 07:34:31 --> Session: Class initialized using 'CodeIgniter\Session\Handlers\FileHandler' driver.
WARNING - 2025-05-28 07:34:32 --> [DEPRECATED] Creation of dynamic property App\Controllers\Suhu::$MasterDataModel is deprecated in APPPATH\Controllers\Suhu.php on line 205.
 1 SYSTEMPATH\CodeIgniter.php(904): App\Controllers\Suhu->__construct()
 2 SYSTEMPATH\CodeIgniter.php(488): CodeIgniter\CodeIgniter->createController()
 3 SYSTEMPATH\CodeIgniter.php(366): CodeIgniter\CodeIgniter->handleRequest(null, Object(Config\Cache), false)
 4 FCPATH\index.php(81): CodeIgniter\CodeIgniter->run()
WARNING - 2025-05-28 07:34:32 --> [DEPRECATED] Creation of dynamic property App\Controllers\Suhu::$MasterDataModel is deprecated in APPPATH\Controllers\Suhu.php on line 205.
 1 SYSTEMPATH\CodeIgniter.php(904): App\Controllers\Suhu->__construct()
 2 SYSTEMPATH\CodeIgniter.php(488): CodeIgniter\CodeIgniter->createController()
 3 SYSTEMPATH\CodeIgniter.php(366): CodeIgniter\CodeIgniter->handleRequest(null, Object(Config\Cache), false)
 4 FCPATH\index.php(81): CodeIgniter\CodeIgniter->run()
CRITICAL - 2025-05-28 07:34:32 --> Trying to access array offset on value of type null
in APPPATH\Controllers\Suhu.php on line 162.
 1 APPPATH\Controllers\Suhu.php(162): CodeIgniter\Debug\Exceptions->errorHandler(2, 'Trying to access array offset on value of type null', 'C:\\xampp\\htdocs\\e-reportruangan\\app\\Controllers\\Suhu.php', 162)
 2 SYSTEMPATH\CodeIgniter.php(932): App\Controllers\Suhu->AddSuhu('bootstrap.js')
 3 SYSTEMPATH\CodeIgniter.php(497): CodeIgniter\CodeIgniter->runController(Object(App\Controllers\Suhu))
 4 SYSTEMPATH\CodeIgniter.php(366): CodeIgniter\CodeIgniter->handleRequest(null, Object(Config\Cache), false)
 5 FCPATH\index.php(81): CodeIgniter\CodeIgniter->run()
CRITICAL - 2025-05-28 07:34:32 --> Trying to access array offset on value of type null
in APPPATH\Controllers\Suhu.php on line 162.
 1 APPPATH\Controllers\Suhu.php(162): CodeIgniter\Debug\Exceptions->errorHandler(2, 'Trying to access array offset on value of type null', 'C:\\xampp\\htdocs\\e-reportruangan\\app\\Controllers\\Suhu.php', 162)
 2 SYSTEMPATH\CodeIgniter.php(932): App\Controllers\Suhu->AddSuhu('jquery.js')
 3 SYSTEMPATH\CodeIgniter.php(497): CodeIgniter\CodeIgniter->runController(Object(App\Controllers\Suhu))
 4 SYSTEMPATH\CodeIgniter.php(366): CodeIgniter\CodeIgniter->handleRequest(null, Object(Config\Cache), false)
 5 FCPATH\index.php(81): CodeIgniter\CodeIgniter->run()
WARNING - 2025-05-28 07:36:58 --> [DEPRECATED] Creation of dynamic property App\Controllers\Suhu::$MasterDataModel is deprecated in APPPATH\Controllers\Suhu.php on line 205.
 1 SYSTEMPATH\CodeIgniter.php(904): App\Controllers\Suhu->__construct()
 2 SYSTEMPATH\CodeIgniter.php(488): CodeIgniter\CodeIgniter->createController()
 3 SYSTEMPATH\CodeIgniter.php(366): CodeIgniter\CodeIgniter->handleRequest(null, Object(Config\Cache), false)
 4 FCPATH\index.php(81): CodeIgniter\CodeIgniter->run()
INFO - 2025-05-28 07:36:58 --> Session: Class initialized using 'CodeIgniter\Session\Handlers\FileHandler' driver.
WARNING - 2025-05-28 07:36:58 --> [DEPRECATED] Creation of dynamic property App\Controllers\Suhu::$MasterDataModel is deprecated in APPPATH\Controllers\Suhu.php on line 205.
 1 SYSTEMPATH\CodeIgniter.php(904): App\Controllers\Suhu->__construct()
 2 SYSTEMPATH\CodeIgniter.php(488): CodeIgniter\CodeIgniter->createController()
 3 SYSTEMPATH\CodeIgniter.php(366): CodeIgniter\CodeIgniter->handleRequest(null, Object(Config\Cache), false)
 4 FCPATH\index.php(81): CodeIgniter\CodeIgniter->run()
WARNING - 2025-05-28 07:36:58 --> [DEPRECATED] Creation of dynamic property App\Controllers\Suhu::$MasterDataModel is deprecated in APPPATH\Controllers\Suhu.php on line 205.
 1 SYSTEMPATH\CodeIgniter.php(904): App\Controllers\Suhu->__construct()
 2 SYSTEMPATH\CodeIgniter.php(488): CodeIgniter\CodeIgniter->createController()
 3 SYSTEMPATH\CodeIgniter.php(366): CodeIgniter\CodeIgniter->handleRequest(null, Object(Config\Cache), false)
 4 FCPATH\index.php(81): CodeIgniter\CodeIgniter->run()
CRITICAL - 2025-05-28 07:36:58 --> Trying to access array offset on value of type null
in APPPATH\Controllers\Suhu.php on line 162.
 1 APPPATH\Controllers\Suhu.php(162): CodeIgniter\Debug\Exceptions->errorHandler(2, 'Trying to access array offset on value of type null', 'C:\\xampp\\htdocs\\e-reportruangan\\app\\Controllers\\Suhu.php', 162)
 2 SYSTEMPATH\CodeIgniter.php(932): App\Controllers\Suhu->AddSuhu('jquery.js')
 3 SYSTEMPATH\CodeIgniter.php(497): CodeIgniter\CodeIgniter->runController(Object(App\Controllers\Suhu))
 4 SYSTEMPATH\CodeIgniter.php(366): CodeIgniter\CodeIgniter->handleRequest(null, Object(Config\Cache), false)
 5 FCPATH\index.php(81): CodeIgniter\CodeIgniter->run()
CRITICAL - 2025-05-28 07:36:58 --> Trying to access array offset on value of type null
in APPPATH\Controllers\Suhu.php on line 162.
 1 APPPATH\Controllers\Suhu.php(162): CodeIgniter\Debug\Exceptions->errorHandler(2, 'Trying to access array offset on value of type null', 'C:\\xampp\\htdocs\\e-reportruangan\\app\\Controllers\\Suhu.php', 162)
 2 SYSTEMPATH\CodeIgniter.php(932): App\Controllers\Suhu->AddSuhu('bootstrap.js')
 3 SYSTEMPATH\CodeIgniter.php(497): CodeIgniter\CodeIgniter->runController(Object(App\Controllers\Suhu))
 4 SYSTEMPATH\CodeIgniter.php(366): CodeIgniter\CodeIgniter->handleRequest(null, Object(Config\Cache), false)
 5 FCPATH\index.php(81): CodeIgniter\CodeIgniter->run()
WARNING - 2025-05-28 07:37:35 --> [DEPRECATED] Creation of dynamic property App\Controllers\Suhu::$MasterDataModel is deprecated in APPPATH\Controllers\Suhu.php on line 205.
 1 SYSTEMPATH\CodeIgniter.php(904): App\Controllers\Suhu->__construct()
 2 SYSTEMPATH\CodeIgniter.php(488): CodeIgniter\CodeIgniter->createController()
 3 SYSTEMPATH\CodeIgniter.php(366): CodeIgniter\CodeIgniter->handleRequest(null, Object(Config\Cache), false)
 4 FCPATH\index.php(81): CodeIgniter\CodeIgniter->run()
INFO - 2025-05-28 07:37:35 --> Session: Class initialized using 'CodeIgniter\Session\Handlers\FileHandler' driver.
WARNING - 2025-05-28 07:37:35 --> [DEPRECATED] Creation of dynamic property App\Controllers\Suhu::$MasterDataModel is deprecated in APPPATH\Controllers\Suhu.php on line 205.
 1 SYSTEMPATH\CodeIgniter.php(904): App\Controllers\Suhu->__construct()
 2 SYSTEMPATH\CodeIgniter.php(488): CodeIgniter\CodeIgniter->createController()
 3 SYSTEMPATH\CodeIgniter.php(366): CodeIgniter\CodeIgniter->handleRequest(null, Object(Config\Cache), false)
 4 FCPATH\index.php(81): CodeIgniter\CodeIgniter->run()
CRITICAL - 2025-05-28 07:37:35 --> Trying to access array offset on value of type null
in APPPATH\Controllers\Suhu.php on line 162.
 1 APPPATH\Controllers\Suhu.php(162): CodeIgniter\Debug\Exceptions->errorHandler(2, 'Trying to access array offset on value of type null', 'C:\\xampp\\htdocs\\e-reportruangan\\app\\Controllers\\Suhu.php', 162)
 2 SYSTEMPATH\CodeIgniter.php(932): App\Controllers\Suhu->AddSuhu('jquery.js')
 3 SYSTEMPATH\CodeIgniter.php(497): CodeIgniter\CodeIgniter->runController(Object(App\Controllers\Suhu))
 4 SYSTEMPATH\CodeIgniter.php(366): CodeIgniter\CodeIgniter->handleRequest(null, Object(Config\Cache), false)
 5 FCPATH\index.php(81): CodeIgniter\CodeIgniter->run()
WARNING - 2025-05-28 07:37:35 --> [DEPRECATED] Creation of dynamic property App\Controllers\Suhu::$MasterDataModel is deprecated in APPPATH\Controllers\Suhu.php on line 205.
 1 SYSTEMPATH\CodeIgniter.php(904): App\Controllers\Suhu->__construct()
 2 SYSTEMPATH\CodeIgniter.php(488): CodeIgniter\CodeIgniter->createController()
 3 SYSTEMPATH\CodeIgniter.php(366): CodeIgniter\CodeIgniter->handleRequest(null, Object(Config\Cache), false)
 4 FCPATH\index.php(81): CodeIgniter\CodeIgniter->run()
CRITICAL - 2025-05-28 07:37:35 --> Trying to access array offset on value of type null
in APPPATH\Controllers\Suhu.php on line 162.
 1 APPPATH\Controllers\Suhu.php(162): CodeIgniter\Debug\Exceptions->errorHandler(2, 'Trying to access array offset on value of type null', 'C:\\xampp\\htdocs\\e-reportruangan\\app\\Controllers\\Suhu.php', 162)
 2 SYSTEMPATH\CodeIgniter.php(932): App\Controllers\Suhu->AddSuhu('bootstrap.js')
 3 SYSTEMPATH\CodeIgniter.php(497): CodeIgniter\CodeIgniter->runController(Object(App\Controllers\Suhu))
 4 SYSTEMPATH\CodeIgniter.php(366): CodeIgniter\CodeIgniter->handleRequest(null, Object(Config\Cache), false)
 5 FCPATH\index.php(81): CodeIgniter\CodeIgniter->run()
WARNING - 2025-05-28 07:37:54 --> [DEPRECATED] Creation of dynamic property App\Controllers\Suhu::$MasterDataModel is deprecated in APPPATH\Controllers\Suhu.php on line 205.
 1 SYSTEMPATH\CodeIgniter.php(904): App\Controllers\Suhu->__construct()
 2 SYSTEMPATH\CodeIgniter.php(488): CodeIgniter\CodeIgniter->createController()
 3 SYSTEMPATH\CodeIgniter.php(366): CodeIgniter\CodeIgniter->handleRequest(null, Object(Config\Cache), false)
 4 FCPATH\index.php(81): CodeIgniter\CodeIgniter->run()
INFO - 2025-05-28 07:37:54 --> Session: Class initialized using 'CodeIgniter\Session\Handlers\FileHandler' driver.
WARNING - 2025-05-28 07:37:54 --> [DEPRECATED] Creation of dynamic property App\Controllers\Suhu::$MasterDataModel is deprecated in APPPATH\Controllers\Suhu.php on line 205.
 1 SYSTEMPATH\CodeIgniter.php(904): App\Controllers\Suhu->__construct()
 2 SYSTEMPATH\CodeIgniter.php(488): CodeIgniter\CodeIgniter->createController()
 3 SYSTEMPATH\CodeIgniter.php(366): CodeIgniter\CodeIgniter->handleRequest(null, Object(Config\Cache), false)
 4 FCPATH\index.php(81): CodeIgniter\CodeIgniter->run()
CRITICAL - 2025-05-28 07:37:55 --> Trying to access array offset on value of type null
in APPPATH\Controllers\Suhu.php on line 162.
 1 APPPATH\Controllers\Suhu.php(162): CodeIgniter\Debug\Exceptions->errorHandler(2, 'Trying to access array offset on value of type null', 'C:\\xampp\\htdocs\\e-reportruangan\\app\\Controllers\\Suhu.php', 162)
 2 SYSTEMPATH\CodeIgniter.php(932): App\Controllers\Suhu->AddSuhu('bootstrap.js')
 3 SYSTEMPATH\CodeIgniter.php(497): CodeIgniter\CodeIgniter->runController(Object(App\Controllers\Suhu))
 4 SYSTEMPATH\CodeIgniter.php(366): CodeIgniter\CodeIgniter->handleRequest(null, Object(Config\Cache), false)
 5 FCPATH\index.php(81): CodeIgniter\CodeIgniter->run()
WARNING - 2025-05-28 07:37:55 --> [DEPRECATED] Creation of dynamic property App\Controllers\Suhu::$MasterDataModel is deprecated in APPPATH\Controllers\Suhu.php on line 205.
 1 SYSTEMPATH\CodeIgniter.php(904): App\Controllers\Suhu->__construct()
 2 SYSTEMPATH\CodeIgniter.php(488): CodeIgniter\CodeIgniter->createController()
 3 SYSTEMPATH\CodeIgniter.php(366): CodeIgniter\CodeIgniter->handleRequest(null, Object(Config\Cache), false)
 4 FCPATH\index.php(81): CodeIgniter\CodeIgniter->run()
CRITICAL - 2025-05-28 07:37:55 --> Trying to access array offset on value of type null
in APPPATH\Controllers\Suhu.php on line 162.
 1 APPPATH\Controllers\Suhu.php(162): CodeIgniter\Debug\Exceptions->errorHandler(2, 'Trying to access array offset on value of type null', 'C:\\xampp\\htdocs\\e-reportruangan\\app\\Controllers\\Suhu.php', 162)
 2 SYSTEMPATH\CodeIgniter.php(932): App\Controllers\Suhu->AddSuhu('jquery.js')
 3 SYSTEMPATH\CodeIgniter.php(497): CodeIgniter\CodeIgniter->runController(Object(App\Controllers\Suhu))
 4 SYSTEMPATH\CodeIgniter.php(366): CodeIgniter\CodeIgniter->handleRequest(null, Object(Config\Cache), false)
 5 FCPATH\index.php(81): CodeIgniter\CodeIgniter->run()
WARNING - 2025-05-28 07:38:57 --> [DEPRECATED] Creation of dynamic property App\Controllers\Suhu::$MasterDataModel is deprecated in APPPATH\Controllers\Suhu.php on line 205.
 1 SYSTEMPATH\CodeIgniter.php(904): App\Controllers\Suhu->__construct()
 2 SYSTEMPATH\CodeIgniter.php(488): CodeIgniter\CodeIgniter->createController()
 3 SYSTEMPATH\CodeIgniter.php(366): CodeIgniter\CodeIgniter->handleRequest(null, Object(Config\Cache), false)
 4 FCPATH\index.php(81): CodeIgniter\CodeIgniter->run()
INFO - 2025-05-28 07:38:57 --> Session: Class initialized using 'CodeIgniter\Session\Handlers\FileHandler' driver.
WARNING - 2025-05-28 07:38:57 --> [DEPRECATED] Creation of dynamic property App\Controllers\Suhu::$MasterDataModel is deprecated in APPPATH\Controllers\Suhu.php on line 205.
 1 SYSTEMPATH\CodeIgniter.php(904): App\Controllers\Suhu->__construct()
 2 SYSTEMPATH\CodeIgniter.php(488): CodeIgniter\CodeIgniter->createController()
 3 SYSTEMPATH\CodeIgniter.php(366): CodeIgniter\CodeIgniter->handleRequest(null, Object(Config\Cache), false)
 4 FCPATH\index.php(81): CodeIgniter\CodeIgniter->run()
WARNING - 2025-05-28 07:38:57 --> [DEPRECATED] Creation of dynamic property App\Controllers\Suhu::$MasterDataModel is deprecated in APPPATH\Controllers\Suhu.php on line 205.
 1 SYSTEMPATH\CodeIgniter.php(904): App\Controllers\Suhu->__construct()
 2 SYSTEMPATH\CodeIgniter.php(488): CodeIgniter\CodeIgniter->createController()
 3 SYSTEMPATH\CodeIgniter.php(366): CodeIgniter\CodeIgniter->handleRequest(null, Object(Config\Cache), false)
 4 FCPATH\index.php(81): CodeIgniter\CodeIgniter->run()
CRITICAL - 2025-05-28 07:38:57 --> Trying to access array offset on value of type null
in APPPATH\Controllers\Suhu.php on line 162.
 1 APPPATH\Controllers\Suhu.php(162): CodeIgniter\Debug\Exceptions->errorHandler(2, 'Trying to access array offset on value of type null', 'C:\\xampp\\htdocs\\e-reportruangan\\app\\Controllers\\Suhu.php', 162)
 2 SYSTEMPATH\CodeIgniter.php(932): App\Controllers\Suhu->AddSuhu('jquery.js')
 3 SYSTEMPATH\CodeIgniter.php(497): CodeIgniter\CodeIgniter->runController(Object(App\Controllers\Suhu))
 4 SYSTEMPATH\CodeIgniter.php(366): CodeIgniter\CodeIgniter->handleRequest(null, Object(Config\Cache), false)
 5 FCPATH\index.php(81): CodeIgniter\CodeIgniter->run()
CRITICAL - 2025-05-28 07:38:57 --> Trying to access array offset on value of type null
in APPPATH\Controllers\Suhu.php on line 162.
 1 APPPATH\Controllers\Suhu.php(162): CodeIgniter\Debug\Exceptions->errorHandler(2, 'Trying to access array offset on value of type null', 'C:\\xampp\\htdocs\\e-reportruangan\\app\\Controllers\\Suhu.php', 162)
 2 SYSTEMPATH\CodeIgniter.php(932): App\Controllers\Suhu->AddSuhu('bootstrap.js')
 3 SYSTEMPATH\CodeIgniter.php(497): CodeIgniter\CodeIgniter->runController(Object(App\Controllers\Suhu))
 4 SYSTEMPATH\CodeIgniter.php(366): CodeIgniter\CodeIgniter->handleRequest(null, Object(Config\Cache), false)
 5 FCPATH\index.php(81): CodeIgniter\CodeIgniter->run()
WARNING - 2025-05-28 07:39:13 --> [DEPRECATED] Creation of dynamic property App\Controllers\Suhu::$MasterDataModel is deprecated in APPPATH\Controllers\Suhu.php on line 205.
 1 SYSTEMPATH\CodeIgniter.php(904): App\Controllers\Suhu->__construct()
 2 SYSTEMPATH\CodeIgniter.php(488): CodeIgniter\CodeIgniter->createController()
 3 SYSTEMPATH\CodeIgniter.php(366): CodeIgniter\CodeIgniter->handleRequest(null, Object(Config\Cache), false)
 4 FCPATH\index.php(81): CodeIgniter\CodeIgniter->run()
INFO - 2025-05-28 07:39:13 --> Session: Class initialized using 'CodeIgniter\Session\Handlers\FileHandler' driver.
WARNING - 2025-05-28 07:39:13 --> [DEPRECATED] Creation of dynamic property App\Controllers\Suhu::$MasterDataModel is deprecated in APPPATH\Controllers\Suhu.php on line 205.
 1 SYSTEMPATH\CodeIgniter.php(904): App\Controllers\Suhu->__construct()
 2 SYSTEMPATH\CodeIgniter.php(488): CodeIgniter\CodeIgniter->createController()
 3 SYSTEMPATH\CodeIgniter.php(366): CodeIgniter\CodeIgniter->handleRequest(null, Object(Config\Cache), false)
 4 FCPATH\index.php(81): CodeIgniter\CodeIgniter->run()
WARNING - 2025-05-28 07:39:13 --> [DEPRECATED] Creation of dynamic property App\Controllers\Suhu::$MasterDataModel is deprecated in APPPATH\Controllers\Suhu.php on line 205.
 1 SYSTEMPATH\CodeIgniter.php(904): App\Controllers\Suhu->__construct()
 2 SYSTEMPATH\CodeIgniter.php(488): CodeIgniter\CodeIgniter->createController()
 3 SYSTEMPATH\CodeIgniter.php(366): CodeIgniter\CodeIgniter->handleRequest(null, Object(Config\Cache), false)
 4 FCPATH\index.php(81): CodeIgniter\CodeIgniter->run()
CRITICAL - 2025-05-28 07:39:13 --> Trying to access array offset on value of type null
in APPPATH\Controllers\Suhu.php on line 162.
 1 APPPATH\Controllers\Suhu.php(162): CodeIgniter\Debug\Exceptions->errorHandler(2, 'Trying to access array offset on value of type null', 'C:\\xampp\\htdocs\\e-reportruangan\\app\\Controllers\\Suhu.php', 162)
 2 SYSTEMPATH\CodeIgniter.php(932): App\Controllers\Suhu->AddSuhu('jquery.js')
 3 SYSTEMPATH\CodeIgniter.php(497): CodeIgniter\CodeIgniter->runController(Object(App\Controllers\Suhu))
 4 SYSTEMPATH\CodeIgniter.php(366): CodeIgniter\CodeIgniter->handleRequest(null, Object(Config\Cache), false)
 5 FCPATH\index.php(81): CodeIgniter\CodeIgniter->run()
CRITICAL - 2025-05-28 07:39:13 --> Trying to access array offset on value of type null
in APPPATH\Controllers\Suhu.php on line 162.
 1 APPPATH\Controllers\Suhu.php(162): CodeIgniter\Debug\Exceptions->errorHandler(2, 'Trying to access array offset on value of type null', 'C:\\xampp\\htdocs\\e-reportruangan\\app\\Controllers\\Suhu.php', 162)
 2 SYSTEMPATH\CodeIgniter.php(932): App\Controllers\Suhu->AddSuhu('bootstrap.js')
 3 SYSTEMPATH\CodeIgniter.php(497): CodeIgniter\CodeIgniter->runController(Object(App\Controllers\Suhu))
 4 SYSTEMPATH\CodeIgniter.php(366): CodeIgniter\CodeIgniter->handleRequest(null, Object(Config\Cache), false)
 5 FCPATH\index.php(81): CodeIgniter\CodeIgniter->run()
WARNING - 2025-05-28 07:41:23 --> [DEPRECATED] Creation of dynamic property App\Controllers\Suhu::$MasterDataModel is deprecated in APPPATH\Controllers\Suhu.php on line 205.
 1 SYSTEMPATH\CodeIgniter.php(904): App\Controllers\Suhu->__construct()
 2 SYSTEMPATH\CodeIgniter.php(488): CodeIgniter\CodeIgniter->createController()
 3 SYSTEMPATH\CodeIgniter.php(366): CodeIgniter\CodeIgniter->handleRequest(null, Object(Config\Cache), false)
 4 FCPATH\index.php(81): CodeIgniter\CodeIgniter->run()
INFO - 2025-05-28 07:41:24 --> Session: Class initialized using 'CodeIgniter\Session\Handlers\FileHandler' driver.
WARNING - 2025-05-28 07:41:24 --> [DEPRECATED] Creation of dynamic property App\Controllers\Suhu::$MasterDataModel is deprecated in APPPATH\Controllers\Suhu.php on line 205.
 1 SYSTEMPATH\CodeIgniter.php(904): App\Controllers\Suhu->__construct()
 2 SYSTEMPATH\CodeIgniter.php(488): CodeIgniter\CodeIgniter->createController()
 3 SYSTEMPATH\CodeIgniter.php(366): CodeIgniter\CodeIgniter->handleRequest(null, Object(Config\Cache), false)
 4 FCPATH\index.php(81): CodeIgniter\CodeIgniter->run()
WARNING - 2025-05-28 07:41:24 --> [DEPRECATED] Creation of dynamic property App\Controllers\Suhu::$MasterDataModel is deprecated in APPPATH\Controllers\Suhu.php on line 205.
 1 SYSTEMPATH\CodeIgniter.php(904): App\Controllers\Suhu->__construct()
 2 SYSTEMPATH\CodeIgniter.php(488): CodeIgniter\CodeIgniter->createController()
 3 SYSTEMPATH\CodeIgniter.php(366): CodeIgniter\CodeIgniter->handleRequest(null, Object(Config\Cache), false)
 4 FCPATH\index.php(81): CodeIgniter\CodeIgniter->run()
CRITICAL - 2025-05-28 07:41:24 --> Trying to access array offset on value of type null
in APPPATH\Controllers\Suhu.php on line 162.
 1 APPPATH\Controllers\Suhu.php(162): CodeIgniter\Debug\Exceptions->errorHandler(2, 'Trying to access array offset on value of type null', 'C:\\xampp\\htdocs\\e-reportruangan\\app\\Controllers\\Suhu.php', 162)
 2 SYSTEMPATH\CodeIgniter.php(932): App\Controllers\Suhu->AddSuhu('jquery.js')
 3 SYSTEMPATH\CodeIgniter.php(497): CodeIgniter\CodeIgniter->runController(Object(App\Controllers\Suhu))
 4 SYSTEMPATH\CodeIgniter.php(366): CodeIgniter\CodeIgniter->handleRequest(null, Object(Config\Cache), false)
 5 FCPATH\index.php(81): CodeIgniter\CodeIgniter->run()
CRITICAL - 2025-05-28 07:41:24 --> Trying to access array offset on value of type null
in APPPATH\Controllers\Suhu.php on line 162.
 1 APPPATH\Controllers\Suhu.php(162): CodeIgniter\Debug\Exceptions->errorHandler(2, 'Trying to access array offset on value of type null', 'C:\\xampp\\htdocs\\e-reportruangan\\app\\Controllers\\Suhu.php', 162)
 2 SYSTEMPATH\CodeIgniter.php(932): App\Controllers\Suhu->AddSuhu('bootstrap.js')
 3 SYSTEMPATH\CodeIgniter.php(497): CodeIgniter\CodeIgniter->runController(Object(App\Controllers\Suhu))
 4 SYSTEMPATH\CodeIgniter.php(366): CodeIgniter\CodeIgniter->handleRequest(null, Object(Config\Cache), false)
 5 FCPATH\index.php(81): CodeIgniter\CodeIgniter->run()
WARNING - 2025-05-28 07:45:38 --> [DEPRECATED] Creation of dynamic property App\Controllers\Suhu::$MasterDataModel is deprecated in APPPATH\Controllers\Suhu.php on line 205.
 1 SYSTEMPATH\CodeIgniter.php(904): App\Controllers\Suhu->__construct()
 2 SYSTEMPATH\CodeIgniter.php(488): CodeIgniter\CodeIgniter->createController()
 3 SYSTEMPATH\CodeIgniter.php(366): CodeIgniter\CodeIgniter->handleRequest(null, Object(Config\Cache), false)
 4 FCPATH\index.php(81): CodeIgniter\CodeIgniter->run()
INFO - 2025-05-28 07:45:38 --> Session: Class initialized using 'CodeIgniter\Session\Handlers\FileHandler' driver.
WARNING - 2025-05-28 07:45:38 --> [DEPRECATED] Creation of dynamic property App\Controllers\Suhu::$MasterDataModel is deprecated in APPPATH\Controllers\Suhu.php on line 205.
 1 SYSTEMPATH\CodeIgniter.php(904): App\Controllers\Suhu->__construct()
 2 SYSTEMPATH\CodeIgniter.php(488): CodeIgniter\CodeIgniter->createController()
 3 SYSTEMPATH\CodeIgniter.php(366): CodeIgniter\CodeIgniter->handleRequest(null, Object(Config\Cache), false)
 4 FCPATH\index.php(81): CodeIgniter\CodeIgniter->run()
WARNING - 2025-05-28 07:45:38 --> [DEPRECATED] Creation of dynamic property App\Controllers\Suhu::$MasterDataModel is deprecated in APPPATH\Controllers\Suhu.php on line 205.
 1 SYSTEMPATH\CodeIgniter.php(904): App\Controllers\Suhu->__construct()
 2 SYSTEMPATH\CodeIgniter.php(488): CodeIgniter\CodeIgniter->createController()
 3 SYSTEMPATH\CodeIgniter.php(366): CodeIgniter\CodeIgniter->handleRequest(null, Object(Config\Cache), false)
 4 FCPATH\index.php(81): CodeIgniter\CodeIgniter->run()
CRITICAL - 2025-05-28 07:45:38 --> Trying to access array offset on value of type null
in APPPATH\Controllers\Suhu.php on line 162.
 1 APPPATH\Controllers\Suhu.php(162): CodeIgniter\Debug\Exceptions->errorHandler(2, 'Trying to access array offset on value of type null', 'C:\\xampp\\htdocs\\e-reportruangan\\app\\Controllers\\Suhu.php', 162)
 2 SYSTEMPATH\CodeIgniter.php(932): App\Controllers\Suhu->AddSuhu('bootstrap.js')
 3 SYSTEMPATH\CodeIgniter.php(497): CodeIgniter\CodeIgniter->runController(Object(App\Controllers\Suhu))
 4 SYSTEMPATH\CodeIgniter.php(366): CodeIgniter\CodeIgniter->handleRequest(null, Object(Config\Cache), false)
 5 FCPATH\index.php(81): CodeIgniter\CodeIgniter->run()
CRITICAL - 2025-05-28 07:45:38 --> Trying to access array offset on value of type null
in APPPATH\Controllers\Suhu.php on line 162.
 1 APPPATH\Controllers\Suhu.php(162): CodeIgniter\Debug\Exceptions->errorHandler(2, 'Trying to access array offset on value of type null', 'C:\\xampp\\htdocs\\e-reportruangan\\app\\Controllers\\Suhu.php', 162)
 2 SYSTEMPATH\CodeIgniter.php(932): App\Controllers\Suhu->AddSuhu('jquery.js')
 3 SYSTEMPATH\CodeIgniter.php(497): CodeIgniter\CodeIgniter->runController(Object(App\Controllers\Suhu))
 4 SYSTEMPATH\CodeIgniter.php(366): CodeIgniter\CodeIgniter->handleRequest(null, Object(Config\Cache), false)
 5 FCPATH\index.php(81): CodeIgniter\CodeIgniter->run()
WARNING - 2025-05-28 07:46:55 --> [DEPRECATED] Creation of dynamic property App\Controllers\Suhu::$MasterDataModel is deprecated in APPPATH\Controllers\Suhu.php on line 205.
 1 SYSTEMPATH\CodeIgniter.php(904): App\Controllers\Suhu->__construct()
 2 SYSTEMPATH\CodeIgniter.php(488): CodeIgniter\CodeIgniter->createController()
 3 SYSTEMPATH\CodeIgniter.php(366): CodeIgniter\CodeIgniter->handleRequest(null, Object(Config\Cache), false)
 4 FCPATH\index.php(81): CodeIgniter\CodeIgniter->run()
INFO - 2025-05-28 07:46:55 --> Session: Class initialized using 'CodeIgniter\Session\Handlers\FileHandler' driver.
WARNING - 2025-05-28 07:46:56 --> [DEPRECATED] Creation of dynamic property App\Controllers\Suhu::$MasterDataModel is deprecated in APPPATH\Controllers\Suhu.php on line 205.
 1 SYSTEMPATH\CodeIgniter.php(904): App\Controllers\Suhu->__construct()
 2 SYSTEMPATH\CodeIgniter.php(488): CodeIgniter\CodeIgniter->createController()
 3 SYSTEMPATH\CodeIgniter.php(366): CodeIgniter\CodeIgniter->handleRequest(null, Object(Config\Cache), false)
 4 FCPATH\index.php(81): CodeIgniter\CodeIgniter->run()
WARNING - 2025-05-28 07:46:56 --> [DEPRECATED] Creation of dynamic property App\Controllers\Suhu::$MasterDataModel is deprecated in APPPATH\Controllers\Suhu.php on line 205.
 1 SYSTEMPATH\CodeIgniter.php(904): App\Controllers\Suhu->__construct()
 2 SYSTEMPATH\CodeIgniter.php(488): CodeIgniter\CodeIgniter->createController()
 3 SYSTEMPATH\CodeIgniter.php(366): CodeIgniter\CodeIgniter->handleRequest(null, Object(Config\Cache), false)
 4 FCPATH\index.php(81): CodeIgniter\CodeIgniter->run()
CRITICAL - 2025-05-28 07:46:56 --> Trying to access array offset on value of type null
in APPPATH\Controllers\Suhu.php on line 162.
 1 APPPATH\Controllers\Suhu.php(162): CodeIgniter\Debug\Exceptions->errorHandler(2, 'Trying to access array offset on value of type null', 'C:\\xampp\\htdocs\\e-reportruangan\\app\\Controllers\\Suhu.php', 162)
 2 SYSTEMPATH\CodeIgniter.php(932): App\Controllers\Suhu->AddSuhu('jquery.js')
 3 SYSTEMPATH\CodeIgniter.php(497): CodeIgniter\CodeIgniter->runController(Object(App\Controllers\Suhu))
 4 SYSTEMPATH\CodeIgniter.php(366): CodeIgniter\CodeIgniter->handleRequest(null, Object(Config\Cache), false)
 5 FCPATH\index.php(81): CodeIgniter\CodeIgniter->run()
CRITICAL - 2025-05-28 07:46:56 --> Trying to access array offset on value of type null
in APPPATH\Controllers\Suhu.php on line 162.
 1 APPPATH\Controllers\Suhu.php(162): CodeIgniter\Debug\Exceptions->errorHandler(2, 'Trying to access array offset on value of type null', 'C:\\xampp\\htdocs\\e-reportruangan\\app\\Controllers\\Suhu.php', 162)
 2 SYSTEMPATH\CodeIgniter.php(932): App\Controllers\Suhu->AddSuhu('bootstrap.js')
 3 SYSTEMPATH\CodeIgniter.php(497): CodeIgniter\CodeIgniter->runController(Object(App\Controllers\Suhu))
 4 SYSTEMPATH\CodeIgniter.php(366): CodeIgniter\CodeIgniter->handleRequest(null, Object(Config\Cache), false)
 5 FCPATH\index.php(81): CodeIgniter\CodeIgniter->run()
WARNING - 2025-05-28 07:52:03 --> [DEPRECATED] Creation of dynamic property App\Controllers\Suhu::$MasterDataModel is deprecated in APPPATH\Controllers\Suhu.php on line 205.
 1 SYSTEMPATH\CodeIgniter.php(904): App\Controllers\Suhu->__construct()
 2 SYSTEMPATH\CodeIgniter.php(488): CodeIgniter\CodeIgniter->createController()
 3 SYSTEMPATH\CodeIgniter.php(366): CodeIgniter\CodeIgniter->handleRequest(null, Object(Config\Cache), false)
 4 FCPATH\index.php(81): CodeIgniter\CodeIgniter->run()
INFO - 2025-05-28 07:52:03 --> Session: Class initialized using 'CodeIgniter\Session\Handlers\FileHandler' driver.
WARNING - 2025-05-28 07:52:04 --> [DEPRECATED] Creation of dynamic property App\Controllers\Suhu::$MasterDataModel is deprecated in APPPATH\Controllers\Suhu.php on line 205.
 1 SYSTEMPATH\CodeIgniter.php(904): App\Controllers\Suhu->__construct()
 2 SYSTEMPATH\CodeIgniter.php(488): CodeIgniter\CodeIgniter->createController()
 3 SYSTEMPATH\CodeIgniter.php(366): CodeIgniter\CodeIgniter->handleRequest(null, Object(Config\Cache), false)
 4 FCPATH\index.php(81): CodeIgniter\CodeIgniter->run()
WARNING - 2025-05-28 07:52:04 --> [DEPRECATED] Creation of dynamic property App\Controllers\Suhu::$MasterDataModel is deprecated in APPPATH\Controllers\Suhu.php on line 205.
 1 SYSTEMPATH\CodeIgniter.php(904): App\Controllers\Suhu->__construct()
 2 SYSTEMPATH\CodeIgniter.php(488): CodeIgniter\CodeIgniter->createController()
 3 SYSTEMPATH\CodeIgniter.php(366): CodeIgniter\CodeIgniter->handleRequest(null, Object(Config\Cache), false)
 4 FCPATH\index.php(81): CodeIgniter\CodeIgniter->run()
CRITICAL - 2025-05-28 07:52:04 --> Trying to access array offset on value of type null
in APPPATH\Controllers\Suhu.php on line 162.
 1 APPPATH\Controllers\Suhu.php(162): CodeIgniter\Debug\Exceptions->errorHandler(2, 'Trying to access array offset on value of type null', 'C:\\xampp\\htdocs\\e-reportruangan\\app\\Controllers\\Suhu.php', 162)
 2 SYSTEMPATH\CodeIgniter.php(932): App\Controllers\Suhu->AddSuhu('jquery.js')
 3 SYSTEMPATH\CodeIgniter.php(497): CodeIgniter\CodeIgniter->runController(Object(App\Controllers\Suhu))
 4 SYSTEMPATH\CodeIgniter.php(366): CodeIgniter\CodeIgniter->handleRequest(null, Object(Config\Cache), false)
 5 FCPATH\index.php(81): CodeIgniter\CodeIgniter->run()
CRITICAL - 2025-05-28 07:52:04 --> Trying to access array offset on value of type null
in APPPATH\Controllers\Suhu.php on line 162.
 1 APPPATH\Controllers\Suhu.php(162): CodeIgniter\Debug\Exceptions->errorHandler(2, 'Trying to access array offset on value of type null', 'C:\\xampp\\htdocs\\e-reportruangan\\app\\Controllers\\Suhu.php', 162)
 2 SYSTEMPATH\CodeIgniter.php(932): App\Controllers\Suhu->AddSuhu('bootstrap.js')
 3 SYSTEMPATH\CodeIgniter.php(497): CodeIgniter\CodeIgniter->runController(Object(App\Controllers\Suhu))
 4 SYSTEMPATH\CodeIgniter.php(366): CodeIgniter\CodeIgniter->handleRequest(null, Object(Config\Cache), false)
 5 FCPATH\index.php(81): CodeIgniter\CodeIgniter->run()
WARNING - 2025-05-28 07:52:44 --> [DEPRECATED] Creation of dynamic property App\Controllers\Suhu::$MasterDataModel is deprecated in APPPATH\Controllers\Suhu.php on line 205.
 1 SYSTEMPATH\CodeIgniter.php(904): App\Controllers\Suhu->__construct()
 2 SYSTEMPATH\CodeIgniter.php(488): CodeIgniter\CodeIgniter->createController()
 3 SYSTEMPATH\CodeIgniter.php(366): CodeIgniter\CodeIgniter->handleRequest(null, Object(Config\Cache), false)
 4 FCPATH\index.php(81): CodeIgniter\CodeIgniter->run()
INFO - 2025-05-28 07:52:44 --> Session: Class initialized using 'CodeIgniter\Session\Handlers\FileHandler' driver.
WARNING - 2025-05-28 07:52:44 --> [DEPRECATED] Creation of dynamic property App\Controllers\Suhu::$MasterDataModel is deprecated in APPPATH\Controllers\Suhu.php on line 205.
 1 SYSTEMPATH\CodeIgniter.php(904): App\Controllers\Suhu->__construct()
 2 SYSTEMPATH\CodeIgniter.php(488): CodeIgniter\CodeIgniter->createController()
 3 SYSTEMPATH\CodeIgniter.php(366): CodeIgniter\CodeIgniter->handleRequest(null, Object(Config\Cache), false)
 4 FCPATH\index.php(81): CodeIgniter\CodeIgniter->run()
WARNING - 2025-05-28 07:52:44 --> [DEPRECATED] Creation of dynamic property App\Controllers\Suhu::$MasterDataModel is deprecated in APPPATH\Controllers\Suhu.php on line 205.
 1 SYSTEMPATH\CodeIgniter.php(904): App\Controllers\Suhu->__construct()
 2 SYSTEMPATH\CodeIgniter.php(488): CodeIgniter\CodeIgniter->createController()
 3 SYSTEMPATH\CodeIgniter.php(366): CodeIgniter\CodeIgniter->handleRequest(null, Object(Config\Cache), false)
 4 FCPATH\index.php(81): CodeIgniter\CodeIgniter->run()
CRITICAL - 2025-05-28 07:52:44 --> Trying to access array offset on value of type null
in APPPATH\Controllers\Suhu.php on line 162.
 1 APPPATH\Controllers\Suhu.php(162): CodeIgniter\Debug\Exceptions->errorHandler(2, 'Trying to access array offset on value of type null', 'C:\\xampp\\htdocs\\e-reportruangan\\app\\Controllers\\Suhu.php', 162)
 2 SYSTEMPATH\CodeIgniter.php(932): App\Controllers\Suhu->AddSuhu('jquery.js')
 3 SYSTEMPATH\CodeIgniter.php(497): CodeIgniter\CodeIgniter->runController(Object(App\Controllers\Suhu))
 4 SYSTEMPATH\CodeIgniter.php(366): CodeIgniter\CodeIgniter->handleRequest(null, Object(Config\Cache), false)
 5 FCPATH\index.php(81): CodeIgniter\CodeIgniter->run()
CRITICAL - 2025-05-28 07:52:44 --> Trying to access array offset on value of type null
in APPPATH\Controllers\Suhu.php on line 162.
 1 APPPATH\Controllers\Suhu.php(162): CodeIgniter\Debug\Exceptions->errorHandler(2, 'Trying to access array offset on value of type null', 'C:\\xampp\\htdocs\\e-reportruangan\\app\\Controllers\\Suhu.php', 162)
 2 SYSTEMPATH\CodeIgniter.php(932): App\Controllers\Suhu->AddSuhu('bootstrap.js')
 3 SYSTEMPATH\CodeIgniter.php(497): CodeIgniter\CodeIgniter->runController(Object(App\Controllers\Suhu))
 4 SYSTEMPATH\CodeIgniter.php(366): CodeIgniter\CodeIgniter->handleRequest(null, Object(Config\Cache), false)
 5 FCPATH\index.php(81): CodeIgniter\CodeIgniter->run()
WARNING - 2025-05-28 07:55:04 --> [DEPRECATED] Creation of dynamic property App\Controllers\Suhu::$MasterDataModel is deprecated in APPPATH\Controllers\Suhu.php on line 205.
 1 SYSTEMPATH\CodeIgniter.php(904): App\Controllers\Suhu->__construct()
 2 SYSTEMPATH\CodeIgniter.php(488): CodeIgniter\CodeIgniter->createController()
 3 SYSTEMPATH\CodeIgniter.php(366): CodeIgniter\CodeIgniter->handleRequest(null, Object(Config\Cache), false)
 4 FCPATH\index.php(81): CodeIgniter\CodeIgniter->run()
INFO - 2025-05-28 07:55:04 --> Session: Class initialized using 'CodeIgniter\Session\Handlers\FileHandler' driver.
WARNING - 2025-05-28 07:55:04 --> [DEPRECATED] Creation of dynamic property App\Controllers\Suhu::$MasterDataModel is deprecated in APPPATH\Controllers\Suhu.php on line 205.
 1 SYSTEMPATH\CodeIgniter.php(904): App\Controllers\Suhu->__construct()
 2 SYSTEMPATH\CodeIgniter.php(488): CodeIgniter\CodeIgniter->createController()
 3 SYSTEMPATH\CodeIgniter.php(366): CodeIgniter\CodeIgniter->handleRequest(null, Object(Config\Cache), false)
 4 FCPATH\index.php(81): CodeIgniter\CodeIgniter->run()
WARNING - 2025-05-28 07:55:04 --> [DEPRECATED] Creation of dynamic property App\Controllers\Suhu::$MasterDataModel is deprecated in APPPATH\Controllers\Suhu.php on line 205.
 1 SYSTEMPATH\CodeIgniter.php(904): App\Controllers\Suhu->__construct()
 2 SYSTEMPATH\CodeIgniter.php(488): CodeIgniter\CodeIgniter->createController()
 3 SYSTEMPATH\CodeIgniter.php(366): CodeIgniter\CodeIgniter->handleRequest(null, Object(Config\Cache), false)
 4 FCPATH\index.php(81): CodeIgniter\CodeIgniter->run()
CRITICAL - 2025-05-28 07:55:04 --> Trying to access array offset on value of type null
in APPPATH\Controllers\Suhu.php on line 162.
 1 APPPATH\Controllers\Suhu.php(162): CodeIgniter\Debug\Exceptions->errorHandler(2, 'Trying to access array offset on value of type null', 'C:\\xampp\\htdocs\\e-reportruangan\\app\\Controllers\\Suhu.php', 162)
 2 SYSTEMPATH\CodeIgniter.php(932): App\Controllers\Suhu->AddSuhu('bootstrap.js')
 3 SYSTEMPATH\CodeIgniter.php(497): CodeIgniter\CodeIgniter->runController(Object(App\Controllers\Suhu))
 4 SYSTEMPATH\CodeIgniter.php(366): CodeIgniter\CodeIgniter->handleRequest(null, Object(Config\Cache), false)
 5 FCPATH\index.php(81): CodeIgniter\CodeIgniter->run()
CRITICAL - 2025-05-28 07:55:04 --> Trying to access array offset on value of type null
in APPPATH\Controllers\Suhu.php on line 162.
 1 APPPATH\Controllers\Suhu.php(162): CodeIgniter\Debug\Exceptions->errorHandler(2, 'Trying to access array offset on value of type null', 'C:\\xampp\\htdocs\\e-reportruangan\\app\\Controllers\\Suhu.php', 162)
 2 SYSTEMPATH\CodeIgniter.php(932): App\Controllers\Suhu->AddSuhu('jquery.js')
 3 SYSTEMPATH\CodeIgniter.php(497): CodeIgniter\CodeIgniter->runController(Object(App\Controllers\Suhu))
 4 SYSTEMPATH\CodeIgniter.php(366): CodeIgniter\CodeIgniter->handleRequest(null, Object(Config\Cache), false)
 5 FCPATH\index.php(81): CodeIgniter\CodeIgniter->run()
WARNING - 2025-05-28 07:56:06 --> [DEPRECATED] Creation of dynamic property App\Controllers\Suhu::$MasterDataModel is deprecated in APPPATH\Controllers\Suhu.php on line 205.
 1 SYSTEMPATH\CodeIgniter.php(904): App\Controllers\Suhu->__construct()
 2 SYSTEMPATH\CodeIgniter.php(488): CodeIgniter\CodeIgniter->createController()
 3 SYSTEMPATH\CodeIgniter.php(366): CodeIgniter\CodeIgniter->handleRequest(null, Object(Config\Cache), false)
 4 FCPATH\index.php(81): CodeIgniter\CodeIgniter->run()
INFO - 2025-05-28 07:56:06 --> Session: Class initialized using 'CodeIgniter\Session\Handlers\FileHandler' driver.
WARNING - 2025-05-28 07:56:07 --> [DEPRECATED] Creation of dynamic property App\Controllers\Suhu::$MasterDataModel is deprecated in APPPATH\Controllers\Suhu.php on line 205.
 1 SYSTEMPATH\CodeIgniter.php(904): App\Controllers\Suhu->__construct()
 2 SYSTEMPATH\CodeIgniter.php(488): CodeIgniter\CodeIgniter->createController()
 3 SYSTEMPATH\CodeIgniter.php(366): CodeIgniter\CodeIgniter->handleRequest(null, Object(Config\Cache), false)
 4 FCPATH\index.php(81): CodeIgniter\CodeIgniter->run()
WARNING - 2025-05-28 07:56:07 --> [DEPRECATED] Creation of dynamic property App\Controllers\Suhu::$MasterDataModel is deprecated in APPPATH\Controllers\Suhu.php on line 205.
 1 SYSTEMPATH\CodeIgniter.php(904): App\Controllers\Suhu->__construct()
 2 SYSTEMPATH\CodeIgniter.php(488): CodeIgniter\CodeIgniter->createController()
 3 SYSTEMPATH\CodeIgniter.php(366): CodeIgniter\CodeIgniter->handleRequest(null, Object(Config\Cache), false)
 4 FCPATH\index.php(81): CodeIgniter\CodeIgniter->run()
CRITICAL - 2025-05-28 07:56:07 --> Trying to access array offset on value of type null
in APPPATH\Controllers\Suhu.php on line 162.
 1 APPPATH\Controllers\Suhu.php(162): CodeIgniter\Debug\Exceptions->errorHandler(2, 'Trying to access array offset on value of type null', 'C:\\xampp\\htdocs\\e-reportruangan\\app\\Controllers\\Suhu.php', 162)
 2 SYSTEMPATH\CodeIgniter.php(932): App\Controllers\Suhu->AddSuhu('jquery.js')
 3 SYSTEMPATH\CodeIgniter.php(497): CodeIgniter\CodeIgniter->runController(Object(App\Controllers\Suhu))
 4 SYSTEMPATH\CodeIgniter.php(366): CodeIgniter\CodeIgniter->handleRequest(null, Object(Config\Cache), false)
 5 FCPATH\index.php(81): CodeIgniter\CodeIgniter->run()
CRITICAL - 2025-05-28 07:56:07 --> Trying to access array offset on value of type null
in APPPATH\Controllers\Suhu.php on line 162.
 1 APPPATH\Controllers\Suhu.php(162): CodeIgniter\Debug\Exceptions->errorHandler(2, 'Trying to access array offset on value of type null', 'C:\\xampp\\htdocs\\e-reportruangan\\app\\Controllers\\Suhu.php', 162)
 2 SYSTEMPATH\CodeIgniter.php(932): App\Controllers\Suhu->AddSuhu('bootstrap.js')
 3 SYSTEMPATH\CodeIgniter.php(497): CodeIgniter\CodeIgniter->runController(Object(App\Controllers\Suhu))
 4 SYSTEMPATH\CodeIgniter.php(366): CodeIgniter\CodeIgniter->handleRequest(null, Object(Config\Cache), false)
 5 FCPATH\index.php(81): CodeIgniter\CodeIgniter->run()
WARNING - 2025-05-28 08:00:13 --> [DEPRECATED] Creation of dynamic property App\Controllers\Suhu::$MasterDataModel is deprecated in APPPATH\Controllers\Suhu.php on line 205.
 1 SYSTEMPATH\CodeIgniter.php(904): App\Controllers\Suhu->__construct()
 2 SYSTEMPATH\CodeIgniter.php(488): CodeIgniter\CodeIgniter->createController()
 3 SYSTEMPATH\CodeIgniter.php(366): CodeIgniter\CodeIgniter->handleRequest(null, Object(Config\Cache), false)
 4 FCPATH\index.php(81): CodeIgniter\CodeIgniter->run()
INFO - 2025-05-28 08:00:13 --> Session: Class initialized using 'CodeIgniter\Session\Handlers\FileHandler' driver.
WARNING - 2025-05-28 08:00:14 --> [DEPRECATED] Creation of dynamic property App\Controllers\Suhu::$MasterDataModel is deprecated in APPPATH\Controllers\Suhu.php on line 205.
 1 SYSTEMPATH\CodeIgniter.php(904): App\Controllers\Suhu->__construct()
 2 SYSTEMPATH\CodeIgniter.php(488): CodeIgniter\CodeIgniter->createController()
 3 SYSTEMPATH\CodeIgniter.php(366): CodeIgniter\CodeIgniter->handleRequest(null, Object(Config\Cache), false)
 4 FCPATH\index.php(81): CodeIgniter\CodeIgniter->run()
WARNING - 2025-05-28 08:00:14 --> [DEPRECATED] Creation of dynamic property App\Controllers\Suhu::$MasterDataModel is deprecated in APPPATH\Controllers\Suhu.php on line 205.
 1 SYSTEMPATH\CodeIgniter.php(904): App\Controllers\Suhu->__construct()
 2 SYSTEMPATH\CodeIgniter.php(488): CodeIgniter\CodeIgniter->createController()
 3 SYSTEMPATH\CodeIgniter.php(366): CodeIgniter\CodeIgniter->handleRequest(null, Object(Config\Cache), false)
 4 FCPATH\index.php(81): CodeIgniter\CodeIgniter->run()
CRITICAL - 2025-05-28 08:00:14 --> Trying to access array offset on value of type null
in APPPATH\Controllers\Suhu.php on line 162.
 1 APPPATH\Controllers\Suhu.php(162): CodeIgniter\Debug\Exceptions->errorHandler(2, 'Trying to access array offset on value of type null', 'C:\\xampp\\htdocs\\e-reportruangan\\app\\Controllers\\Suhu.php', 162)
 2 SYSTEMPATH\CodeIgniter.php(932): App\Controllers\Suhu->AddSuhu('jquery.js')
 3 SYSTEMPATH\CodeIgniter.php(497): CodeIgniter\CodeIgniter->runController(Object(App\Controllers\Suhu))
 4 SYSTEMPATH\CodeIgniter.php(366): CodeIgniter\CodeIgniter->handleRequest(null, Object(Config\Cache), false)
 5 FCPATH\index.php(81): CodeIgniter\CodeIgniter->run()
CRITICAL - 2025-05-28 08:00:14 --> Trying to access array offset on value of type null
in APPPATH\Controllers\Suhu.php on line 162.
 1 APPPATH\Controllers\Suhu.php(162): CodeIgniter\Debug\Exceptions->errorHandler(2, 'Trying to access array offset on value of type null', 'C:\\xampp\\htdocs\\e-reportruangan\\app\\Controllers\\Suhu.php', 162)
 2 SYSTEMPATH\CodeIgniter.php(932): App\Controllers\Suhu->AddSuhu('bootstrap.js')
 3 SYSTEMPATH\CodeIgniter.php(497): CodeIgniter\CodeIgniter->runController(Object(App\Controllers\Suhu))
 4 SYSTEMPATH\CodeIgniter.php(366): CodeIgniter\CodeIgniter->handleRequest(null, Object(Config\Cache), false)
 5 FCPATH\index.php(81): CodeIgniter\CodeIgniter->run()
WARNING - 2025-05-28 08:00:31 --> [DEPRECATED] Creation of dynamic property App\Controllers\Suhu::$MasterDataModel is deprecated in APPPATH\Controllers\Suhu.php on line 205.
 1 SYSTEMPATH\CodeIgniter.php(904): App\Controllers\Suhu->__construct()
 2 SYSTEMPATH\CodeIgniter.php(488): CodeIgniter\CodeIgniter->createController()
 3 SYSTEMPATH\CodeIgniter.php(366): CodeIgniter\CodeIgniter->handleRequest(null, Object(Config\Cache), false)
 4 FCPATH\index.php(81): CodeIgniter\CodeIgniter->run()
INFO - 2025-05-28 08:00:31 --> Session: Class initialized using 'CodeIgniter\Session\Handlers\FileHandler' driver.
WARNING - 2025-05-28 08:00:32 --> [DEPRECATED] Creation of dynamic property App\Controllers\Suhu::$MasterDataModel is deprecated in APPPATH\Controllers\Suhu.php on line 205.
 1 SYSTEMPATH\CodeIgniter.php(904): App\Controllers\Suhu->__construct()
 2 SYSTEMPATH\CodeIgniter.php(488): CodeIgniter\CodeIgniter->createController()
 3 SYSTEMPATH\CodeIgniter.php(366): CodeIgniter\CodeIgniter->handleRequest(null, Object(Config\Cache), false)
 4 FCPATH\index.php(81): CodeIgniter\CodeIgniter->run()
WARNING - 2025-05-28 08:00:32 --> [DEPRECATED] Creation of dynamic property App\Controllers\Suhu::$MasterDataModel is deprecated in APPPATH\Controllers\Suhu.php on line 205.
 1 SYSTEMPATH\CodeIgniter.php(904): App\Controllers\Suhu->__construct()
 2 SYSTEMPATH\CodeIgniter.php(488): CodeIgniter\CodeIgniter->createController()
 3 SYSTEMPATH\CodeIgniter.php(366): CodeIgniter\CodeIgniter->handleRequest(null, Object(Config\Cache), false)
 4 FCPATH\index.php(81): CodeIgniter\CodeIgniter->run()
CRITICAL - 2025-05-28 08:00:32 --> Trying to access array offset on value of type null
in APPPATH\Controllers\Suhu.php on line 162.
 1 APPPATH\Controllers\Suhu.php(162): CodeIgniter\Debug\Exceptions->errorHandler(2, 'Trying to access array offset on value of type null', 'C:\\xampp\\htdocs\\e-reportruangan\\app\\Controllers\\Suhu.php', 162)
 2 SYSTEMPATH\CodeIgniter.php(932): App\Controllers\Suhu->AddSuhu('jquery.js')
 3 SYSTEMPATH\CodeIgniter.php(497): CodeIgniter\CodeIgniter->runController(Object(App\Controllers\Suhu))
 4 SYSTEMPATH\CodeIgniter.php(366): CodeIgniter\CodeIgniter->handleRequest(null, Object(Config\Cache), false)
 5 FCPATH\index.php(81): CodeIgniter\CodeIgniter->run()
CRITICAL - 2025-05-28 08:00:32 --> Trying to access array offset on value of type null
in APPPATH\Controllers\Suhu.php on line 162.
 1 APPPATH\Controllers\Suhu.php(162): CodeIgniter\Debug\Exceptions->errorHandler(2, 'Trying to access array offset on value of type null', 'C:\\xampp\\htdocs\\e-reportruangan\\app\\Controllers\\Suhu.php', 162)
 2 SYSTEMPATH\CodeIgniter.php(932): App\Controllers\Suhu->AddSuhu('bootstrap.js')
 3 SYSTEMPATH\CodeIgniter.php(497): CodeIgniter\CodeIgniter->runController(Object(App\Controllers\Suhu))
 4 SYSTEMPATH\CodeIgniter.php(366): CodeIgniter\CodeIgniter->handleRequest(null, Object(Config\Cache), false)
 5 FCPATH\index.php(81): CodeIgniter\CodeIgniter->run()
WARNING - 2025-05-28 08:01:17 --> [DEPRECATED] Creation of dynamic property App\Controllers\Suhu::$MasterDataModel is deprecated in APPPATH\Controllers\Suhu.php on line 205.
 1 SYSTEMPATH\CodeIgniter.php(904): App\Controllers\Suhu->__construct()
 2 SYSTEMPATH\CodeIgniter.php(488): CodeIgniter\CodeIgniter->createController()
 3 SYSTEMPATH\CodeIgniter.php(366): CodeIgniter\CodeIgniter->handleRequest(null, Object(Config\Cache), false)
 4 FCPATH\index.php(81): CodeIgniter\CodeIgniter->run()
INFO - 2025-05-28 08:01:17 --> Session: Class initialized using 'CodeIgniter\Session\Handlers\FileHandler' driver.
WARNING - 2025-05-28 08:01:17 --> [DEPRECATED] Creation of dynamic property App\Controllers\Suhu::$MasterDataModel is deprecated in APPPATH\Controllers\Suhu.php on line 205.
 1 SYSTEMPATH\CodeIgniter.php(904): App\Controllers\Suhu->__construct()
 2 SYSTEMPATH\CodeIgniter.php(488): CodeIgniter\CodeIgniter->createController()
 3 SYSTEMPATH\CodeIgniter.php(366): CodeIgniter\CodeIgniter->handleRequest(null, Object(Config\Cache), false)
 4 FCPATH\index.php(81): CodeIgniter\CodeIgniter->run()
WARNING - 2025-05-28 08:01:17 --> [DEPRECATED] Creation of dynamic property App\Controllers\Suhu::$MasterDataModel is deprecated in APPPATH\Controllers\Suhu.php on line 205.
 1 SYSTEMPATH\CodeIgniter.php(904): App\Controllers\Suhu->__construct()
 2 SYSTEMPATH\CodeIgniter.php(488): CodeIgniter\CodeIgniter->createController()
 3 SYSTEMPATH\CodeIgniter.php(366): CodeIgniter\CodeIgniter->handleRequest(null, Object(Config\Cache), false)
 4 FCPATH\index.php(81): CodeIgniter\CodeIgniter->run()
CRITICAL - 2025-05-28 08:01:17 --> Trying to access array offset on value of type null
in APPPATH\Controllers\Suhu.php on line 162.
 1 APPPATH\Controllers\Suhu.php(162): CodeIgniter\Debug\Exceptions->errorHandler(2, 'Trying to access array offset on value of type null', 'C:\\xampp\\htdocs\\e-reportruangan\\app\\Controllers\\Suhu.php', 162)
 2 SYSTEMPATH\CodeIgniter.php(932): App\Controllers\Suhu->AddSuhu('jquery.js')
 3 SYSTEMPATH\CodeIgniter.php(497): CodeIgniter\CodeIgniter->runController(Object(App\Controllers\Suhu))
 4 SYSTEMPATH\CodeIgniter.php(366): CodeIgniter\CodeIgniter->handleRequest(null, Object(Config\Cache), false)
 5 FCPATH\index.php(81): CodeIgniter\CodeIgniter->run()
CRITICAL - 2025-05-28 08:01:17 --> Trying to access array offset on value of type null
in APPPATH\Controllers\Suhu.php on line 162.
 1 APPPATH\Controllers\Suhu.php(162): CodeIgniter\Debug\Exceptions->errorHandler(2, 'Trying to access array offset on value of type null', 'C:\\xampp\\htdocs\\e-reportruangan\\app\\Controllers\\Suhu.php', 162)
 2 SYSTEMPATH\CodeIgniter.php(932): App\Controllers\Suhu->AddSuhu('bootstrap.js')
 3 SYSTEMPATH\CodeIgniter.php(497): CodeIgniter\CodeIgniter->runController(Object(App\Controllers\Suhu))
 4 SYSTEMPATH\CodeIgniter.php(366): CodeIgniter\CodeIgniter->handleRequest(null, Object(Config\Cache), false)
 5 FCPATH\index.php(81): CodeIgniter\CodeIgniter->run()
WARNING - 2025-05-28 08:02:24 --> [DEPRECATED] Creation of dynamic property App\Controllers\Suhu::$MasterDataModel is deprecated in APPPATH\Controllers\Suhu.php on line 205.
 1 SYSTEMPATH\CodeIgniter.php(904): App\Controllers\Suhu->__construct()
 2 SYSTEMPATH\CodeIgniter.php(488): CodeIgniter\CodeIgniter->createController()
 3 SYSTEMPATH\CodeIgniter.php(366): CodeIgniter\CodeIgniter->handleRequest(null, Object(Config\Cache), false)
 4 FCPATH\index.php(81): CodeIgniter\CodeIgniter->run()
INFO - 2025-05-28 08:02:24 --> Session: Class initialized using 'CodeIgniter\Session\Handlers\FileHandler' driver.
WARNING - 2025-05-28 08:02:24 --> [DEPRECATED] Creation of dynamic property App\Controllers\Suhu::$MasterDataModel is deprecated in APPPATH\Controllers\Suhu.php on line 205.
 1 SYSTEMPATH\CodeIgniter.php(904): App\Controllers\Suhu->__construct()
 2 SYSTEMPATH\CodeIgniter.php(488): CodeIgniter\CodeIgniter->createController()
 3 SYSTEMPATH\CodeIgniter.php(366): CodeIgniter\CodeIgniter->handleRequest(null, Object(Config\Cache), false)
 4 FCPATH\index.php(81): CodeIgniter\CodeIgniter->run()
WARNING - 2025-05-28 08:02:24 --> [DEPRECATED] Creation of dynamic property App\Controllers\Suhu::$MasterDataModel is deprecated in APPPATH\Controllers\Suhu.php on line 205.
 1 SYSTEMPATH\CodeIgniter.php(904): App\Controllers\Suhu->__construct()
 2 SYSTEMPATH\CodeIgniter.php(488): CodeIgniter\CodeIgniter->createController()
 3 SYSTEMPATH\CodeIgniter.php(366): CodeIgniter\CodeIgniter->handleRequest(null, Object(Config\Cache), false)
 4 FCPATH\index.php(81): CodeIgniter\CodeIgniter->run()
CRITICAL - 2025-05-28 08:02:24 --> Trying to access array offset on value of type null
in APPPATH\Controllers\Suhu.php on line 162.
 1 APPPATH\Controllers\Suhu.php(162): CodeIgniter\Debug\Exceptions->errorHandler(2, 'Trying to access array offset on value of type null', 'C:\\xampp\\htdocs\\e-reportruangan\\app\\Controllers\\Suhu.php', 162)
 2 SYSTEMPATH\CodeIgniter.php(932): App\Controllers\Suhu->AddSuhu('bootstrap.js')
 3 SYSTEMPATH\CodeIgniter.php(497): CodeIgniter\CodeIgniter->runController(Object(App\Controllers\Suhu))
 4 SYSTEMPATH\CodeIgniter.php(366): CodeIgniter\CodeIgniter->handleRequest(null, Object(Config\Cache), false)
 5 FCPATH\index.php(81): CodeIgniter\CodeIgniter->run()
CRITICAL - 2025-05-28 08:02:24 --> Trying to access array offset on value of type null
in APPPATH\Controllers\Suhu.php on line 162.
 1 APPPATH\Controllers\Suhu.php(162): CodeIgniter\Debug\Exceptions->errorHandler(2, 'Trying to access array offset on value of type null', 'C:\\xampp\\htdocs\\e-reportruangan\\app\\Controllers\\Suhu.php', 162)
 2 SYSTEMPATH\CodeIgniter.php(932): App\Controllers\Suhu->AddSuhu('jquery.js')
 3 SYSTEMPATH\CodeIgniter.php(497): CodeIgniter\CodeIgniter->runController(Object(App\Controllers\Suhu))
 4 SYSTEMPATH\CodeIgniter.php(366): CodeIgniter\CodeIgniter->handleRequest(null, Object(Config\Cache), false)
 5 FCPATH\index.php(81): CodeIgniter\CodeIgniter->run()
