INFO - 2025-12-10 03:15:13 --> Session: Class initialized using 'CodeIgniter\Session\Handlers\FileHandler' driver.
INFO - 2025-12-10 03:15:23 --> Session: Class initialized using 'CodeIgniter\Session\Handlers\FileHandler' driver.
INFO - 2025-12-10 03:15:23 --> Session: Class initialized using 'CodeIgniter\Session\Handlers\FileHandler' driver.
INFO - 2025-12-10 03:15:33 --> Session: Class initialized using 'CodeIgniter\Session\Handlers\FileHandler' driver.
INFO - 2025-12-10 03:15:37 --> Session: Class initialized using 'CodeIgniter\Session\Handlers\FileHandler' driver.
INFO - 2025-12-10 03:15:55 --> Session: Class initialized using 'CodeIgniter\Session\Handlers\FileHandler' driver.
INFO - 2025-12-10 03:15:59 --> Session: Class initialized using 'CodeIgniter\Session\Handlers\FileHandler' driver.
INFO - 2025-12-10 03:16:01 --> Session: Class initialized using 'CodeIgniter\Session\Handlers\FileHandler' driver.
INFO - 2025-12-10 03:16:01 --> Session: Class initialized using 'CodeIgniter\Session\Handlers\FileHandler' driver.
INFO - 2025-12-10 03:16:02 --> Session: Class initialized using 'CodeIgniter\Session\Handlers\FileHandler' driver.
INFO - 2025-12-10 03:16:02 --> Session: Class initialized using 'CodeIgniter\Session\Handlers\FileHandler' driver.
INFO - 2025-12-10 03:16:03 --> Session: Class initialized using 'CodeIgniter\Session\Handlers\FileHandler' driver.
INFO - 2025-12-10 03:16:03 --> Session: Class initialized using 'CodeIgniter\Session\Handlers\FileHandler' driver.
INFO - 2025-12-10 03:16:03 --> Session: Class initialized using 'CodeIgniter\Session\Handlers\FileHandler' driver.
INFO - 2025-12-10 03:16:03 --> Session: Class initialized using 'CodeIgniter\Session\Handlers\FileHandler' driver.
INFO - 2025-12-10 03:16:03 --> Session: Class initialized using 'CodeIgniter\Session\Handlers\FileHandler' driver.
INFO - 2025-12-10 03:16:04 --> Session: Class initialized using 'CodeIgniter\Session\Handlers\FileHandler' driver.
INFO - 2025-12-10 03:16:47 --> Session: Class initialized using 'CodeIgniter\Session\Handlers\FileHandler' driver.
INFO - 2025-12-10 03:17:16 --> Session: Class initialized using 'CodeIgniter\Session\Handlers\FileHandler' driver.
INFO - 2025-12-10 03:17:16 --> Session: Class initialized using 'CodeIgniter\Session\Handlers\FileHandler' driver.
INFO - 2025-12-10 03:17:27 --> Session: Class initialized using 'CodeIgniter\Session\Handlers\FileHandler' driver.
INFO - 2025-12-10 03:18:10 --> Session: Class initialized using 'CodeIgniter\Session\Handlers\FileHandler' driver.
INFO - 2025-12-10 03:18:10 --> Session: Class initialized using 'CodeIgniter\Session\Handlers\FileHandler' driver.
INFO - 2025-12-10 03:18:34 --> Session: Class initialized using 'CodeIgniter\Session\Handlers\FileHandler' driver.
INFO - 2025-12-10 03:18:35 --> Session: Class initialized using 'CodeIgniter\Session\Handlers\FileHandler' driver.
INFO - 2025-12-10 03:18:47 --> Session: Class initialized using 'CodeIgniter\Session\Handlers\FileHandler' driver.
INFO - 2025-12-10 03:18:47 --> Session: Class initialized using 'CodeIgniter\Session\Handlers\FileHandler' driver.
INFO - 2025-12-10 03:19:10 --> Session: Class initialized using 'CodeIgniter\Session\Handlers\FileHandler' driver.
INFO - 2025-12-10 03:19:12 --> Session: Class initialized using 'CodeIgniter\Session\Handlers\FileHandler' driver.
INFO - 2025-12-10 03:19:20 --> Session: Class initialized using 'CodeIgniter\Session\Handlers\FileHandler' driver.
INFO - 2025-12-10 03:19:21 --> Session: Class initialized using 'CodeIgniter\Session\Handlers\FileHandler' driver.
INFO - 2025-12-10 03:19:37 --> Session: Class initialized using 'CodeIgniter\Session\Handlers\FileHandler' driver.
INFO - 2025-12-10 03:19:38 --> Session: Class initialized using 'CodeIgniter\Session\Handlers\FileHandler' driver.
INFO - 2025-12-10 03:21:25 --> Session: Class initialized using 'CodeIgniter\Session\Handlers\FileHandler' driver.
INFO - 2025-12-10 03:21:26 --> Session: Class initialized using 'CodeIgniter\Session\Handlers\FileHandler' driver.
INFO - 2025-12-10 03:22:14 --> Session: Class initialized using 'CodeIgniter\Session\Handlers\FileHandler' driver.
INFO - 2025-12-10 03:22:15 --> Session: Class initialized using 'CodeIgniter\Session\Handlers\FileHandler' driver.
INFO - 2025-12-10 03:22:33 --> Session: Class initialized using 'CodeIgniter\Session\Handlers\FileHandler' driver.
INFO - 2025-12-10 03:22:33 --> Session: Class initialized using 'CodeIgniter\Session\Handlers\FileHandler' driver.
INFO - 2025-12-10 03:22:42 --> Session: Class initialized using 'CodeIgniter\Session\Handlers\FileHandler' driver.
INFO - 2025-12-10 03:22:44 --> Session: Class initialized using 'CodeIgniter\Session\Handlers\FileHandler' driver.
INFO - 2025-12-10 03:27:13 --> Session: Class initialized using 'CodeIgniter\Session\Handlers\FileHandler' driver.
INFO - 2025-12-10 03:27:15 --> Session: Class initialized using 'CodeIgniter\Session\Handlers\FileHandler' driver.
INFO - 2025-12-10 03:27:25 --> Session: Class initialized using 'CodeIgniter\Session\Handlers\FileHandler' driver.
INFO - 2025-12-10 03:27:28 --> Session: Class initialized using 'CodeIgniter\Session\Handlers\FileHandler' driver.
INFO - 2025-12-10 03:28:14 --> Session: Class initialized using 'CodeIgniter\Session\Handlers\FileHandler' driver.
INFO - 2025-12-10 03:28:17 --> Session: Class initialized using 'CodeIgniter\Session\Handlers\FileHandler' driver.
INFO - 2025-12-10 03:28:28 --> Session: Class initialized using 'CodeIgniter\Session\Handlers\FileHandler' driver.
INFO - 2025-12-10 03:28:30 --> Session: Class initialized using 'CodeIgniter\Session\Handlers\FileHandler' driver.
INFO - 2025-12-10 03:30:43 --> Session: Class initialized using 'CodeIgniter\Session\Handlers\FileHandler' driver.
INFO - 2025-12-10 03:30:56 --> Session: Class initialized using 'CodeIgniter\Session\Handlers\FileHandler' driver.
INFO - 2025-12-10 03:31:05 --> Session: Class initialized using 'CodeIgniter\Session\Handlers\FileHandler' driver.
INFO - 2025-12-10 03:32:46 --> Session: Class initialized using 'CodeIgniter\Session\Handlers\FileHandler' driver.
INFO - 2025-12-10 03:33:06 --> Session: Class initialized using 'CodeIgniter\Session\Handlers\FileHandler' driver.
INFO - 2025-12-10 03:33:07 --> Session: Class initialized using 'CodeIgniter\Session\Handlers\FileHandler' driver.
INFO - 2025-12-10 03:33:38 --> Session: Class initialized using 'CodeIgniter\Session\Handlers\FileHandler' driver.
INFO - 2025-12-10 03:33:39 --> Session: Class initialized using 'CodeIgniter\Session\Handlers\FileHandler' driver.
INFO - 2025-12-10 03:33:51 --> Session: Class initialized using 'CodeIgniter\Session\Handlers\FileHandler' driver.
INFO - 2025-12-10 03:34:01 --> Session: Class initialized using 'CodeIgniter\Session\Handlers\FileHandler' driver.
INFO - 2025-12-10 03:34:28 --> Session: Class initialized using 'CodeIgniter\Session\Handlers\FileHandler' driver.
INFO - 2025-12-10 03:34:31 --> Session: Class initialized using 'CodeIgniter\Session\Handlers\FileHandler' driver.
INFO - 2025-12-10 03:34:42 --> Session: Class initialized using 'CodeIgniter\Session\Handlers\FileHandler' driver.
INFO - 2025-12-10 03:34:49 --> Session: Class initialized using 'CodeIgniter\Session\Handlers\FileHandler' driver.
INFO - 2025-12-10 03:36:37 --> Session: Class initialized using 'CodeIgniter\Session\Handlers\FileHandler' driver.
INFO - 2025-12-10 03:36:38 --> Session: Class initialized using 'CodeIgniter\Session\Handlers\FileHandler' driver.
INFO - 2025-12-10 03:37:12 --> Session: Class initialized using 'CodeIgniter\Session\Handlers\FileHandler' driver.
INFO - 2025-12-10 03:37:15 --> Session: Class initialized using 'CodeIgniter\Session\Handlers\FileHandler' driver.
INFO - 2025-12-10 03:37:20 --> Session: Class initialized using 'CodeIgniter\Session\Handlers\FileHandler' driver.
INFO - 2025-12-10 03:37:24 --> Session: Class initialized using 'CodeIgniter\Session\Handlers\FileHandler' driver.
INFO - 2025-12-10 03:37:45 --> Session: Class initialized using 'CodeIgniter\Session\Handlers\FileHandler' driver.
INFO - 2025-12-10 03:37:47 --> Session: Class initialized using 'CodeIgniter\Session\Handlers\FileHandler' driver.
INFO - 2025-12-10 03:40:10 --> Session: Class initialized using 'CodeIgniter\Session\Handlers\FileHandler' driver.
INFO - 2025-12-10 03:40:15 --> Session: Class initialized using 'CodeIgniter\Session\Handlers\FileHandler' driver.
INFO - 2025-12-10 03:40:43 --> Session: Class initialized using 'CodeIgniter\Session\Handlers\FileHandler' driver.
INFO - 2025-12-10 03:40:44 --> Session: Class initialized using 'CodeIgniter\Session\Handlers\FileHandler' driver.
INFO - 2025-12-10 03:41:41 --> Session: Class initialized using 'CodeIgniter\Session\Handlers\FileHandler' driver.
INFO - 2025-12-10 03:41:45 --> Session: Class initialized using 'CodeIgniter\Session\Handlers\FileHandler' driver.
INFO - 2025-12-10 03:41:58 --> Session: Class initialized using 'CodeIgniter\Session\Handlers\FileHandler' driver.
INFO - 2025-12-10 03:42:00 --> Session: Class initialized using 'CodeIgniter\Session\Handlers\FileHandler' driver.
INFO - 2025-12-10 03:42:04 --> Session: Class initialized using 'CodeIgniter\Session\Handlers\FileHandler' driver.
INFO - 2025-12-10 03:42:47 --> Session: Class initialized using 'CodeIgniter\Session\Handlers\FileHandler' driver.
INFO - 2025-12-10 03:43:14 --> Session: Class initialized using 'CodeIgniter\Session\Handlers\FileHandler' driver.
INFO - 2025-12-10 03:43:15 --> Session: Class initialized using 'CodeIgniter\Session\Handlers\FileHandler' driver.
INFO - 2025-12-10 03:43:25 --> Session: Class initialized using 'CodeIgniter\Session\Handlers\FileHandler' driver.
INFO - 2025-12-10 03:43:29 --> Session: Class initialized using 'CodeIgniter\Session\Handlers\FileHandler' driver.
INFO - 2025-12-10 03:43:51 --> Session: Class initialized using 'CodeIgniter\Session\Handlers\FileHandler' driver.
INFO - 2025-12-10 03:43:52 --> Session: Class initialized using 'CodeIgniter\Session\Handlers\FileHandler' driver.
INFO - 2025-12-10 03:43:59 --> Session: Class initialized using 'CodeIgniter\Session\Handlers\FileHandler' driver.
INFO - 2025-12-10 03:43:59 --> Session: Class initialized using 'CodeIgniter\Session\Handlers\FileHandler' driver.
INFO - 2025-12-10 03:44:12 --> Session: Class initialized using 'CodeIgniter\Session\Handlers\FileHandler' driver.
INFO - 2025-12-10 03:44:13 --> Session: Class initialized using 'CodeIgniter\Session\Handlers\FileHandler' driver.
INFO - 2025-12-10 03:45:24 --> Session: Class initialized using 'CodeIgniter\Session\Handlers\FileHandler' driver.
INFO - 2025-12-10 03:45:29 --> Session: Class initialized using 'CodeIgniter\Session\Handlers\FileHandler' driver.
INFO - 2025-12-10 03:45:47 --> Session: Class initialized using 'CodeIgniter\Session\Handlers\FileHandler' driver.
INFO - 2025-12-10 03:45:48 --> Session: Class initialized using 'CodeIgniter\Session\Handlers\FileHandler' driver.
INFO - 2025-12-10 03:45:52 --> Session: Class initialized using 'CodeIgniter\Session\Handlers\FileHandler' driver.
INFO - 2025-12-10 03:45:57 --> Session: Class initialized using 'CodeIgniter\Session\Handlers\FileHandler' driver.
INFO - 2025-12-10 03:46:15 --> Session: Class initialized using 'CodeIgniter\Session\Handlers\FileHandler' driver.
INFO - 2025-12-10 03:46:15 --> Session: Class initialized using 'CodeIgniter\Session\Handlers\FileHandler' driver.
INFO - 2025-12-10 03:46:20 --> Session: Class initialized using 'CodeIgniter\Session\Handlers\FileHandler' driver.
INFO - 2025-12-10 03:46:27 --> Session: Class initialized using 'CodeIgniter\Session\Handlers\FileHandler' driver.
INFO - 2025-12-10 03:46:44 --> Session: Class initialized using 'CodeIgniter\Session\Handlers\FileHandler' driver.
INFO - 2025-12-10 03:46:47 --> Session: Class initialized using 'CodeIgniter\Session\Handlers\FileHandler' driver.
INFO - 2025-12-10 03:47:00 --> Session: Class initialized using 'CodeIgniter\Session\Handlers\FileHandler' driver.
INFO - 2025-12-10 03:47:07 --> Session: Class initialized using 'CodeIgniter\Session\Handlers\FileHandler' driver.
INFO - 2025-12-10 03:48:17 --> Session: Class initialized using 'CodeIgniter\Session\Handlers\FileHandler' driver.
INFO - 2025-12-10 03:48:18 --> Session: Class initialized using 'CodeIgniter\Session\Handlers\FileHandler' driver.
INFO - 2025-12-10 03:48:25 --> Session: Class initialized using 'CodeIgniter\Session\Handlers\FileHandler' driver.
INFO - 2025-12-10 03:48:29 --> Session: Class initialized using 'CodeIgniter\Session\Handlers\FileHandler' driver.
INFO - 2025-12-10 03:48:29 --> Session: Class initialized using 'CodeIgniter\Session\Handlers\FileHandler' driver.
WARNING - 2025-12-10 09:22:20 --> [DEPRECATED] Creation of dynamic property App\Controllers\Suhu::$MasterDataModel is deprecated in APPPATH\Controllers\Suhu.php on line 205.
 1 SYSTEMPATH\CodeIgniter.php(904): App\Controllers\Suhu->__construct()
 2 SYSTEMPATH\CodeIgniter.php(488): CodeIgniter\CodeIgniter->createController()
 3 SYSTEMPATH\CodeIgniter.php(366): CodeIgniter\CodeIgniter->handleRequest(null, Object(Config\Cache), false)
 4 FCPATH\index.php(81): CodeIgniter\CodeIgniter->run()
INFO - 2025-12-10 09:22:21 --> Session: Class initialized using 'CodeIgniter\Session\Handlers\FileHandler' driver.
INFO - 2025-12-10 09:23:21 --> Session: Class initialized using 'CodeIgniter\Session\Handlers\FileHandler' driver.
INFO - 2025-12-10 09:23:21 --> Session: Class initialized using 'CodeIgniter\Session\Handlers\FileHandler' driver.
WARNING - 2025-12-10 09:23:24 --> [DEPRECATED] Creation of dynamic property App\Controllers\Suhu::$MasterDataModel is deprecated in APPPATH\Controllers\Suhu.php on line 205.
 1 SYSTEMPATH\CodeIgniter.php(904): App\Controllers\Suhu->__construct()
 2 SYSTEMPATH\CodeIgniter.php(488): CodeIgniter\CodeIgniter->createController()
 3 SYSTEMPATH\CodeIgniter.php(366): CodeIgniter\CodeIgniter->handleRequest(null, Object(Config\Cache), false)
 4 FCPATH\index.php(81): CodeIgniter\CodeIgniter->run()
INFO - 2025-12-10 09:23:24 --> Session: Class initialized using 'CodeIgniter\Session\Handlers\FileHandler' driver.
INFO - 2025-12-10 09:23:27 --> Session: Class initialized using 'CodeIgniter\Session\Handlers\FileHandler' driver.
INFO - 2025-12-10 09:23:27 --> Session: Class initialized using 'CodeIgniter\Session\Handlers\FileHandler' driver.
INFO - 2025-12-10 09:24:05 --> Session: Class initialized using 'CodeIgniter\Session\Handlers\FileHandler' driver.
INFO - 2025-12-10 09:24:05 --> Session: Class initialized using 'CodeIgniter\Session\Handlers\FileHandler' driver.
INFO - 2025-12-10 09:24:23 --> Session: Class initialized using 'CodeIgniter\Session\Handlers\FileHandler' driver.
INFO - 2025-12-10 09:24:23 --> Session: Class initialized using 'CodeIgniter\Session\Handlers\FileHandler' driver.
INFO - 2025-12-10 09:24:47 --> Session: Class initialized using 'CodeIgniter\Session\Handlers\FileHandler' driver.
INFO - 2025-12-10 09:24:53 --> Session: Class initialized using 'CodeIgniter\Session\Handlers\FileHandler' driver.
INFO - 2025-12-10 09:24:54 --> Session: Class initialized using 'CodeIgniter\Session\Handlers\FileHandler' driver.
INFO - 2025-12-10 09:25:00 --> Session: Class initialized using 'CodeIgniter\Session\Handlers\FileHandler' driver.
INFO - 2025-12-10 09:25:27 --> Session: Class initialized using 'CodeIgniter\Session\Handlers\FileHandler' driver.
INFO - 2025-12-10 09:25:41 --> Session: Class initialized using 'CodeIgniter\Session\Handlers\FileHandler' driver.
WARNING - 2025-12-10 09:25:41 --> [DEPRECATED] Creation of dynamic property App\Controllers\Suhu::$MasterDataModel is deprecated in APPPATH\Controllers\Suhu.php on line 205.
 1 SYSTEMPATH\CodeIgniter.php(904): App\Controllers\Suhu->__construct()
 2 SYSTEMPATH\CodeIgniter.php(488): CodeIgniter\CodeIgniter->createController()
 3 SYSTEMPATH\CodeIgniter.php(366): CodeIgniter\CodeIgniter->handleRequest(null, Object(Config\Cache), false)
 4 FCPATH\index.php(81): CodeIgniter\CodeIgniter->run()
WARNING - 2025-12-10 09:26:05 --> [DEPRECATED] Creation of dynamic property App\Controllers\Suhu::$MasterDataModel is deprecated in APPPATH\Controllers\Suhu.php on line 205.
 1 SYSTEMPATH\CodeIgniter.php(904): App\Controllers\Suhu->__construct()
 2 SYSTEMPATH\CodeIgniter.php(488): CodeIgniter\CodeIgniter->createController()
 3 SYSTEMPATH\CodeIgniter.php(366): CodeIgniter\CodeIgniter->handleRequest(null, Object(Config\Cache), false)
 4 FCPATH\index.php(81): CodeIgniter\CodeIgniter->run()
INFO - 2025-12-10 09:26:05 --> Session: Class initialized using 'CodeIgniter\Session\Handlers\FileHandler' driver.
INFO - 2025-12-10 09:43:13 --> Session: Class initialized using 'CodeIgniter\Session\Handlers\FileHandler' driver.
INFO - 2025-12-10 09:43:14 --> Session: Class initialized using 'CodeIgniter\Session\Handlers\FileHandler' driver.
INFO - 2025-12-10 09:43:19 --> Session: Class initialized using 'CodeIgniter\Session\Handlers\FileHandler' driver.
INFO - 2025-12-10 09:43:19 --> Session: Class initialized using 'CodeIgniter\Session\Handlers\FileHandler' driver.
INFO - 2025-12-10 09:44:26 --> Session: Class initialized using 'CodeIgniter\Session\Handlers\FileHandler' driver.
INFO - 2025-12-10 09:44:30 --> Session: Class initialized using 'CodeIgniter\Session\Handlers\FileHandler' driver.
WARNING - 2025-12-10 09:44:30 --> [DEPRECATED] Creation of dynamic property App\Controllers\Suhu::$MasterDataModel is deprecated in APPPATH\Controllers\Suhu.php on line 205.
 1 SYSTEMPATH\CodeIgniter.php(904): App\Controllers\Suhu->__construct()
 2 SYSTEMPATH\CodeIgniter.php(488): CodeIgniter\CodeIgniter->createController()
 3 SYSTEMPATH\CodeIgniter.php(366): CodeIgniter\CodeIgniter->handleRequest(null, Object(Config\Cache), false)
 4 FCPATH\index.php(81): CodeIgniter\CodeIgniter->run()
WARNING - 2025-12-10 09:44:44 --> [DEPRECATED] Creation of dynamic property App\Controllers\Suhu::$MasterDataModel is deprecated in APPPATH\Controllers\Suhu.php on line 205.
 1 SYSTEMPATH\CodeIgniter.php(904): App\Controllers\Suhu->__construct()
 2 SYSTEMPATH\CodeIgniter.php(488): CodeIgniter\CodeIgniter->createController()
 3 SYSTEMPATH\CodeIgniter.php(366): CodeIgniter\CodeIgniter->handleRequest(null, Object(Config\Cache), false)
 4 FCPATH\index.php(81): CodeIgniter\CodeIgniter->run()
INFO - 2025-12-10 09:44:45 --> Session: Class initialized using 'CodeIgniter\Session\Handlers\FileHandler' driver.
WARNING - 2025-12-10 09:44:50 --> [DEPRECATED] Creation of dynamic property App\Controllers\Suhu::$MasterDataModel is deprecated in APPPATH\Controllers\Suhu.php on line 205.
 1 SYSTEMPATH\CodeIgniter.php(904): App\Controllers\Suhu->__construct()
 2 SYSTEMPATH\CodeIgniter.php(488): CodeIgniter\CodeIgniter->createController()
 3 SYSTEMPATH\CodeIgniter.php(366): CodeIgniter\CodeIgniter->handleRequest(null, Object(Config\Cache), false)
 4 FCPATH\index.php(81): CodeIgniter\CodeIgniter->run()
INFO - 2025-12-10 09:44:50 --> Session: Class initialized using 'CodeIgniter\Session\Handlers\FileHandler' driver.
WARNING - 2025-12-10 09:44:50 --> [DEPRECATED] Creation of dynamic property App\Controllers\Suhu::$MasterDataModel is deprecated in APPPATH\Controllers\Suhu.php on line 205.
 1 SYSTEMPATH\CodeIgniter.php(904): App\Controllers\Suhu->__construct()
 2 SYSTEMPATH\CodeIgniter.php(488): CodeIgniter\CodeIgniter->createController()
 3 SYSTEMPATH\CodeIgniter.php(366): CodeIgniter\CodeIgniter->handleRequest(null, Object(Config\Cache), false)
 4 FCPATH\index.php(81): CodeIgniter\CodeIgniter->run()
CRITICAL - 2025-12-10 09:44:50 --> Trying to access array offset on value of type null
in APPPATH\Controllers\Suhu.php on line 162.
 1 APPPATH\Controllers\Suhu.php(162): CodeIgniter\Debug\Exceptions->errorHandler(2, 'Trying to access array offset on value of type null', 'C:\\xampp\\htdocs\\ereport-ehm\\app\\Controllers\\Suhu.php', 162)
 2 SYSTEMPATH\CodeIgniter.php(932): App\Controllers\Suhu->AddSuhu('jquery.js')
 3 SYSTEMPATH\CodeIgniter.php(497): CodeIgniter\CodeIgniter->runController(Object(App\Controllers\Suhu))
 4 SYSTEMPATH\CodeIgniter.php(366): CodeIgniter\CodeIgniter->handleRequest(null, Object(Config\Cache), false)
 5 FCPATH\index.php(81): CodeIgniter\CodeIgniter->run()
WARNING - 2025-12-10 09:44:51 --> [DEPRECATED] Creation of dynamic property App\Controllers\Suhu::$MasterDataModel is deprecated in APPPATH\Controllers\Suhu.php on line 205.
 1 SYSTEMPATH\CodeIgniter.php(904): App\Controllers\Suhu->__construct()
 2 SYSTEMPATH\CodeIgniter.php(488): CodeIgniter\CodeIgniter->createController()
 3 SYSTEMPATH\CodeIgniter.php(366): CodeIgniter\CodeIgniter->handleRequest(null, Object(Config\Cache), false)
 4 FCPATH\index.php(81): CodeIgniter\CodeIgniter->run()
CRITICAL - 2025-12-10 09:44:51 --> Trying to access array offset on value of type null
in APPPATH\Controllers\Suhu.php on line 162.
 1 APPPATH\Controllers\Suhu.php(162): CodeIgniter\Debug\Exceptions->errorHandler(2, 'Trying to access array offset on value of type null', 'C:\\xampp\\htdocs\\ereport-ehm\\app\\Controllers\\Suhu.php', 162)
 2 SYSTEMPATH\CodeIgniter.php(932): App\Controllers\Suhu->AddSuhu('bootstrap.js')
 3 SYSTEMPATH\CodeIgniter.php(497): CodeIgniter\CodeIgniter->runController(Object(App\Controllers\Suhu))
 4 SYSTEMPATH\CodeIgniter.php(366): CodeIgniter\CodeIgniter->handleRequest(null, Object(Config\Cache), false)
 5 FCPATH\index.php(81): CodeIgniter\CodeIgniter->run()
WARNING - 2025-12-10 09:45:24 --> [DEPRECATED] Creation of dynamic property App\Controllers\Suhu::$MasterDataModel is deprecated in APPPATH\Controllers\Suhu.php on line 205.
 1 SYSTEMPATH\CodeIgniter.php(904): App\Controllers\Suhu->__construct()
 2 SYSTEMPATH\CodeIgniter.php(488): CodeIgniter\CodeIgniter->createController()
 3 SYSTEMPATH\CodeIgniter.php(366): CodeIgniter\CodeIgniter->handleRequest(null, Object(Config\Cache), false)
 4 FCPATH\index.php(81): CodeIgniter\CodeIgniter->run()
INFO - 2025-12-10 09:45:24 --> Session: Class initialized using 'CodeIgniter\Session\Handlers\FileHandler' driver.
WARNING - 2025-12-10 09:45:26 --> [DEPRECATED] Creation of dynamic property App\Controllers\Suhu::$MasterDataModel is deprecated in APPPATH\Controllers\Suhu.php on line 205.
 1 SYSTEMPATH\CodeIgniter.php(904): App\Controllers\Suhu->__construct()
 2 SYSTEMPATH\CodeIgniter.php(488): CodeIgniter\CodeIgniter->createController()
 3 SYSTEMPATH\CodeIgniter.php(366): CodeIgniter\CodeIgniter->handleRequest(null, Object(Config\Cache), false)
 4 FCPATH\index.php(81): CodeIgniter\CodeIgniter->run()
INFO - 2025-12-10 09:45:27 --> Session: Class initialized using 'CodeIgniter\Session\Handlers\FileHandler' driver.
WARNING - 2025-12-10 09:45:27 --> [DEPRECATED] Creation of dynamic property App\Controllers\Suhu::$MasterDataModel is deprecated in APPPATH\Controllers\Suhu.php on line 205.
 1 SYSTEMPATH\CodeIgniter.php(904): App\Controllers\Suhu->__construct()
 2 SYSTEMPATH\CodeIgniter.php(488): CodeIgniter\CodeIgniter->createController()
 3 SYSTEMPATH\CodeIgniter.php(366): CodeIgniter\CodeIgniter->handleRequest(null, Object(Config\Cache), false)
 4 FCPATH\index.php(81): CodeIgniter\CodeIgniter->run()
WARNING - 2025-12-10 09:45:28 --> [DEPRECATED] Creation of dynamic property App\Controllers\Suhu::$MasterDataModel is deprecated in APPPATH\Controllers\Suhu.php on line 205.
 1 SYSTEMPATH\CodeIgniter.php(904): App\Controllers\Suhu->__construct()
 2 SYSTEMPATH\CodeIgniter.php(488): CodeIgniter\CodeIgniter->createController()
 3 SYSTEMPATH\CodeIgniter.php(366): CodeIgniter\CodeIgniter->handleRequest(null, Object(Config\Cache), false)
 4 FCPATH\index.php(81): CodeIgniter\CodeIgniter->run()
CRITICAL - 2025-12-10 09:45:28 --> Trying to access array offset on value of type null
in APPPATH\Controllers\Suhu.php on line 162.
 1 APPPATH\Controllers\Suhu.php(162): CodeIgniter\Debug\Exceptions->errorHandler(2, 'Trying to access array offset on value of type null', 'C:\\xampp\\htdocs\\ereport-ehm\\app\\Controllers\\Suhu.php', 162)
 2 SYSTEMPATH\CodeIgniter.php(932): App\Controllers\Suhu->AddSuhu('jquery.js')
 3 SYSTEMPATH\CodeIgniter.php(497): CodeIgniter\CodeIgniter->runController(Object(App\Controllers\Suhu))
 4 SYSTEMPATH\CodeIgniter.php(366): CodeIgniter\CodeIgniter->handleRequest(null, Object(Config\Cache), false)
 5 FCPATH\index.php(81): CodeIgniter\CodeIgniter->run()
CRITICAL - 2025-12-10 09:45:28 --> Trying to access array offset on value of type null
in APPPATH\Controllers\Suhu.php on line 162.
 1 APPPATH\Controllers\Suhu.php(162): CodeIgniter\Debug\Exceptions->errorHandler(2, 'Trying to access array offset on value of type null', 'C:\\xampp\\htdocs\\ereport-ehm\\app\\Controllers\\Suhu.php', 162)
 2 SYSTEMPATH\CodeIgniter.php(932): App\Controllers\Suhu->AddSuhu('bootstrap.js')
 3 SYSTEMPATH\CodeIgniter.php(497): CodeIgniter\CodeIgniter->runController(Object(App\Controllers\Suhu))
 4 SYSTEMPATH\CodeIgniter.php(366): CodeIgniter\CodeIgniter->handleRequest(null, Object(Config\Cache), false)
 5 FCPATH\index.php(81): CodeIgniter\CodeIgniter->run()
INFO - 2025-12-10 09:45:33 --> Session: Class initialized using 'CodeIgniter\Session\Handlers\FileHandler' driver.
WARNING - 2025-12-10 09:45:33 --> [DEPRECATED] Creation of dynamic property App\Controllers\Suhu::$MasterDataModel is deprecated in APPPATH\Controllers\Suhu.php on line 205.
 1 SYSTEMPATH\CodeIgniter.php(904): App\Controllers\Suhu->__construct()
 2 SYSTEMPATH\CodeIgniter.php(488): CodeIgniter\CodeIgniter->createController()
 3 SYSTEMPATH\CodeIgniter.php(366): CodeIgniter\CodeIgniter->handleRequest(null, Object(Config\Cache), false)
 4 FCPATH\index.php(81): CodeIgniter\CodeIgniter->run()
WARNING - 2025-12-10 09:45:57 --> [DEPRECATED] Creation of dynamic property App\Controllers\Suhu::$MasterDataModel is deprecated in APPPATH\Controllers\Suhu.php on line 205.
 1 SYSTEMPATH\CodeIgniter.php(904): App\Controllers\Suhu->__construct()
 2 SYSTEMPATH\CodeIgniter.php(488): CodeIgniter\CodeIgniter->createController()
 3 SYSTEMPATH\CodeIgniter.php(366): CodeIgniter\CodeIgniter->handleRequest(null, Object(Config\Cache), false)
 4 FCPATH\index.php(81): CodeIgniter\CodeIgniter->run()
INFO - 2025-12-10 09:45:57 --> Session: Class initialized using 'CodeIgniter\Session\Handlers\FileHandler' driver.
WARNING - 2025-12-10 09:46:05 --> [DEPRECATED] Creation of dynamic property App\Controllers\Suhu::$MasterDataModel is deprecated in APPPATH\Controllers\Suhu.php on line 205.
 1 SYSTEMPATH\CodeIgniter.php(904): App\Controllers\Suhu->__construct()
 2 SYSTEMPATH\CodeIgniter.php(488): CodeIgniter\CodeIgniter->createController()
 3 SYSTEMPATH\CodeIgniter.php(366): CodeIgniter\CodeIgniter->handleRequest(null, Object(Config\Cache), false)
 4 FCPATH\index.php(81): CodeIgniter\CodeIgniter->run()
INFO - 2025-12-10 09:46:06 --> Session: Class initialized using 'CodeIgniter\Session\Handlers\FileHandler' driver.
WARNING - 2025-12-10 09:46:06 --> [DEPRECATED] Creation of dynamic property App\Controllers\Suhu::$MasterDataModel is deprecated in APPPATH\Controllers\Suhu.php on line 205.
 1 SYSTEMPATH\CodeIgniter.php(904): App\Controllers\Suhu->__construct()
 2 SYSTEMPATH\CodeIgniter.php(488): CodeIgniter\CodeIgniter->createController()
 3 SYSTEMPATH\CodeIgniter.php(366): CodeIgniter\CodeIgniter->handleRequest(null, Object(Config\Cache), false)
 4 FCPATH\index.php(81): CodeIgniter\CodeIgniter->run()
CRITICAL - 2025-12-10 09:46:06 --> Trying to access array offset on value of type null
in APPPATH\Controllers\Suhu.php on line 162.
 1 APPPATH\Controllers\Suhu.php(162): CodeIgniter\Debug\Exceptions->errorHandler(2, 'Trying to access array offset on value of type null', 'C:\\xampp\\htdocs\\ereport-ehm\\app\\Controllers\\Suhu.php', 162)
 2 SYSTEMPATH\CodeIgniter.php(932): App\Controllers\Suhu->AddSuhu('jquery.js')
 3 SYSTEMPATH\CodeIgniter.php(497): CodeIgniter\CodeIgniter->runController(Object(App\Controllers\Suhu))
 4 SYSTEMPATH\CodeIgniter.php(366): CodeIgniter\CodeIgniter->handleRequest(null, Object(Config\Cache), false)
 5 FCPATH\index.php(81): CodeIgniter\CodeIgniter->run()
WARNING - 2025-12-10 09:46:06 --> [DEPRECATED] Creation of dynamic property App\Controllers\Suhu::$MasterDataModel is deprecated in APPPATH\Controllers\Suhu.php on line 205.
 1 SYSTEMPATH\CodeIgniter.php(904): App\Controllers\Suhu->__construct()
 2 SYSTEMPATH\CodeIgniter.php(488): CodeIgniter\CodeIgniter->createController()
 3 SYSTEMPATH\CodeIgniter.php(366): CodeIgniter\CodeIgniter->handleRequest(null, Object(Config\Cache), false)
 4 FCPATH\index.php(81): CodeIgniter\CodeIgniter->run()
CRITICAL - 2025-12-10 09:46:06 --> Trying to access array offset on value of type null
in APPPATH\Controllers\Suhu.php on line 162.
 1 APPPATH\Controllers\Suhu.php(162): CodeIgniter\Debug\Exceptions->errorHandler(2, 'Trying to access array offset on value of type null', 'C:\\xampp\\htdocs\\ereport-ehm\\app\\Controllers\\Suhu.php', 162)
 2 SYSTEMPATH\CodeIgniter.php(932): App\Controllers\Suhu->AddSuhu('bootstrap.js')
 3 SYSTEMPATH\CodeIgniter.php(497): CodeIgniter\CodeIgniter->runController(Object(App\Controllers\Suhu))
 4 SYSTEMPATH\CodeIgniter.php(366): CodeIgniter\CodeIgniter->handleRequest(null, Object(Config\Cache), false)
 5 FCPATH\index.php(81): CodeIgniter\CodeIgniter->run()
WARNING - 2025-12-10 09:46:13 --> [DEPRECATED] Creation of dynamic property App\Controllers\Suhu::$MasterDataModel is deprecated in APPPATH\Controllers\Suhu.php on line 205.
 1 SYSTEMPATH\CodeIgniter.php(904): App\Controllers\Suhu->__construct()
 2 SYSTEMPATH\CodeIgniter.php(488): CodeIgniter\CodeIgniter->createController()
 3 SYSTEMPATH\CodeIgniter.php(366): CodeIgniter\CodeIgniter->handleRequest(null, Object(Config\Cache), false)
 4 FCPATH\index.php(81): CodeIgniter\CodeIgniter->run()
INFO - 2025-12-10 09:46:13 --> Session: Class initialized using 'CodeIgniter\Session\Handlers\FileHandler' driver.
WARNING - 2025-12-10 09:46:22 --> [DEPRECATED] Creation of dynamic property App\Controllers\Suhu::$MasterDataModel is deprecated in APPPATH\Controllers\Suhu.php on line 205.
 1 SYSTEMPATH\CodeIgniter.php(904): App\Controllers\Suhu->__construct()
 2 SYSTEMPATH\CodeIgniter.php(488): CodeIgniter\CodeIgniter->createController()
 3 SYSTEMPATH\CodeIgniter.php(366): CodeIgniter\CodeIgniter->handleRequest(null, Object(Config\Cache), false)
 4 FCPATH\index.php(81): CodeIgniter\CodeIgniter->run()
INFO - 2025-12-10 09:46:23 --> Session: Class initialized using 'CodeIgniter\Session\Handlers\FileHandler' driver.
WARNING - 2025-12-10 09:46:24 --> [DEPRECATED] Creation of dynamic property App\Controllers\Suhu::$MasterDataModel is deprecated in APPPATH\Controllers\Suhu.php on line 205.
 1 SYSTEMPATH\CodeIgniter.php(904): App\Controllers\Suhu->__construct()
 2 SYSTEMPATH\CodeIgniter.php(488): CodeIgniter\CodeIgniter->createController()
 3 SYSTEMPATH\CodeIgniter.php(366): CodeIgniter\CodeIgniter->handleRequest(null, Object(Config\Cache), false)
 4 FCPATH\index.php(81): CodeIgniter\CodeIgniter->run()
CRITICAL - 2025-12-10 09:46:24 --> Trying to access array offset on value of type null
in APPPATH\Controllers\Suhu.php on line 162.
 1 APPPATH\Controllers\Suhu.php(162): CodeIgniter\Debug\Exceptions->errorHandler(2, 'Trying to access array offset on value of type null', 'C:\\xampp\\htdocs\\ereport-ehm\\app\\Controllers\\Suhu.php', 162)
 2 SYSTEMPATH\CodeIgniter.php(932): App\Controllers\Suhu->AddSuhu('jquery.js')
 3 SYSTEMPATH\CodeIgniter.php(497): CodeIgniter\CodeIgniter->runController(Object(App\Controllers\Suhu))
 4 SYSTEMPATH\CodeIgniter.php(366): CodeIgniter\CodeIgniter->handleRequest(null, Object(Config\Cache), false)
 5 FCPATH\index.php(81): CodeIgniter\CodeIgniter->run()
WARNING - 2025-12-10 09:46:24 --> [DEPRECATED] Creation of dynamic property App\Controllers\Suhu::$MasterDataModel is deprecated in APPPATH\Controllers\Suhu.php on line 205.
 1 SYSTEMPATH\CodeIgniter.php(904): App\Controllers\Suhu->__construct()
 2 SYSTEMPATH\CodeIgniter.php(488): CodeIgniter\CodeIgniter->createController()
 3 SYSTEMPATH\CodeIgniter.php(366): CodeIgniter\CodeIgniter->handleRequest(null, Object(Config\Cache), false)
 4 FCPATH\index.php(81): CodeIgniter\CodeIgniter->run()
CRITICAL - 2025-12-10 09:46:24 --> Trying to access array offset on value of type null
in APPPATH\Controllers\Suhu.php on line 162.
 1 APPPATH\Controllers\Suhu.php(162): CodeIgniter\Debug\Exceptions->errorHandler(2, 'Trying to access array offset on value of type null', 'C:\\xampp\\htdocs\\ereport-ehm\\app\\Controllers\\Suhu.php', 162)
 2 SYSTEMPATH\CodeIgniter.php(932): App\Controllers\Suhu->AddSuhu('bootstrap.js')
 3 SYSTEMPATH\CodeIgniter.php(497): CodeIgniter\CodeIgniter->runController(Object(App\Controllers\Suhu))
 4 SYSTEMPATH\CodeIgniter.php(366): CodeIgniter\CodeIgniter->handleRequest(null, Object(Config\Cache), false)
 5 FCPATH\index.php(81): CodeIgniter\CodeIgniter->run()
WARNING - 2025-12-10 09:46:41 --> [DEPRECATED] Creation of dynamic property App\Controllers\Suhu::$MasterDataModel is deprecated in APPPATH\Controllers\Suhu.php on line 205.
 1 SYSTEMPATH\CodeIgniter.php(904): App\Controllers\Suhu->__construct()
 2 SYSTEMPATH\CodeIgniter.php(488): CodeIgniter\CodeIgniter->createController()
 3 SYSTEMPATH\CodeIgniter.php(366): CodeIgniter\CodeIgniter->handleRequest(null, Object(Config\Cache), false)
 4 FCPATH\index.php(81): CodeIgniter\CodeIgniter->run()
INFO - 2025-12-10 09:46:41 --> Session: Class initialized using 'CodeIgniter\Session\Handlers\FileHandler' driver.
WARNING - 2025-12-10 09:46:43 --> [DEPRECATED] Creation of dynamic property App\Controllers\Suhu::$MasterDataModel is deprecated in APPPATH\Controllers\Suhu.php on line 205.
 1 SYSTEMPATH\CodeIgniter.php(904): App\Controllers\Suhu->__construct()
 2 SYSTEMPATH\CodeIgniter.php(488): CodeIgniter\CodeIgniter->createController()
 3 SYSTEMPATH\CodeIgniter.php(366): CodeIgniter\CodeIgniter->handleRequest(null, Object(Config\Cache), false)
 4 FCPATH\index.php(81): CodeIgniter\CodeIgniter->run()
INFO - 2025-12-10 09:46:44 --> Session: Class initialized using 'CodeIgniter\Session\Handlers\FileHandler' driver.
WARNING - 2025-12-10 09:46:44 --> [DEPRECATED] Creation of dynamic property App\Controllers\Suhu::$MasterDataModel is deprecated in APPPATH\Controllers\Suhu.php on line 205.
 1 SYSTEMPATH\CodeIgniter.php(904): App\Controllers\Suhu->__construct()
 2 SYSTEMPATH\CodeIgniter.php(488): CodeIgniter\CodeIgniter->createController()
 3 SYSTEMPATH\CodeIgniter.php(366): CodeIgniter\CodeIgniter->handleRequest(null, Object(Config\Cache), false)
 4 FCPATH\index.php(81): CodeIgniter\CodeIgniter->run()
CRITICAL - 2025-12-10 09:46:45 --> Trying to access array offset on value of type null
in APPPATH\Controllers\Suhu.php on line 162.
 1 APPPATH\Controllers\Suhu.php(162): CodeIgniter\Debug\Exceptions->errorHandler(2, 'Trying to access array offset on value of type null', 'C:\\xampp\\htdocs\\ereport-ehm\\app\\Controllers\\Suhu.php', 162)
 2 SYSTEMPATH\CodeIgniter.php(932): App\Controllers\Suhu->AddSuhu('bootstrap.js')
 3 SYSTEMPATH\CodeIgniter.php(497): CodeIgniter\CodeIgniter->runController(Object(App\Controllers\Suhu))
 4 SYSTEMPATH\CodeIgniter.php(366): CodeIgniter\CodeIgniter->handleRequest(null, Object(Config\Cache), false)
 5 FCPATH\index.php(81): CodeIgniter\CodeIgniter->run()
WARNING - 2025-12-10 09:46:45 --> [DEPRECATED] Creation of dynamic property App\Controllers\Suhu::$MasterDataModel is deprecated in APPPATH\Controllers\Suhu.php on line 205.
 1 SYSTEMPATH\CodeIgniter.php(904): App\Controllers\Suhu->__construct()
 2 SYSTEMPATH\CodeIgniter.php(488): CodeIgniter\CodeIgniter->createController()
 3 SYSTEMPATH\CodeIgniter.php(366): CodeIgniter\CodeIgniter->handleRequest(null, Object(Config\Cache), false)
 4 FCPATH\index.php(81): CodeIgniter\CodeIgniter->run()
CRITICAL - 2025-12-10 09:46:47 --> Trying to access array offset on value of type null
in APPPATH\Controllers\Suhu.php on line 162.
 1 APPPATH\Controllers\Suhu.php(162): CodeIgniter\Debug\Exceptions->errorHandler(2, 'Trying to access array offset on value of type null', 'C:\\xampp\\htdocs\\ereport-ehm\\app\\Controllers\\Suhu.php', 162)
 2 SYSTEMPATH\CodeIgniter.php(932): App\Controllers\Suhu->AddSuhu('jquery.js')
 3 SYSTEMPATH\CodeIgniter.php(497): CodeIgniter\CodeIgniter->runController(Object(App\Controllers\Suhu))
 4 SYSTEMPATH\CodeIgniter.php(366): CodeIgniter\CodeIgniter->handleRequest(null, Object(Config\Cache), false)
 5 FCPATH\index.php(81): CodeIgniter\CodeIgniter->run()
INFO - 2025-12-10 09:46:47 --> Session: Class initialized using 'CodeIgniter\Session\Handlers\FileHandler' driver.
WARNING - 2025-12-10 09:46:47 --> [DEPRECATED] Creation of dynamic property App\Controllers\Suhu::$MasterDataModel is deprecated in APPPATH\Controllers\Suhu.php on line 205.
 1 SYSTEMPATH\CodeIgniter.php(904): App\Controllers\Suhu->__construct()
 2 SYSTEMPATH\CodeIgniter.php(488): CodeIgniter\CodeIgniter->createController()
 3 SYSTEMPATH\CodeIgniter.php(366): CodeIgniter\CodeIgniter->handleRequest(null, Object(Config\Cache), false)
 4 FCPATH\index.php(81): CodeIgniter\CodeIgniter->run()
WARNING - 2025-12-10 09:47:00 --> [DEPRECATED] Creation of dynamic property App\Controllers\Suhu::$MasterDataModel is deprecated in APPPATH\Controllers\Suhu.php on line 205.
 1 SYSTEMPATH\CodeIgniter.php(904): App\Controllers\Suhu->__construct()
 2 SYSTEMPATH\CodeIgniter.php(488): CodeIgniter\CodeIgniter->createController()
 3 SYSTEMPATH\CodeIgniter.php(366): CodeIgniter\CodeIgniter->handleRequest(null, Object(Config\Cache), false)
 4 FCPATH\index.php(81): CodeIgniter\CodeIgniter->run()
INFO - 2025-12-10 09:47:02 --> Session: Class initialized using 'CodeIgniter\Session\Handlers\FileHandler' driver.
WARNING - 2025-12-10 09:47:15 --> [DEPRECATED] Creation of dynamic property App\Controllers\Suhu::$MasterDataModel is deprecated in APPPATH\Controllers\Suhu.php on line 205.
 1 SYSTEMPATH\CodeIgniter.php(904): App\Controllers\Suhu->__construct()
 2 SYSTEMPATH\CodeIgniter.php(488): CodeIgniter\CodeIgniter->createController()
 3 SYSTEMPATH\CodeIgniter.php(366): CodeIgniter\CodeIgniter->handleRequest(null, Object(Config\Cache), false)
 4 FCPATH\index.php(81): CodeIgniter\CodeIgniter->run()
INFO - 2025-12-10 09:47:15 --> Session: Class initialized using 'CodeIgniter\Session\Handlers\FileHandler' driver.
WARNING - 2025-12-10 09:47:16 --> [DEPRECATED] Creation of dynamic property App\Controllers\Suhu::$MasterDataModel is deprecated in APPPATH\Controllers\Suhu.php on line 205.
 1 SYSTEMPATH\CodeIgniter.php(904): App\Controllers\Suhu->__construct()
 2 SYSTEMPATH\CodeIgniter.php(488): CodeIgniter\CodeIgniter->createController()
 3 SYSTEMPATH\CodeIgniter.php(366): CodeIgniter\CodeIgniter->handleRequest(null, Object(Config\Cache), false)
 4 FCPATH\index.php(81): CodeIgniter\CodeIgniter->run()
WARNING - 2025-12-10 09:47:16 --> [DEPRECATED] Creation of dynamic property App\Controllers\Suhu::$MasterDataModel is deprecated in APPPATH\Controllers\Suhu.php on line 205.
 1 SYSTEMPATH\CodeIgniter.php(904): App\Controllers\Suhu->__construct()
 2 SYSTEMPATH\CodeIgniter.php(488): CodeIgniter\CodeIgniter->createController()
 3 SYSTEMPATH\CodeIgniter.php(366): CodeIgniter\CodeIgniter->handleRequest(null, Object(Config\Cache), false)
 4 FCPATH\index.php(81): CodeIgniter\CodeIgniter->run()
CRITICAL - 2025-12-10 09:47:16 --> Trying to access array offset on value of type null
in APPPATH\Controllers\Suhu.php on line 162.
 1 APPPATH\Controllers\Suhu.php(162): CodeIgniter\Debug\Exceptions->errorHandler(2, 'Trying to access array offset on value of type null', 'C:\\xampp\\htdocs\\ereport-ehm\\app\\Controllers\\Suhu.php', 162)
 2 SYSTEMPATH\CodeIgniter.php(932): App\Controllers\Suhu->AddSuhu('jquery.js')
 3 SYSTEMPATH\CodeIgniter.php(497): CodeIgniter\CodeIgniter->runController(Object(App\Controllers\Suhu))
 4 SYSTEMPATH\CodeIgniter.php(366): CodeIgniter\CodeIgniter->handleRequest(null, Object(Config\Cache), false)
 5 FCPATH\index.php(81): CodeIgniter\CodeIgniter->run()
CRITICAL - 2025-12-10 09:47:16 --> Trying to access array offset on value of type null
in APPPATH\Controllers\Suhu.php on line 162.
 1 APPPATH\Controllers\Suhu.php(162): CodeIgniter\Debug\Exceptions->errorHandler(2, 'Trying to access array offset on value of type null', 'C:\\xampp\\htdocs\\ereport-ehm\\app\\Controllers\\Suhu.php', 162)
 2 SYSTEMPATH\CodeIgniter.php(932): App\Controllers\Suhu->AddSuhu('bootstrap.js')
 3 SYSTEMPATH\CodeIgniter.php(497): CodeIgniter\CodeIgniter->runController(Object(App\Controllers\Suhu))
 4 SYSTEMPATH\CodeIgniter.php(366): CodeIgniter\CodeIgniter->handleRequest(null, Object(Config\Cache), false)
 5 FCPATH\index.php(81): CodeIgniter\CodeIgniter->run()
WARNING - 2025-12-10 09:47:54 --> [DEPRECATED] Creation of dynamic property App\Controllers\Suhu::$MasterDataModel is deprecated in APPPATH\Controllers\Suhu.php on line 205.
 1 SYSTEMPATH\CodeIgniter.php(904): App\Controllers\Suhu->__construct()
 2 SYSTEMPATH\CodeIgniter.php(488): CodeIgniter\CodeIgniter->createController()
 3 SYSTEMPATH\CodeIgniter.php(366): CodeIgniter\CodeIgniter->handleRequest(null, Object(Config\Cache), false)
 4 FCPATH\index.php(81): CodeIgniter\CodeIgniter->run()
INFO - 2025-12-10 09:47:54 --> Session: Class initialized using 'CodeIgniter\Session\Handlers\FileHandler' driver.
WARNING - 2025-12-10 09:47:54 --> [DEPRECATED] Creation of dynamic property App\Controllers\Suhu::$MasterDataModel is deprecated in APPPATH\Controllers\Suhu.php on line 205.
 1 SYSTEMPATH\CodeIgniter.php(904): App\Controllers\Suhu->__construct()
 2 SYSTEMPATH\CodeIgniter.php(488): CodeIgniter\CodeIgniter->createController()
 3 SYSTEMPATH\CodeIgniter.php(366): CodeIgniter\CodeIgniter->handleRequest(null, Object(Config\Cache), false)
 4 FCPATH\index.php(81): CodeIgniter\CodeIgniter->run()
INFO - 2025-12-10 09:47:55 --> Session: Class initialized using 'CodeIgniter\Session\Handlers\FileHandler' driver.
WARNING - 2025-12-10 09:47:55 --> [DEPRECATED] Creation of dynamic property App\Controllers\Suhu::$MasterDataModel is deprecated in APPPATH\Controllers\Suhu.php on line 205.
 1 SYSTEMPATH\CodeIgniter.php(904): App\Controllers\Suhu->__construct()
 2 SYSTEMPATH\CodeIgniter.php(488): CodeIgniter\CodeIgniter->createController()
 3 SYSTEMPATH\CodeIgniter.php(366): CodeIgniter\CodeIgniter->handleRequest(null, Object(Config\Cache), false)
 4 FCPATH\index.php(81): CodeIgniter\CodeIgniter->run()
CRITICAL - 2025-12-10 09:47:55 --> Trying to access array offset on value of type null
in APPPATH\Controllers\Suhu.php on line 162.
 1 APPPATH\Controllers\Suhu.php(162): CodeIgniter\Debug\Exceptions->errorHandler(2, 'Trying to access array offset on value of type null', 'C:\\xampp\\htdocs\\ereport-ehm\\app\\Controllers\\Suhu.php', 162)
 2 SYSTEMPATH\CodeIgniter.php(932): App\Controllers\Suhu->AddSuhu('jquery.js')
 3 SYSTEMPATH\CodeIgniter.php(497): CodeIgniter\CodeIgniter->runController(Object(App\Controllers\Suhu))
 4 SYSTEMPATH\CodeIgniter.php(366): CodeIgniter\CodeIgniter->handleRequest(null, Object(Config\Cache), false)
 5 FCPATH\index.php(81): CodeIgniter\CodeIgniter->run()
WARNING - 2025-12-10 09:47:55 --> [DEPRECATED] Creation of dynamic property App\Controllers\Suhu::$MasterDataModel is deprecated in APPPATH\Controllers\Suhu.php on line 205.
 1 SYSTEMPATH\CodeIgniter.php(904): App\Controllers\Suhu->__construct()
 2 SYSTEMPATH\CodeIgniter.php(488): CodeIgniter\CodeIgniter->createController()
 3 SYSTEMPATH\CodeIgniter.php(366): CodeIgniter\CodeIgniter->handleRequest(null, Object(Config\Cache), false)
 4 FCPATH\index.php(81): CodeIgniter\CodeIgniter->run()
CRITICAL - 2025-12-10 09:47:55 --> Trying to access array offset on value of type null
in APPPATH\Controllers\Suhu.php on line 162.
 1 APPPATH\Controllers\Suhu.php(162): CodeIgniter\Debug\Exceptions->errorHandler(2, 'Trying to access array offset on value of type null', 'C:\\xampp\\htdocs\\ereport-ehm\\app\\Controllers\\Suhu.php', 162)
 2 SYSTEMPATH\CodeIgniter.php(932): App\Controllers\Suhu->AddSuhu('bootstrap.js')
 3 SYSTEMPATH\CodeIgniter.php(497): CodeIgniter\CodeIgniter->runController(Object(App\Controllers\Suhu))
 4 SYSTEMPATH\CodeIgniter.php(366): CodeIgniter\CodeIgniter->handleRequest(null, Object(Config\Cache), false)
 5 FCPATH\index.php(81): CodeIgniter\CodeIgniter->run()
WARNING - 2025-12-10 09:48:20 --> [DEPRECATED] Creation of dynamic property App\Controllers\Suhu::$MasterDataModel is deprecated in APPPATH\Controllers\Suhu.php on line 205.
 1 SYSTEMPATH\CodeIgniter.php(904): App\Controllers\Suhu->__construct()
 2 SYSTEMPATH\CodeIgniter.php(488): CodeIgniter\CodeIgniter->createController()
 3 SYSTEMPATH\CodeIgniter.php(366): CodeIgniter\CodeIgniter->handleRequest(null, Object(Config\Cache), false)
 4 FCPATH\index.php(81): CodeIgniter\CodeIgniter->run()
INFO - 2025-12-10 09:48:20 --> Session: Class initialized using 'CodeIgniter\Session\Handlers\FileHandler' driver.
WARNING - 2025-12-10 09:48:29 --> [DEPRECATED] Creation of dynamic property App\Controllers\Suhu::$MasterDataModel is deprecated in APPPATH\Controllers\Suhu.php on line 205.
 1 SYSTEMPATH\CodeIgniter.php(904): App\Controllers\Suhu->__construct()
 2 SYSTEMPATH\CodeIgniter.php(488): CodeIgniter\CodeIgniter->createController()
 3 SYSTEMPATH\CodeIgniter.php(366): CodeIgniter\CodeIgniter->handleRequest(null, Object(Config\Cache), false)
 4 FCPATH\index.php(81): CodeIgniter\CodeIgniter->run()
INFO - 2025-12-10 09:48:29 --> Session: Class initialized using 'CodeIgniter\Session\Handlers\FileHandler' driver.
WARNING - 2025-12-10 09:48:30 --> [DEPRECATED] Creation of dynamic property App\Controllers\Suhu::$MasterDataModel is deprecated in APPPATH\Controllers\Suhu.php on line 205.
 1 SYSTEMPATH\CodeIgniter.php(904): App\Controllers\Suhu->__construct()
 2 SYSTEMPATH\CodeIgniter.php(488): CodeIgniter\CodeIgniter->createController()
 3 SYSTEMPATH\CodeIgniter.php(366): CodeIgniter\CodeIgniter->handleRequest(null, Object(Config\Cache), false)
 4 FCPATH\index.php(81): CodeIgniter\CodeIgniter->run()
CRITICAL - 2025-12-10 09:48:30 --> Trying to access array offset on value of type null
in APPPATH\Controllers\Suhu.php on line 162.
 1 APPPATH\Controllers\Suhu.php(162): CodeIgniter\Debug\Exceptions->errorHandler(2, 'Trying to access array offset on value of type null', 'C:\\xampp\\htdocs\\ereport-ehm\\app\\Controllers\\Suhu.php', 162)
 2 SYSTEMPATH\CodeIgniter.php(932): App\Controllers\Suhu->AddSuhu('bootstrap.js')
 3 SYSTEMPATH\CodeIgniter.php(497): CodeIgniter\CodeIgniter->runController(Object(App\Controllers\Suhu))
 4 SYSTEMPATH\CodeIgniter.php(366): CodeIgniter\CodeIgniter->handleRequest(null, Object(Config\Cache), false)
 5 FCPATH\index.php(81): CodeIgniter\CodeIgniter->run()
WARNING - 2025-12-10 09:48:31 --> [DEPRECATED] Creation of dynamic property App\Controllers\Suhu::$MasterDataModel is deprecated in APPPATH\Controllers\Suhu.php on line 205.
 1 SYSTEMPATH\CodeIgniter.php(904): App\Controllers\Suhu->__construct()
 2 SYSTEMPATH\CodeIgniter.php(488): CodeIgniter\CodeIgniter->createController()
 3 SYSTEMPATH\CodeIgniter.php(366): CodeIgniter\CodeIgniter->handleRequest(null, Object(Config\Cache), false)
 4 FCPATH\index.php(81): CodeIgniter\CodeIgniter->run()
CRITICAL - 2025-12-10 09:48:31 --> Trying to access array offset on value of type null
in APPPATH\Controllers\Suhu.php on line 162.
 1 APPPATH\Controllers\Suhu.php(162): CodeIgniter\Debug\Exceptions->errorHandler(2, 'Trying to access array offset on value of type null', 'C:\\xampp\\htdocs\\ereport-ehm\\app\\Controllers\\Suhu.php', 162)
 2 SYSTEMPATH\CodeIgniter.php(932): App\Controllers\Suhu->AddSuhu('jquery.js')
 3 SYSTEMPATH\CodeIgniter.php(497): CodeIgniter\CodeIgniter->runController(Object(App\Controllers\Suhu))
 4 SYSTEMPATH\CodeIgniter.php(366): CodeIgniter\CodeIgniter->handleRequest(null, Object(Config\Cache), false)
 5 FCPATH\index.php(81): CodeIgniter\CodeIgniter->run()
WARNING - 2025-12-10 09:48:47 --> [DEPRECATED] Creation of dynamic property App\Controllers\Suhu::$MasterDataModel is deprecated in APPPATH\Controllers\Suhu.php on line 205.
 1 SYSTEMPATH\CodeIgniter.php(904): App\Controllers\Suhu->__construct()
 2 SYSTEMPATH\CodeIgniter.php(488): CodeIgniter\CodeIgniter->createController()
 3 SYSTEMPATH\CodeIgniter.php(366): CodeIgniter\CodeIgniter->handleRequest(null, Object(Config\Cache), false)
 4 FCPATH\index.php(81): CodeIgniter\CodeIgniter->run()
INFO - 2025-12-10 09:48:47 --> Session: Class initialized using 'CodeIgniter\Session\Handlers\FileHandler' driver.
WARNING - 2025-12-10 09:48:47 --> [DEPRECATED] Creation of dynamic property App\Controllers\Suhu::$MasterDataModel is deprecated in APPPATH\Controllers\Suhu.php on line 205.
 1 SYSTEMPATH\CodeIgniter.php(904): App\Controllers\Suhu->__construct()
 2 SYSTEMPATH\CodeIgniter.php(488): CodeIgniter\CodeIgniter->createController()
 3 SYSTEMPATH\CodeIgniter.php(366): CodeIgniter\CodeIgniter->handleRequest(null, Object(Config\Cache), false)
 4 FCPATH\index.php(81): CodeIgniter\CodeIgniter->run()
INFO - 2025-12-10 09:48:47 --> Session: Class initialized using 'CodeIgniter\Session\Handlers\FileHandler' driver.
WARNING - 2025-12-10 09:48:48 --> [DEPRECATED] Creation of dynamic property App\Controllers\Suhu::$MasterDataModel is deprecated in APPPATH\Controllers\Suhu.php on line 205.
 1 SYSTEMPATH\CodeIgniter.php(904): App\Controllers\Suhu->__construct()
 2 SYSTEMPATH\CodeIgniter.php(488): CodeIgniter\CodeIgniter->createController()
 3 SYSTEMPATH\CodeIgniter.php(366): CodeIgniter\CodeIgniter->handleRequest(null, Object(Config\Cache), false)
 4 FCPATH\index.php(81): CodeIgniter\CodeIgniter->run()
CRITICAL - 2025-12-10 09:48:48 --> Trying to access array offset on value of type null
in APPPATH\Controllers\Suhu.php on line 162.
 1 APPPATH\Controllers\Suhu.php(162): CodeIgniter\Debug\Exceptions->errorHandler(2, 'Trying to access array offset on value of type null', 'C:\\xampp\\htdocs\\ereport-ehm\\app\\Controllers\\Suhu.php', 162)
 2 SYSTEMPATH\CodeIgniter.php(932): App\Controllers\Suhu->AddSuhu('jquery.js')
 3 SYSTEMPATH\CodeIgniter.php(497): CodeIgniter\CodeIgniter->runController(Object(App\Controllers\Suhu))
 4 SYSTEMPATH\CodeIgniter.php(366): CodeIgniter\CodeIgniter->handleRequest(null, Object(Config\Cache), false)
 5 FCPATH\index.php(81): CodeIgniter\CodeIgniter->run()
WARNING - 2025-12-10 09:48:48 --> [DEPRECATED] Creation of dynamic property App\Controllers\Suhu::$MasterDataModel is deprecated in APPPATH\Controllers\Suhu.php on line 205.
 1 SYSTEMPATH\CodeIgniter.php(904): App\Controllers\Suhu->__construct()
 2 SYSTEMPATH\CodeIgniter.php(488): CodeIgniter\CodeIgniter->createController()
 3 SYSTEMPATH\CodeIgniter.php(366): CodeIgniter\CodeIgniter->handleRequest(null, Object(Config\Cache), false)
 4 FCPATH\index.php(81): CodeIgniter\CodeIgniter->run()
CRITICAL - 2025-12-10 09:48:48 --> Trying to access array offset on value of type null
in APPPATH\Controllers\Suhu.php on line 162.
 1 APPPATH\Controllers\Suhu.php(162): CodeIgniter\Debug\Exceptions->errorHandler(2, 'Trying to access array offset on value of type null', 'C:\\xampp\\htdocs\\ereport-ehm\\app\\Controllers\\Suhu.php', 162)
 2 SYSTEMPATH\CodeIgniter.php(932): App\Controllers\Suhu->AddSuhu('bootstrap.js')
 3 SYSTEMPATH\CodeIgniter.php(497): CodeIgniter\CodeIgniter->runController(Object(App\Controllers\Suhu))
 4 SYSTEMPATH\CodeIgniter.php(366): CodeIgniter\CodeIgniter->handleRequest(null, Object(Config\Cache), false)
 5 FCPATH\index.php(81): CodeIgniter\CodeIgniter->run()
WARNING - 2025-12-10 09:48:55 --> [DEPRECATED] Creation of dynamic property App\Controllers\Suhu::$MasterDataModel is deprecated in APPPATH\Controllers\Suhu.php on line 205.
 1 SYSTEMPATH\CodeIgniter.php(904): App\Controllers\Suhu->__construct()
 2 SYSTEMPATH\CodeIgniter.php(488): CodeIgniter\CodeIgniter->createController()
 3 SYSTEMPATH\CodeIgniter.php(366): CodeIgniter\CodeIgniter->handleRequest(null, Object(Config\Cache), false)
 4 FCPATH\index.php(81): CodeIgniter\CodeIgniter->run()
INFO - 2025-12-10 09:48:56 --> Session: Class initialized using 'CodeIgniter\Session\Handlers\FileHandler' driver.
WARNING - 2025-12-10 09:51:25 --> [DEPRECATED] Creation of dynamic property App\Controllers\Suhu::$MasterDataModel is deprecated in APPPATH\Controllers\Suhu.php on line 205.
 1 SYSTEMPATH\CodeIgniter.php(904): App\Controllers\Suhu->__construct()
 2 SYSTEMPATH\CodeIgniter.php(488): CodeIgniter\CodeIgniter->createController()
 3 SYSTEMPATH\CodeIgniter.php(366): CodeIgniter\CodeIgniter->handleRequest(null, Object(Config\Cache), false)
 4 FCPATH\index.php(81): CodeIgniter\CodeIgniter->run()
INFO - 2025-12-10 09:51:25 --> Session: Class initialized using 'CodeIgniter\Session\Handlers\FileHandler' driver.
WARNING - 2025-12-10 09:51:25 --> [DEPRECATED] Creation of dynamic property App\Controllers\Suhu::$MasterDataModel is deprecated in APPPATH\Controllers\Suhu.php on line 205.
 1 SYSTEMPATH\CodeIgniter.php(904): App\Controllers\Suhu->__construct()
 2 SYSTEMPATH\CodeIgniter.php(488): CodeIgniter\CodeIgniter->createController()
 3 SYSTEMPATH\CodeIgniter.php(366): CodeIgniter\CodeIgniter->handleRequest(null, Object(Config\Cache), false)
 4 FCPATH\index.php(81): CodeIgniter\CodeIgniter->run()
CRITICAL - 2025-12-10 09:51:25 --> Trying to access array offset on value of type null
in APPPATH\Controllers\Suhu.php on line 162.
 1 APPPATH\Controllers\Suhu.php(162): CodeIgniter\Debug\Exceptions->errorHandler(2, 'Trying to access array offset on value of type null', 'C:\\xampp\\htdocs\\ereport-ehm\\app\\Controllers\\Suhu.php', 162)
 2 SYSTEMPATH\CodeIgniter.php(932): App\Controllers\Suhu->AddSuhu('jquery.js')
 3 SYSTEMPATH\CodeIgniter.php(497): CodeIgniter\CodeIgniter->runController(Object(App\Controllers\Suhu))
 4 SYSTEMPATH\CodeIgniter.php(366): CodeIgniter\CodeIgniter->handleRequest(null, Object(Config\Cache), false)
 5 FCPATH\index.php(81): CodeIgniter\CodeIgniter->run()
WARNING - 2025-12-10 09:51:25 --> [DEPRECATED] Creation of dynamic property App\Controllers\Suhu::$MasterDataModel is deprecated in APPPATH\Controllers\Suhu.php on line 205.
 1 SYSTEMPATH\CodeIgniter.php(904): App\Controllers\Suhu->__construct()
 2 SYSTEMPATH\CodeIgniter.php(488): CodeIgniter\CodeIgniter->createController()
 3 SYSTEMPATH\CodeIgniter.php(366): CodeIgniter\CodeIgniter->handleRequest(null, Object(Config\Cache), false)
 4 FCPATH\index.php(81): CodeIgniter\CodeIgniter->run()
CRITICAL - 2025-12-10 09:51:25 --> Trying to access array offset on value of type null
in APPPATH\Controllers\Suhu.php on line 162.
 1 APPPATH\Controllers\Suhu.php(162): CodeIgniter\Debug\Exceptions->errorHandler(2, 'Trying to access array offset on value of type null', 'C:\\xampp\\htdocs\\ereport-ehm\\app\\Controllers\\Suhu.php', 162)
 2 SYSTEMPATH\CodeIgniter.php(932): App\Controllers\Suhu->AddSuhu('bootstrap.js')
 3 SYSTEMPATH\CodeIgniter.php(497): CodeIgniter\CodeIgniter->runController(Object(App\Controllers\Suhu))
 4 SYSTEMPATH\CodeIgniter.php(366): CodeIgniter\CodeIgniter->handleRequest(null, Object(Config\Cache), false)
 5 FCPATH\index.php(81): CodeIgniter\CodeIgniter->run()
WARNING - 2025-12-10 09:51:49 --> [DEPRECATED] Creation of dynamic property App\Controllers\Suhu::$MasterDataModel is deprecated in APPPATH\Controllers\Suhu.php on line 205.
 1 SYSTEMPATH\CodeIgniter.php(904): App\Controllers\Suhu->__construct()
 2 SYSTEMPATH\CodeIgniter.php(488): CodeIgniter\CodeIgniter->createController()
 3 SYSTEMPATH\CodeIgniter.php(366): CodeIgniter\CodeIgniter->handleRequest(null, Object(Config\Cache), false)
 4 FCPATH\index.php(81): CodeIgniter\CodeIgniter->run()
INFO - 2025-12-10 09:51:49 --> Session: Class initialized using 'CodeIgniter\Session\Handlers\FileHandler' driver.
WARNING - 2025-12-10 09:51:49 --> [DEPRECATED] Creation of dynamic property App\Controllers\Suhu::$MasterDataModel is deprecated in APPPATH\Controllers\Suhu.php on line 205.
 1 SYSTEMPATH\CodeIgniter.php(904): App\Controllers\Suhu->__construct()
 2 SYSTEMPATH\CodeIgniter.php(488): CodeIgniter\CodeIgniter->createController()
 3 SYSTEMPATH\CodeIgniter.php(366): CodeIgniter\CodeIgniter->handleRequest(null, Object(Config\Cache), false)
 4 FCPATH\index.php(81): CodeIgniter\CodeIgniter->run()
INFO - 2025-12-10 09:51:49 --> Session: Class initialized using 'CodeIgniter\Session\Handlers\FileHandler' driver.
WARNING - 2025-12-10 09:51:50 --> [DEPRECATED] Creation of dynamic property App\Controllers\Suhu::$MasterDataModel is deprecated in APPPATH\Controllers\Suhu.php on line 205.
 1 SYSTEMPATH\CodeIgniter.php(904): App\Controllers\Suhu->__construct()
 2 SYSTEMPATH\CodeIgniter.php(488): CodeIgniter\CodeIgniter->createController()
 3 SYSTEMPATH\CodeIgniter.php(366): CodeIgniter\CodeIgniter->handleRequest(null, Object(Config\Cache), false)
 4 FCPATH\index.php(81): CodeIgniter\CodeIgniter->run()
CRITICAL - 2025-12-10 09:51:50 --> Trying to access array offset on value of type null
in APPPATH\Controllers\Suhu.php on line 162.
 1 APPPATH\Controllers\Suhu.php(162): CodeIgniter\Debug\Exceptions->errorHandler(2, 'Trying to access array offset on value of type null', 'C:\\xampp\\htdocs\\ereport-ehm\\app\\Controllers\\Suhu.php', 162)
 2 SYSTEMPATH\CodeIgniter.php(932): App\Controllers\Suhu->AddSuhu('jquery.js')
 3 SYSTEMPATH\CodeIgniter.php(497): CodeIgniter\CodeIgniter->runController(Object(App\Controllers\Suhu))
 4 SYSTEMPATH\CodeIgniter.php(366): CodeIgniter\CodeIgniter->handleRequest(null, Object(Config\Cache), false)
 5 FCPATH\index.php(81): CodeIgniter\CodeIgniter->run()
WARNING - 2025-12-10 09:51:50 --> [DEPRECATED] Creation of dynamic property App\Controllers\Suhu::$MasterDataModel is deprecated in APPPATH\Controllers\Suhu.php on line 205.
 1 SYSTEMPATH\CodeIgniter.php(904): App\Controllers\Suhu->__construct()
 2 SYSTEMPATH\CodeIgniter.php(488): CodeIgniter\CodeIgniter->createController()
 3 SYSTEMPATH\CodeIgniter.php(366): CodeIgniter\CodeIgniter->handleRequest(null, Object(Config\Cache), false)
 4 FCPATH\index.php(81): CodeIgniter\CodeIgniter->run()
CRITICAL - 2025-12-10 09:51:50 --> Trying to access array offset on value of type null
in APPPATH\Controllers\Suhu.php on line 162.
 1 APPPATH\Controllers\Suhu.php(162): CodeIgniter\Debug\Exceptions->errorHandler(2, 'Trying to access array offset on value of type null', 'C:\\xampp\\htdocs\\ereport-ehm\\app\\Controllers\\Suhu.php', 162)
 2 SYSTEMPATH\CodeIgniter.php(932): App\Controllers\Suhu->AddSuhu('bootstrap.js')
 3 SYSTEMPATH\CodeIgniter.php(497): CodeIgniter\CodeIgniter->runController(Object(App\Controllers\Suhu))
 4 SYSTEMPATH\CodeIgniter.php(366): CodeIgniter\CodeIgniter->handleRequest(null, Object(Config\Cache), false)
 5 FCPATH\index.php(81): CodeIgniter\CodeIgniter->run()
WARNING - 2025-12-10 09:51:52 --> [DEPRECATED] Creation of dynamic property App\Controllers\Suhu::$MasterDataModel is deprecated in APPPATH\Controllers\Suhu.php on line 205.
 1 SYSTEMPATH\CodeIgniter.php(904): App\Controllers\Suhu->__construct()
 2 SYSTEMPATH\CodeIgniter.php(488): CodeIgniter\CodeIgniter->createController()
 3 SYSTEMPATH\CodeIgniter.php(366): CodeIgniter\CodeIgniter->handleRequest(null, Object(Config\Cache), false)
 4 FCPATH\index.php(81): CodeIgniter\CodeIgniter->run()
INFO - 2025-12-10 09:51:52 --> Session: Class initialized using 'CodeIgniter\Session\Handlers\FileHandler' driver.
WARNING - 2025-12-10 09:51:57 --> [DEPRECATED] Creation of dynamic property App\Controllers\Suhu::$MasterDataModel is deprecated in APPPATH\Controllers\Suhu.php on line 205.
 1 SYSTEMPATH\CodeIgniter.php(904): App\Controllers\Suhu->__construct()
 2 SYSTEMPATH\CodeIgniter.php(488): CodeIgniter\CodeIgniter->createController()
 3 SYSTEMPATH\CodeIgniter.php(366): CodeIgniter\CodeIgniter->handleRequest(null, Object(Config\Cache), false)
 4 FCPATH\index.php(81): CodeIgniter\CodeIgniter->run()
INFO - 2025-12-10 09:51:58 --> Session: Class initialized using 'CodeIgniter\Session\Handlers\FileHandler' driver.
WARNING - 2025-12-10 09:51:58 --> [DEPRECATED] Creation of dynamic property App\Controllers\Suhu::$MasterDataModel is deprecated in APPPATH\Controllers\Suhu.php on line 205.
 1 SYSTEMPATH\CodeIgniter.php(904): App\Controllers\Suhu->__construct()
 2 SYSTEMPATH\CodeIgniter.php(488): CodeIgniter\CodeIgniter->createController()
 3 SYSTEMPATH\CodeIgniter.php(366): CodeIgniter\CodeIgniter->handleRequest(null, Object(Config\Cache), false)
 4 FCPATH\index.php(81): CodeIgniter\CodeIgniter->run()
CRITICAL - 2025-12-10 09:51:58 --> Trying to access array offset on value of type null
in APPPATH\Controllers\Suhu.php on line 162.
 1 APPPATH\Controllers\Suhu.php(162): CodeIgniter\Debug\Exceptions->errorHandler(2, 'Trying to access array offset on value of type null', 'C:\\xampp\\htdocs\\ereport-ehm\\app\\Controllers\\Suhu.php', 162)
 2 SYSTEMPATH\CodeIgniter.php(932): App\Controllers\Suhu->AddSuhu('jquery.js')
 3 SYSTEMPATH\CodeIgniter.php(497): CodeIgniter\CodeIgniter->runController(Object(App\Controllers\Suhu))
 4 SYSTEMPATH\CodeIgniter.php(366): CodeIgniter\CodeIgniter->handleRequest(null, Object(Config\Cache), false)
 5 FCPATH\index.php(81): CodeIgniter\CodeIgniter->run()
WARNING - 2025-12-10 09:51:58 --> [DEPRECATED] Creation of dynamic property App\Controllers\Suhu::$MasterDataModel is deprecated in APPPATH\Controllers\Suhu.php on line 205.
 1 SYSTEMPATH\CodeIgniter.php(904): App\Controllers\Suhu->__construct()
 2 SYSTEMPATH\CodeIgniter.php(488): CodeIgniter\CodeIgniter->createController()
 3 SYSTEMPATH\CodeIgniter.php(366): CodeIgniter\CodeIgniter->handleRequest(null, Object(Config\Cache), false)
 4 FCPATH\index.php(81): CodeIgniter\CodeIgniter->run()
CRITICAL - 2025-12-10 09:51:58 --> Trying to access array offset on value of type null
in APPPATH\Controllers\Suhu.php on line 162.
 1 APPPATH\Controllers\Suhu.php(162): CodeIgniter\Debug\Exceptions->errorHandler(2, 'Trying to access array offset on value of type null', 'C:\\xampp\\htdocs\\ereport-ehm\\app\\Controllers\\Suhu.php', 162)
 2 SYSTEMPATH\CodeIgniter.php(932): App\Controllers\Suhu->AddSuhu('bootstrap.js')
 3 SYSTEMPATH\CodeIgniter.php(497): CodeIgniter\CodeIgniter->runController(Object(App\Controllers\Suhu))
 4 SYSTEMPATH\CodeIgniter.php(366): CodeIgniter\CodeIgniter->handleRequest(null, Object(Config\Cache), false)
 5 FCPATH\index.php(81): CodeIgniter\CodeIgniter->run()
WARNING - 2025-12-10 09:52:16 --> [DEPRECATED] Creation of dynamic property App\Controllers\Suhu::$MasterDataModel is deprecated in APPPATH\Controllers\Suhu.php on line 205.
 1 SYSTEMPATH\CodeIgniter.php(904): App\Controllers\Suhu->__construct()
 2 SYSTEMPATH\CodeIgniter.php(488): CodeIgniter\CodeIgniter->createController()
 3 SYSTEMPATH\CodeIgniter.php(366): CodeIgniter\CodeIgniter->handleRequest(null, Object(Config\Cache), false)
 4 FCPATH\index.php(81): CodeIgniter\CodeIgniter->run()
INFO - 2025-12-10 09:52:16 --> Session: Class initialized using 'CodeIgniter\Session\Handlers\FileHandler' driver.
WARNING - 2025-12-10 09:52:17 --> [DEPRECATED] Creation of dynamic property App\Controllers\Suhu::$MasterDataModel is deprecated in APPPATH\Controllers\Suhu.php on line 205.
 1 SYSTEMPATH\CodeIgniter.php(904): App\Controllers\Suhu->__construct()
 2 SYSTEMPATH\CodeIgniter.php(488): CodeIgniter\CodeIgniter->createController()
 3 SYSTEMPATH\CodeIgniter.php(366): CodeIgniter\CodeIgniter->handleRequest(null, Object(Config\Cache), false)
 4 FCPATH\index.php(81): CodeIgniter\CodeIgniter->run()
INFO - 2025-12-10 09:52:17 --> Session: Class initialized using 'CodeIgniter\Session\Handlers\FileHandler' driver.
WARNING - 2025-12-10 09:52:18 --> [DEPRECATED] Creation of dynamic property App\Controllers\Suhu::$MasterDataModel is deprecated in APPPATH\Controllers\Suhu.php on line 205.
 1 SYSTEMPATH\CodeIgniter.php(904): App\Controllers\Suhu->__construct()
 2 SYSTEMPATH\CodeIgniter.php(488): CodeIgniter\CodeIgniter->createController()
 3 SYSTEMPATH\CodeIgniter.php(366): CodeIgniter\CodeIgniter->handleRequest(null, Object(Config\Cache), false)
 4 FCPATH\index.php(81): CodeIgniter\CodeIgniter->run()
WARNING - 2025-12-10 09:52:18 --> [DEPRECATED] Creation of dynamic property App\Controllers\Suhu::$MasterDataModel is deprecated in APPPATH\Controllers\Suhu.php on line 205.
 1 SYSTEMPATH\CodeIgniter.php(904): App\Controllers\Suhu->__construct()
 2 SYSTEMPATH\CodeIgniter.php(488): CodeIgniter\CodeIgniter->createController()
 3 SYSTEMPATH\CodeIgniter.php(366): CodeIgniter\CodeIgniter->handleRequest(null, Object(Config\Cache), false)
 4 FCPATH\index.php(81): CodeIgniter\CodeIgniter->run()
CRITICAL - 2025-12-10 09:52:18 --> Trying to access array offset on value of type null
in APPPATH\Controllers\Suhu.php on line 162.
 1 APPPATH\Controllers\Suhu.php(162): CodeIgniter\Debug\Exceptions->errorHandler(2, 'Trying to access array offset on value of type null', 'C:\\xampp\\htdocs\\ereport-ehm\\app\\Controllers\\Suhu.php', 162)
 2 SYSTEMPATH\CodeIgniter.php(932): App\Controllers\Suhu->AddSuhu('jquery.js')
 3 SYSTEMPATH\CodeIgniter.php(497): CodeIgniter\CodeIgniter->runController(Object(App\Controllers\Suhu))
 4 SYSTEMPATH\CodeIgniter.php(366): CodeIgniter\CodeIgniter->handleRequest(null, Object(Config\Cache), false)
 5 FCPATH\index.php(81): CodeIgniter\CodeIgniter->run()
CRITICAL - 2025-12-10 09:52:19 --> Trying to access array offset on value of type null
in APPPATH\Controllers\Suhu.php on line 162.
 1 APPPATH\Controllers\Suhu.php(162): CodeIgniter\Debug\Exceptions->errorHandler(2, 'Trying to access array offset on value of type null', 'C:\\xampp\\htdocs\\ereport-ehm\\app\\Controllers\\Suhu.php', 162)
 2 SYSTEMPATH\CodeIgniter.php(932): App\Controllers\Suhu->AddSuhu('bootstrap.js')
 3 SYSTEMPATH\CodeIgniter.php(497): CodeIgniter\CodeIgniter->runController(Object(App\Controllers\Suhu))
 4 SYSTEMPATH\CodeIgniter.php(366): CodeIgniter\CodeIgniter->handleRequest(null, Object(Config\Cache), false)
 5 FCPATH\index.php(81): CodeIgniter\CodeIgniter->run()
WARNING - 2025-12-10 09:52:22 --> [DEPRECATED] Creation of dynamic property App\Controllers\Suhu::$MasterDataModel is deprecated in APPPATH\Controllers\Suhu.php on line 205.
 1 SYSTEMPATH\CodeIgniter.php(904): App\Controllers\Suhu->__construct()
 2 SYSTEMPATH\CodeIgniter.php(488): CodeIgniter\CodeIgniter->createController()
 3 SYSTEMPATH\CodeIgniter.php(366): CodeIgniter\CodeIgniter->handleRequest(null, Object(Config\Cache), false)
 4 FCPATH\index.php(81): CodeIgniter\CodeIgniter->run()
INFO - 2025-12-10 09:52:22 --> Session: Class initialized using 'CodeIgniter\Session\Handlers\FileHandler' driver.
WARNING - 2025-12-10 09:52:39 --> [DEPRECATED] Creation of dynamic property App\Controllers\Suhu::$MasterDataModel is deprecated in APPPATH\Controllers\Suhu.php on line 205.
 1 SYSTEMPATH\CodeIgniter.php(904): App\Controllers\Suhu->__construct()
 2 SYSTEMPATH\CodeIgniter.php(488): CodeIgniter\CodeIgniter->createController()
 3 SYSTEMPATH\CodeIgniter.php(366): CodeIgniter\CodeIgniter->handleRequest(null, Object(Config\Cache), false)
 4 FCPATH\index.php(81): CodeIgniter\CodeIgniter->run()
INFO - 2025-12-10 09:52:39 --> Session: Class initialized using 'CodeIgniter\Session\Handlers\FileHandler' driver.
WARNING - 2025-12-10 09:52:41 --> [DEPRECATED] Creation of dynamic property App\Controllers\Suhu::$MasterDataModel is deprecated in APPPATH\Controllers\Suhu.php on line 205.
 1 SYSTEMPATH\CodeIgniter.php(904): App\Controllers\Suhu->__construct()
 2 SYSTEMPATH\CodeIgniter.php(488): CodeIgniter\CodeIgniter->createController()
 3 SYSTEMPATH\CodeIgniter.php(366): CodeIgniter\CodeIgniter->handleRequest(null, Object(Config\Cache), false)
 4 FCPATH\index.php(81): CodeIgniter\CodeIgniter->run()
CRITICAL - 2025-12-10 09:52:41 --> Trying to access array offset on value of type null
in APPPATH\Controllers\Suhu.php on line 162.
 1 APPPATH\Controllers\Suhu.php(162): CodeIgniter\Debug\Exceptions->errorHandler(2, 'Trying to access array offset on value of type null', 'C:\\xampp\\htdocs\\ereport-ehm\\app\\Controllers\\Suhu.php', 162)
 2 SYSTEMPATH\CodeIgniter.php(932): App\Controllers\Suhu->AddSuhu('jquery.js')
 3 SYSTEMPATH\CodeIgniter.php(497): CodeIgniter\CodeIgniter->runController(Object(App\Controllers\Suhu))
 4 SYSTEMPATH\CodeIgniter.php(366): CodeIgniter\CodeIgniter->handleRequest(null, Object(Config\Cache), false)
 5 FCPATH\index.php(81): CodeIgniter\CodeIgniter->run()
WARNING - 2025-12-10 09:52:42 --> [DEPRECATED] Creation of dynamic property App\Controllers\Suhu::$MasterDataModel is deprecated in APPPATH\Controllers\Suhu.php on line 205.
 1 SYSTEMPATH\CodeIgniter.php(904): App\Controllers\Suhu->__construct()
 2 SYSTEMPATH\CodeIgniter.php(488): CodeIgniter\CodeIgniter->createController()
 3 SYSTEMPATH\CodeIgniter.php(366): CodeIgniter\CodeIgniter->handleRequest(null, Object(Config\Cache), false)
 4 FCPATH\index.php(81): CodeIgniter\CodeIgniter->run()
CRITICAL - 2025-12-10 09:52:42 --> Trying to access array offset on value of type null
in APPPATH\Controllers\Suhu.php on line 162.
 1 APPPATH\Controllers\Suhu.php(162): CodeIgniter\Debug\Exceptions->errorHandler(2, 'Trying to access array offset on value of type null', 'C:\\xampp\\htdocs\\ereport-ehm\\app\\Controllers\\Suhu.php', 162)
 2 SYSTEMPATH\CodeIgniter.php(932): App\Controllers\Suhu->AddSuhu('bootstrap.js')
 3 SYSTEMPATH\CodeIgniter.php(497): CodeIgniter\CodeIgniter->runController(Object(App\Controllers\Suhu))
 4 SYSTEMPATH\CodeIgniter.php(366): CodeIgniter\CodeIgniter->handleRequest(null, Object(Config\Cache), false)
 5 FCPATH\index.php(81): CodeIgniter\CodeIgniter->run()
WARNING - 2025-12-10 09:52:44 --> [DEPRECATED] Creation of dynamic property App\Controllers\Suhu::$MasterDataModel is deprecated in APPPATH\Controllers\Suhu.php on line 205.
 1 SYSTEMPATH\CodeIgniter.php(904): App\Controllers\Suhu->__construct()
 2 SYSTEMPATH\CodeIgniter.php(488): CodeIgniter\CodeIgniter->createController()
 3 SYSTEMPATH\CodeIgniter.php(366): CodeIgniter\CodeIgniter->handleRequest(null, Object(Config\Cache), false)
 4 FCPATH\index.php(81): CodeIgniter\CodeIgniter->run()
INFO - 2025-12-10 09:52:44 --> Session: Class initialized using 'CodeIgniter\Session\Handlers\FileHandler' driver.
WARNING - 2025-12-10 09:52:46 --> [DEPRECATED] Creation of dynamic property App\Controllers\Suhu::$MasterDataModel is deprecated in APPPATH\Controllers\Suhu.php on line 205.
 1 SYSTEMPATH\CodeIgniter.php(904): App\Controllers\Suhu->__construct()
 2 SYSTEMPATH\CodeIgniter.php(488): CodeIgniter\CodeIgniter->createController()
 3 SYSTEMPATH\CodeIgniter.php(366): CodeIgniter\CodeIgniter->handleRequest(null, Object(Config\Cache), false)
 4 FCPATH\index.php(81): CodeIgniter\CodeIgniter->run()
INFO - 2025-12-10 09:52:46 --> Session: Class initialized using 'CodeIgniter\Session\Handlers\FileHandler' driver.
WARNING - 2025-12-10 09:52:47 --> [DEPRECATED] Creation of dynamic property App\Controllers\Suhu::$MasterDataModel is deprecated in APPPATH\Controllers\Suhu.php on line 205.
 1 SYSTEMPATH\CodeIgniter.php(904): App\Controllers\Suhu->__construct()
 2 SYSTEMPATH\CodeIgniter.php(488): CodeIgniter\CodeIgniter->createController()
 3 SYSTEMPATH\CodeIgniter.php(366): CodeIgniter\CodeIgniter->handleRequest(null, Object(Config\Cache), false)
 4 FCPATH\index.php(81): CodeIgniter\CodeIgniter->run()
WARNING - 2025-12-10 09:52:47 --> [DEPRECATED] Creation of dynamic property App\Controllers\Suhu::$MasterDataModel is deprecated in APPPATH\Controllers\Suhu.php on line 205.
 1 SYSTEMPATH\CodeIgniter.php(904): App\Controllers\Suhu->__construct()
 2 SYSTEMPATH\CodeIgniter.php(488): CodeIgniter\CodeIgniter->createController()
 3 SYSTEMPATH\CodeIgniter.php(366): CodeIgniter\CodeIgniter->handleRequest(null, Object(Config\Cache), false)
 4 FCPATH\index.php(81): CodeIgniter\CodeIgniter->run()
CRITICAL - 2025-12-10 09:52:47 --> Trying to access array offset on value of type null
in APPPATH\Controllers\Suhu.php on line 162.
 1 APPPATH\Controllers\Suhu.php(162): CodeIgniter\Debug\Exceptions->errorHandler(2, 'Trying to access array offset on value of type null', 'C:\\xampp\\htdocs\\ereport-ehm\\app\\Controllers\\Suhu.php', 162)
 2 SYSTEMPATH\CodeIgniter.php(932): App\Controllers\Suhu->AddSuhu('jquery.js')
 3 SYSTEMPATH\CodeIgniter.php(497): CodeIgniter\CodeIgniter->runController(Object(App\Controllers\Suhu))
 4 SYSTEMPATH\CodeIgniter.php(366): CodeIgniter\CodeIgniter->handleRequest(null, Object(Config\Cache), false)
 5 FCPATH\index.php(81): CodeIgniter\CodeIgniter->run()
CRITICAL - 2025-12-10 09:52:47 --> Trying to access array offset on value of type null
in APPPATH\Controllers\Suhu.php on line 162.
 1 APPPATH\Controllers\Suhu.php(162): CodeIgniter\Debug\Exceptions->errorHandler(2, 'Trying to access array offset on value of type null', 'C:\\xampp\\htdocs\\ereport-ehm\\app\\Controllers\\Suhu.php', 162)
 2 SYSTEMPATH\CodeIgniter.php(932): App\Controllers\Suhu->AddSuhu('bootstrap.js')
 3 SYSTEMPATH\CodeIgniter.php(497): CodeIgniter\CodeIgniter->runController(Object(App\Controllers\Suhu))
 4 SYSTEMPATH\CodeIgniter.php(366): CodeIgniter\CodeIgniter->handleRequest(null, Object(Config\Cache), false)
 5 FCPATH\index.php(81): CodeIgniter\CodeIgniter->run()
WARNING - 2025-12-10 09:53:01 --> [DEPRECATED] Creation of dynamic property App\Controllers\Suhu::$MasterDataModel is deprecated in APPPATH\Controllers\Suhu.php on line 205.
 1 SYSTEMPATH\CodeIgniter.php(904): App\Controllers\Suhu->__construct()
 2 SYSTEMPATH\CodeIgniter.php(488): CodeIgniter\CodeIgniter->createController()
 3 SYSTEMPATH\CodeIgniter.php(366): CodeIgniter\CodeIgniter->handleRequest(null, Object(Config\Cache), false)
 4 FCPATH\index.php(81): CodeIgniter\CodeIgniter->run()
INFO - 2025-12-10 09:53:01 --> Session: Class initialized using 'CodeIgniter\Session\Handlers\FileHandler' driver.
WARNING - 2025-12-10 09:53:02 --> [DEPRECATED] Creation of dynamic property App\Controllers\Suhu::$MasterDataModel is deprecated in APPPATH\Controllers\Suhu.php on line 205.
 1 SYSTEMPATH\CodeIgniter.php(904): App\Controllers\Suhu->__construct()
 2 SYSTEMPATH\CodeIgniter.php(488): CodeIgniter\CodeIgniter->createController()
 3 SYSTEMPATH\CodeIgniter.php(366): CodeIgniter\CodeIgniter->handleRequest(null, Object(Config\Cache), false)
 4 FCPATH\index.php(81): CodeIgniter\CodeIgniter->run()
INFO - 2025-12-10 09:53:02 --> Session: Class initialized using 'CodeIgniter\Session\Handlers\FileHandler' driver.
WARNING - 2025-12-10 09:53:02 --> [DEPRECATED] Creation of dynamic property App\Controllers\Suhu::$MasterDataModel is deprecated in APPPATH\Controllers\Suhu.php on line 205.
 1 SYSTEMPATH\CodeIgniter.php(904): App\Controllers\Suhu->__construct()
 2 SYSTEMPATH\CodeIgniter.php(488): CodeIgniter\CodeIgniter->createController()
 3 SYSTEMPATH\CodeIgniter.php(366): CodeIgniter\CodeIgniter->handleRequest(null, Object(Config\Cache), false)
 4 FCPATH\index.php(81): CodeIgniter\CodeIgniter->run()
CRITICAL - 2025-12-10 09:53:02 --> Trying to access array offset on value of type null
in APPPATH\Controllers\Suhu.php on line 162.
 1 APPPATH\Controllers\Suhu.php(162): CodeIgniter\Debug\Exceptions->errorHandler(2, 'Trying to access array offset on value of type null', 'C:\\xampp\\htdocs\\ereport-ehm\\app\\Controllers\\Suhu.php', 162)
 2 SYSTEMPATH\CodeIgniter.php(932): App\Controllers\Suhu->AddSuhu('jquery.js')
 3 SYSTEMPATH\CodeIgniter.php(497): CodeIgniter\CodeIgniter->runController(Object(App\Controllers\Suhu))
 4 SYSTEMPATH\CodeIgniter.php(366): CodeIgniter\CodeIgniter->handleRequest(null, Object(Config\Cache), false)
 5 FCPATH\index.php(81): CodeIgniter\CodeIgniter->run()
WARNING - 2025-12-10 09:53:03 --> [DEPRECATED] Creation of dynamic property App\Controllers\Suhu::$MasterDataModel is deprecated in APPPATH\Controllers\Suhu.php on line 205.
 1 SYSTEMPATH\CodeIgniter.php(904): App\Controllers\Suhu->__construct()
 2 SYSTEMPATH\CodeIgniter.php(488): CodeIgniter\CodeIgniter->createController()
 3 SYSTEMPATH\CodeIgniter.php(366): CodeIgniter\CodeIgniter->handleRequest(null, Object(Config\Cache), false)
 4 FCPATH\index.php(81): CodeIgniter\CodeIgniter->run()
CRITICAL - 2025-12-10 09:53:03 --> Trying to access array offset on value of type null
in APPPATH\Controllers\Suhu.php on line 162.
 1 APPPATH\Controllers\Suhu.php(162): CodeIgniter\Debug\Exceptions->errorHandler(2, 'Trying to access array offset on value of type null', 'C:\\xampp\\htdocs\\ereport-ehm\\app\\Controllers\\Suhu.php', 162)
 2 SYSTEMPATH\CodeIgniter.php(932): App\Controllers\Suhu->AddSuhu('bootstrap.js')
 3 SYSTEMPATH\CodeIgniter.php(497): CodeIgniter\CodeIgniter->runController(Object(App\Controllers\Suhu))
 4 SYSTEMPATH\CodeIgniter.php(366): CodeIgniter\CodeIgniter->handleRequest(null, Object(Config\Cache), false)
 5 FCPATH\index.php(81): CodeIgniter\CodeIgniter->run()
WARNING - 2025-12-10 09:53:05 --> [DEPRECATED] Creation of dynamic property App\Controllers\Suhu::$MasterDataModel is deprecated in APPPATH\Controllers\Suhu.php on line 205.
 1 SYSTEMPATH\CodeIgniter.php(904): App\Controllers\Suhu->__construct()
 2 SYSTEMPATH\CodeIgniter.php(488): CodeIgniter\CodeIgniter->createController()
 3 SYSTEMPATH\CodeIgniter.php(366): CodeIgniter\CodeIgniter->handleRequest(null, Object(Config\Cache), false)
 4 FCPATH\index.php(81): CodeIgniter\CodeIgniter->run()
INFO - 2025-12-10 09:53:05 --> Session: Class initialized using 'CodeIgniter\Session\Handlers\FileHandler' driver.
WARNING - 2025-12-10 09:53:08 --> [DEPRECATED] Creation of dynamic property App\Controllers\Suhu::$MasterDataModel is deprecated in APPPATH\Controllers\Suhu.php on line 205.
 1 SYSTEMPATH\CodeIgniter.php(904): App\Controllers\Suhu->__construct()
 2 SYSTEMPATH\CodeIgniter.php(488): CodeIgniter\CodeIgniter->createController()
 3 SYSTEMPATH\CodeIgniter.php(366): CodeIgniter\CodeIgniter->handleRequest(null, Object(Config\Cache), false)
 4 FCPATH\index.php(81): CodeIgniter\CodeIgniter->run()
INFO - 2025-12-10 09:53:08 --> Session: Class initialized using 'CodeIgniter\Session\Handlers\FileHandler' driver.
WARNING - 2025-12-10 09:53:09 --> [DEPRECATED] Creation of dynamic property App\Controllers\Suhu::$MasterDataModel is deprecated in APPPATH\Controllers\Suhu.php on line 205.
 1 SYSTEMPATH\CodeIgniter.php(904): App\Controllers\Suhu->__construct()
 2 SYSTEMPATH\CodeIgniter.php(488): CodeIgniter\CodeIgniter->createController()
 3 SYSTEMPATH\CodeIgniter.php(366): CodeIgniter\CodeIgniter->handleRequest(null, Object(Config\Cache), false)
 4 FCPATH\index.php(81): CodeIgniter\CodeIgniter->run()
WARNING - 2025-12-10 09:53:09 --> [DEPRECATED] Creation of dynamic property App\Controllers\Suhu::$MasterDataModel is deprecated in APPPATH\Controllers\Suhu.php on line 205.
 1 SYSTEMPATH\CodeIgniter.php(904): App\Controllers\Suhu->__construct()
 2 SYSTEMPATH\CodeIgniter.php(488): CodeIgniter\CodeIgniter->createController()
 3 SYSTEMPATH\CodeIgniter.php(366): CodeIgniter\CodeIgniter->handleRequest(null, Object(Config\Cache), false)
 4 FCPATH\index.php(81): CodeIgniter\CodeIgniter->run()
CRITICAL - 2025-12-10 09:53:10 --> Trying to access array offset on value of type null
in APPPATH\Controllers\Suhu.php on line 162.
 1 APPPATH\Controllers\Suhu.php(162): CodeIgniter\Debug\Exceptions->errorHandler(2, 'Trying to access array offset on value of type null', 'C:\\xampp\\htdocs\\ereport-ehm\\app\\Controllers\\Suhu.php', 162)
 2 SYSTEMPATH\CodeIgniter.php(932): App\Controllers\Suhu->AddSuhu('jquery.js')
 3 SYSTEMPATH\CodeIgniter.php(497): CodeIgniter\CodeIgniter->runController(Object(App\Controllers\Suhu))
 4 SYSTEMPATH\CodeIgniter.php(366): CodeIgniter\CodeIgniter->handleRequest(null, Object(Config\Cache), false)
 5 FCPATH\index.php(81): CodeIgniter\CodeIgniter->run()
CRITICAL - 2025-12-10 09:53:10 --> Trying to access array offset on value of type null
in APPPATH\Controllers\Suhu.php on line 162.
 1 APPPATH\Controllers\Suhu.php(162): CodeIgniter\Debug\Exceptions->errorHandler(2, 'Trying to access array offset on value of type null', 'C:\\xampp\\htdocs\\ereport-ehm\\app\\Controllers\\Suhu.php', 162)
 2 SYSTEMPATH\CodeIgniter.php(932): App\Controllers\Suhu->AddSuhu('bootstrap.js')
 3 SYSTEMPATH\CodeIgniter.php(497): CodeIgniter\CodeIgniter->runController(Object(App\Controllers\Suhu))
 4 SYSTEMPATH\CodeIgniter.php(366): CodeIgniter\CodeIgniter->handleRequest(null, Object(Config\Cache), false)
 5 FCPATH\index.php(81): CodeIgniter\CodeIgniter->run()
WARNING - 2025-12-10 09:53:18 --> [DEPRECATED] Creation of dynamic property App\Controllers\Suhu::$MasterDataModel is deprecated in APPPATH\Controllers\Suhu.php on line 205.
 1 SYSTEMPATH\CodeIgniter.php(904): App\Controllers\Suhu->__construct()
 2 SYSTEMPATH\CodeIgniter.php(488): CodeIgniter\CodeIgniter->createController()
 3 SYSTEMPATH\CodeIgniter.php(366): CodeIgniter\CodeIgniter->handleRequest(null, Object(Config\Cache), false)
 4 FCPATH\index.php(81): CodeIgniter\CodeIgniter->run()
INFO - 2025-12-10 09:53:18 --> Session: Class initialized using 'CodeIgniter\Session\Handlers\FileHandler' driver.
WARNING - 2025-12-10 09:53:18 --> [DEPRECATED] Creation of dynamic property App\Controllers\Suhu::$MasterDataModel is deprecated in APPPATH\Controllers\Suhu.php on line 205.
 1 SYSTEMPATH\CodeIgniter.php(904): App\Controllers\Suhu->__construct()
 2 SYSTEMPATH\CodeIgniter.php(488): CodeIgniter\CodeIgniter->createController()
 3 SYSTEMPATH\CodeIgniter.php(366): CodeIgniter\CodeIgniter->handleRequest(null, Object(Config\Cache), false)
 4 FCPATH\index.php(81): CodeIgniter\CodeIgniter->run()
INFO - 2025-12-10 09:53:18 --> Session: Class initialized using 'CodeIgniter\Session\Handlers\FileHandler' driver.
WARNING - 2025-12-10 09:53:20 --> [DEPRECATED] Creation of dynamic property App\Controllers\Suhu::$MasterDataModel is deprecated in APPPATH\Controllers\Suhu.php on line 205.
 1 SYSTEMPATH\CodeIgniter.php(904): App\Controllers\Suhu->__construct()
 2 SYSTEMPATH\CodeIgniter.php(488): CodeIgniter\CodeIgniter->createController()
 3 SYSTEMPATH\CodeIgniter.php(366): CodeIgniter\CodeIgniter->handleRequest(null, Object(Config\Cache), false)
 4 FCPATH\index.php(81): CodeIgniter\CodeIgniter->run()
CRITICAL - 2025-12-10 09:53:20 --> Trying to access array offset on value of type null
in APPPATH\Controllers\Suhu.php on line 162.
 1 APPPATH\Controllers\Suhu.php(162): CodeIgniter\Debug\Exceptions->errorHandler(2, 'Trying to access array offset on value of type null', 'C:\\xampp\\htdocs\\ereport-ehm\\app\\Controllers\\Suhu.php', 162)
 2 SYSTEMPATH\CodeIgniter.php(932): App\Controllers\Suhu->AddSuhu('jquery.js')
 3 SYSTEMPATH\CodeIgniter.php(497): CodeIgniter\CodeIgniter->runController(Object(App\Controllers\Suhu))
 4 SYSTEMPATH\CodeIgniter.php(366): CodeIgniter\CodeIgniter->handleRequest(null, Object(Config\Cache), false)
 5 FCPATH\index.php(81): CodeIgniter\CodeIgniter->run()
WARNING - 2025-12-10 09:53:20 --> [DEPRECATED] Creation of dynamic property App\Controllers\Suhu::$MasterDataModel is deprecated in APPPATH\Controllers\Suhu.php on line 205.
 1 SYSTEMPATH\CodeIgniter.php(904): App\Controllers\Suhu->__construct()
 2 SYSTEMPATH\CodeIgniter.php(488): CodeIgniter\CodeIgniter->createController()
 3 SYSTEMPATH\CodeIgniter.php(366): CodeIgniter\CodeIgniter->handleRequest(null, Object(Config\Cache), false)
 4 FCPATH\index.php(81): CodeIgniter\CodeIgniter->run()
CRITICAL - 2025-12-10 09:53:20 --> Trying to access array offset on value of type null
in APPPATH\Controllers\Suhu.php on line 162.
 1 APPPATH\Controllers\Suhu.php(162): CodeIgniter\Debug\Exceptions->errorHandler(2, 'Trying to access array offset on value of type null', 'C:\\xampp\\htdocs\\ereport-ehm\\app\\Controllers\\Suhu.php', 162)
 2 SYSTEMPATH\CodeIgniter.php(932): App\Controllers\Suhu->AddSuhu('bootstrap.js')
 3 SYSTEMPATH\CodeIgniter.php(497): CodeIgniter\CodeIgniter->runController(Object(App\Controllers\Suhu))
 4 SYSTEMPATH\CodeIgniter.php(366): CodeIgniter\CodeIgniter->handleRequest(null, Object(Config\Cache), false)
 5 FCPATH\index.php(81): CodeIgniter\CodeIgniter->run()
WARNING - 2025-12-10 09:53:23 --> [DEPRECATED] Creation of dynamic property App\Controllers\Suhu::$MasterDataModel is deprecated in APPPATH\Controllers\Suhu.php on line 205.
 1 SYSTEMPATH\CodeIgniter.php(904): App\Controllers\Suhu->__construct()
 2 SYSTEMPATH\CodeIgniter.php(488): CodeIgniter\CodeIgniter->createController()
 3 SYSTEMPATH\CodeIgniter.php(366): CodeIgniter\CodeIgniter->handleRequest(null, Object(Config\Cache), false)
 4 FCPATH\index.php(81): CodeIgniter\CodeIgniter->run()
INFO - 2025-12-10 09:53:23 --> Session: Class initialized using 'CodeIgniter\Session\Handlers\FileHandler' driver.
WARNING - 2025-12-10 09:54:04 --> [DEPRECATED] Creation of dynamic property App\Controllers\Suhu::$MasterDataModel is deprecated in APPPATH\Controllers\Suhu.php on line 205.
 1 SYSTEMPATH\CodeIgniter.php(904): App\Controllers\Suhu->__construct()
 2 SYSTEMPATH\CodeIgniter.php(488): CodeIgniter\CodeIgniter->createController()
 3 SYSTEMPATH\CodeIgniter.php(366): CodeIgniter\CodeIgniter->handleRequest(null, Object(Config\Cache), false)
 4 FCPATH\index.php(81): CodeIgniter\CodeIgniter->run()
INFO - 2025-12-10 09:54:04 --> Session: Class initialized using 'CodeIgniter\Session\Handlers\FileHandler' driver.
WARNING - 2025-12-10 09:54:04 --> [DEPRECATED] Creation of dynamic property App\Controllers\Suhu::$MasterDataModel is deprecated in APPPATH\Controllers\Suhu.php on line 205.
 1 SYSTEMPATH\CodeIgniter.php(904): App\Controllers\Suhu->__construct()
 2 SYSTEMPATH\CodeIgniter.php(488): CodeIgniter\CodeIgniter->createController()
 3 SYSTEMPATH\CodeIgniter.php(366): CodeIgniter\CodeIgniter->handleRequest(null, Object(Config\Cache), false)
 4 FCPATH\index.php(81): CodeIgniter\CodeIgniter->run()
CRITICAL - 2025-12-10 09:54:04 --> Trying to access array offset on value of type null
in APPPATH\Controllers\Suhu.php on line 162.
 1 APPPATH\Controllers\Suhu.php(162): CodeIgniter\Debug\Exceptions->errorHandler(2, 'Trying to access array offset on value of type null', 'C:\\xampp\\htdocs\\ereport-ehm\\app\\Controllers\\Suhu.php', 162)
 2 SYSTEMPATH\CodeIgniter.php(932): App\Controllers\Suhu->AddSuhu('bootstrap.js')
 3 SYSTEMPATH\CodeIgniter.php(497): CodeIgniter\CodeIgniter->runController(Object(App\Controllers\Suhu))
 4 SYSTEMPATH\CodeIgniter.php(366): CodeIgniter\CodeIgniter->handleRequest(null, Object(Config\Cache), false)
 5 FCPATH\index.php(81): CodeIgniter\CodeIgniter->run()
WARNING - 2025-12-10 09:54:05 --> [DEPRECATED] Creation of dynamic property App\Controllers\Suhu::$MasterDataModel is deprecated in APPPATH\Controllers\Suhu.php on line 205.
 1 SYSTEMPATH\CodeIgniter.php(904): App\Controllers\Suhu->__construct()
 2 SYSTEMPATH\CodeIgniter.php(488): CodeIgniter\CodeIgniter->createController()
 3 SYSTEMPATH\CodeIgniter.php(366): CodeIgniter\CodeIgniter->handleRequest(null, Object(Config\Cache), false)
 4 FCPATH\index.php(81): CodeIgniter\CodeIgniter->run()
CRITICAL - 2025-12-10 09:54:05 --> Trying to access array offset on value of type null
in APPPATH\Controllers\Suhu.php on line 162.
 1 APPPATH\Controllers\Suhu.php(162): CodeIgniter\Debug\Exceptions->errorHandler(2, 'Trying to access array offset on value of type null', 'C:\\xampp\\htdocs\\ereport-ehm\\app\\Controllers\\Suhu.php', 162)
 2 SYSTEMPATH\CodeIgniter.php(932): App\Controllers\Suhu->AddSuhu('jquery.js')
 3 SYSTEMPATH\CodeIgniter.php(497): CodeIgniter\CodeIgniter->runController(Object(App\Controllers\Suhu))
 4 SYSTEMPATH\CodeIgniter.php(366): CodeIgniter\CodeIgniter->handleRequest(null, Object(Config\Cache), false)
 5 FCPATH\index.php(81): CodeIgniter\CodeIgniter->run()
WARNING - 2025-12-10 09:54:13 --> [DEPRECATED] Creation of dynamic property App\Controllers\Suhu::$MasterDataModel is deprecated in APPPATH\Controllers\Suhu.php on line 205.
 1 SYSTEMPATH\CodeIgniter.php(904): App\Controllers\Suhu->__construct()
 2 SYSTEMPATH\CodeIgniter.php(488): CodeIgniter\CodeIgniter->createController()
 3 SYSTEMPATH\CodeIgniter.php(366): CodeIgniter\CodeIgniter->handleRequest(null, Object(Config\Cache), false)
 4 FCPATH\index.php(81): CodeIgniter\CodeIgniter->run()
INFO - 2025-12-10 09:54:13 --> Session: Class initialized using 'CodeIgniter\Session\Handlers\FileHandler' driver.
WARNING - 2025-12-10 09:54:16 --> [DEPRECATED] Creation of dynamic property App\Controllers\Suhu::$MasterDataModel is deprecated in APPPATH\Controllers\Suhu.php on line 205.
 1 SYSTEMPATH\CodeIgniter.php(904): App\Controllers\Suhu->__construct()
 2 SYSTEMPATH\CodeIgniter.php(488): CodeIgniter\CodeIgniter->createController()
 3 SYSTEMPATH\CodeIgniter.php(366): CodeIgniter\CodeIgniter->handleRequest(null, Object(Config\Cache), false)
 4 FCPATH\index.php(81): CodeIgniter\CodeIgniter->run()
INFO - 2025-12-10 09:54:16 --> Session: Class initialized using 'CodeIgniter\Session\Handlers\FileHandler' driver.
WARNING - 2025-12-10 09:54:16 --> [DEPRECATED] Creation of dynamic property App\Controllers\Suhu::$MasterDataModel is deprecated in APPPATH\Controllers\Suhu.php on line 205.
 1 SYSTEMPATH\CodeIgniter.php(904): App\Controllers\Suhu->__construct()
 2 SYSTEMPATH\CodeIgniter.php(488): CodeIgniter\CodeIgniter->createController()
 3 SYSTEMPATH\CodeIgniter.php(366): CodeIgniter\CodeIgniter->handleRequest(null, Object(Config\Cache), false)
 4 FCPATH\index.php(81): CodeIgniter\CodeIgniter->run()
CRITICAL - 2025-12-10 09:54:16 --> Trying to access array offset on value of type null
in APPPATH\Controllers\Suhu.php on line 162.
 1 APPPATH\Controllers\Suhu.php(162): CodeIgniter\Debug\Exceptions->errorHandler(2, 'Trying to access array offset on value of type null', 'C:\\xampp\\htdocs\\ereport-ehm\\app\\Controllers\\Suhu.php', 162)
 2 SYSTEMPATH\CodeIgniter.php(932): App\Controllers\Suhu->AddSuhu('jquery.js')
 3 SYSTEMPATH\CodeIgniter.php(497): CodeIgniter\CodeIgniter->runController(Object(App\Controllers\Suhu))
 4 SYSTEMPATH\CodeIgniter.php(366): CodeIgniter\CodeIgniter->handleRequest(null, Object(Config\Cache), false)
 5 FCPATH\index.php(81): CodeIgniter\CodeIgniter->run()
WARNING - 2025-12-10 09:54:16 --> [DEPRECATED] Creation of dynamic property App\Controllers\Suhu::$MasterDataModel is deprecated in APPPATH\Controllers\Suhu.php on line 205.
 1 SYSTEMPATH\CodeIgniter.php(904): App\Controllers\Suhu->__construct()
 2 SYSTEMPATH\CodeIgniter.php(488): CodeIgniter\CodeIgniter->createController()
 3 SYSTEMPATH\CodeIgniter.php(366): CodeIgniter\CodeIgniter->handleRequest(null, Object(Config\Cache), false)
 4 FCPATH\index.php(81): CodeIgniter\CodeIgniter->run()
CRITICAL - 2025-12-10 09:54:16 --> Trying to access array offset on value of type null
in APPPATH\Controllers\Suhu.php on line 162.
 1 APPPATH\Controllers\Suhu.php(162): CodeIgniter\Debug\Exceptions->errorHandler(2, 'Trying to access array offset on value of type null', 'C:\\xampp\\htdocs\\ereport-ehm\\app\\Controllers\\Suhu.php', 162)
 2 SYSTEMPATH\CodeIgniter.php(932): App\Controllers\Suhu->AddSuhu('bootstrap.js')
 3 SYSTEMPATH\CodeIgniter.php(497): CodeIgniter\CodeIgniter->runController(Object(App\Controllers\Suhu))
 4 SYSTEMPATH\CodeIgniter.php(366): CodeIgniter\CodeIgniter->handleRequest(null, Object(Config\Cache), false)
 5 FCPATH\index.php(81): CodeIgniter\CodeIgniter->run()
WARNING - 2025-12-10 09:54:22 --> [DEPRECATED] Creation of dynamic property App\Controllers\Suhu::$MasterDataModel is deprecated in APPPATH\Controllers\Suhu.php on line 205.
 1 SYSTEMPATH\CodeIgniter.php(904): App\Controllers\Suhu->__construct()
 2 SYSTEMPATH\CodeIgniter.php(488): CodeIgniter\CodeIgniter->createController()
 3 SYSTEMPATH\CodeIgniter.php(366): CodeIgniter\CodeIgniter->handleRequest(null, Object(Config\Cache), false)
 4 FCPATH\index.php(81): CodeIgniter\CodeIgniter->run()
INFO - 2025-12-10 09:54:22 --> Session: Class initialized using 'CodeIgniter\Session\Handlers\FileHandler' driver.
WARNING - 2025-12-10 09:54:42 --> [DEPRECATED] Creation of dynamic property App\Controllers\Suhu::$MasterDataModel is deprecated in APPPATH\Controllers\Suhu.php on line 205.
 1 SYSTEMPATH\CodeIgniter.php(904): App\Controllers\Suhu->__construct()
 2 SYSTEMPATH\CodeIgniter.php(488): CodeIgniter\CodeIgniter->createController()
 3 SYSTEMPATH\CodeIgniter.php(366): CodeIgniter\CodeIgniter->handleRequest(null, Object(Config\Cache), false)
 4 FCPATH\index.php(81): CodeIgniter\CodeIgniter->run()
INFO - 2025-12-10 09:54:42 --> Session: Class initialized using 'CodeIgniter\Session\Handlers\FileHandler' driver.
WARNING - 2025-12-10 09:54:43 --> [DEPRECATED] Creation of dynamic property App\Controllers\Suhu::$MasterDataModel is deprecated in APPPATH\Controllers\Suhu.php on line 205.
 1 SYSTEMPATH\CodeIgniter.php(904): App\Controllers\Suhu->__construct()
 2 SYSTEMPATH\CodeIgniter.php(488): CodeIgniter\CodeIgniter->createController()
 3 SYSTEMPATH\CodeIgniter.php(366): CodeIgniter\CodeIgniter->handleRequest(null, Object(Config\Cache), false)
 4 FCPATH\index.php(81): CodeIgniter\CodeIgniter->run()
WARNING - 2025-12-10 09:54:43 --> [DEPRECATED] Creation of dynamic property App\Controllers\Suhu::$MasterDataModel is deprecated in APPPATH\Controllers\Suhu.php on line 205.
 1 SYSTEMPATH\CodeIgniter.php(904): App\Controllers\Suhu->__construct()
 2 SYSTEMPATH\CodeIgniter.php(488): CodeIgniter\CodeIgniter->createController()
 3 SYSTEMPATH\CodeIgniter.php(366): CodeIgniter\CodeIgniter->handleRequest(null, Object(Config\Cache), false)
 4 FCPATH\index.php(81): CodeIgniter\CodeIgniter->run()
CRITICAL - 2025-12-10 09:54:43 --> Trying to access array offset on value of type null
in APPPATH\Controllers\Suhu.php on line 162.
 1 APPPATH\Controllers\Suhu.php(162): CodeIgniter\Debug\Exceptions->errorHandler(2, 'Trying to access array offset on value of type null', 'C:\\xampp\\htdocs\\ereport-ehm\\app\\Controllers\\Suhu.php', 162)
 2 SYSTEMPATH\CodeIgniter.php(932): App\Controllers\Suhu->AddSuhu('bootstrap.js')
 3 SYSTEMPATH\CodeIgniter.php(497): CodeIgniter\CodeIgniter->runController(Object(App\Controllers\Suhu))
 4 SYSTEMPATH\CodeIgniter.php(366): CodeIgniter\CodeIgniter->handleRequest(null, Object(Config\Cache), false)
 5 FCPATH\index.php(81): CodeIgniter\CodeIgniter->run()
CRITICAL - 2025-12-10 09:54:44 --> Trying to access array offset on value of type null
in APPPATH\Controllers\Suhu.php on line 162.
 1 APPPATH\Controllers\Suhu.php(162): CodeIgniter\Debug\Exceptions->errorHandler(2, 'Trying to access array offset on value of type null', 'C:\\xampp\\htdocs\\ereport-ehm\\app\\Controllers\\Suhu.php', 162)
 2 SYSTEMPATH\CodeIgniter.php(932): App\Controllers\Suhu->AddSuhu('jquery.js')
 3 SYSTEMPATH\CodeIgniter.php(497): CodeIgniter\CodeIgniter->runController(Object(App\Controllers\Suhu))
 4 SYSTEMPATH\CodeIgniter.php(366): CodeIgniter\CodeIgniter->handleRequest(null, Object(Config\Cache), false)
 5 FCPATH\index.php(81): CodeIgniter\CodeIgniter->run()
WARNING - 2025-12-10 09:54:56 --> [DEPRECATED] Creation of dynamic property App\Controllers\Suhu::$MasterDataModel is deprecated in APPPATH\Controllers\Suhu.php on line 205.
 1 SYSTEMPATH\CodeIgniter.php(904): App\Controllers\Suhu->__construct()
 2 SYSTEMPATH\CodeIgniter.php(488): CodeIgniter\CodeIgniter->createController()
 3 SYSTEMPATH\CodeIgniter.php(366): CodeIgniter\CodeIgniter->handleRequest(null, Object(Config\Cache), false)
 4 FCPATH\index.php(81): CodeIgniter\CodeIgniter->run()
INFO - 2025-12-10 09:54:56 --> Session: Class initialized using 'CodeIgniter\Session\Handlers\FileHandler' driver.
WARNING - 2025-12-10 09:54:57 --> [DEPRECATED] Creation of dynamic property App\Controllers\Suhu::$MasterDataModel is deprecated in APPPATH\Controllers\Suhu.php on line 205.
 1 SYSTEMPATH\CodeIgniter.php(904): App\Controllers\Suhu->__construct()
 2 SYSTEMPATH\CodeIgniter.php(488): CodeIgniter\CodeIgniter->createController()
 3 SYSTEMPATH\CodeIgniter.php(366): CodeIgniter\CodeIgniter->handleRequest(null, Object(Config\Cache), false)
 4 FCPATH\index.php(81): CodeIgniter\CodeIgniter->run()
INFO - 2025-12-10 09:54:59 --> Session: Class initialized using 'CodeIgniter\Session\Handlers\FileHandler' driver.
WARNING - 2025-12-10 09:54:59 --> [DEPRECATED] Creation of dynamic property App\Controllers\Suhu::$MasterDataModel is deprecated in APPPATH\Controllers\Suhu.php on line 205.
 1 SYSTEMPATH\CodeIgniter.php(904): App\Controllers\Suhu->__construct()
 2 SYSTEMPATH\CodeIgniter.php(488): CodeIgniter\CodeIgniter->createController()
 3 SYSTEMPATH\CodeIgniter.php(366): CodeIgniter\CodeIgniter->handleRequest(null, Object(Config\Cache), false)
 4 FCPATH\index.php(81): CodeIgniter\CodeIgniter->run()
WARNING - 2025-12-10 09:54:59 --> [DEPRECATED] Creation of dynamic property App\Controllers\Suhu::$MasterDataModel is deprecated in APPPATH\Controllers\Suhu.php on line 205.
 1 SYSTEMPATH\CodeIgniter.php(904): App\Controllers\Suhu->__construct()
 2 SYSTEMPATH\CodeIgniter.php(488): CodeIgniter\CodeIgniter->createController()
 3 SYSTEMPATH\CodeIgniter.php(366): CodeIgniter\CodeIgniter->handleRequest(null, Object(Config\Cache), false)
 4 FCPATH\index.php(81): CodeIgniter\CodeIgniter->run()
CRITICAL - 2025-12-10 09:54:59 --> Trying to access array offset on value of type null
in APPPATH\Controllers\Suhu.php on line 162.
 1 APPPATH\Controllers\Suhu.php(162): CodeIgniter\Debug\Exceptions->errorHandler(2, 'Trying to access array offset on value of type null', 'C:\\xampp\\htdocs\\ereport-ehm\\app\\Controllers\\Suhu.php', 162)
 2 SYSTEMPATH\CodeIgniter.php(932): App\Controllers\Suhu->AddSuhu('jquery.js')
 3 SYSTEMPATH\CodeIgniter.php(497): CodeIgniter\CodeIgniter->runController(Object(App\Controllers\Suhu))
 4 SYSTEMPATH\CodeIgniter.php(366): CodeIgniter\CodeIgniter->handleRequest(null, Object(Config\Cache), false)
 5 FCPATH\index.php(81): CodeIgniter\CodeIgniter->run()
CRITICAL - 2025-12-10 09:54:59 --> Trying to access array offset on value of type null
in APPPATH\Controllers\Suhu.php on line 162.
 1 APPPATH\Controllers\Suhu.php(162): CodeIgniter\Debug\Exceptions->errorHandler(2, 'Trying to access array offset on value of type null', 'C:\\xampp\\htdocs\\ereport-ehm\\app\\Controllers\\Suhu.php', 162)
 2 SYSTEMPATH\CodeIgniter.php(932): App\Controllers\Suhu->AddSuhu('bootstrap.js')
 3 SYSTEMPATH\CodeIgniter.php(497): CodeIgniter\CodeIgniter->runController(Object(App\Controllers\Suhu))
 4 SYSTEMPATH\CodeIgniter.php(366): CodeIgniter\CodeIgniter->handleRequest(null, Object(Config\Cache), false)
 5 FCPATH\index.php(81): CodeIgniter\CodeIgniter->run()
WARNING - 2025-12-10 09:55:01 --> [DEPRECATED] Creation of dynamic property App\Controllers\Suhu::$MasterDataModel is deprecated in APPPATH\Controllers\Suhu.php on line 205.
 1 SYSTEMPATH\CodeIgniter.php(904): App\Controllers\Suhu->__construct()
 2 SYSTEMPATH\CodeIgniter.php(488): CodeIgniter\CodeIgniter->createController()
 3 SYSTEMPATH\CodeIgniter.php(366): CodeIgniter\CodeIgniter->handleRequest(null, Object(Config\Cache), false)
 4 FCPATH\index.php(81): CodeIgniter\CodeIgniter->run()
INFO - 2025-12-10 09:55:02 --> Session: Class initialized using 'CodeIgniter\Session\Handlers\FileHandler' driver.
WARNING - 2025-12-10 09:55:15 --> [DEPRECATED] Creation of dynamic property App\Controllers\Suhu::$MasterDataModel is deprecated in APPPATH\Controllers\Suhu.php on line 205.
 1 SYSTEMPATH\CodeIgniter.php(904): App\Controllers\Suhu->__construct()
 2 SYSTEMPATH\CodeIgniter.php(488): CodeIgniter\CodeIgniter->createController()
 3 SYSTEMPATH\CodeIgniter.php(366): CodeIgniter\CodeIgniter->handleRequest(null, Object(Config\Cache), false)
 4 FCPATH\index.php(81): CodeIgniter\CodeIgniter->run()
INFO - 2025-12-10 09:55:15 --> Session: Class initialized using 'CodeIgniter\Session\Handlers\FileHandler' driver.
WARNING - 2025-12-10 09:55:16 --> [DEPRECATED] Creation of dynamic property App\Controllers\Suhu::$MasterDataModel is deprecated in APPPATH\Controllers\Suhu.php on line 205.
 1 SYSTEMPATH\CodeIgniter.php(904): App\Controllers\Suhu->__construct()
 2 SYSTEMPATH\CodeIgniter.php(488): CodeIgniter\CodeIgniter->createController()
 3 SYSTEMPATH\CodeIgniter.php(366): CodeIgniter\CodeIgniter->handleRequest(null, Object(Config\Cache), false)
 4 FCPATH\index.php(81): CodeIgniter\CodeIgniter->run()
WARNING - 2025-12-10 09:55:16 --> [DEPRECATED] Creation of dynamic property App\Controllers\Suhu::$MasterDataModel is deprecated in APPPATH\Controllers\Suhu.php on line 205.
 1 SYSTEMPATH\CodeIgniter.php(904): App\Controllers\Suhu->__construct()
 2 SYSTEMPATH\CodeIgniter.php(488): CodeIgniter\CodeIgniter->createController()
 3 SYSTEMPATH\CodeIgniter.php(366): CodeIgniter\CodeIgniter->handleRequest(null, Object(Config\Cache), false)
 4 FCPATH\index.php(81): CodeIgniter\CodeIgniter->run()
CRITICAL - 2025-12-10 09:55:16 --> Trying to access array offset on value of type null
in APPPATH\Controllers\Suhu.php on line 162.
 1 APPPATH\Controllers\Suhu.php(162): CodeIgniter\Debug\Exceptions->errorHandler(2, 'Trying to access array offset on value of type null', 'C:\\xampp\\htdocs\\ereport-ehm\\app\\Controllers\\Suhu.php', 162)
 2 SYSTEMPATH\CodeIgniter.php(932): App\Controllers\Suhu->AddSuhu('jquery.js')
 3 SYSTEMPATH\CodeIgniter.php(497): CodeIgniter\CodeIgniter->runController(Object(App\Controllers\Suhu))
 4 SYSTEMPATH\CodeIgniter.php(366): CodeIgniter\CodeIgniter->handleRequest(null, Object(Config\Cache), false)
 5 FCPATH\index.php(81): CodeIgniter\CodeIgniter->run()
CRITICAL - 2025-12-10 09:55:17 --> Trying to access array offset on value of type null
in APPPATH\Controllers\Suhu.php on line 162.
 1 APPPATH\Controllers\Suhu.php(162): CodeIgniter\Debug\Exceptions->errorHandler(2, 'Trying to access array offset on value of type null', 'C:\\xampp\\htdocs\\ereport-ehm\\app\\Controllers\\Suhu.php', 162)
 2 SYSTEMPATH\CodeIgniter.php(932): App\Controllers\Suhu->AddSuhu('bootstrap.js')
 3 SYSTEMPATH\CodeIgniter.php(497): CodeIgniter\CodeIgniter->runController(Object(App\Controllers\Suhu))
 4 SYSTEMPATH\CodeIgniter.php(366): CodeIgniter\CodeIgniter->handleRequest(null, Object(Config\Cache), false)
 5 FCPATH\index.php(81): CodeIgniter\CodeIgniter->run()
WARNING - 2025-12-10 09:55:27 --> [DEPRECATED] Creation of dynamic property App\Controllers\Suhu::$MasterDataModel is deprecated in APPPATH\Controllers\Suhu.php on line 205.
 1 SYSTEMPATH\CodeIgniter.php(904): App\Controllers\Suhu->__construct()
 2 SYSTEMPATH\CodeIgniter.php(488): CodeIgniter\CodeIgniter->createController()
 3 SYSTEMPATH\CodeIgniter.php(366): CodeIgniter\CodeIgniter->handleRequest(null, Object(Config\Cache), false)
 4 FCPATH\index.php(81): CodeIgniter\CodeIgniter->run()
INFO - 2025-12-10 09:55:27 --> Session: Class initialized using 'CodeIgniter\Session\Handlers\FileHandler' driver.
WARNING - 2025-12-10 09:55:27 --> [DEPRECATED] Creation of dynamic property App\Controllers\Suhu::$MasterDataModel is deprecated in APPPATH\Controllers\Suhu.php on line 205.
 1 SYSTEMPATH\CodeIgniter.php(904): App\Controllers\Suhu->__construct()
 2 SYSTEMPATH\CodeIgniter.php(488): CodeIgniter\CodeIgniter->createController()
 3 SYSTEMPATH\CodeIgniter.php(366): CodeIgniter\CodeIgniter->handleRequest(null, Object(Config\Cache), false)
 4 FCPATH\index.php(81): CodeIgniter\CodeIgniter->run()
INFO - 2025-12-10 09:55:28 --> Session: Class initialized using 'CodeIgniter\Session\Handlers\FileHandler' driver.
WARNING - 2025-12-10 09:55:29 --> [DEPRECATED] Creation of dynamic property App\Controllers\Suhu::$MasterDataModel is deprecated in APPPATH\Controllers\Suhu.php on line 205.
 1 SYSTEMPATH\CodeIgniter.php(904): App\Controllers\Suhu->__construct()
 2 SYSTEMPATH\CodeIgniter.php(488): CodeIgniter\CodeIgniter->createController()
 3 SYSTEMPATH\CodeIgniter.php(366): CodeIgniter\CodeIgniter->handleRequest(null, Object(Config\Cache), false)
 4 FCPATH\index.php(81): CodeIgniter\CodeIgniter->run()
WARNING - 2025-12-10 09:55:29 --> [DEPRECATED] Creation of dynamic property App\Controllers\Suhu::$MasterDataModel is deprecated in APPPATH\Controllers\Suhu.php on line 205.
 1 SYSTEMPATH\CodeIgniter.php(904): App\Controllers\Suhu->__construct()
 2 SYSTEMPATH\CodeIgniter.php(488): CodeIgniter\CodeIgniter->createController()
 3 SYSTEMPATH\CodeIgniter.php(366): CodeIgniter\CodeIgniter->handleRequest(null, Object(Config\Cache), false)
 4 FCPATH\index.php(81): CodeIgniter\CodeIgniter->run()
CRITICAL - 2025-12-10 09:55:29 --> Trying to access array offset on value of type null
in APPPATH\Controllers\Suhu.php on line 162.
 1 APPPATH\Controllers\Suhu.php(162): CodeIgniter\Debug\Exceptions->errorHandler(2, 'Trying to access array offset on value of type null', 'C:\\xampp\\htdocs\\ereport-ehm\\app\\Controllers\\Suhu.php', 162)
 2 SYSTEMPATH\CodeIgniter.php(932): App\Controllers\Suhu->AddSuhu('jquery.js')
 3 SYSTEMPATH\CodeIgniter.php(497): CodeIgniter\CodeIgniter->runController(Object(App\Controllers\Suhu))
 4 SYSTEMPATH\CodeIgniter.php(366): CodeIgniter\CodeIgniter->handleRequest(null, Object(Config\Cache), false)
 5 FCPATH\index.php(81): CodeIgniter\CodeIgniter->run()
CRITICAL - 2025-12-10 09:55:29 --> Trying to access array offset on value of type null
in APPPATH\Controllers\Suhu.php on line 162.
 1 APPPATH\Controllers\Suhu.php(162): CodeIgniter\Debug\Exceptions->errorHandler(2, 'Trying to access array offset on value of type null', 'C:\\xampp\\htdocs\\ereport-ehm\\app\\Controllers\\Suhu.php', 162)
 2 SYSTEMPATH\CodeIgniter.php(932): App\Controllers\Suhu->AddSuhu('bootstrap.js')
 3 SYSTEMPATH\CodeIgniter.php(497): CodeIgniter\CodeIgniter->runController(Object(App\Controllers\Suhu))
 4 SYSTEMPATH\CodeIgniter.php(366): CodeIgniter\CodeIgniter->handleRequest(null, Object(Config\Cache), false)
 5 FCPATH\index.php(81): CodeIgniter\CodeIgniter->run()
WARNING - 2025-12-10 09:55:31 --> [DEPRECATED] Creation of dynamic property App\Controllers\Suhu::$MasterDataModel is deprecated in APPPATH\Controllers\Suhu.php on line 205.
 1 SYSTEMPATH\CodeIgniter.php(904): App\Controllers\Suhu->__construct()
 2 SYSTEMPATH\CodeIgniter.php(488): CodeIgniter\CodeIgniter->createController()
 3 SYSTEMPATH\CodeIgniter.php(366): CodeIgniter\CodeIgniter->handleRequest(null, Object(Config\Cache), false)
 4 FCPATH\index.php(81): CodeIgniter\CodeIgniter->run()
INFO - 2025-12-10 09:55:31 --> Session: Class initialized using 'CodeIgniter\Session\Handlers\FileHandler' driver.
WARNING - 2025-12-10 09:55:36 --> [DEPRECATED] Creation of dynamic property App\Controllers\Suhu::$MasterDataModel is deprecated in APPPATH\Controllers\Suhu.php on line 205.
 1 SYSTEMPATH\CodeIgniter.php(904): App\Controllers\Suhu->__construct()
 2 SYSTEMPATH\CodeIgniter.php(488): CodeIgniter\CodeIgniter->createController()
 3 SYSTEMPATH\CodeIgniter.php(366): CodeIgniter\CodeIgniter->handleRequest(null, Object(Config\Cache), false)
 4 FCPATH\index.php(81): CodeIgniter\CodeIgniter->run()
INFO - 2025-12-10 09:55:37 --> Session: Class initialized using 'CodeIgniter\Session\Handlers\FileHandler' driver.
WARNING - 2025-12-10 09:55:38 --> [DEPRECATED] Creation of dynamic property App\Controllers\Suhu::$MasterDataModel is deprecated in APPPATH\Controllers\Suhu.php on line 205.
 1 SYSTEMPATH\CodeIgniter.php(904): App\Controllers\Suhu->__construct()
 2 SYSTEMPATH\CodeIgniter.php(488): CodeIgniter\CodeIgniter->createController()
 3 SYSTEMPATH\CodeIgniter.php(366): CodeIgniter\CodeIgniter->handleRequest(null, Object(Config\Cache), false)
 4 FCPATH\index.php(81): CodeIgniter\CodeIgniter->run()
CRITICAL - 2025-12-10 09:55:38 --> Trying to access array offset on value of type null
in APPPATH\Controllers\Suhu.php on line 162.
 1 APPPATH\Controllers\Suhu.php(162): CodeIgniter\Debug\Exceptions->errorHandler(2, 'Trying to access array offset on value of type null', 'C:\\xampp\\htdocs\\ereport-ehm\\app\\Controllers\\Suhu.php', 162)
 2 SYSTEMPATH\CodeIgniter.php(932): App\Controllers\Suhu->AddSuhu('jquery.js')
 3 SYSTEMPATH\CodeIgniter.php(497): CodeIgniter\CodeIgniter->runController(Object(App\Controllers\Suhu))
 4 SYSTEMPATH\CodeIgniter.php(366): CodeIgniter\CodeIgniter->handleRequest(null, Object(Config\Cache), false)
 5 FCPATH\index.php(81): CodeIgniter\CodeIgniter->run()
WARNING - 2025-12-10 09:55:38 --> [DEPRECATED] Creation of dynamic property App\Controllers\Suhu::$MasterDataModel is deprecated in APPPATH\Controllers\Suhu.php on line 205.
 1 SYSTEMPATH\CodeIgniter.php(904): App\Controllers\Suhu->__construct()
 2 SYSTEMPATH\CodeIgniter.php(488): CodeIgniter\CodeIgniter->createController()
 3 SYSTEMPATH\CodeIgniter.php(366): CodeIgniter\CodeIgniter->handleRequest(null, Object(Config\Cache), false)
 4 FCPATH\index.php(81): CodeIgniter\CodeIgniter->run()
CRITICAL - 2025-12-10 09:55:38 --> Trying to access array offset on value of type null
in APPPATH\Controllers\Suhu.php on line 162.
 1 APPPATH\Controllers\Suhu.php(162): CodeIgniter\Debug\Exceptions->errorHandler(2, 'Trying to access array offset on value of type null', 'C:\\xampp\\htdocs\\ereport-ehm\\app\\Controllers\\Suhu.php', 162)
 2 SYSTEMPATH\CodeIgniter.php(932): App\Controllers\Suhu->AddSuhu('bootstrap.js')
 3 SYSTEMPATH\CodeIgniter.php(497): CodeIgniter\CodeIgniter->runController(Object(App\Controllers\Suhu))
 4 SYSTEMPATH\CodeIgniter.php(366): CodeIgniter\CodeIgniter->handleRequest(null, Object(Config\Cache), false)
 5 FCPATH\index.php(81): CodeIgniter\CodeIgniter->run()
WARNING - 2025-12-10 09:55:46 --> [DEPRECATED] Creation of dynamic property App\Controllers\Suhu::$MasterDataModel is deprecated in APPPATH\Controllers\Suhu.php on line 205.
 1 SYSTEMPATH\CodeIgniter.php(904): App\Controllers\Suhu->__construct()
 2 SYSTEMPATH\CodeIgniter.php(488): CodeIgniter\CodeIgniter->createController()
 3 SYSTEMPATH\CodeIgniter.php(366): CodeIgniter\CodeIgniter->handleRequest(null, Object(Config\Cache), false)
 4 FCPATH\index.php(81): CodeIgniter\CodeIgniter->run()
INFO - 2025-12-10 09:55:46 --> Session: Class initialized using 'CodeIgniter\Session\Handlers\FileHandler' driver.
WARNING - 2025-12-10 09:55:48 --> [DEPRECATED] Creation of dynamic property App\Controllers\Suhu::$MasterDataModel is deprecated in APPPATH\Controllers\Suhu.php on line 205.
 1 SYSTEMPATH\CodeIgniter.php(904): App\Controllers\Suhu->__construct()
 2 SYSTEMPATH\CodeIgniter.php(488): CodeIgniter\CodeIgniter->createController()
 3 SYSTEMPATH\CodeIgniter.php(366): CodeIgniter\CodeIgniter->handleRequest(null, Object(Config\Cache), false)
 4 FCPATH\index.php(81): CodeIgniter\CodeIgniter->run()
INFO - 2025-12-10 09:55:50 --> Session: Class initialized using 'CodeIgniter\Session\Handlers\FileHandler' driver.
WARNING - 2025-12-10 09:55:51 --> [DEPRECATED] Creation of dynamic property App\Controllers\Suhu::$MasterDataModel is deprecated in APPPATH\Controllers\Suhu.php on line 205.
 1 SYSTEMPATH\CodeIgniter.php(904): App\Controllers\Suhu->__construct()
 2 SYSTEMPATH\CodeIgniter.php(488): CodeIgniter\CodeIgniter->createController()
 3 SYSTEMPATH\CodeIgniter.php(366): CodeIgniter\CodeIgniter->handleRequest(null, Object(Config\Cache), false)
 4 FCPATH\index.php(81): CodeIgniter\CodeIgniter->run()
WARNING - 2025-12-10 09:55:52 --> [DEPRECATED] Creation of dynamic property App\Controllers\Suhu::$MasterDataModel is deprecated in APPPATH\Controllers\Suhu.php on line 205.
 1 SYSTEMPATH\CodeIgniter.php(904): App\Controllers\Suhu->__construct()
 2 SYSTEMPATH\CodeIgniter.php(488): CodeIgniter\CodeIgniter->createController()
 3 SYSTEMPATH\CodeIgniter.php(366): CodeIgniter\CodeIgniter->handleRequest(null, Object(Config\Cache), false)
 4 FCPATH\index.php(81): CodeIgniter\CodeIgniter->run()
CRITICAL - 2025-12-10 09:55:52 --> Trying to access array offset on value of type null
in APPPATH\Controllers\Suhu.php on line 162.
 1 APPPATH\Controllers\Suhu.php(162): CodeIgniter\Debug\Exceptions->errorHandler(2, 'Trying to access array offset on value of type null', 'C:\\xampp\\htdocs\\ereport-ehm\\app\\Controllers\\Suhu.php', 162)
 2 SYSTEMPATH\CodeIgniter.php(932): App\Controllers\Suhu->AddSuhu('bootstrap.js')
 3 SYSTEMPATH\CodeIgniter.php(497): CodeIgniter\CodeIgniter->runController(Object(App\Controllers\Suhu))
 4 SYSTEMPATH\CodeIgniter.php(366): CodeIgniter\CodeIgniter->handleRequest(null, Object(Config\Cache), false)
 5 FCPATH\index.php(81): CodeIgniter\CodeIgniter->run()
CRITICAL - 2025-12-10 09:55:52 --> Trying to access array offset on value of type null
in APPPATH\Controllers\Suhu.php on line 162.
 1 APPPATH\Controllers\Suhu.php(162): CodeIgniter\Debug\Exceptions->errorHandler(2, 'Trying to access array offset on value of type null', 'C:\\xampp\\htdocs\\ereport-ehm\\app\\Controllers\\Suhu.php', 162)
 2 SYSTEMPATH\CodeIgniter.php(932): App\Controllers\Suhu->AddSuhu('jquery.js')
 3 SYSTEMPATH\CodeIgniter.php(497): CodeIgniter\CodeIgniter->runController(Object(App\Controllers\Suhu))
 4 SYSTEMPATH\CodeIgniter.php(366): CodeIgniter\CodeIgniter->handleRequest(null, Object(Config\Cache), false)
 5 FCPATH\index.php(81): CodeIgniter\CodeIgniter->run()
WARNING - 2025-12-10 09:55:53 --> [DEPRECATED] Creation of dynamic property App\Controllers\Suhu::$MasterDataModel is deprecated in APPPATH\Controllers\Suhu.php on line 205.
 1 SYSTEMPATH\CodeIgniter.php(904): App\Controllers\Suhu->__construct()
 2 SYSTEMPATH\CodeIgniter.php(488): CodeIgniter\CodeIgniter->createController()
 3 SYSTEMPATH\CodeIgniter.php(366): CodeIgniter\CodeIgniter->handleRequest(null, Object(Config\Cache), false)
 4 FCPATH\index.php(81): CodeIgniter\CodeIgniter->run()
INFO - 2025-12-10 09:55:55 --> Session: Class initialized using 'CodeIgniter\Session\Handlers\FileHandler' driver.
WARNING - 2025-12-10 09:56:00 --> [DEPRECATED] Creation of dynamic property App\Controllers\Suhu::$MasterDataModel is deprecated in APPPATH\Controllers\Suhu.php on line 205.
 1 SYSTEMPATH\CodeIgniter.php(904): App\Controllers\Suhu->__construct()
 2 SYSTEMPATH\CodeIgniter.php(488): CodeIgniter\CodeIgniter->createController()
 3 SYSTEMPATH\CodeIgniter.php(366): CodeIgniter\CodeIgniter->handleRequest(null, Object(Config\Cache), false)
 4 FCPATH\index.php(81): CodeIgniter\CodeIgniter->run()
INFO - 2025-12-10 09:56:00 --> Session: Class initialized using 'CodeIgniter\Session\Handlers\FileHandler' driver.
WARNING - 2025-12-10 09:56:01 --> [DEPRECATED] Creation of dynamic property App\Controllers\Suhu::$MasterDataModel is deprecated in APPPATH\Controllers\Suhu.php on line 205.
 1 SYSTEMPATH\CodeIgniter.php(904): App\Controllers\Suhu->__construct()
 2 SYSTEMPATH\CodeIgniter.php(488): CodeIgniter\CodeIgniter->createController()
 3 SYSTEMPATH\CodeIgniter.php(366): CodeIgniter\CodeIgniter->handleRequest(null, Object(Config\Cache), false)
 4 FCPATH\index.php(81): CodeIgniter\CodeIgniter->run()
INFO - 2025-12-10 09:56:01 --> Session: Class initialized using 'CodeIgniter\Session\Handlers\FileHandler' driver.
INFO - 2025-12-10 09:56:16 --> Session: Class initialized using 'CodeIgniter\Session\Handlers\FileHandler' driver.
WARNING - 2025-12-10 09:56:16 --> [DEPRECATED] Creation of dynamic property App\Controllers\Suhu::$MasterDataModel is deprecated in APPPATH\Controllers\Suhu.php on line 205.
 1 SYSTEMPATH\CodeIgniter.php(904): App\Controllers\Suhu->__construct()
 2 SYSTEMPATH\CodeIgniter.php(488): CodeIgniter\CodeIgniter->createController()
 3 SYSTEMPATH\CodeIgniter.php(366): CodeIgniter\CodeIgniter->handleRequest(null, Object(Config\Cache), false)
 4 FCPATH\index.php(81): CodeIgniter\CodeIgniter->run()
INFO - 2025-12-10 09:56:45 --> Session: Class initialized using 'CodeIgniter\Session\Handlers\FileHandler' driver.
INFO - 2025-12-10 09:56:54 --> Session: Class initialized using 'CodeIgniter\Session\Handlers\FileHandler' driver.
INFO - 2025-12-10 09:57:09 --> Session: Class initialized using 'CodeIgniter\Session\Handlers\FileHandler' driver.
INFO - 2025-12-10 09:57:23 --> Session: Class initialized using 'CodeIgniter\Session\Handlers\FileHandler' driver.
INFO - 2025-12-10 09:57:27 --> Session: Class initialized using 'CodeIgniter\Session\Handlers\FileHandler' driver.
INFO - 2025-12-10 09:57:37 --> Session: Class initialized using 'CodeIgniter\Session\Handlers\FileHandler' driver.
INFO - 2025-12-10 09:57:45 --> Session: Class initialized using 'CodeIgniter\Session\Handlers\FileHandler' driver.
INFO - 2025-12-10 09:58:01 --> Session: Class initialized using 'CodeIgniter\Session\Handlers\FileHandler' driver.
INFO - 2025-12-10 09:58:02 --> Session: Class initialized using 'CodeIgniter\Session\Handlers\FileHandler' driver.
INFO - 2025-12-10 09:58:12 --> Session: Class initialized using 'CodeIgniter\Session\Handlers\FileHandler' driver.
INFO - 2025-12-10 09:58:13 --> Session: Class initialized using 'CodeIgniter\Session\Handlers\FileHandler' driver.
INFO - 2025-12-10 09:58:27 --> Session: Class initialized using 'CodeIgniter\Session\Handlers\FileHandler' driver.
INFO - 2025-12-10 09:58:29 --> Session: Class initialized using 'CodeIgniter\Session\Handlers\FileHandler' driver.
INFO - 2025-12-10 09:58:32 --> Session: Class initialized using 'CodeIgniter\Session\Handlers\FileHandler' driver.
INFO - 2025-12-10 09:58:36 --> Session: Class initialized using 'CodeIgniter\Session\Handlers\FileHandler' driver.
INFO - 2025-12-10 09:58:53 --> Session: Class initialized using 'CodeIgniter\Session\Handlers\FileHandler' driver.
INFO - 2025-12-10 09:58:55 --> Session: Class initialized using 'CodeIgniter\Session\Handlers\FileHandler' driver.
INFO - 2025-12-10 10:00:10 --> Session: Class initialized using 'CodeIgniter\Session\Handlers\FileHandler' driver.
INFO - 2025-12-10 10:00:15 --> Session: Class initialized using 'CodeIgniter\Session\Handlers\FileHandler' driver.
INFO - 2025-12-10 10:00:28 --> Session: Class initialized using 'CodeIgniter\Session\Handlers\FileHandler' driver.
INFO - 2025-12-10 10:00:30 --> Session: Class initialized using 'CodeIgniter\Session\Handlers\FileHandler' driver.
INFO - 2025-12-10 10:00:36 --> Session: Class initialized using 'CodeIgniter\Session\Handlers\FileHandler' driver.
INFO - 2025-12-10 10:00:42 --> Session: Class initialized using 'CodeIgniter\Session\Handlers\FileHandler' driver.
INFO - 2025-12-10 10:00:54 --> Session: Class initialized using 'CodeIgniter\Session\Handlers\FileHandler' driver.
INFO - 2025-12-10 10:00:55 --> Session: Class initialized using 'CodeIgniter\Session\Handlers\FileHandler' driver.
INFO - 2025-12-10 10:00:59 --> Session: Class initialized using 'CodeIgniter\Session\Handlers\FileHandler' driver.
INFO - 2025-12-10 10:01:07 --> Session: Class initialized using 'CodeIgniter\Session\Handlers\FileHandler' driver.
INFO - 2025-12-10 10:01:19 --> Session: Class initialized using 'CodeIgniter\Session\Handlers\FileHandler' driver.
INFO - 2025-12-10 10:01:19 --> Session: Class initialized using 'CodeIgniter\Session\Handlers\FileHandler' driver.
INFO - 2025-12-10 10:01:24 --> Session: Class initialized using 'CodeIgniter\Session\Handlers\FileHandler' driver.
INFO - 2025-12-10 10:01:31 --> Session: Class initialized using 'CodeIgniter\Session\Handlers\FileHandler' driver.
INFO - 2025-12-10 10:01:39 --> Session: Class initialized using 'CodeIgniter\Session\Handlers\FileHandler' driver.
INFO - 2025-12-10 10:01:44 --> Session: Class initialized using 'CodeIgniter\Session\Handlers\FileHandler' driver.
INFO - 2025-12-10 10:01:49 --> Session: Class initialized using 'CodeIgniter\Session\Handlers\FileHandler' driver.
INFO - 2025-12-10 10:01:55 --> Session: Class initialized using 'CodeIgniter\Session\Handlers\FileHandler' driver.
INFO - 2025-12-10 10:02:03 --> Session: Class initialized using 'CodeIgniter\Session\Handlers\FileHandler' driver.
INFO - 2025-12-10 10:02:08 --> Session: Class initialized using 'CodeIgniter\Session\Handlers\FileHandler' driver.
INFO - 2025-12-10 10:02:18 --> Session: Class initialized using 'CodeIgniter\Session\Handlers\FileHandler' driver.
INFO - 2025-12-10 10:02:23 --> Session: Class initialized using 'CodeIgniter\Session\Handlers\FileHandler' driver.
INFO - 2025-12-10 10:02:25 --> Session: Class initialized using 'CodeIgniter\Session\Handlers\FileHandler' driver.
INFO - 2025-12-10 10:02:30 --> Session: Class initialized using 'CodeIgniter\Session\Handlers\FileHandler' driver.
INFO - 2025-12-10 10:02:43 --> Session: Class initialized using 'CodeIgniter\Session\Handlers\FileHandler' driver.
INFO - 2025-12-10 10:02:43 --> Session: Class initialized using 'CodeIgniter\Session\Handlers\FileHandler' driver.
INFO - 2025-12-10 10:02:51 --> Session: Class initialized using 'CodeIgniter\Session\Handlers\FileHandler' driver.
INFO - 2025-12-10 10:03:03 --> Session: Class initialized using 'CodeIgniter\Session\Handlers\FileHandler' driver.
INFO - 2025-12-10 10:03:12 --> Session: Class initialized using 'CodeIgniter\Session\Handlers\FileHandler' driver.
INFO - 2025-12-10 10:03:14 --> Session: Class initialized using 'CodeIgniter\Session\Handlers\FileHandler' driver.
INFO - 2025-12-10 10:03:18 --> Session: Class initialized using 'CodeIgniter\Session\Handlers\FileHandler' driver.
INFO - 2025-12-10 10:03:25 --> Session: Class initialized using 'CodeIgniter\Session\Handlers\FileHandler' driver.
INFO - 2025-12-10 10:03:35 --> Session: Class initialized using 'CodeIgniter\Session\Handlers\FileHandler' driver.
INFO - 2025-12-10 10:03:35 --> Session: Class initialized using 'CodeIgniter\Session\Handlers\FileHandler' driver.
INFO - 2025-12-10 10:03:41 --> Session: Class initialized using 'CodeIgniter\Session\Handlers\FileHandler' driver.
INFO - 2025-12-10 10:03:49 --> Session: Class initialized using 'CodeIgniter\Session\Handlers\FileHandler' driver.
INFO - 2025-12-10 10:04:02 --> Session: Class initialized using 'CodeIgniter\Session\Handlers\FileHandler' driver.
INFO - 2025-12-10 10:04:03 --> Session: Class initialized using 'CodeIgniter\Session\Handlers\FileHandler' driver.
INFO - 2025-12-10 10:04:35 --> Session: Class initialized using 'CodeIgniter\Session\Handlers\FileHandler' driver.
INFO - 2025-12-10 10:04:51 --> Session: Class initialized using 'CodeIgniter\Session\Handlers\FileHandler' driver.
INFO - 2025-12-10 10:04:55 --> Session: Class initialized using 'CodeIgniter\Session\Handlers\FileHandler' driver.
INFO - 2025-12-10 10:05:00 --> Session: Class initialized using 'CodeIgniter\Session\Handlers\FileHandler' driver.
INFO - 2025-12-10 10:05:06 --> Session: Class initialized using 'CodeIgniter\Session\Handlers\FileHandler' driver.
INFO - 2025-12-10 10:05:17 --> Session: Class initialized using 'CodeIgniter\Session\Handlers\FileHandler' driver.
INFO - 2025-12-10 10:05:23 --> Session: Class initialized using 'CodeIgniter\Session\Handlers\FileHandler' driver.
INFO - 2025-12-10 10:05:48 --> Session: Class initialized using 'CodeIgniter\Session\Handlers\FileHandler' driver.
INFO - 2025-12-10 10:05:51 --> Session: Class initialized using 'CodeIgniter\Session\Handlers\FileHandler' driver.
INFO - 2025-12-10 10:05:59 --> Session: Class initialized using 'CodeIgniter\Session\Handlers\FileHandler' driver.
INFO - 2025-12-10 10:06:02 --> Session: Class initialized using 'CodeIgniter\Session\Handlers\FileHandler' driver.
INFO - 2025-12-10 10:06:06 --> Session: Class initialized using 'CodeIgniter\Session\Handlers\FileHandler' driver.
INFO - 2025-12-10 10:06:09 --> Session: Class initialized using 'CodeIgniter\Session\Handlers\FileHandler' driver.
INFO - 2025-12-10 10:06:14 --> Session: Class initialized using 'CodeIgniter\Session\Handlers\FileHandler' driver.
INFO - 2025-12-10 10:06:21 --> Session: Class initialized using 'CodeIgniter\Session\Handlers\FileHandler' driver.
INFO - 2025-12-10 10:06:26 --> Session: Class initialized using 'CodeIgniter\Session\Handlers\FileHandler' driver.
INFO - 2025-12-10 10:06:30 --> Session: Class initialized using 'CodeIgniter\Session\Handlers\FileHandler' driver.
INFO - 2025-12-10 10:06:34 --> Session: Class initialized using 'CodeIgniter\Session\Handlers\FileHandler' driver.
INFO - 2025-12-10 10:06:38 --> Session: Class initialized using 'CodeIgniter\Session\Handlers\FileHandler' driver.
INFO - 2025-12-10 10:06:44 --> Session: Class initialized using 'CodeIgniter\Session\Handlers\FileHandler' driver.
INFO - 2025-12-10 10:06:48 --> Session: Class initialized using 'CodeIgniter\Session\Handlers\FileHandler' driver.
INFO - 2025-12-10 10:06:52 --> Session: Class initialized using 'CodeIgniter\Session\Handlers\FileHandler' driver.
INFO - 2025-12-10 10:06:55 --> Session: Class initialized using 'CodeIgniter\Session\Handlers\FileHandler' driver.
INFO - 2025-12-10 10:07:00 --> Session: Class initialized using 'CodeIgniter\Session\Handlers\FileHandler' driver.
INFO - 2025-12-10 10:07:04 --> Session: Class initialized using 'CodeIgniter\Session\Handlers\FileHandler' driver.
INFO - 2025-12-10 10:07:10 --> Session: Class initialized using 'CodeIgniter\Session\Handlers\FileHandler' driver.
INFO - 2025-12-10 10:07:14 --> Session: Class initialized using 'CodeIgniter\Session\Handlers\FileHandler' driver.
INFO - 2025-12-10 10:07:18 --> Session: Class initialized using 'CodeIgniter\Session\Handlers\FileHandler' driver.
INFO - 2025-12-10 10:07:21 --> Session: Class initialized using 'CodeIgniter\Session\Handlers\FileHandler' driver.
INFO - 2025-12-10 10:07:24 --> Session: Class initialized using 'CodeIgniter\Session\Handlers\FileHandler' driver.
INFO - 2025-12-10 10:07:54 --> Session: Class initialized using 'CodeIgniter\Session\Handlers\FileHandler' driver.
INFO - 2025-12-10 10:07:55 --> Session: Class initialized using 'CodeIgniter\Session\Handlers\FileHandler' driver.
INFO - 2025-12-10 10:08:02 --> Session: Class initialized using 'CodeIgniter\Session\Handlers\FileHandler' driver.
INFO - 2025-12-10 10:08:04 --> Session: Class initialized using 'CodeIgniter\Session\Handlers\FileHandler' driver.
INFO - 2025-12-10 10:08:05 --> Session: Class initialized using 'CodeIgniter\Session\Handlers\FileHandler' driver.
INFO - 2025-12-10 10:08:12 --> Session: Class initialized using 'CodeIgniter\Session\Handlers\FileHandler' driver.
INFO - 2025-12-10 10:09:00 --> Session: Class initialized using 'CodeIgniter\Session\Handlers\FileHandler' driver.
INFO - 2025-12-10 10:09:05 --> Session: Class initialized using 'CodeIgniter\Session\Handlers\FileHandler' driver.
INFO - 2025-12-10 10:09:12 --> Session: Class initialized using 'CodeIgniter\Session\Handlers\FileHandler' driver.
INFO - 2025-12-10 10:09:20 --> Session: Class initialized using 'CodeIgniter\Session\Handlers\FileHandler' driver.
INFO - 2025-12-10 10:09:46 --> Session: Class initialized using 'CodeIgniter\Session\Handlers\FileHandler' driver.
INFO - 2025-12-10 11:57:38 --> Session: Class initialized using 'CodeIgniter\Session\Handlers\FileHandler' driver.
INFO - 2025-12-10 11:57:39 --> Session: Class initialized using 'CodeIgniter\Session\Handlers\FileHandler' driver.
INFO - 2025-12-10 11:57:45 --> Session: Class initialized using 'CodeIgniter\Session\Handlers\FileHandler' driver.
INFO - 2025-12-10 11:57:45 --> Session: Class initialized using 'CodeIgniter\Session\Handlers\FileHandler' driver.
INFO - 2025-12-10 11:57:57 --> Session: Class initialized using 'CodeIgniter\Session\Handlers\FileHandler' driver.
INFO - 2025-12-10 11:58:09 --> Session: Class initialized using 'CodeIgniter\Session\Handlers\FileHandler' driver.
INFO - 2025-12-10 12:43:36 --> Session: Class initialized using 'CodeIgniter\Session\Handlers\FileHandler' driver.
INFO - 2025-12-10 12:43:59 --> Session: Class initialized using 'CodeIgniter\Session\Handlers\FileHandler' driver.
INFO - 2025-12-10 12:44:01 --> Session: Class initialized using 'CodeIgniter\Session\Handlers\FileHandler' driver.
INFO - 2025-12-10 12:44:02 --> Session: Class initialized using 'CodeIgniter\Session\Handlers\FileHandler' driver.
INFO - 2025-12-10 12:44:19 --> Session: Class initialized using 'CodeIgniter\Session\Handlers\FileHandler' driver.
INFO - 2025-12-10 12:44:21 --> Session: Class initialized using 'CodeIgniter\Session\Handlers\FileHandler' driver.
INFO - 2025-12-10 12:44:34 --> Session: Class initialized using 'CodeIgniter\Session\Handlers\FileHandler' driver.
CRITICAL - 2025-12-10 12:44:39 --> unlink(C:\xampp\htdocs\ereport-ehm\writable\debugbar/debugbar_1765361275.853719.json): No such file or directory
in SYSTEMPATH\Debug\Toolbar\Collectors\History.php on line 76.
 1 [internal function]: CodeIgniter\Debug\Exceptions->errorHandler(2, 'unlink(C:\\xampp\\htdocs\\ereport-ehm\\writable\\debugbar/debugbar_1765361275.853719.json): No such file or directory', 'C:\\xampp\\htdocs\\ereport-ehm\\system\\Debug\\Toolbar\\Collectors\\History.php', 76)
 2 SYSTEMPATH\Debug\Toolbar\Collectors\History.php(76): unlink('C:\\xampp\\htdocs\\ereport-ehm\\writable\\debugbar/debugbar_1765361275.853719.json')
 3 SYSTEMPATH\Debug\Toolbar.php(495): CodeIgniter\Debug\Toolbar\Collectors\History->setFiles('1765370674.346195', 20)
 4 SYSTEMPATH\Debug\Toolbar.php(474): CodeIgniter\Debug\Toolbar->format([...], 'html')
 5 APPPATH\Config\Events.php(46): CodeIgniter\Debug\Toolbar->respond()
 6 SYSTEMPATH\Events\Events.php(149): CodeIgniter\Events\Events::Config\{closure}()
 7 SYSTEMPATH\CodeIgniter.php(348): CodeIgniter\Events\Events::trigger('pre_system')
 8 FCPATH\index.php(81): CodeIgniter\CodeIgniter->run()
CRITICAL - 2025-12-10 12:44:39 --> file_get_contents(C:\xampp\htdocs\ereport-ehm\writable\debugbar/debugbar_1765361282.242659.json): Failed to open stream: No such file or directory
in SYSTEMPATH\Debug\Toolbar\Collectors\History.php on line 82.
 1 [internal function]: CodeIgniter\Debug\Exceptions->errorHandler(2, 'file_get_contents(C:\\xampp\\htdocs\\ereport-ehm\\writable\\debugbar/debugbar_1765361282.242659.json): Failed to open stream: No such file or directory', 'C:\\xampp\\htdocs\\ereport-ehm\\system\\Debug\\Toolbar\\Collectors\\History.php', 82)
 2 SYSTEMPATH\Debug\Toolbar\Collectors\History.php(82): file_get_contents('C:\\xampp\\htdocs\\ereport-ehm\\writable\\debugbar/debugbar_1765361282.242659.json')
 3 SYSTEMPATH\Debug\Toolbar.php(495): CodeIgniter\Debug\Toolbar\Collectors\History->setFiles('1765370642.788460', 20)
 4 SYSTEMPATH\Debug\Toolbar.php(474): CodeIgniter\Debug\Toolbar->format([...], 'html')
 5 APPPATH\Config\Events.php(46): CodeIgniter\Debug\Toolbar->respond()
 6 SYSTEMPATH\Events\Events.php(149): CodeIgniter\Events\Events::Config\{closure}()
 7 SYSTEMPATH\CodeIgniter.php(348): CodeIgniter\Events\Events::trigger('pre_system')
 8 FCPATH\index.php(81): CodeIgniter\CodeIgniter->run()
INFO - 2025-12-10 12:44:42 --> Session: Class initialized using 'CodeIgniter\Session\Handlers\FileHandler' driver.
INFO - 2025-12-10 12:44:48 --> Session: Class initialized using 'CodeIgniter\Session\Handlers\FileHandler' driver.
INFO - 2025-12-10 12:45:03 --> Session: Class initialized using 'CodeIgniter\Session\Handlers\FileHandler' driver.
INFO - 2025-12-10 12:45:10 --> Session: Class initialized using 'CodeIgniter\Session\Handlers\FileHandler' driver.
INFO - 2025-12-10 12:45:14 --> Session: Class initialized using 'CodeIgniter\Session\Handlers\FileHandler' driver.
INFO - 2025-12-10 12:45:39 --> Session: Class initialized using 'CodeIgniter\Session\Handlers\FileHandler' driver.
INFO - 2025-12-10 12:45:52 --> Session: Class initialized using 'CodeIgniter\Session\Handlers\FileHandler' driver.
INFO - 2025-12-10 12:46:08 --> Session: Class initialized using 'CodeIgniter\Session\Handlers\FileHandler' driver.
INFO - 2025-12-10 12:46:14 --> Session: Class initialized using 'CodeIgniter\Session\Handlers\FileHandler' driver.
INFO - 2025-12-10 12:46:19 --> Session: Class initialized using 'CodeIgniter\Session\Handlers\FileHandler' driver.
INFO - 2025-12-10 12:46:29 --> Session: Class initialized using 'CodeIgniter\Session\Handlers\FileHandler' driver.
CRITICAL - 2025-12-10 12:46:34 --> file_get_contents(C:\xampp\htdocs\ereport-ehm\writable\debugbar/debugbar_1765367865.162120.json): Failed to open stream: No such file or directory
in SYSTEMPATH\Debug\Toolbar\Collectors\History.php on line 82.
 1 [internal function]: CodeIgniter\Debug\Exceptions->errorHandler(2, 'file_get_contents(C:\\xampp\\htdocs\\ereport-ehm\\writable\\debugbar/debugbar_1765367865.162120.json): Failed to open stream: No such file or directory', 'C:\\xampp\\htdocs\\ereport-ehm\\system\\Debug\\Toolbar\\Collectors\\History.php', 82)
 2 SYSTEMPATH\Debug\Toolbar\Collectors\History.php(82): file_get_contents('C:\\xampp\\htdocs\\ereport-ehm\\writable\\debugbar/debugbar_1765367865.162120.json')
 3 SYSTEMPATH\Debug\Toolbar.php(495): CodeIgniter\Debug\Toolbar\Collectors\History->setFiles('1765370780.084913', 20)
 4 SYSTEMPATH\Debug\Toolbar.php(474): CodeIgniter\Debug\Toolbar->format([...], 'html')
 5 APPPATH\Config\Events.php(46): CodeIgniter\Debug\Toolbar->respond()
 6 SYSTEMPATH\Events\Events.php(149): CodeIgniter\Events\Events::Config\{closure}()
 7 SYSTEMPATH\CodeIgniter.php(348): CodeIgniter\Events\Events::trigger('pre_system')
 8 FCPATH\index.php(81): CodeIgniter\CodeIgniter->run()
CRITICAL - 2025-12-10 12:46:34 --> file_get_contents(C:\xampp\htdocs\ereport-ehm\writable\debugbar/debugbar_1765367865.162120.json): Failed to open stream: No such file or directory
in SYSTEMPATH\Debug\Toolbar\Collectors\History.php on line 82.
 1 [internal function]: CodeIgniter\Debug\Exceptions->errorHandler(2, 'file_get_contents(C:\\xampp\\htdocs\\ereport-ehm\\writable\\debugbar/debugbar_1765367865.162120.json): Failed to open stream: No such file or directory', 'C:\\xampp\\htdocs\\ereport-ehm\\system\\Debug\\Toolbar\\Collectors\\History.php', 82)
 2 SYSTEMPATH\Debug\Toolbar\Collectors\History.php(82): file_get_contents('C:\\xampp\\htdocs\\ereport-ehm\\writable\\debugbar/debugbar_1765367865.162120.json')
 3 SYSTEMPATH\Debug\Toolbar.php(495): CodeIgniter\Debug\Toolbar\Collectors\History->setFiles('1765370768.450649', 20)
 4 SYSTEMPATH\Debug\Toolbar.php(474): CodeIgniter\Debug\Toolbar->format([...], 'html')
 5 APPPATH\Config\Events.php(46): CodeIgniter\Debug\Toolbar->respond()
 6 SYSTEMPATH\Events\Events.php(149): CodeIgniter\Events\Events::Config\{closure}()
 7 SYSTEMPATH\CodeIgniter.php(348): CodeIgniter\Events\Events::trigger('pre_system')
 8 FCPATH\index.php(81): CodeIgniter\CodeIgniter->run()
CRITICAL - 2025-12-10 12:46:34 --> file_get_contents(C:\xampp\htdocs\ereport-ehm\writable\debugbar/debugbar_1765367865.162120.json): Failed to open stream: No such file or directory
in SYSTEMPATH\Debug\Toolbar\Collectors\History.php on line 82.
 1 [internal function]: CodeIgniter\Debug\Exceptions->errorHandler(2, 'file_get_contents(C:\\xampp\\htdocs\\ereport-ehm\\writable\\debugbar/debugbar_1765367865.162120.json): Failed to open stream: No such file or directory', 'C:\\xampp\\htdocs\\ereport-ehm\\system\\Debug\\Toolbar\\Collectors\\History.php', 82)
 2 SYSTEMPATH\Debug\Toolbar\Collectors\History.php(82): file_get_contents('C:\\xampp\\htdocs\\ereport-ehm\\writable\\debugbar/debugbar_1765367865.162120.json')
 3 SYSTEMPATH\Debug\Toolbar.php(495): CodeIgniter\Debug\Toolbar\Collectors\History->setFiles('1765370756.483044', 20)
 4 SYSTEMPATH\Debug\Toolbar.php(474): CodeIgniter\Debug\Toolbar->format([...], 'html')
 5 APPPATH\Config\Events.php(46): CodeIgniter\Debug\Toolbar->respond()
 6 SYSTEMPATH\Events\Events.php(149): CodeIgniter\Events\Events::Config\{closure}()
 7 SYSTEMPATH\CodeIgniter.php(348): CodeIgniter\Events\Events::trigger('pre_system')
 8 FCPATH\index.php(81): CodeIgniter\CodeIgniter->run()
CRITICAL - 2025-12-10 12:46:34 --> file_get_contents(C:\xampp\htdocs\ereport-ehm\writable\debugbar/debugbar_1765367865.162120.json): Failed to open stream: No such file or directory
in SYSTEMPATH\Debug\Toolbar\Collectors\History.php on line 82.
 1 [internal function]: CodeIgniter\Debug\Exceptions->errorHandler(2, 'file_get_contents(C:\\xampp\\htdocs\\ereport-ehm\\writable\\debugbar/debugbar_1765367865.162120.json): Failed to open stream: No such file or directory', 'C:\\xampp\\htdocs\\ereport-ehm\\system\\Debug\\Toolbar\\Collectors\\History.php', 82)
 2 SYSTEMPATH\Debug\Toolbar\Collectors\History.php(82): file_get_contents('C:\\xampp\\htdocs\\ereport-ehm\\writable\\debugbar/debugbar_1765367865.162120.json')
 3 SYSTEMPATH\Debug\Toolbar.php(495): CodeIgniter\Debug\Toolbar\Collectors\History->setFiles('1765370774.315860', 20)
 4 SYSTEMPATH\Debug\Toolbar.php(474): CodeIgniter\Debug\Toolbar->format([...], 'html')
 5 APPPATH\Config\Events.php(46): CodeIgniter\Debug\Toolbar->respond()
 6 SYSTEMPATH\Events\Events.php(149): CodeIgniter\Events\Events::Config\{closure}()
 7 SYSTEMPATH\CodeIgniter.php(348): CodeIgniter\Events\Events::trigger('pre_system')
 8 FCPATH\index.php(81): CodeIgniter\CodeIgniter->run()
INFO - 2025-12-10 12:46:41 --> Session: Class initialized using 'CodeIgniter\Session\Handlers\FileHandler' driver.
INFO - 2025-12-10 12:47:06 --> Session: Class initialized using 'CodeIgniter\Session\Handlers\FileHandler' driver.
INFO - 2025-12-10 12:50:41 --> Session: Class initialized using 'CodeIgniter\Session\Handlers\FileHandler' driver.
INFO - 2025-12-10 12:51:50 --> Session: Class initialized using 'CodeIgniter\Session\Handlers\FileHandler' driver.
INFO - 2025-12-10 12:51:51 --> Session: Class initialized using 'CodeIgniter\Session\Handlers\FileHandler' driver.
INFO - 2025-12-10 12:51:59 --> Session: Class initialized using 'CodeIgniter\Session\Handlers\FileHandler' driver.
INFO - 2025-12-10 12:56:51 --> Session: Class initialized using 'CodeIgniter\Session\Handlers\FileHandler' driver.
INFO - 2025-12-10 12:56:51 --> Session: Class initialized using 'CodeIgniter\Session\Handlers\FileHandler' driver.
INFO - 2025-12-10 12:57:06 --> Session: Class initialized using 'CodeIgniter\Session\Handlers\FileHandler' driver.
INFO - 2025-12-10 12:58:30 --> Session: Class initialized using 'CodeIgniter\Session\Handlers\FileHandler' driver.
INFO - 2025-12-10 12:58:35 --> Session: Class initialized using 'CodeIgniter\Session\Handlers\FileHandler' driver.
INFO - 2025-12-10 12:58:40 --> Session: Class initialized using 'CodeIgniter\Session\Handlers\FileHandler' driver.
INFO - 2025-12-10 12:59:14 --> Session: Class initialized using 'CodeIgniter\Session\Handlers\FileHandler' driver.
INFO - 2025-12-10 12:59:17 --> Session: Class initialized using 'CodeIgniter\Session\Handlers\FileHandler' driver.
INFO - 2025-12-10 12:59:33 --> Session: Class initialized using 'CodeIgniter\Session\Handlers\FileHandler' driver.
INFO - 2025-12-10 12:59:50 --> Session: Class initialized using 'CodeIgniter\Session\Handlers\FileHandler' driver.
INFO - 2025-12-10 13:01:24 --> Session: Class initialized using 'CodeIgniter\Session\Handlers\FileHandler' driver.
INFO - 2025-12-10 13:01:26 --> Session: Class initialized using 'CodeIgniter\Session\Handlers\FileHandler' driver.
INFO - 2025-12-10 13:02:35 --> Session: Class initialized using 'CodeIgniter\Session\Handlers\FileHandler' driver.
INFO - 2025-12-10 13:02:37 --> Session: Class initialized using 'CodeIgniter\Session\Handlers\FileHandler' driver.
INFO - 2025-12-10 13:03:30 --> Session: Class initialized using 'CodeIgniter\Session\Handlers\FileHandler' driver.
INFO - 2025-12-10 13:04:19 --> Session: Class initialized using 'CodeIgniter\Session\Handlers\FileHandler' driver.
INFO - 2025-12-10 13:04:22 --> Session: Class initialized using 'CodeIgniter\Session\Handlers\FileHandler' driver.
INFO - 2025-12-10 13:04:44 --> Session: Class initialized using 'CodeIgniter\Session\Handlers\FileHandler' driver.
INFO - 2025-12-10 13:04:46 --> Session: Class initialized using 'CodeIgniter\Session\Handlers\FileHandler' driver.
INFO - 2025-12-10 13:05:13 --> Session: Class initialized using 'CodeIgniter\Session\Handlers\FileHandler' driver.
INFO - 2025-12-10 13:05:15 --> Session: Class initialized using 'CodeIgniter\Session\Handlers\FileHandler' driver.
INFO - 2025-12-10 13:05:22 --> Session: Class initialized using 'CodeIgniter\Session\Handlers\FileHandler' driver.
INFO - 2025-12-10 13:06:05 --> Session: Class initialized using 'CodeIgniter\Session\Handlers\FileHandler' driver.
INFO - 2025-12-10 13:06:09 --> Session: Class initialized using 'CodeIgniter\Session\Handlers\FileHandler' driver.
INFO - 2025-12-10 13:06:23 --> Session: Class initialized using 'CodeIgniter\Session\Handlers\FileHandler' driver.
INFO - 2025-12-10 13:07:05 --> Session: Class initialized using 'CodeIgniter\Session\Handlers\FileHandler' driver.
INFO - 2025-12-10 13:07:25 --> Session: Class initialized using 'CodeIgniter\Session\Handlers\FileHandler' driver.
INFO - 2025-12-10 13:07:27 --> Session: Class initialized using 'CodeIgniter\Session\Handlers\FileHandler' driver.
INFO - 2025-12-10 13:08:12 --> Session: Class initialized using 'CodeIgniter\Session\Handlers\FileHandler' driver.
INFO - 2025-12-10 13:08:26 --> Session: Class initialized using 'CodeIgniter\Session\Handlers\FileHandler' driver.
INFO - 2025-12-10 13:08:43 --> Session: Class initialized using 'CodeIgniter\Session\Handlers\FileHandler' driver.
INFO - 2025-12-10 13:09:21 --> Session: Class initialized using 'CodeIgniter\Session\Handlers\FileHandler' driver.
INFO - 2025-12-10 13:09:33 --> Session: Class initialized using 'CodeIgniter\Session\Handlers\FileHandler' driver.
INFO - 2025-12-10 13:09:55 --> Session: Class initialized using 'CodeIgniter\Session\Handlers\FileHandler' driver.
INFO - 2025-12-10 13:09:56 --> Session: Class initialized using 'CodeIgniter\Session\Handlers\FileHandler' driver.
INFO - 2025-12-10 13:10:06 --> Session: Class initialized using 'CodeIgniter\Session\Handlers\FileHandler' driver.
INFO - 2025-12-10 13:10:07 --> Session: Class initialized using 'CodeIgniter\Session\Handlers\FileHandler' driver.
INFO - 2025-12-10 13:10:15 --> Session: Class initialized using 'CodeIgniter\Session\Handlers\FileHandler' driver.
INFO - 2025-12-10 13:10:25 --> Session: Class initialized using 'CodeIgniter\Session\Handlers\FileHandler' driver.
INFO - 2025-12-10 13:10:36 --> Session: Class initialized using 'CodeIgniter\Session\Handlers\FileHandler' driver.
INFO - 2025-12-10 13:10:44 --> Session: Class initialized using 'CodeIgniter\Session\Handlers\FileHandler' driver.
INFO - 2025-12-10 13:10:59 --> Session: Class initialized using 'CodeIgniter\Session\Handlers\FileHandler' driver.
INFO - 2025-12-10 13:11:19 --> Session: Class initialized using 'CodeIgniter\Session\Handlers\FileHandler' driver.
INFO - 2025-12-10 13:11:22 --> Session: Class initialized using 'CodeIgniter\Session\Handlers\FileHandler' driver.
INFO - 2025-12-10 13:11:33 --> Session: Class initialized using 'CodeIgniter\Session\Handlers\FileHandler' driver.
INFO - 2025-12-10 13:11:49 --> Session: Class initialized using 'CodeIgniter\Session\Handlers\FileHandler' driver.
CRITICAL - 2025-12-10 13:11:51 --> file_get_contents(C:\xampp\htdocs\ereport-ehm\writable\debugbar/debugbar_1765371983.525346.json): Failed to open stream: No such file or directory
in SYSTEMPATH\Debug\Toolbar\Collectors\History.php on line 82.
 1 [internal function]: CodeIgniter\Debug\Exceptions->errorHandler(2, 'file_get_contents(C:\\xampp\\htdocs\\ereport-ehm\\writable\\debugbar/debugbar_1765371983.525346.json): Failed to open stream: No such file or directory', 'C:\\xampp\\htdocs\\ereport-ehm\\system\\Debug\\Toolbar\\Collectors\\History.php', 82)
 2 SYSTEMPATH\Debug\Toolbar\Collectors\History.php(82): file_get_contents('C:\\xampp\\htdocs\\ereport-ehm\\writable\\debugbar/debugbar_1765371983.525346.json')
 3 SYSTEMPATH\Debug\Toolbar.php(495): CodeIgniter\Debug\Toolbar\Collectors\History->setFiles('1765372288.997337', 20)
 4 SYSTEMPATH\Debug\Toolbar.php(474): CodeIgniter\Debug\Toolbar->format([...], 'html')
 5 APPPATH\Config\Events.php(46): CodeIgniter\Debug\Toolbar->respond()
 6 SYSTEMPATH\Events\Events.php(149): CodeIgniter\Events\Events::Config\{closure}()
 7 SYSTEMPATH\CodeIgniter.php(348): CodeIgniter\Events\Events::trigger('pre_system')
 8 FCPATH\index.php(81): CodeIgniter\CodeIgniter->run()
INFO - 2025-12-10 13:11:51 --> Session: Class initialized using 'CodeIgniter\Session\Handlers\FileHandler' driver.
INFO - 2025-12-10 13:12:19 --> Session: Class initialized using 'CodeIgniter\Session\Handlers\FileHandler' driver.
INFO - 2025-12-10 13:12:20 --> Session: Class initialized using 'CodeIgniter\Session\Handlers\FileHandler' driver.
INFO - 2025-12-10 13:12:36 --> Session: Class initialized using 'CodeIgniter\Session\Handlers\FileHandler' driver.
INFO - 2025-12-10 13:12:37 --> Session: Class initialized using 'CodeIgniter\Session\Handlers\FileHandler' driver.
INFO - 2025-12-10 13:12:45 --> Session: Class initialized using 'CodeIgniter\Session\Handlers\FileHandler' driver.
INFO - 2025-12-10 13:12:46 --> Session: Class initialized using 'CodeIgniter\Session\Handlers\FileHandler' driver.
INFO - 2025-12-10 13:12:52 --> Session: Class initialized using 'CodeIgniter\Session\Handlers\FileHandler' driver.
INFO - 2025-12-10 13:12:53 --> Session: Class initialized using 'CodeIgniter\Session\Handlers\FileHandler' driver.
INFO - 2025-12-10 13:12:57 --> Session: Class initialized using 'CodeIgniter\Session\Handlers\FileHandler' driver.
INFO - 2025-12-10 13:12:59 --> Session: Class initialized using 'CodeIgniter\Session\Handlers\FileHandler' driver.
INFO - 2025-12-10 13:13:04 --> Session: Class initialized using 'CodeIgniter\Session\Handlers\FileHandler' driver.
INFO - 2025-12-10 13:13:32 --> Session: Class initialized using 'CodeIgniter\Session\Handlers\FileHandler' driver.
INFO - 2025-12-10 13:14:04 --> Session: Class initialized using 'CodeIgniter\Session\Handlers\FileHandler' driver.
INFO - 2025-12-10 13:14:05 --> Session: Class initialized using 'CodeIgniter\Session\Handlers\FileHandler' driver.
INFO - 2025-12-10 13:14:25 --> Session: Class initialized using 'CodeIgniter\Session\Handlers\FileHandler' driver.
INFO - 2025-12-10 13:14:26 --> Session: Class initialized using 'CodeIgniter\Session\Handlers\FileHandler' driver.
INFO - 2025-12-10 13:14:34 --> Session: Class initialized using 'CodeIgniter\Session\Handlers\FileHandler' driver.
INFO - 2025-12-10 13:17:08 --> Session: Class initialized using 'CodeIgniter\Session\Handlers\FileHandler' driver.
INFO - 2025-12-10 13:17:10 --> Session: Class initialized using 'CodeIgniter\Session\Handlers\FileHandler' driver.
INFO - 2025-12-10 13:17:34 --> Session: Class initialized using 'CodeIgniter\Session\Handlers\FileHandler' driver.
INFO - 2025-12-10 13:17:56 --> Session: Class initialized using 'CodeIgniter\Session\Handlers\FileHandler' driver.
INFO - 2025-12-10 13:18:16 --> Session: Class initialized using 'CodeIgniter\Session\Handlers\FileHandler' driver.
INFO - 2025-12-10 13:19:23 --> Session: Class initialized using 'CodeIgniter\Session\Handlers\FileHandler' driver.
INFO - 2025-12-10 13:19:23 --> Session: Class initialized using 'CodeIgniter\Session\Handlers\FileHandler' driver.
INFO - 2025-12-10 13:20:05 --> Session: Class initialized using 'CodeIgniter\Session\Handlers\FileHandler' driver.
INFO - 2025-12-10 13:20:48 --> Session: Class initialized using 'CodeIgniter\Session\Handlers\FileHandler' driver.
INFO - 2025-12-10 13:20:49 --> Session: Class initialized using 'CodeIgniter\Session\Handlers\FileHandler' driver.
INFO - 2025-12-10 13:21:01 --> Session: Class initialized using 'CodeIgniter\Session\Handlers\FileHandler' driver.
INFO - 2025-12-10 13:26:07 --> Session: Class initialized using 'CodeIgniter\Session\Handlers\FileHandler' driver.
INFO - 2025-12-10 13:26:10 --> Session: Class initialized using 'CodeIgniter\Session\Handlers\FileHandler' driver.
INFO - 2025-12-10 13:26:44 --> Session: Class initialized using 'CodeIgniter\Session\Handlers\FileHandler' driver.
INFO - 2025-12-10 13:26:44 --> Session: Class initialized using 'CodeIgniter\Session\Handlers\FileHandler' driver.
INFO - 2025-12-10 13:27:01 --> Session: Class initialized using 'CodeIgniter\Session\Handlers\FileHandler' driver.
INFO - 2025-12-10 13:27:02 --> Session: Class initialized using 'CodeIgniter\Session\Handlers\FileHandler' driver.
INFO - 2025-12-10 13:27:17 --> Session: Class initialized using 'CodeIgniter\Session\Handlers\FileHandler' driver.
INFO - 2025-12-10 13:27:20 --> Session: Class initialized using 'CodeIgniter\Session\Handlers\FileHandler' driver.
INFO - 2025-12-10 13:27:38 --> Session: Class initialized using 'CodeIgniter\Session\Handlers\FileHandler' driver.
INFO - 2025-12-10 13:27:38 --> Session: Class initialized using 'CodeIgniter\Session\Handlers\FileHandler' driver.
INFO - 2025-12-10 13:27:56 --> Session: Class initialized using 'CodeIgniter\Session\Handlers\FileHandler' driver.
INFO - 2025-12-10 13:27:58 --> Session: Class initialized using 'CodeIgniter\Session\Handlers\FileHandler' driver.
INFO - 2025-12-10 13:28:19 --> Session: Class initialized using 'CodeIgniter\Session\Handlers\FileHandler' driver.
INFO - 2025-12-10 13:28:23 --> Session: Class initialized using 'CodeIgniter\Session\Handlers\FileHandler' driver.
INFO - 2025-12-10 13:28:54 --> Session: Class initialized using 'CodeIgniter\Session\Handlers\FileHandler' driver.
INFO - 2025-12-10 13:28:58 --> Session: Class initialized using 'CodeIgniter\Session\Handlers\FileHandler' driver.
INFO - 2025-12-10 13:29:30 --> Session: Class initialized using 'CodeIgniter\Session\Handlers\FileHandler' driver.
INFO - 2025-12-10 13:29:57 --> Session: Class initialized using 'CodeIgniter\Session\Handlers\FileHandler' driver.
INFO - 2025-12-10 13:29:59 --> Session: Class initialized using 'CodeIgniter\Session\Handlers\FileHandler' driver.
CRITICAL - 2025-12-10 13:30:12 --> Maximum execution time of 120 seconds exceeded
in SYSTEMPATH\Debug\Toolbar\Collectors\History.php on line 78.
 1 [internal function]: CodeIgniter\Debug\Exceptions->shutdownHandler()
CRITICAL - 2025-12-10 13:30:12 --> Maximum execution time of 120 seconds exceeded
in SYSTEMPATH\Debug\Toolbar\Collectors\History.php on line 78.
 1 [internal function]: CodeIgniter\Debug\Exceptions->shutdownHandler()
INFO - 2025-12-10 13:30:28 --> Session: Class initialized using 'CodeIgniter\Session\Handlers\FileHandler' driver.
INFO - 2025-12-10 13:31:11 --> Session: Class initialized using 'CodeIgniter\Session\Handlers\FileHandler' driver.
INFO - 2025-12-10 13:31:11 --> Session: Class initialized using 'CodeIgniter\Session\Handlers\FileHandler' driver.
INFO - 2025-12-10 13:32:16 --> Session: Class initialized using 'CodeIgniter\Session\Handlers\FileHandler' driver.
INFO - 2025-12-10 13:36:07 --> Session: Class initialized using 'CodeIgniter\Session\Handlers\FileHandler' driver.
INFO - 2025-12-10 13:36:07 --> Session: Class initialized using 'CodeIgniter\Session\Handlers\FileHandler' driver.
INFO - 2025-12-10 13:36:20 --> Session: Class initialized using 'CodeIgniter\Session\Handlers\FileHandler' driver.
INFO - 2025-12-10 13:36:34 --> Session: Class initialized using 'CodeIgniter\Session\Handlers\FileHandler' driver.
INFO - 2025-12-10 13:36:34 --> Session: Class initialized using 'CodeIgniter\Session\Handlers\FileHandler' driver.
INFO - 2025-12-10 13:36:51 --> Session: Class initialized using 'CodeIgniter\Session\Handlers\FileHandler' driver.
INFO - 2025-12-10 13:36:51 --> Session: Class initialized using 'CodeIgniter\Session\Handlers\FileHandler' driver.
INFO - 2025-12-10 13:37:04 --> Session: Class initialized using 'CodeIgniter\Session\Handlers\FileHandler' driver.
INFO - 2025-12-10 13:37:05 --> Session: Class initialized using 'CodeIgniter\Session\Handlers\FileHandler' driver.
INFO - 2025-12-10 13:37:49 --> Session: Class initialized using 'CodeIgniter\Session\Handlers\FileHandler' driver.
INFO - 2025-12-10 13:37:52 --> Session: Class initialized using 'CodeIgniter\Session\Handlers\FileHandler' driver.
INFO - 2025-12-10 13:38:06 --> Session: Class initialized using 'CodeIgniter\Session\Handlers\FileHandler' driver.
INFO - 2025-12-10 13:38:07 --> Session: Class initialized using 'CodeIgniter\Session\Handlers\FileHandler' driver.
INFO - 2025-12-10 13:38:22 --> Session: Class initialized using 'CodeIgniter\Session\Handlers\FileHandler' driver.
INFO - 2025-12-10 13:38:23 --> Session: Class initialized using 'CodeIgniter\Session\Handlers\FileHandler' driver.
INFO - 2025-12-10 13:39:10 --> Session: Class initialized using 'CodeIgniter\Session\Handlers\FileHandler' driver.
WARNING - 2025-12-10 13:39:10 --> [DEPRECATED] Creation of dynamic property App\Controllers\Suhu::$MasterDataModel is deprecated in APPPATH\Controllers\Suhu.php on line 205.
 1 SYSTEMPATH\CodeIgniter.php(904): App\Controllers\Suhu->__construct()
 2 SYSTEMPATH\CodeIgniter.php(488): CodeIgniter\CodeIgniter->createController()
 3 SYSTEMPATH\CodeIgniter.php(366): CodeIgniter\CodeIgniter->handleRequest(null, Object(Config\Cache), false)
 4 FCPATH\index.php(81): CodeIgniter\CodeIgniter->run()
WARNING - 2025-12-10 13:39:21 --> [DEPRECATED] Creation of dynamic property App\Controllers\Suhu::$MasterDataModel is deprecated in APPPATH\Controllers\Suhu.php on line 205.
 1 SYSTEMPATH\CodeIgniter.php(904): App\Controllers\Suhu->__construct()
 2 SYSTEMPATH\CodeIgniter.php(488): CodeIgniter\CodeIgniter->createController()
 3 SYSTEMPATH\CodeIgniter.php(366): CodeIgniter\CodeIgniter->handleRequest(null, Object(Config\Cache), false)
 4 FCPATH\index.php(81): CodeIgniter\CodeIgniter->run()
INFO - 2025-12-10 13:39:21 --> Session: Class initialized using 'CodeIgniter\Session\Handlers\FileHandler' driver.
WARNING - 2025-12-10 13:39:40 --> [DEPRECATED] Creation of dynamic property App\Controllers\Suhu::$MasterDataModel is deprecated in APPPATH\Controllers\Suhu.php on line 205.
 1 SYSTEMPATH\CodeIgniter.php(904): App\Controllers\Suhu->__construct()
 2 SYSTEMPATH\CodeIgniter.php(488): CodeIgniter\CodeIgniter->createController()
 3 SYSTEMPATH\CodeIgniter.php(366): CodeIgniter\CodeIgniter->handleRequest(null, Object(Config\Cache), false)
 4 FCPATH\index.php(81): CodeIgniter\CodeIgniter->run()
INFO - 2025-12-10 13:39:44 --> Session: Class initialized using 'CodeIgniter\Session\Handlers\FileHandler' driver.
WARNING - 2025-12-10 13:39:46 --> [DEPRECATED] Creation of dynamic property App\Controllers\Suhu::$MasterDataModel is deprecated in APPPATH\Controllers\Suhu.php on line 205.
 1 SYSTEMPATH\CodeIgniter.php(904): App\Controllers\Suhu->__construct()
 2 SYSTEMPATH\CodeIgniter.php(488): CodeIgniter\CodeIgniter->createController()
 3 SYSTEMPATH\CodeIgniter.php(366): CodeIgniter\CodeIgniter->handleRequest(null, Object(Config\Cache), false)
 4 FCPATH\index.php(81): CodeIgniter\CodeIgniter->run()
WARNING - 2025-12-10 13:39:47 --> [DEPRECATED] Creation of dynamic property App\Controllers\Suhu::$MasterDataModel is deprecated in APPPATH\Controllers\Suhu.php on line 205.
 1 SYSTEMPATH\CodeIgniter.php(904): App\Controllers\Suhu->__construct()
 2 SYSTEMPATH\CodeIgniter.php(488): CodeIgniter\CodeIgniter->createController()
 3 SYSTEMPATH\CodeIgniter.php(366): CodeIgniter\CodeIgniter->handleRequest(null, Object(Config\Cache), false)
 4 FCPATH\index.php(81): CodeIgniter\CodeIgniter->run()
CRITICAL - 2025-12-10 13:39:47 --> Trying to access array offset on value of type null
in APPPATH\Controllers\Suhu.php on line 162.
 1 APPPATH\Controllers\Suhu.php(162): CodeIgniter\Debug\Exceptions->errorHandler(2, 'Trying to access array offset on value of type null', 'C:\\xampp\\htdocs\\ereport-ehm\\app\\Controllers\\Suhu.php', 162)
 2 SYSTEMPATH\CodeIgniter.php(932): App\Controllers\Suhu->AddSuhu('bootstrap.js')
 3 SYSTEMPATH\CodeIgniter.php(497): CodeIgniter\CodeIgniter->runController(Object(App\Controllers\Suhu))
 4 SYSTEMPATH\CodeIgniter.php(366): CodeIgniter\CodeIgniter->handleRequest(null, Object(Config\Cache), false)
 5 FCPATH\index.php(81): CodeIgniter\CodeIgniter->run()
CRITICAL - 2025-12-10 13:39:47 --> Trying to access array offset on value of type null
in APPPATH\Controllers\Suhu.php on line 162.
 1 APPPATH\Controllers\Suhu.php(162): CodeIgniter\Debug\Exceptions->errorHandler(2, 'Trying to access array offset on value of type null', 'C:\\xampp\\htdocs\\ereport-ehm\\app\\Controllers\\Suhu.php', 162)
 2 SYSTEMPATH\CodeIgniter.php(932): App\Controllers\Suhu->AddSuhu('jquery.js')
 3 SYSTEMPATH\CodeIgniter.php(497): CodeIgniter\CodeIgniter->runController(Object(App\Controllers\Suhu))
 4 SYSTEMPATH\CodeIgniter.php(366): CodeIgniter\CodeIgniter->handleRequest(null, Object(Config\Cache), false)
 5 FCPATH\index.php(81): CodeIgniter\CodeIgniter->run()
WARNING - 2025-12-10 13:40:10 --> [DEPRECATED] Creation of dynamic property App\Controllers\Suhu::$MasterDataModel is deprecated in APPPATH\Controllers\Suhu.php on line 205.
 1 SYSTEMPATH\CodeIgniter.php(904): App\Controllers\Suhu->__construct()
 2 SYSTEMPATH\CodeIgniter.php(488): CodeIgniter\CodeIgniter->createController()
 3 SYSTEMPATH\CodeIgniter.php(366): CodeIgniter\CodeIgniter->handleRequest(null, Object(Config\Cache), false)
 4 FCPATH\index.php(81): CodeIgniter\CodeIgniter->run()
INFO - 2025-12-10 13:40:10 --> Session: Class initialized using 'CodeIgniter\Session\Handlers\FileHandler' driver.
WARNING - 2025-12-10 13:40:19 --> [DEPRECATED] Creation of dynamic property App\Controllers\Suhu::$MasterDataModel is deprecated in APPPATH\Controllers\Suhu.php on line 205.
 1 SYSTEMPATH\CodeIgniter.php(904): App\Controllers\Suhu->__construct()
 2 SYSTEMPATH\CodeIgniter.php(488): CodeIgniter\CodeIgniter->createController()
 3 SYSTEMPATH\CodeIgniter.php(366): CodeIgniter\CodeIgniter->handleRequest(null, Object(Config\Cache), false)
 4 FCPATH\index.php(81): CodeIgniter\CodeIgniter->run()
INFO - 2025-12-10 13:40:19 --> Session: Class initialized using 'CodeIgniter\Session\Handlers\FileHandler' driver.
WARNING - 2025-12-10 13:40:23 --> [DEPRECATED] Creation of dynamic property App\Controllers\Suhu::$MasterDataModel is deprecated in APPPATH\Controllers\Suhu.php on line 205.
 1 SYSTEMPATH\CodeIgniter.php(904): App\Controllers\Suhu->__construct()
 2 SYSTEMPATH\CodeIgniter.php(488): CodeIgniter\CodeIgniter->createController()
 3 SYSTEMPATH\CodeIgniter.php(366): CodeIgniter\CodeIgniter->handleRequest(null, Object(Config\Cache), false)
 4 FCPATH\index.php(81): CodeIgniter\CodeIgniter->run()
WARNING - 2025-12-10 13:40:23 --> [DEPRECATED] Creation of dynamic property App\Controllers\Suhu::$MasterDataModel is deprecated in APPPATH\Controllers\Suhu.php on line 205.
 1 SYSTEMPATH\CodeIgniter.php(904): App\Controllers\Suhu->__construct()
 2 SYSTEMPATH\CodeIgniter.php(488): CodeIgniter\CodeIgniter->createController()
 3 SYSTEMPATH\CodeIgniter.php(366): CodeIgniter\CodeIgniter->handleRequest(null, Object(Config\Cache), false)
 4 FCPATH\index.php(81): CodeIgniter\CodeIgniter->run()
CRITICAL - 2025-12-10 13:40:24 --> Trying to access array offset on value of type null
in APPPATH\Controllers\Suhu.php on line 162.
 1 APPPATH\Controllers\Suhu.php(162): CodeIgniter\Debug\Exceptions->errorHandler(2, 'Trying to access array offset on value of type null', 'C:\\xampp\\htdocs\\ereport-ehm\\app\\Controllers\\Suhu.php', 162)
 2 SYSTEMPATH\CodeIgniter.php(932): App\Controllers\Suhu->AddSuhu('bootstrap.js')
 3 SYSTEMPATH\CodeIgniter.php(497): CodeIgniter\CodeIgniter->runController(Object(App\Controllers\Suhu))
 4 SYSTEMPATH\CodeIgniter.php(366): CodeIgniter\CodeIgniter->handleRequest(null, Object(Config\Cache), false)
 5 FCPATH\index.php(81): CodeIgniter\CodeIgniter->run()
CRITICAL - 2025-12-10 13:40:24 --> Trying to access array offset on value of type null
in APPPATH\Controllers\Suhu.php on line 162.
 1 APPPATH\Controllers\Suhu.php(162): CodeIgniter\Debug\Exceptions->errorHandler(2, 'Trying to access array offset on value of type null', 'C:\\xampp\\htdocs\\ereport-ehm\\app\\Controllers\\Suhu.php', 162)
 2 SYSTEMPATH\CodeIgniter.php(932): App\Controllers\Suhu->AddSuhu('jquery.js')
 3 SYSTEMPATH\CodeIgniter.php(497): CodeIgniter\CodeIgniter->runController(Object(App\Controllers\Suhu))
 4 SYSTEMPATH\CodeIgniter.php(366): CodeIgniter\CodeIgniter->handleRequest(null, Object(Config\Cache), false)
 5 FCPATH\index.php(81): CodeIgniter\CodeIgniter->run()
WARNING - 2025-12-10 13:40:31 --> [DEPRECATED] Creation of dynamic property App\Controllers\Suhu::$MasterDataModel is deprecated in APPPATH\Controllers\Suhu.php on line 205.
 1 SYSTEMPATH\CodeIgniter.php(904): App\Controllers\Suhu->__construct()
 2 SYSTEMPATH\CodeIgniter.php(488): CodeIgniter\CodeIgniter->createController()
 3 SYSTEMPATH\CodeIgniter.php(366): CodeIgniter\CodeIgniter->handleRequest(null, Object(Config\Cache), false)
 4 FCPATH\index.php(81): CodeIgniter\CodeIgniter->run()
INFO - 2025-12-10 13:40:34 --> Session: Class initialized using 'CodeIgniter\Session\Handlers\FileHandler' driver.
INFO - 2025-12-10 13:40:45 --> Session: Class initialized using 'CodeIgniter\Session\Handlers\FileHandler' driver.
WARNING - 2025-12-10 13:40:45 --> [DEPRECATED] Creation of dynamic property App\Controllers\Suhu::$MasterDataModel is deprecated in APPPATH\Controllers\Suhu.php on line 205.
 1 SYSTEMPATH\CodeIgniter.php(904): App\Controllers\Suhu->__construct()
 2 SYSTEMPATH\CodeIgniter.php(488): CodeIgniter\CodeIgniter->createController()
 3 SYSTEMPATH\CodeIgniter.php(366): CodeIgniter\CodeIgniter->handleRequest(null, Object(Config\Cache), false)
 4 FCPATH\index.php(81): CodeIgniter\CodeIgniter->run()
INFO - 2025-12-10 13:41:25 --> Session: Class initialized using 'CodeIgniter\Session\Handlers\FileHandler' driver.
INFO - 2025-12-10 13:41:42 --> Session: Class initialized using 'CodeIgniter\Session\Handlers\FileHandler' driver.
INFO - 2025-12-10 13:42:04 --> Session: Class initialized using 'CodeIgniter\Session\Handlers\FileHandler' driver.
INFO - 2025-12-10 13:42:28 --> Session: Class initialized using 'CodeIgniter\Session\Handlers\FileHandler' driver.
INFO - 2025-12-10 13:42:31 --> Session: Class initialized using 'CodeIgniter\Session\Handlers\FileHandler' driver.
INFO - 2025-12-10 13:42:44 --> Session: Class initialized using 'CodeIgniter\Session\Handlers\FileHandler' driver.
INFO - 2025-12-10 13:42:46 --> Session: Class initialized using 'CodeIgniter\Session\Handlers\FileHandler' driver.
INFO - 2025-12-10 13:42:54 --> Session: Class initialized using 'CodeIgniter\Session\Handlers\FileHandler' driver.
INFO - 2025-12-10 13:43:11 --> Session: Class initialized using 'CodeIgniter\Session\Handlers\FileHandler' driver.
INFO - 2025-12-10 13:43:13 --> Session: Class initialized using 'CodeIgniter\Session\Handlers\FileHandler' driver.
INFO - 2025-12-10 13:43:41 --> Session: Class initialized using 'CodeIgniter\Session\Handlers\FileHandler' driver.
INFO - 2025-12-10 13:44:48 --> Session: Class initialized using 'CodeIgniter\Session\Handlers\FileHandler' driver.
INFO - 2025-12-10 13:44:56 --> Session: Class initialized using 'CodeIgniter\Session\Handlers\FileHandler' driver.
INFO - 2025-12-10 13:45:25 --> Session: Class initialized using 'CodeIgniter\Session\Handlers\FileHandler' driver.
INFO - 2025-12-10 13:45:41 --> Session: Class initialized using 'CodeIgniter\Session\Handlers\FileHandler' driver.
INFO - 2025-12-10 13:45:47 --> Session: Class initialized using 'CodeIgniter\Session\Handlers\FileHandler' driver.
INFO - 2025-12-10 13:46:08 --> Session: Class initialized using 'CodeIgniter\Session\Handlers\FileHandler' driver.
CRITICAL - 2025-12-10 13:46:21 --> file_get_contents(C:\xampp\htdocs\ereport-ehm\writable\debugbar/debugbar_1765374010.115875.json): Failed to open stream: No such file or directory
in SYSTEMPATH\Debug\Toolbar\Collectors\History.php on line 82.
 1 [internal function]: CodeIgniter\Debug\Exceptions->errorHandler(2, 'file_get_contents(C:\\xampp\\htdocs\\ereport-ehm\\writable\\debugbar/debugbar_1765374010.115875.json): Failed to open stream: No such file or directory', 'C:\\xampp\\htdocs\\ereport-ehm\\system\\Debug\\Toolbar\\Collectors\\History.php', 82)
 2 SYSTEMPATH\Debug\Toolbar\Collectors\History.php(82): file_get_contents('C:\\xampp\\htdocs\\ereport-ehm\\writable\\debugbar/debugbar_1765374010.115875.json')
 3 SYSTEMPATH\Debug\Toolbar.php(495): CodeIgniter\Debug\Toolbar\Collectors\History->setFiles('1765374355.756494', 20)
 4 SYSTEMPATH\Debug\Toolbar.php(474): CodeIgniter\Debug\Toolbar->format([...], 'html')
 5 APPPATH\Config\Events.php(46): CodeIgniter\Debug\Toolbar->respond()
 6 SYSTEMPATH\Events\Events.php(149): CodeIgniter\Events\Events::Config\{closure}()
 7 SYSTEMPATH\CodeIgniter.php(348): CodeIgniter\Events\Events::trigger('pre_system')
 8 FCPATH\index.php(81): CodeIgniter\CodeIgniter->run()
INFO - 2025-12-10 13:46:32 --> Session: Class initialized using 'CodeIgniter\Session\Handlers\FileHandler' driver.
INFO - 2025-12-10 13:46:34 --> Session: Class initialized using 'CodeIgniter\Session\Handlers\FileHandler' driver.
INFO - 2025-12-10 13:46:55 --> Session: Class initialized using 'CodeIgniter\Session\Handlers\FileHandler' driver.
INFO - 2025-12-10 13:47:11 --> Session: Class initialized using 'CodeIgniter\Session\Handlers\FileHandler' driver.
INFO - 2025-12-10 13:47:11 --> Session: Class initialized using 'CodeIgniter\Session\Handlers\FileHandler' driver.
INFO - 2025-12-10 13:47:34 --> Session: Class initialized using 'CodeIgniter\Session\Handlers\FileHandler' driver.
INFO - 2025-12-10 13:48:00 --> Session: Class initialized using 'CodeIgniter\Session\Handlers\FileHandler' driver.
INFO - 2025-12-10 13:48:01 --> Session: Class initialized using 'CodeIgniter\Session\Handlers\FileHandler' driver.
INFO - 2025-12-10 13:48:25 --> Session: Class initialized using 'CodeIgniter\Session\Handlers\FileHandler' driver.
INFO - 2025-12-10 13:48:55 --> Session: Class initialized using 'CodeIgniter\Session\Handlers\FileHandler' driver.
INFO - 2025-12-10 13:48:56 --> Session: Class initialized using 'CodeIgniter\Session\Handlers\FileHandler' driver.
INFO - 2025-12-10 13:49:47 --> Session: Class initialized using 'CodeIgniter\Session\Handlers\FileHandler' driver.
INFO - 2025-12-10 13:50:27 --> Session: Class initialized using 'CodeIgniter\Session\Handlers\FileHandler' driver.
INFO - 2025-12-10 13:50:29 --> Session: Class initialized using 'CodeIgniter\Session\Handlers\FileHandler' driver.
INFO - 2025-12-10 13:50:44 --> Session: Class initialized using 'CodeIgniter\Session\Handlers\FileHandler' driver.
INFO - 2025-12-10 13:50:46 --> Session: Class initialized using 'CodeIgniter\Session\Handlers\FileHandler' driver.
INFO - 2025-12-10 13:51:22 --> Session: Class initialized using 'CodeIgniter\Session\Handlers\FileHandler' driver.
INFO - 2025-12-10 13:51:28 --> Session: Class initialized using 'CodeIgniter\Session\Handlers\FileHandler' driver.
INFO - 2025-12-10 13:55:13 --> Session: Class initialized using 'CodeIgniter\Session\Handlers\FileHandler' driver.
INFO - 2025-12-10 13:55:14 --> Session: Class initialized using 'CodeIgniter\Session\Handlers\FileHandler' driver.
INFO - 2025-12-10 13:55:28 --> Session: Class initialized using 'CodeIgniter\Session\Handlers\FileHandler' driver.
INFO - 2025-12-10 13:55:29 --> Session: Class initialized using 'CodeIgniter\Session\Handlers\FileHandler' driver.
INFO - 2025-12-10 13:55:49 --> Session: Class initialized using 'CodeIgniter\Session\Handlers\FileHandler' driver.
INFO - 2025-12-10 13:55:51 --> Session: Class initialized using 'CodeIgniter\Session\Handlers\FileHandler' driver.
INFO - 2025-12-10 13:56:04 --> Session: Class initialized using 'CodeIgniter\Session\Handlers\FileHandler' driver.
INFO - 2025-12-10 13:56:07 --> Session: Class initialized using 'CodeIgniter\Session\Handlers\FileHandler' driver.
INFO - 2025-12-10 13:56:23 --> Session: Class initialized using 'CodeIgniter\Session\Handlers\FileHandler' driver.
INFO - 2025-12-10 13:56:26 --> Session: Class initialized using 'CodeIgniter\Session\Handlers\FileHandler' driver.
INFO - 2025-12-10 13:58:26 --> Session: Class initialized using 'CodeIgniter\Session\Handlers\FileHandler' driver.
INFO - 2025-12-10 13:58:28 --> Session: Class initialized using 'CodeIgniter\Session\Handlers\FileHandler' driver.
INFO - 2025-12-10 13:58:57 --> Session: Class initialized using 'CodeIgniter\Session\Handlers\FileHandler' driver.
INFO - 2025-12-10 13:58:59 --> Session: Class initialized using 'CodeIgniter\Session\Handlers\FileHandler' driver.
INFO - 2025-12-10 14:00:46 --> Session: Class initialized using 'CodeIgniter\Session\Handlers\FileHandler' driver.
INFO - 2025-12-10 14:00:47 --> Session: Class initialized using 'CodeIgniter\Session\Handlers\FileHandler' driver.
INFO - 2025-12-10 14:01:14 --> Session: Class initialized using 'CodeIgniter\Session\Handlers\FileHandler' driver.
INFO - 2025-12-10 14:01:36 --> Session: Class initialized using 'CodeIgniter\Session\Handlers\FileHandler' driver.
INFO - 2025-12-10 14:01:37 --> Session: Class initialized using 'CodeIgniter\Session\Handlers\FileHandler' driver.
INFO - 2025-12-10 14:02:09 --> Session: Class initialized using 'CodeIgniter\Session\Handlers\FileHandler' driver.
INFO - 2025-12-10 14:02:14 --> Session: Class initialized using 'CodeIgniter\Session\Handlers\FileHandler' driver.
INFO - 2025-12-10 14:02:38 --> Session: Class initialized using 'CodeIgniter\Session\Handlers\FileHandler' driver.
INFO - 2025-12-10 14:04:40 --> Session: Class initialized using 'CodeIgniter\Session\Handlers\FileHandler' driver.
INFO - 2025-12-10 14:05:36 --> Session: Class initialized using 'CodeIgniter\Session\Handlers\FileHandler' driver.
INFO - 2025-12-10 14:05:52 --> Session: Class initialized using 'CodeIgniter\Session\Handlers\FileHandler' driver.
INFO - 2025-12-10 14:06:02 --> Session: Class initialized using 'CodeIgniter\Session\Handlers\FileHandler' driver.
INFO - 2025-12-10 14:07:08 --> Session: Class initialized using 'CodeIgniter\Session\Handlers\FileHandler' driver.
INFO - 2025-12-10 14:08:06 --> Session: Class initialized using 'CodeIgniter\Session\Handlers\FileHandler' driver.
INFO - 2025-12-10 14:08:13 --> Session: Class initialized using 'CodeIgniter\Session\Handlers\FileHandler' driver.
INFO - 2025-12-10 14:08:59 --> Session: Class initialized using 'CodeIgniter\Session\Handlers\FileHandler' driver.
INFO - 2025-12-10 14:08:59 --> Session: Class initialized using 'CodeIgniter\Session\Handlers\FileHandler' driver.
INFO - 2025-12-10 14:09:11 --> Session: Class initialized using 'CodeIgniter\Session\Handlers\FileHandler' driver.
INFO - 2025-12-10 14:09:38 --> Session: Class initialized using 'CodeIgniter\Session\Handlers\FileHandler' driver.
INFO - 2025-12-10 14:09:43 --> Session: Class initialized using 'CodeIgniter\Session\Handlers\FileHandler' driver.
INFO - 2025-12-10 14:10:16 --> Session: Class initialized using 'CodeIgniter\Session\Handlers\FileHandler' driver.
INFO - 2025-12-10 14:10:46 --> Session: Class initialized using 'CodeIgniter\Session\Handlers\FileHandler' driver.
INFO - 2025-12-10 14:10:46 --> Session: Class initialized using 'CodeIgniter\Session\Handlers\FileHandler' driver.
INFO - 2025-12-10 15:10:17 --> Session: Class initialized using 'CodeIgniter\Session\Handlers\FileHandler' driver.
INFO - 2025-12-10 15:10:19 --> Session: Class initialized using 'CodeIgniter\Session\Handlers\FileHandler' driver.
CRITICAL - 2025-12-10 15:10:22 --> Undefined variable $totalTime
in SYSTEMPATH\Debug\Toolbar\Views\toolbar.tpl.php on line 40.
 1 SYSTEMPATH\Debug\Toolbar\Views\toolbar.tpl.php(40): CodeIgniter\Debug\Exceptions->errorHandler(2, 'Undefined variable $totalTime', 'C:\\xampp\\htdocs\\ereport-ehm\\system\\Debug\\Toolbar\\Views\\toolbar.tpl.php', 40)
 2 SYSTEMPATH\Debug\Toolbar.php(511): include('C:\\xampp\\htdocs\\ereport-ehm\\system\\Debug\\Toolbar\\Views\\toolbar.tpl.php')
 3 SYSTEMPATH\Debug\Toolbar.php(474): CodeIgniter\Debug\Toolbar->format([...], 'html')
 4 APPPATH\Config\Events.php(46): CodeIgniter\Debug\Toolbar->respond()
 5 SYSTEMPATH\Events\Events.php(149): CodeIgniter\Events\Events::Config\{closure}()
 6 SYSTEMPATH\CodeIgniter.php(348): CodeIgniter\Events\Events::trigger('pre_system')
 7 FCPATH\index.php(81): CodeIgniter\CodeIgniter->run()
INFO - 2025-12-10 15:31:32 --> Session: Class initialized using 'CodeIgniter\Session\Handlers\FileHandler' driver.
INFO - 2025-12-10 15:31:33 --> Session: Class initialized using 'CodeIgniter\Session\Handlers\FileHandler' driver.
INFO - 2025-12-10 15:31:38 --> Session: Class initialized using 'CodeIgniter\Session\Handlers\FileHandler' driver.
INFO - 2025-12-10 15:31:43 --> Session: Class initialized using 'CodeIgniter\Session\Handlers\FileHandler' driver.
INFO - 2025-12-10 15:40:34 --> Session: Class initialized using 'CodeIgniter\Session\Handlers\FileHandler' driver.
