INFO - 2025-10-09 00:21:17 --> Session: Class initialized using 'CodeIgniter\Session\Handlers\FileHandler' driver.
INFO - 2025-10-09 00:21:38 --> Session: Class initialized using 'CodeIgniter\Session\Handlers\FileHandler' driver.
INFO - 2025-10-09 00:21:38 --> Session: Class initialized using 'CodeIgniter\Session\Handlers\FileHandler' driver.
INFO - 2025-10-09 00:21:59 --> Session: Class initialized using 'CodeIgniter\Session\Handlers\FileHandler' driver.
INFO - 2025-10-09 00:21:59 --> Session: Class initialized using 'CodeIgniter\Session\Handlers\FileHandler' driver.
INFO - 2025-10-09 00:22:05 --> Session: Class initialized using 'CodeIgniter\Session\Handlers\FileHandler' driver.
INFO - 2025-10-09 00:22:36 --> Session: Class initialized using 'CodeIgniter\Session\Handlers\FileHandler' driver.
INFO - 2025-10-09 00:22:37 --> Session: Class initialized using 'CodeIgniter\Session\Handlers\FileHandler' driver.
INFO - 2025-10-09 00:23:01 --> Session: Class initialized using 'CodeIgniter\Session\Handlers\FileHandler' driver.
INFO - 2025-10-09 00:23:13 --> Session: Class initialized using 'CodeIgniter\Session\Handlers\FileHandler' driver.
INFO - 2025-10-09 00:23:13 --> Session: Class initialized using 'CodeIgniter\Session\Handlers\FileHandler' driver.
INFO - 2025-10-09 00:23:24 --> Session: Class initialized using 'CodeIgniter\Session\Handlers\FileHandler' driver.
INFO - 2025-10-09 00:23:25 --> Session: Class initialized using 'CodeIgniter\Session\Handlers\FileHandler' driver.
INFO - 2025-10-09 00:23:35 --> Session: Class initialized using 'CodeIgniter\Session\Handlers\FileHandler' driver.
INFO - 2025-10-09 00:23:36 --> Session: Class initialized using 'CodeIgniter\Session\Handlers\FileHandler' driver.
INFO - 2025-10-09 00:23:47 --> Session: Class initialized using 'CodeIgniter\Session\Handlers\FileHandler' driver.
INFO - 2025-10-09 00:23:49 --> Session: Class initialized using 'CodeIgniter\Session\Handlers\FileHandler' driver.
INFO - 2025-10-09 00:24:05 --> Session: Class initialized using 'CodeIgniter\Session\Handlers\FileHandler' driver.
INFO - 2025-10-09 00:24:06 --> Session: Class initialized using 'CodeIgniter\Session\Handlers\FileHandler' driver.
INFO - 2025-10-09 00:24:22 --> Session: Class initialized using 'CodeIgniter\Session\Handlers\FileHandler' driver.
INFO - 2025-10-09 00:24:22 --> Session: Class initialized using 'CodeIgniter\Session\Handlers\FileHandler' driver.
INFO - 2025-10-09 00:24:40 --> Session: Class initialized using 'CodeIgniter\Session\Handlers\FileHandler' driver.
INFO - 2025-10-09 00:24:41 --> Session: Class initialized using 'CodeIgniter\Session\Handlers\FileHandler' driver.
INFO - 2025-10-09 00:24:56 --> Session: Class initialized using 'CodeIgniter\Session\Handlers\FileHandler' driver.
INFO - 2025-10-09 00:24:57 --> Session: Class initialized using 'CodeIgniter\Session\Handlers\FileHandler' driver.
INFO - 2025-10-09 00:25:08 --> Session: Class initialized using 'CodeIgniter\Session\Handlers\FileHandler' driver.
INFO - 2025-10-09 00:25:09 --> Session: Class initialized using 'CodeIgniter\Session\Handlers\FileHandler' driver.
INFO - 2025-10-09 00:25:22 --> Session: Class initialized using 'CodeIgniter\Session\Handlers\FileHandler' driver.
INFO - 2025-10-09 00:25:23 --> Session: Class initialized using 'CodeIgniter\Session\Handlers\FileHandler' driver.
INFO - 2025-10-09 00:25:35 --> Session: Class initialized using 'CodeIgniter\Session\Handlers\FileHandler' driver.
INFO - 2025-10-09 00:25:38 --> Session: Class initialized using 'CodeIgniter\Session\Handlers\FileHandler' driver.
INFO - 2025-10-09 00:26:05 --> Session: Class initialized using 'CodeIgniter\Session\Handlers\FileHandler' driver.
INFO - 2025-10-09 00:26:06 --> Session: Class initialized using 'CodeIgniter\Session\Handlers\FileHandler' driver.
INFO - 2025-10-09 00:26:14 --> Session: Class initialized using 'CodeIgniter\Session\Handlers\FileHandler' driver.
INFO - 2025-10-09 00:26:15 --> Session: Class initialized using 'CodeIgniter\Session\Handlers\FileHandler' driver.
INFO - 2025-10-09 00:26:34 --> Session: Class initialized using 'CodeIgniter\Session\Handlers\FileHandler' driver.
INFO - 2025-10-09 00:26:36 --> Session: Class initialized using 'CodeIgniter\Session\Handlers\FileHandler' driver.
INFO - 2025-10-09 02:04:56 --> Session: Class initialized using 'CodeIgniter\Session\Handlers\FileHandler' driver.
INFO - 2025-10-09 02:11:34 --> Session: Class initialized using 'CodeIgniter\Session\Handlers\FileHandler' driver.
INFO - 2025-10-09 02:11:35 --> Session: Class initialized using 'CodeIgniter\Session\Handlers\FileHandler' driver.
INFO - 2025-10-09 02:56:21 --> Session: Class initialized using 'CodeIgniter\Session\Handlers\FileHandler' driver.
WARNING - 2025-10-09 02:56:21 --> [DEPRECATED] Creation of dynamic property App\Controllers\Suhu::$MasterDataModel is deprecated in APPPATH\Controllers\Suhu.php on line 205.
 1 SYSTEMPATH\CodeIgniter.php(904): App\Controllers\Suhu->__construct()
 2 SYSTEMPATH\CodeIgniter.php(488): CodeIgniter\CodeIgniter->createController()
 3 SYSTEMPATH\CodeIgniter.php(366): CodeIgniter\CodeIgniter->handleRequest(null, Object(Config\Cache), false)
 4 FCPATH\index.php(81): CodeIgniter\CodeIgniter->run()
WARNING - 2025-10-09 02:56:54 --> [DEPRECATED] Creation of dynamic property App\Controllers\Suhu::$MasterDataModel is deprecated in APPPATH\Controllers\Suhu.php on line 205.
 1 SYSTEMPATH\CodeIgniter.php(904): App\Controllers\Suhu->__construct()
 2 SYSTEMPATH\CodeIgniter.php(488): CodeIgniter\CodeIgniter->createController()
 3 SYSTEMPATH\CodeIgniter.php(366): CodeIgniter\CodeIgniter->handleRequest(null, Object(Config\Cache), false)
 4 FCPATH\index.php(81): CodeIgniter\CodeIgniter->run()
INFO - 2025-10-09 02:56:54 --> Session: Class initialized using 'CodeIgniter\Session\Handlers\FileHandler' driver.
INFO - 2025-10-09 02:57:03 --> Session: Class initialized using 'CodeIgniter\Session\Handlers\FileHandler' driver.
INFO - 2025-10-09 02:57:14 --> Session: Class initialized using 'CodeIgniter\Session\Handlers\FileHandler' driver.
INFO - 2025-10-09 02:57:49 --> Session: Class initialized using 'CodeIgniter\Session\Handlers\FileHandler' driver.
INFO - 2025-10-09 03:02:44 --> Session: Class initialized using 'CodeIgniter\Session\Handlers\FileHandler' driver.
INFO - 2025-10-09 03:02:44 --> Session: Class initialized using 'CodeIgniter\Session\Handlers\FileHandler' driver.
INFO - 2025-10-09 03:03:17 --> Session: Class initialized using 'CodeIgniter\Session\Handlers\FileHandler' driver.
INFO - 2025-10-09 03:03:18 --> Session: Class initialized using 'CodeIgniter\Session\Handlers\FileHandler' driver.
INFO - 2025-10-09 03:03:29 --> Session: Class initialized using 'CodeIgniter\Session\Handlers\FileHandler' driver.
INFO - 2025-10-09 03:03:36 --> Session: Class initialized using 'CodeIgniter\Session\Handlers\FileHandler' driver.
INFO - 2025-10-09 03:03:56 --> Session: Class initialized using 'CodeIgniter\Session\Handlers\FileHandler' driver.
INFO - 2025-10-09 03:03:57 --> Session: Class initialized using 'CodeIgniter\Session\Handlers\FileHandler' driver.
INFO - 2025-10-09 03:04:03 --> Session: Class initialized using 'CodeIgniter\Session\Handlers\FileHandler' driver.
INFO - 2025-10-09 03:04:08 --> Session: Class initialized using 'CodeIgniter\Session\Handlers\FileHandler' driver.
INFO - 2025-10-09 03:04:34 --> Session: Class initialized using 'CodeIgniter\Session\Handlers\FileHandler' driver.
INFO - 2025-10-09 03:04:35 --> Session: Class initialized using 'CodeIgniter\Session\Handlers\FileHandler' driver.
INFO - 2025-10-09 03:05:03 --> Session: Class initialized using 'CodeIgniter\Session\Handlers\FileHandler' driver.
INFO - 2025-10-09 03:05:05 --> Session: Class initialized using 'CodeIgniter\Session\Handlers\FileHandler' driver.
INFO - 2025-10-09 03:05:12 --> Session: Class initialized using 'CodeIgniter\Session\Handlers\FileHandler' driver.
INFO - 2025-10-09 03:05:17 --> Session: Class initialized using 'CodeIgniter\Session\Handlers\FileHandler' driver.
INFO - 2025-10-09 03:05:50 --> Session: Class initialized using 'CodeIgniter\Session\Handlers\FileHandler' driver.
INFO - 2025-10-09 03:05:52 --> Session: Class initialized using 'CodeIgniter\Session\Handlers\FileHandler' driver.
INFO - 2025-10-09 03:06:03 --> Session: Class initialized using 'CodeIgniter\Session\Handlers\FileHandler' driver.
INFO - 2025-10-09 03:06:42 --> Session: Class initialized using 'CodeIgniter\Session\Handlers\FileHandler' driver.
INFO - 2025-10-09 03:12:43 --> Session: Class initialized using 'CodeIgniter\Session\Handlers\FileHandler' driver.
INFO - 2025-10-09 03:12:45 --> Session: Class initialized using 'CodeIgniter\Session\Handlers\FileHandler' driver.
INFO - 2025-10-09 03:12:55 --> Session: Class initialized using 'CodeIgniter\Session\Handlers\FileHandler' driver.
INFO - 2025-10-09 03:13:10 --> Session: Class initialized using 'CodeIgniter\Session\Handlers\FileHandler' driver.
INFO - 2025-10-09 03:13:51 --> Session: Class initialized using 'CodeIgniter\Session\Handlers\FileHandler' driver.
INFO - 2025-10-09 03:13:54 --> Session: Class initialized using 'CodeIgniter\Session\Handlers\FileHandler' driver.
INFO - 2025-10-09 03:14:01 --> Session: Class initialized using 'CodeIgniter\Session\Handlers\FileHandler' driver.
INFO - 2025-10-09 03:14:07 --> Session: Class initialized using 'CodeIgniter\Session\Handlers\FileHandler' driver.
CRITICAL - 2025-10-09 03:14:12 --> unlink(C:\xampp\htdocs\ereport-ehm\writable\debugbar/debugbar_1759979009.674012.json): No such file or directory
in SYSTEMPATH\Debug\Toolbar\Collectors\History.php on line 76.
 1 [internal function]: CodeIgniter\Debug\Exceptions->errorHandler(2, 'unlink(C:\\xampp\\htdocs\\ereport-ehm\\writable\\debugbar/debugbar_1759979009.674012.json): No such file or directory', 'C:\\xampp\\htdocs\\ereport-ehm\\system\\Debug\\Toolbar\\Collectors\\History.php', 76)
 2 SYSTEMPATH\Debug\Toolbar\Collectors\History.php(76): unlink('C:\\xampp\\htdocs\\ereport-ehm\\writable\\debugbar/debugbar_1759979009.674012.json')
 3 SYSTEMPATH\Debug\Toolbar.php(495): CodeIgniter\Debug\Toolbar\Collectors\History->setFiles('1759979648.690005', 20)
 4 SYSTEMPATH\Debug\Toolbar.php(474): CodeIgniter\Debug\Toolbar->format([...], 'html')
 5 APPPATH\Config\Events.php(46): CodeIgniter\Debug\Toolbar->respond()
 6 SYSTEMPATH\Events\Events.php(149): CodeIgniter\Events\Events::Config\{closure}()
 7 SYSTEMPATH\CodeIgniter.php(348): CodeIgniter\Events\Events::trigger('pre_system')
 8 FCPATH\index.php(81): CodeIgniter\CodeIgniter->run()
CRITICAL - 2025-10-09 03:14:12 --> unlink(C:\xampp\htdocs\ereport-ehm\writable\debugbar/debugbar_1759979009.674012.json): No such file or directory
in SYSTEMPATH\Debug\Toolbar\Collectors\History.php on line 76.
 1 [internal function]: CodeIgniter\Debug\Exceptions->errorHandler(2, 'unlink(C:\\xampp\\htdocs\\ereport-ehm\\writable\\debugbar/debugbar_1759979009.674012.json): No such file or directory', 'C:\\xampp\\htdocs\\ereport-ehm\\system\\Debug\\Toolbar\\Collectors\\History.php', 76)
 2 SYSTEMPATH\Debug\Toolbar\Collectors\History.php(76): unlink('C:\\xampp\\htdocs\\ereport-ehm\\writable\\debugbar/debugbar_1759979009.674012.json')
 3 SYSTEMPATH\Debug\Toolbar.php(495): CodeIgniter\Debug\Toolbar\Collectors\History->setFiles('1759979636.416243', 20)
 4 SYSTEMPATH\Debug\Toolbar.php(474): CodeIgniter\Debug\Toolbar->format([...], 'html')
 5 APPPATH\Config\Events.php(46): CodeIgniter\Debug\Toolbar->respond()
 6 SYSTEMPATH\Events\Events.php(149): CodeIgniter\Events\Events::Config\{closure}()
 7 SYSTEMPATH\CodeIgniter.php(348): CodeIgniter\Events\Events::trigger('pre_system')
 8 FCPATH\index.php(81): CodeIgniter\CodeIgniter->run()
INFO - 2025-10-09 03:14:34 --> Session: Class initialized using 'CodeIgniter\Session\Handlers\FileHandler' driver.
INFO - 2025-10-09 03:14:35 --> Session: Class initialized using 'CodeIgniter\Session\Handlers\FileHandler' driver.
INFO - 2025-10-09 03:14:42 --> Session: Class initialized using 'CodeIgniter\Session\Handlers\FileHandler' driver.
INFO - 2025-10-09 03:14:47 --> Session: Class initialized using 'CodeIgniter\Session\Handlers\FileHandler' driver.
INFO - 2025-10-09 03:15:11 --> Session: Class initialized using 'CodeIgniter\Session\Handlers\FileHandler' driver.
INFO - 2025-10-09 03:15:11 --> Session: Class initialized using 'CodeIgniter\Session\Handlers\FileHandler' driver.
INFO - 2025-10-09 03:15:15 --> Session: Class initialized using 'CodeIgniter\Session\Handlers\FileHandler' driver.
INFO - 2025-10-09 03:15:21 --> Session: Class initialized using 'CodeIgniter\Session\Handlers\FileHandler' driver.
INFO - 2025-10-09 03:15:42 --> Session: Class initialized using 'CodeIgniter\Session\Handlers\FileHandler' driver.
INFO - 2025-10-09 03:15:45 --> Session: Class initialized using 'CodeIgniter\Session\Handlers\FileHandler' driver.
INFO - 2025-10-09 03:15:54 --> Session: Class initialized using 'CodeIgniter\Session\Handlers\FileHandler' driver.
INFO - 2025-10-09 03:16:00 --> Session: Class initialized using 'CodeIgniter\Session\Handlers\FileHandler' driver.
INFO - 2025-10-09 03:16:16 --> Session: Class initialized using 'CodeIgniter\Session\Handlers\FileHandler' driver.
INFO - 2025-10-09 03:16:16 --> Session: Class initialized using 'CodeIgniter\Session\Handlers\FileHandler' driver.
INFO - 2025-10-09 03:16:20 --> Session: Class initialized using 'CodeIgniter\Session\Handlers\FileHandler' driver.
INFO - 2025-10-09 03:16:25 --> Session: Class initialized using 'CodeIgniter\Session\Handlers\FileHandler' driver.
INFO - 2025-10-09 03:16:38 --> Session: Class initialized using 'CodeIgniter\Session\Handlers\FileHandler' driver.
INFO - 2025-10-09 03:16:39 --> Session: Class initialized using 'CodeIgniter\Session\Handlers\FileHandler' driver.
INFO - 2025-10-09 03:16:46 --> Session: Class initialized using 'CodeIgniter\Session\Handlers\FileHandler' driver.
INFO - 2025-10-09 03:16:52 --> Session: Class initialized using 'CodeIgniter\Session\Handlers\FileHandler' driver.
INFO - 2025-10-09 03:17:09 --> Session: Class initialized using 'CodeIgniter\Session\Handlers\FileHandler' driver.
INFO - 2025-10-09 03:17:11 --> Session: Class initialized using 'CodeIgniter\Session\Handlers\FileHandler' driver.
INFO - 2025-10-09 03:17:18 --> Session: Class initialized using 'CodeIgniter\Session\Handlers\FileHandler' driver.
INFO - 2025-10-09 03:17:28 --> Session: Class initialized using 'CodeIgniter\Session\Handlers\FileHandler' driver.
INFO - 2025-10-09 03:17:30 --> Session: Class initialized using 'CodeIgniter\Session\Handlers\FileHandler' driver.
INFO - 2025-10-09 03:17:41 --> Session: Class initialized using 'CodeIgniter\Session\Handlers\FileHandler' driver.
INFO - 2025-10-09 03:17:53 --> Session: Class initialized using 'CodeIgniter\Session\Handlers\FileHandler' driver.
INFO - 2025-10-09 03:29:18 --> Session: Class initialized using 'CodeIgniter\Session\Handlers\FileHandler' driver.
INFO - 2025-10-09 03:29:19 --> Session: Class initialized using 'CodeIgniter\Session\Handlers\FileHandler' driver.
INFO - 2025-10-09 03:36:28 --> Session: Class initialized using 'CodeIgniter\Session\Handlers\FileHandler' driver.
INFO - 2025-10-09 03:36:28 --> Session: Class initialized using 'CodeIgniter\Session\Handlers\FileHandler' driver.
INFO - 2025-10-09 03:36:43 --> Session: Class initialized using 'CodeIgniter\Session\Handlers\FileHandler' driver.
INFO - 2025-10-09 03:36:44 --> Session: Class initialized using 'CodeIgniter\Session\Handlers\FileHandler' driver.
INFO - 2025-10-09 03:37:00 --> Session: Class initialized using 'CodeIgniter\Session\Handlers\FileHandler' driver.
INFO - 2025-10-09 03:37:02 --> Session: Class initialized using 'CodeIgniter\Session\Handlers\FileHandler' driver.
INFO - 2025-10-09 03:37:10 --> Session: Class initialized using 'CodeIgniter\Session\Handlers\FileHandler' driver.
INFO - 2025-10-09 03:37:18 --> Session: Class initialized using 'CodeIgniter\Session\Handlers\FileHandler' driver.
INFO - 2025-10-09 03:38:20 --> Session: Class initialized using 'CodeIgniter\Session\Handlers\FileHandler' driver.
INFO - 2025-10-09 03:38:57 --> Session: Class initialized using 'CodeIgniter\Session\Handlers\FileHandler' driver.
INFO - 2025-10-09 03:38:58 --> Session: Class initialized using 'CodeIgniter\Session\Handlers\FileHandler' driver.
INFO - 2025-10-09 03:41:27 --> Session: Class initialized using 'CodeIgniter\Session\Handlers\FileHandler' driver.
INFO - 2025-10-09 03:41:46 --> Session: Class initialized using 'CodeIgniter\Session\Handlers\FileHandler' driver.
INFO - 2025-10-09 03:41:46 --> Session: Class initialized using 'CodeIgniter\Session\Handlers\FileHandler' driver.
INFO - 2025-10-09 03:42:04 --> Session: Class initialized using 'CodeIgniter\Session\Handlers\FileHandler' driver.
INFO - 2025-10-09 03:42:27 --> Session: Class initialized using 'CodeIgniter\Session\Handlers\FileHandler' driver.
INFO - 2025-10-09 03:42:28 --> Session: Class initialized using 'CodeIgniter\Session\Handlers\FileHandler' driver.
INFO - 2025-10-09 03:42:33 --> Session: Class initialized using 'CodeIgniter\Session\Handlers\FileHandler' driver.
INFO - 2025-10-09 03:42:54 --> Session: Class initialized using 'CodeIgniter\Session\Handlers\FileHandler' driver.
INFO - 2025-10-09 03:42:58 --> Session: Class initialized using 'CodeIgniter\Session\Handlers\FileHandler' driver.
INFO - 2025-10-09 03:43:09 --> Session: Class initialized using 'CodeIgniter\Session\Handlers\FileHandler' driver.
INFO - 2025-10-09 03:43:30 --> Session: Class initialized using 'CodeIgniter\Session\Handlers\FileHandler' driver.
INFO - 2025-10-09 03:43:32 --> Session: Class initialized using 'CodeIgniter\Session\Handlers\FileHandler' driver.
INFO - 2025-10-09 03:43:51 --> Session: Class initialized using 'CodeIgniter\Session\Handlers\FileHandler' driver.
INFO - 2025-10-09 03:43:52 --> Session: Class initialized using 'CodeIgniter\Session\Handlers\FileHandler' driver.
INFO - 2025-10-09 03:44:12 --> Session: Class initialized using 'CodeIgniter\Session\Handlers\FileHandler' driver.
INFO - 2025-10-09 03:44:15 --> Session: Class initialized using 'CodeIgniter\Session\Handlers\FileHandler' driver.
INFO - 2025-10-09 03:44:26 --> Session: Class initialized using 'CodeIgniter\Session\Handlers\FileHandler' driver.
INFO - 2025-10-09 03:44:48 --> Session: Class initialized using 'CodeIgniter\Session\Handlers\FileHandler' driver.
INFO - 2025-10-09 03:44:51 --> Session: Class initialized using 'CodeIgniter\Session\Handlers\FileHandler' driver.
INFO - 2025-10-09 03:45:01 --> Session: Class initialized using 'CodeIgniter\Session\Handlers\FileHandler' driver.
INFO - 2025-10-09 03:45:24 --> Session: Class initialized using 'CodeIgniter\Session\Handlers\FileHandler' driver.
INFO - 2025-10-09 03:45:25 --> Session: Class initialized using 'CodeIgniter\Session\Handlers\FileHandler' driver.
INFO - 2025-10-09 03:45:31 --> Session: Class initialized using 'CodeIgniter\Session\Handlers\FileHandler' driver.
INFO - 2025-10-09 03:45:40 --> Session: Class initialized using 'CodeIgniter\Session\Handlers\FileHandler' driver.
INFO - 2025-10-09 03:45:57 --> Session: Class initialized using 'CodeIgniter\Session\Handlers\FileHandler' driver.
INFO - 2025-10-09 03:45:58 --> Session: Class initialized using 'CodeIgniter\Session\Handlers\FileHandler' driver.
INFO - 2025-10-09 03:46:04 --> Session: Class initialized using 'CodeIgniter\Session\Handlers\FileHandler' driver.
INFO - 2025-10-09 03:46:33 --> Session: Class initialized using 'CodeIgniter\Session\Handlers\FileHandler' driver.
INFO - 2025-10-09 03:46:35 --> Session: Class initialized using 'CodeIgniter\Session\Handlers\FileHandler' driver.
INFO - 2025-10-09 06:06:16 --> Session: Class initialized using 'CodeIgniter\Session\Handlers\FileHandler' driver.
INFO - 2025-10-09 06:06:32 --> Session: Class initialized using 'CodeIgniter\Session\Handlers\FileHandler' driver.
INFO - 2025-10-09 06:06:33 --> Session: Class initialized using 'CodeIgniter\Session\Handlers\FileHandler' driver.
INFO - 2025-10-09 06:06:53 --> Session: Class initialized using 'CodeIgniter\Session\Handlers\FileHandler' driver.
INFO - 2025-10-09 06:06:55 --> Session: Class initialized using 'CodeIgniter\Session\Handlers\FileHandler' driver.
INFO - 2025-10-09 06:08:01 --> Session: Class initialized using 'CodeIgniter\Session\Handlers\FileHandler' driver.
INFO - 2025-10-09 06:08:10 --> Session: Class initialized using 'CodeIgniter\Session\Handlers\FileHandler' driver.
INFO - 2025-10-09 06:08:43 --> Session: Class initialized using 'CodeIgniter\Session\Handlers\FileHandler' driver.
INFO - 2025-10-09 06:09:21 --> Session: Class initialized using 'CodeIgniter\Session\Handlers\FileHandler' driver.
INFO - 2025-10-09 06:09:23 --> Session: Class initialized using 'CodeIgniter\Session\Handlers\FileHandler' driver.
INFO - 2025-10-09 06:09:37 --> Session: Class initialized using 'CodeIgniter\Session\Handlers\FileHandler' driver.
INFO - 2025-10-09 06:09:47 --> Session: Class initialized using 'CodeIgniter\Session\Handlers\FileHandler' driver.
INFO - 2025-10-09 06:10:07 --> Session: Class initialized using 'CodeIgniter\Session\Handlers\FileHandler' driver.
INFO - 2025-10-09 06:10:08 --> Session: Class initialized using 'CodeIgniter\Session\Handlers\FileHandler' driver.
INFO - 2025-10-09 06:10:17 --> Session: Class initialized using 'CodeIgniter\Session\Handlers\FileHandler' driver.
INFO - 2025-10-09 06:10:25 --> Session: Class initialized using 'CodeIgniter\Session\Handlers\FileHandler' driver.
INFO - 2025-10-09 06:10:27 --> Session: Class initialized using 'CodeIgniter\Session\Handlers\FileHandler' driver.
INFO - 2025-10-09 06:10:41 --> Session: Class initialized using 'CodeIgniter\Session\Handlers\FileHandler' driver.
INFO - 2025-10-09 06:12:31 --> Session: Class initialized using 'CodeIgniter\Session\Handlers\FileHandler' driver.
INFO - 2025-10-09 06:12:33 --> Session: Class initialized using 'CodeIgniter\Session\Handlers\FileHandler' driver.
INFO - 2025-10-09 06:12:37 --> Session: Class initialized using 'CodeIgniter\Session\Handlers\FileHandler' driver.
INFO - 2025-10-09 06:12:50 --> Session: Class initialized using 'CodeIgniter\Session\Handlers\FileHandler' driver.
INFO - 2025-10-09 06:13:04 --> Session: Class initialized using 'CodeIgniter\Session\Handlers\FileHandler' driver.
INFO - 2025-10-09 06:13:06 --> Session: Class initialized using 'CodeIgniter\Session\Handlers\FileHandler' driver.
INFO - 2025-10-09 06:13:12 --> Session: Class initialized using 'CodeIgniter\Session\Handlers\FileHandler' driver.
INFO - 2025-10-09 06:13:26 --> Session: Class initialized using 'CodeIgniter\Session\Handlers\FileHandler' driver.
INFO - 2025-10-09 06:13:48 --> Session: Class initialized using 'CodeIgniter\Session\Handlers\FileHandler' driver.
INFO - 2025-10-09 06:13:50 --> Session: Class initialized using 'CodeIgniter\Session\Handlers\FileHandler' driver.
INFO - 2025-10-09 06:13:56 --> Session: Class initialized using 'CodeIgniter\Session\Handlers\FileHandler' driver.
INFO - 2025-10-09 06:14:03 --> Session: Class initialized using 'CodeIgniter\Session\Handlers\FileHandler' driver.
INFO - 2025-10-09 06:14:11 --> Session: Class initialized using 'CodeIgniter\Session\Handlers\FileHandler' driver.
INFO - 2025-10-09 06:14:21 --> Session: Class initialized using 'CodeIgniter\Session\Handlers\FileHandler' driver.
INFO - 2025-10-09 06:14:46 --> Session: Class initialized using 'CodeIgniter\Session\Handlers\FileHandler' driver.
INFO - 2025-10-09 06:14:48 --> Session: Class initialized using 'CodeIgniter\Session\Handlers\FileHandler' driver.
INFO - 2025-10-09 06:14:59 --> Session: Class initialized using 'CodeIgniter\Session\Handlers\FileHandler' driver.
CRITICAL - 2025-10-09 06:15:14 --> unlink(C:\xampp\htdocs\ereport-ehm\writable\debugbar/debugbar_1759990207.382024.json): No such file or directory
in SYSTEMPATH\Debug\Toolbar\Collectors\History.php on line 76.
 1 [internal function]: CodeIgniter\Debug\Exceptions->errorHandler(2, 'unlink(C:\\xampp\\htdocs\\ereport-ehm\\writable\\debugbar/debugbar_1759990207.382024.json): No such file or directory', 'C:\\xampp\\htdocs\\ereport-ehm\\system\\Debug\\Toolbar\\Collectors\\History.php', 76)
 2 SYSTEMPATH\Debug\Toolbar\Collectors\History.php(76): unlink('C:\\xampp\\htdocs\\ereport-ehm\\writable\\debugbar/debugbar_1759990207.382024.json')
 3 SYSTEMPATH\Debug\Toolbar.php(495): CodeIgniter\Debug\Toolbar\Collectors\History->setFiles('1759990494.148722', 20)
 4 SYSTEMPATH\Debug\Toolbar.php(474): CodeIgniter\Debug\Toolbar->format([...], 'html')
 5 APPPATH\Config\Events.php(46): CodeIgniter\Debug\Toolbar->respond()
 6 SYSTEMPATH\Events\Events.php(149): CodeIgniter\Events\Events::Config\{closure}()
 7 SYSTEMPATH\CodeIgniter.php(348): CodeIgniter\Events\Events::trigger('pre_system')
 8 FCPATH\index.php(81): CodeIgniter\CodeIgniter->run()
INFO - 2025-10-09 06:15:27 --> Session: Class initialized using 'CodeIgniter\Session\Handlers\FileHandler' driver.
INFO - 2025-10-09 06:15:30 --> Session: Class initialized using 'CodeIgniter\Session\Handlers\FileHandler' driver.
INFO - 2025-10-09 06:15:37 --> Session: Class initialized using 'CodeIgniter\Session\Handlers\FileHandler' driver.
INFO - 2025-10-09 06:15:57 --> Session: Class initialized using 'CodeIgniter\Session\Handlers\FileHandler' driver.
INFO - 2025-10-09 06:15:59 --> Session: Class initialized using 'CodeIgniter\Session\Handlers\FileHandler' driver.
INFO - 2025-10-09 06:16:10 --> Session: Class initialized using 'CodeIgniter\Session\Handlers\FileHandler' driver.
INFO - 2025-10-09 06:20:03 --> Session: Class initialized using 'CodeIgniter\Session\Handlers\FileHandler' driver.
INFO - 2025-10-09 06:20:04 --> Session: Class initialized using 'CodeIgniter\Session\Handlers\FileHandler' driver.
INFO - 2025-10-09 06:20:12 --> Session: Class initialized using 'CodeIgniter\Session\Handlers\FileHandler' driver.
INFO - 2025-10-09 06:20:38 --> Session: Class initialized using 'CodeIgniter\Session\Handlers\FileHandler' driver.
INFO - 2025-10-09 06:20:39 --> Session: Class initialized using 'CodeIgniter\Session\Handlers\FileHandler' driver.
INFO - 2025-10-09 06:20:49 --> Session: Class initialized using 'CodeIgniter\Session\Handlers\FileHandler' driver.
CRITICAL - 2025-10-09 06:20:54 --> unlink(C:\xampp\htdocs\ereport-ehm\writable\debugbar/debugbar_1759990399.116514.json): No such file or directory
in SYSTEMPATH\Debug\Toolbar\Collectors\History.php on line 76.
 1 [internal function]: CodeIgniter\Debug\Exceptions->errorHandler(2, 'unlink(C:\\xampp\\htdocs\\ereport-ehm\\writable\\debugbar/debugbar_1759990399.116514.json): No such file or directory', 'C:\\xampp\\htdocs\\ereport-ehm\\system\\Debug\\Toolbar\\Collectors\\History.php', 76)
 2 SYSTEMPATH\Debug\Toolbar\Collectors\History.php(76): unlink('C:\\xampp\\htdocs\\ereport-ehm\\writable\\debugbar/debugbar_1759990399.116514.json')
 3 SYSTEMPATH\Debug\Toolbar.php(495): CodeIgniter\Debug\Toolbar\Collectors\History->setFiles('1759990852.186449', 20)
 4 SYSTEMPATH\Debug\Toolbar.php(474): CodeIgniter\Debug\Toolbar->format([...], 'html')
 5 APPPATH\Config\Events.php(46): CodeIgniter\Debug\Toolbar->respond()
 6 SYSTEMPATH\Events\Events.php(149): CodeIgniter\Events\Events::Config\{closure}()
 7 SYSTEMPATH\CodeIgniter.php(348): CodeIgniter\Events\Events::trigger('pre_system')
 8 FCPATH\index.php(81): CodeIgniter\CodeIgniter->run()
INFO - 2025-10-09 06:21:21 --> Session: Class initialized using 'CodeIgniter\Session\Handlers\FileHandler' driver.
INFO - 2025-10-09 06:21:22 --> Session: Class initialized using 'CodeIgniter\Session\Handlers\FileHandler' driver.
INFO - 2025-10-09 06:21:38 --> Session: Class initialized using 'CodeIgniter\Session\Handlers\FileHandler' driver.
INFO - 2025-10-09 06:21:38 --> Session: Class initialized using 'CodeIgniter\Session\Handlers\FileHandler' driver.
INFO - 2025-10-09 06:21:58 --> Session: Class initialized using 'CodeIgniter\Session\Handlers\FileHandler' driver.
INFO - 2025-10-09 06:21:59 --> Session: Class initialized using 'CodeIgniter\Session\Handlers\FileHandler' driver.
INFO - 2025-10-09 06:22:17 --> Session: Class initialized using 'CodeIgniter\Session\Handlers\FileHandler' driver.
INFO - 2025-10-09 06:22:18 --> Session: Class initialized using 'CodeIgniter\Session\Handlers\FileHandler' driver.
INFO - 2025-10-09 06:22:18 --> Session: Class initialized using 'CodeIgniter\Session\Handlers\FileHandler' driver.
INFO - 2025-10-09 06:22:34 --> Session: Class initialized using 'CodeIgniter\Session\Handlers\FileHandler' driver.
INFO - 2025-10-09 06:22:37 --> Session: Class initialized using 'CodeIgniter\Session\Handlers\FileHandler' driver.
INFO - 2025-10-09 06:23:10 --> Session: Class initialized using 'CodeIgniter\Session\Handlers\FileHandler' driver.
INFO - 2025-10-09 06:23:11 --> Session: Class initialized using 'CodeIgniter\Session\Handlers\FileHandler' driver.
INFO - 2025-10-09 06:23:28 --> Session: Class initialized using 'CodeIgniter\Session\Handlers\FileHandler' driver.
INFO - 2025-10-09 06:23:30 --> Session: Class initialized using 'CodeIgniter\Session\Handlers\FileHandler' driver.
INFO - 2025-10-09 06:23:51 --> Session: Class initialized using 'CodeIgniter\Session\Handlers\FileHandler' driver.
INFO - 2025-10-09 06:23:51 --> Session: Class initialized using 'CodeIgniter\Session\Handlers\FileHandler' driver.
INFO - 2025-10-09 06:24:12 --> Session: Class initialized using 'CodeIgniter\Session\Handlers\FileHandler' driver.
INFO - 2025-10-09 06:24:14 --> Session: Class initialized using 'CodeIgniter\Session\Handlers\FileHandler' driver.
INFO - 2025-10-09 06:24:35 --> Session: Class initialized using 'CodeIgniter\Session\Handlers\FileHandler' driver.
INFO - 2025-10-09 06:24:36 --> Session: Class initialized using 'CodeIgniter\Session\Handlers\FileHandler' driver.
INFO - 2025-10-09 06:24:50 --> Session: Class initialized using 'CodeIgniter\Session\Handlers\FileHandler' driver.
INFO - 2025-10-09 06:25:06 --> Session: Class initialized using 'CodeIgniter\Session\Handlers\FileHandler' driver.
INFO - 2025-10-09 06:25:08 --> Session: Class initialized using 'CodeIgniter\Session\Handlers\FileHandler' driver.
INFO - 2025-10-09 06:25:25 --> Session: Class initialized using 'CodeIgniter\Session\Handlers\FileHandler' driver.
INFO - 2025-10-09 06:27:36 --> Session: Class initialized using 'CodeIgniter\Session\Handlers\FileHandler' driver.
INFO - 2025-10-09 06:27:38 --> Session: Class initialized using 'CodeIgniter\Session\Handlers\FileHandler' driver.
INFO - 2025-10-09 06:27:55 --> Session: Class initialized using 'CodeIgniter\Session\Handlers\FileHandler' driver.
INFO - 2025-10-09 06:27:55 --> Session: Class initialized using 'CodeIgniter\Session\Handlers\FileHandler' driver.
INFO - 2025-10-09 06:28:09 --> Session: Class initialized using 'CodeIgniter\Session\Handlers\FileHandler' driver.
INFO - 2025-10-09 06:28:11 --> Session: Class initialized using 'CodeIgniter\Session\Handlers\FileHandler' driver.
INFO - 2025-10-09 06:28:26 --> Session: Class initialized using 'CodeIgniter\Session\Handlers\FileHandler' driver.
INFO - 2025-10-09 06:28:28 --> Session: Class initialized using 'CodeIgniter\Session\Handlers\FileHandler' driver.
INFO - 2025-10-09 06:28:42 --> Session: Class initialized using 'CodeIgniter\Session\Handlers\FileHandler' driver.
INFO - 2025-10-09 06:28:43 --> Session: Class initialized using 'CodeIgniter\Session\Handlers\FileHandler' driver.
INFO - 2025-10-09 06:29:01 --> Session: Class initialized using 'CodeIgniter\Session\Handlers\FileHandler' driver.
INFO - 2025-10-09 06:29:02 --> Session: Class initialized using 'CodeIgniter\Session\Handlers\FileHandler' driver.
INFO - 2025-10-09 06:29:16 --> Session: Class initialized using 'CodeIgniter\Session\Handlers\FileHandler' driver.
INFO - 2025-10-09 06:29:17 --> Session: Class initialized using 'CodeIgniter\Session\Handlers\FileHandler' driver.
INFO - 2025-10-09 06:29:37 --> Session: Class initialized using 'CodeIgniter\Session\Handlers\FileHandler' driver.
INFO - 2025-10-09 06:29:38 --> Session: Class initialized using 'CodeIgniter\Session\Handlers\FileHandler' driver.
INFO - 2025-10-09 06:29:47 --> Session: Class initialized using 'CodeIgniter\Session\Handlers\FileHandler' driver.
INFO - 2025-10-09 06:30:07 --> Session: Class initialized using 'CodeIgniter\Session\Handlers\FileHandler' driver.
INFO - 2025-10-09 06:30:10 --> Session: Class initialized using 'CodeIgniter\Session\Handlers\FileHandler' driver.
INFO - 2025-10-09 06:30:24 --> Session: Class initialized using 'CodeIgniter\Session\Handlers\FileHandler' driver.
INFO - 2025-10-09 06:30:45 --> Session: Class initialized using 'CodeIgniter\Session\Handlers\FileHandler' driver.
INFO - 2025-10-09 06:30:45 --> Session: Class initialized using 'CodeIgniter\Session\Handlers\FileHandler' driver.
INFO - 2025-10-09 06:30:59 --> Session: Class initialized using 'CodeIgniter\Session\Handlers\FileHandler' driver.
INFO - 2025-10-09 06:31:00 --> Session: Class initialized using 'CodeIgniter\Session\Handlers\FileHandler' driver.
INFO - 2025-10-09 06:31:17 --> Session: Class initialized using 'CodeIgniter\Session\Handlers\FileHandler' driver.
INFO - 2025-10-09 06:31:18 --> Session: Class initialized using 'CodeIgniter\Session\Handlers\FileHandler' driver.
INFO - 2025-10-09 06:31:32 --> Session: Class initialized using 'CodeIgniter\Session\Handlers\FileHandler' driver.
INFO - 2025-10-09 06:31:33 --> Session: Class initialized using 'CodeIgniter\Session\Handlers\FileHandler' driver.
INFO - 2025-10-09 06:31:50 --> Session: Class initialized using 'CodeIgniter\Session\Handlers\FileHandler' driver.
INFO - 2025-10-09 06:31:51 --> Session: Class initialized using 'CodeIgniter\Session\Handlers\FileHandler' driver.
INFO - 2025-10-09 06:32:07 --> Session: Class initialized using 'CodeIgniter\Session\Handlers\FileHandler' driver.
INFO - 2025-10-09 06:32:08 --> Session: Class initialized using 'CodeIgniter\Session\Handlers\FileHandler' driver.
INFO - 2025-10-09 06:32:21 --> Session: Class initialized using 'CodeIgniter\Session\Handlers\FileHandler' driver.
INFO - 2025-10-09 06:32:22 --> Session: Class initialized using 'CodeIgniter\Session\Handlers\FileHandler' driver.
INFO - 2025-10-09 06:32:33 --> Session: Class initialized using 'CodeIgniter\Session\Handlers\FileHandler' driver.
INFO - 2025-10-09 06:32:35 --> Session: Class initialized using 'CodeIgniter\Session\Handlers\FileHandler' driver.
INFO - 2025-10-09 06:32:45 --> Session: Class initialized using 'CodeIgniter\Session\Handlers\FileHandler' driver.
INFO - 2025-10-09 06:33:04 --> Session: Class initialized using 'CodeIgniter\Session\Handlers\FileHandler' driver.
INFO - 2025-10-09 06:33:05 --> Session: Class initialized using 'CodeIgniter\Session\Handlers\FileHandler' driver.
INFO - 2025-10-09 06:33:19 --> Session: Class initialized using 'CodeIgniter\Session\Handlers\FileHandler' driver.
INFO - 2025-10-09 06:33:21 --> Session: Class initialized using 'CodeIgniter\Session\Handlers\FileHandler' driver.
INFO - 2025-10-09 06:33:39 --> Session: Class initialized using 'CodeIgniter\Session\Handlers\FileHandler' driver.
WARNING - 2025-10-09 06:33:39 --> [DEPRECATED] Creation of dynamic property App\Controllers\Suhu::$MasterDataModel is deprecated in APPPATH\Controllers\Suhu.php on line 205.
 1 SYSTEMPATH\CodeIgniter.php(904): App\Controllers\Suhu->__construct()
 2 SYSTEMPATH\CodeIgniter.php(488): CodeIgniter\CodeIgniter->createController()
 3 SYSTEMPATH\CodeIgniter.php(366): CodeIgniter\CodeIgniter->handleRequest(null, Object(Config\Cache), false)
 4 FCPATH\index.php(81): CodeIgniter\CodeIgniter->run()
WARNING - 2025-10-09 06:33:47 --> [DEPRECATED] Creation of dynamic property App\Controllers\Suhu::$MasterDataModel is deprecated in APPPATH\Controllers\Suhu.php on line 205.
 1 SYSTEMPATH\CodeIgniter.php(904): App\Controllers\Suhu->__construct()
 2 SYSTEMPATH\CodeIgniter.php(488): CodeIgniter\CodeIgniter->createController()
 3 SYSTEMPATH\CodeIgniter.php(366): CodeIgniter\CodeIgniter->handleRequest(null, Object(Config\Cache), false)
 4 FCPATH\index.php(81): CodeIgniter\CodeIgniter->run()
INFO - 2025-10-09 06:33:47 --> Session: Class initialized using 'CodeIgniter\Session\Handlers\FileHandler' driver.
WARNING - 2025-10-09 06:33:48 --> [DEPRECATED] Creation of dynamic property App\Controllers\Suhu::$MasterDataModel is deprecated in APPPATH\Controllers\Suhu.php on line 205.
 1 SYSTEMPATH\CodeIgniter.php(904): App\Controllers\Suhu->__construct()
 2 SYSTEMPATH\CodeIgniter.php(488): CodeIgniter\CodeIgniter->createController()
 3 SYSTEMPATH\CodeIgniter.php(366): CodeIgniter\CodeIgniter->handleRequest(null, Object(Config\Cache), false)
 4 FCPATH\index.php(81): CodeIgniter\CodeIgniter->run()
INFO - 2025-10-09 06:33:48 --> Session: Class initialized using 'CodeIgniter\Session\Handlers\FileHandler' driver.
WARNING - 2025-10-09 06:33:57 --> [DEPRECATED] Creation of dynamic property App\Controllers\Suhu::$MasterDataModel is deprecated in APPPATH\Controllers\Suhu.php on line 205.
 1 SYSTEMPATH\CodeIgniter.php(904): App\Controllers\Suhu->__construct()
 2 SYSTEMPATH\CodeIgniter.php(488): CodeIgniter\CodeIgniter->createController()
 3 SYSTEMPATH\CodeIgniter.php(366): CodeIgniter\CodeIgniter->handleRequest(null, Object(Config\Cache), false)
 4 FCPATH\index.php(81): CodeIgniter\CodeIgniter->run()
INFO - 2025-10-09 06:33:57 --> Session: Class initialized using 'CodeIgniter\Session\Handlers\FileHandler' driver.
WARNING - 2025-10-09 06:33:58 --> [DEPRECATED] Creation of dynamic property App\Controllers\Suhu::$MasterDataModel is deprecated in APPPATH\Controllers\Suhu.php on line 205.
 1 SYSTEMPATH\CodeIgniter.php(904): App\Controllers\Suhu->__construct()
 2 SYSTEMPATH\CodeIgniter.php(488): CodeIgniter\CodeIgniter->createController()
 3 SYSTEMPATH\CodeIgniter.php(366): CodeIgniter\CodeIgniter->handleRequest(null, Object(Config\Cache), false)
 4 FCPATH\index.php(81): CodeIgniter\CodeIgniter->run()
CRITICAL - 2025-10-09 06:33:59 --> Trying to access array offset on value of type null
in APPPATH\Controllers\Suhu.php on line 162.
 1 APPPATH\Controllers\Suhu.php(162): CodeIgniter\Debug\Exceptions->errorHandler(2, 'Trying to access array offset on value of type null', 'C:\\xampp\\htdocs\\ereport-ehm\\app\\Controllers\\Suhu.php', 162)
 2 SYSTEMPATH\CodeIgniter.php(932): App\Controllers\Suhu->AddSuhu('jquery.js')
 3 SYSTEMPATH\CodeIgniter.php(497): CodeIgniter\CodeIgniter->runController(Object(App\Controllers\Suhu))
 4 SYSTEMPATH\CodeIgniter.php(366): CodeIgniter\CodeIgniter->handleRequest(null, Object(Config\Cache), false)
 5 FCPATH\index.php(81): CodeIgniter\CodeIgniter->run()
WARNING - 2025-10-09 06:33:59 --> [DEPRECATED] Creation of dynamic property App\Controllers\Suhu::$MasterDataModel is deprecated in APPPATH\Controllers\Suhu.php on line 205.
 1 SYSTEMPATH\CodeIgniter.php(904): App\Controllers\Suhu->__construct()
 2 SYSTEMPATH\CodeIgniter.php(488): CodeIgniter\CodeIgniter->createController()
 3 SYSTEMPATH\CodeIgniter.php(366): CodeIgniter\CodeIgniter->handleRequest(null, Object(Config\Cache), false)
 4 FCPATH\index.php(81): CodeIgniter\CodeIgniter->run()
CRITICAL - 2025-10-09 06:33:59 --> Trying to access array offset on value of type null
in APPPATH\Controllers\Suhu.php on line 162.
 1 APPPATH\Controllers\Suhu.php(162): CodeIgniter\Debug\Exceptions->errorHandler(2, 'Trying to access array offset on value of type null', 'C:\\xampp\\htdocs\\ereport-ehm\\app\\Controllers\\Suhu.php', 162)
 2 SYSTEMPATH\CodeIgniter.php(932): App\Controllers\Suhu->AddSuhu('bootstrap.js')
 3 SYSTEMPATH\CodeIgniter.php(497): CodeIgniter\CodeIgniter->runController(Object(App\Controllers\Suhu))
 4 SYSTEMPATH\CodeIgniter.php(366): CodeIgniter\CodeIgniter->handleRequest(null, Object(Config\Cache), false)
 5 FCPATH\index.php(81): CodeIgniter\CodeIgniter->run()
CRITICAL - 2025-10-09 06:34:18 --> unlink(C:\xampp\htdocs\ereport-ehm\writable\debugbar/debugbar_1759991459.684498.json): No such file or directory
in SYSTEMPATH\Debug\Toolbar\Collectors\History.php on line 76.
 1 [internal function]: CodeIgniter\Debug\Exceptions->errorHandler(2, 'unlink(C:\\xampp\\htdocs\\ereport-ehm\\writable\\debugbar/debugbar_1759991459.684498.json): No such file or directory', 'C:\\xampp\\htdocs\\ereport-ehm\\system\\Debug\\Toolbar\\Collectors\\History.php', 76)
 2 SYSTEMPATH\Debug\Toolbar\Collectors\History.php(76): unlink('C:\\xampp\\htdocs\\ereport-ehm\\writable\\debugbar/debugbar_1759991459.684498.json')
 3 SYSTEMPATH\Debug\Toolbar.php(495): CodeIgniter\Debug\Toolbar\Collectors\History->setFiles('1759991628.214605', 20)
 4 SYSTEMPATH\Debug\Toolbar.php(474): CodeIgniter\Debug\Toolbar->format([...], 'html')
 5 APPPATH\Config\Events.php(46): CodeIgniter\Debug\Toolbar->respond()
 6 SYSTEMPATH\Events\Events.php(149): CodeIgniter\Events\Events::Config\{closure}()
 7 SYSTEMPATH\CodeIgniter.php(348): CodeIgniter\Events\Events::trigger('pre_system')
 8 FCPATH\index.php(81): CodeIgniter\CodeIgniter->run()
INFO - 2025-10-09 06:35:42 --> Session: Class initialized using 'CodeIgniter\Session\Handlers\FileHandler' driver.
INFO - 2025-10-09 06:35:47 --> Session: Class initialized using 'CodeIgniter\Session\Handlers\FileHandler' driver.
WARNING - 2025-10-09 06:35:47 --> [DEPRECATED] Creation of dynamic property App\Controllers\Suhu::$MasterDataModel is deprecated in APPPATH\Controllers\Suhu.php on line 205.
 1 SYSTEMPATH\CodeIgniter.php(904): App\Controllers\Suhu->__construct()
 2 SYSTEMPATH\CodeIgniter.php(488): CodeIgniter\CodeIgniter->createController()
 3 SYSTEMPATH\CodeIgniter.php(366): CodeIgniter\CodeIgniter->handleRequest(null, Object(Config\Cache), false)
 4 FCPATH\index.php(81): CodeIgniter\CodeIgniter->run()
INFO - 2025-10-09 06:35:49 --> Session: Class initialized using 'CodeIgniter\Session\Handlers\FileHandler' driver.
WARNING - 2025-10-09 06:35:49 --> [DEPRECATED] Creation of dynamic property App\Controllers\Suhu::$MasterDataModel is deprecated in APPPATH\Controllers\Suhu.php on line 205.
 1 SYSTEMPATH\CodeIgniter.php(904): App\Controllers\Suhu->__construct()
 2 SYSTEMPATH\CodeIgniter.php(488): CodeIgniter\CodeIgniter->createController()
 3 SYSTEMPATH\CodeIgniter.php(366): CodeIgniter\CodeIgniter->handleRequest(null, Object(Config\Cache), false)
 4 FCPATH\index.php(81): CodeIgniter\CodeIgniter->run()
INFO - 2025-10-09 06:36:02 --> Session: Class initialized using 'CodeIgniter\Session\Handlers\FileHandler' driver.
INFO - 2025-10-09 06:36:11 --> Session: Class initialized using 'CodeIgniter\Session\Handlers\FileHandler' driver.
INFO - 2025-10-09 06:36:14 --> Session: Class initialized using 'CodeIgniter\Session\Handlers\FileHandler' driver.
INFO - 2025-10-09 06:36:59 --> Session: Class initialized using 'CodeIgniter\Session\Handlers\FileHandler' driver.
WARNING - 2025-10-09 06:36:59 --> [DEPRECATED] Creation of dynamic property App\Controllers\Suhu::$MasterDataModel is deprecated in APPPATH\Controllers\Suhu.php on line 205.
 1 SYSTEMPATH\CodeIgniter.php(904): App\Controllers\Suhu->__construct()
 2 SYSTEMPATH\CodeIgniter.php(488): CodeIgniter\CodeIgniter->createController()
 3 SYSTEMPATH\CodeIgniter.php(366): CodeIgniter\CodeIgniter->handleRequest(null, Object(Config\Cache), false)
 4 FCPATH\index.php(81): CodeIgniter\CodeIgniter->run()
WARNING - 2025-10-09 06:37:07 --> [DEPRECATED] Creation of dynamic property App\Controllers\Suhu::$MasterDataModel is deprecated in APPPATH\Controllers\Suhu.php on line 205.
 1 SYSTEMPATH\CodeIgniter.php(904): App\Controllers\Suhu->__construct()
 2 SYSTEMPATH\CodeIgniter.php(488): CodeIgniter\CodeIgniter->createController()
 3 SYSTEMPATH\CodeIgniter.php(366): CodeIgniter\CodeIgniter->handleRequest(null, Object(Config\Cache), false)
 4 FCPATH\index.php(81): CodeIgniter\CodeIgniter->run()
INFO - 2025-10-09 06:37:08 --> Session: Class initialized using 'CodeIgniter\Session\Handlers\FileHandler' driver.
WARNING - 2025-10-09 06:37:14 --> [DEPRECATED] Creation of dynamic property App\Controllers\Suhu::$MasterDataModel is deprecated in APPPATH\Controllers\Suhu.php on line 205.
 1 SYSTEMPATH\CodeIgniter.php(904): App\Controllers\Suhu->__construct()
 2 SYSTEMPATH\CodeIgniter.php(488): CodeIgniter\CodeIgniter->createController()
 3 SYSTEMPATH\CodeIgniter.php(366): CodeIgniter\CodeIgniter->handleRequest(null, Object(Config\Cache), false)
 4 FCPATH\index.php(81): CodeIgniter\CodeIgniter->run()
INFO - 2025-10-09 06:37:14 --> Session: Class initialized using 'CodeIgniter\Session\Handlers\FileHandler' driver.
WARNING - 2025-10-09 06:37:14 --> [DEPRECATED] Creation of dynamic property App\Controllers\Suhu::$MasterDataModel is deprecated in APPPATH\Controllers\Suhu.php on line 205.
 1 SYSTEMPATH\CodeIgniter.php(904): App\Controllers\Suhu->__construct()
 2 SYSTEMPATH\CodeIgniter.php(488): CodeIgniter\CodeIgniter->createController()
 3 SYSTEMPATH\CodeIgniter.php(366): CodeIgniter\CodeIgniter->handleRequest(null, Object(Config\Cache), false)
 4 FCPATH\index.php(81): CodeIgniter\CodeIgniter->run()
CRITICAL - 2025-10-09 06:37:14 --> Trying to access array offset on value of type null
in APPPATH\Controllers\Suhu.php on line 162.
 1 APPPATH\Controllers\Suhu.php(162): CodeIgniter\Debug\Exceptions->errorHandler(2, 'Trying to access array offset on value of type null', 'C:\\xampp\\htdocs\\ereport-ehm\\app\\Controllers\\Suhu.php', 162)
 2 SYSTEMPATH\CodeIgniter.php(932): App\Controllers\Suhu->AddSuhu('jquery.js')
 3 SYSTEMPATH\CodeIgniter.php(497): CodeIgniter\CodeIgniter->runController(Object(App\Controllers\Suhu))
 4 SYSTEMPATH\CodeIgniter.php(366): CodeIgniter\CodeIgniter->handleRequest(null, Object(Config\Cache), false)
 5 FCPATH\index.php(81): CodeIgniter\CodeIgniter->run()
WARNING - 2025-10-09 06:37:15 --> [DEPRECATED] Creation of dynamic property App\Controllers\Suhu::$MasterDataModel is deprecated in APPPATH\Controllers\Suhu.php on line 205.
 1 SYSTEMPATH\CodeIgniter.php(904): App\Controllers\Suhu->__construct()
 2 SYSTEMPATH\CodeIgniter.php(488): CodeIgniter\CodeIgniter->createController()
 3 SYSTEMPATH\CodeIgniter.php(366): CodeIgniter\CodeIgniter->handleRequest(null, Object(Config\Cache), false)
 4 FCPATH\index.php(81): CodeIgniter\CodeIgniter->run()
CRITICAL - 2025-10-09 06:37:15 --> Trying to access array offset on value of type null
in APPPATH\Controllers\Suhu.php on line 162.
 1 APPPATH\Controllers\Suhu.php(162): CodeIgniter\Debug\Exceptions->errorHandler(2, 'Trying to access array offset on value of type null', 'C:\\xampp\\htdocs\\ereport-ehm\\app\\Controllers\\Suhu.php', 162)
 2 SYSTEMPATH\CodeIgniter.php(932): App\Controllers\Suhu->AddSuhu('bootstrap.js')
 3 SYSTEMPATH\CodeIgniter.php(497): CodeIgniter\CodeIgniter->runController(Object(App\Controllers\Suhu))
 4 SYSTEMPATH\CodeIgniter.php(366): CodeIgniter\CodeIgniter->handleRequest(null, Object(Config\Cache), false)
 5 FCPATH\index.php(81): CodeIgniter\CodeIgniter->run()
WARNING - 2025-10-09 06:37:41 --> [DEPRECATED] Creation of dynamic property App\Controllers\Suhu::$MasterDataModel is deprecated in APPPATH\Controllers\Suhu.php on line 205.
 1 SYSTEMPATH\CodeIgniter.php(904): App\Controllers\Suhu->__construct()
 2 SYSTEMPATH\CodeIgniter.php(488): CodeIgniter\CodeIgniter->createController()
 3 SYSTEMPATH\CodeIgniter.php(366): CodeIgniter\CodeIgniter->handleRequest(null, Object(Config\Cache), false)
 4 FCPATH\index.php(81): CodeIgniter\CodeIgniter->run()
INFO - 2025-10-09 06:37:41 --> Session: Class initialized using 'CodeIgniter\Session\Handlers\FileHandler' driver.
WARNING - 2025-10-09 06:37:43 --> [DEPRECATED] Creation of dynamic property App\Controllers\Suhu::$MasterDataModel is deprecated in APPPATH\Controllers\Suhu.php on line 205.
 1 SYSTEMPATH\CodeIgniter.php(904): App\Controllers\Suhu->__construct()
 2 SYSTEMPATH\CodeIgniter.php(488): CodeIgniter\CodeIgniter->createController()
 3 SYSTEMPATH\CodeIgniter.php(366): CodeIgniter\CodeIgniter->handleRequest(null, Object(Config\Cache), false)
 4 FCPATH\index.php(81): CodeIgniter\CodeIgniter->run()
INFO - 2025-10-09 06:37:45 --> Session: Class initialized using 'CodeIgniter\Session\Handlers\FileHandler' driver.
WARNING - 2025-10-09 06:37:46 --> [DEPRECATED] Creation of dynamic property App\Controllers\Suhu::$MasterDataModel is deprecated in APPPATH\Controllers\Suhu.php on line 205.
 1 SYSTEMPATH\CodeIgniter.php(904): App\Controllers\Suhu->__construct()
 2 SYSTEMPATH\CodeIgniter.php(488): CodeIgniter\CodeIgniter->createController()
 3 SYSTEMPATH\CodeIgniter.php(366): CodeIgniter\CodeIgniter->handleRequest(null, Object(Config\Cache), false)
 4 FCPATH\index.php(81): CodeIgniter\CodeIgniter->run()
CRITICAL - 2025-10-09 06:37:46 --> Trying to access array offset on value of type null
in APPPATH\Controllers\Suhu.php on line 162.
 1 APPPATH\Controllers\Suhu.php(162): CodeIgniter\Debug\Exceptions->errorHandler(2, 'Trying to access array offset on value of type null', 'C:\\xampp\\htdocs\\ereport-ehm\\app\\Controllers\\Suhu.php', 162)
 2 SYSTEMPATH\CodeIgniter.php(932): App\Controllers\Suhu->AddSuhu('jquery.js')
 3 SYSTEMPATH\CodeIgniter.php(497): CodeIgniter\CodeIgniter->runController(Object(App\Controllers\Suhu))
 4 SYSTEMPATH\CodeIgniter.php(366): CodeIgniter\CodeIgniter->handleRequest(null, Object(Config\Cache), false)
 5 FCPATH\index.php(81): CodeIgniter\CodeIgniter->run()
WARNING - 2025-10-09 06:37:47 --> [DEPRECATED] Creation of dynamic property App\Controllers\Suhu::$MasterDataModel is deprecated in APPPATH\Controllers\Suhu.php on line 205.
 1 SYSTEMPATH\CodeIgniter.php(904): App\Controllers\Suhu->__construct()
 2 SYSTEMPATH\CodeIgniter.php(488): CodeIgniter\CodeIgniter->createController()
 3 SYSTEMPATH\CodeIgniter.php(366): CodeIgniter\CodeIgniter->handleRequest(null, Object(Config\Cache), false)
 4 FCPATH\index.php(81): CodeIgniter\CodeIgniter->run()
CRITICAL - 2025-10-09 06:37:47 --> Trying to access array offset on value of type null
in APPPATH\Controllers\Suhu.php on line 162.
 1 APPPATH\Controllers\Suhu.php(162): CodeIgniter\Debug\Exceptions->errorHandler(2, 'Trying to access array offset on value of type null', 'C:\\xampp\\htdocs\\ereport-ehm\\app\\Controllers\\Suhu.php', 162)
 2 SYSTEMPATH\CodeIgniter.php(932): App\Controllers\Suhu->AddSuhu('bootstrap.js')
 3 SYSTEMPATH\CodeIgniter.php(497): CodeIgniter\CodeIgniter->runController(Object(App\Controllers\Suhu))
 4 SYSTEMPATH\CodeIgniter.php(366): CodeIgniter\CodeIgniter->handleRequest(null, Object(Config\Cache), false)
 5 FCPATH\index.php(81): CodeIgniter\CodeIgniter->run()
WARNING - 2025-10-09 06:37:52 --> [DEPRECATED] Creation of dynamic property App\Controllers\Suhu::$MasterDataModel is deprecated in APPPATH\Controllers\Suhu.php on line 205.
 1 SYSTEMPATH\CodeIgniter.php(904): App\Controllers\Suhu->__construct()
 2 SYSTEMPATH\CodeIgniter.php(488): CodeIgniter\CodeIgniter->createController()
 3 SYSTEMPATH\CodeIgniter.php(366): CodeIgniter\CodeIgniter->handleRequest(null, Object(Config\Cache), false)
 4 FCPATH\index.php(81): CodeIgniter\CodeIgniter->run()
INFO - 2025-10-09 06:37:52 --> Session: Class initialized using 'CodeIgniter\Session\Handlers\FileHandler' driver.
WARNING - 2025-10-09 06:37:57 --> [DEPRECATED] Creation of dynamic property App\Controllers\Suhu::$MasterDataModel is deprecated in APPPATH\Controllers\Suhu.php on line 205.
 1 SYSTEMPATH\CodeIgniter.php(904): App\Controllers\Suhu->__construct()
 2 SYSTEMPATH\CodeIgniter.php(488): CodeIgniter\CodeIgniter->createController()
 3 SYSTEMPATH\CodeIgniter.php(366): CodeIgniter\CodeIgniter->handleRequest(null, Object(Config\Cache), false)
 4 FCPATH\index.php(81): CodeIgniter\CodeIgniter->run()
INFO - 2025-10-09 06:37:57 --> Session: Class initialized using 'CodeIgniter\Session\Handlers\FileHandler' driver.
WARNING - 2025-10-09 06:37:57 --> [DEPRECATED] Creation of dynamic property App\Controllers\Suhu::$MasterDataModel is deprecated in APPPATH\Controllers\Suhu.php on line 205.
 1 SYSTEMPATH\CodeIgniter.php(904): App\Controllers\Suhu->__construct()
 2 SYSTEMPATH\CodeIgniter.php(488): CodeIgniter\CodeIgniter->createController()
 3 SYSTEMPATH\CodeIgniter.php(366): CodeIgniter\CodeIgniter->handleRequest(null, Object(Config\Cache), false)
 4 FCPATH\index.php(81): CodeIgniter\CodeIgniter->run()
CRITICAL - 2025-10-09 06:37:57 --> Trying to access array offset on value of type null
in APPPATH\Controllers\Suhu.php on line 162.
 1 APPPATH\Controllers\Suhu.php(162): CodeIgniter\Debug\Exceptions->errorHandler(2, 'Trying to access array offset on value of type null', 'C:\\xampp\\htdocs\\ereport-ehm\\app\\Controllers\\Suhu.php', 162)
 2 SYSTEMPATH\CodeIgniter.php(932): App\Controllers\Suhu->AddSuhu('jquery.js')
 3 SYSTEMPATH\CodeIgniter.php(497): CodeIgniter\CodeIgniter->runController(Object(App\Controllers\Suhu))
 4 SYSTEMPATH\CodeIgniter.php(366): CodeIgniter\CodeIgniter->handleRequest(null, Object(Config\Cache), false)
 5 FCPATH\index.php(81): CodeIgniter\CodeIgniter->run()
WARNING - 2025-10-09 06:37:58 --> [DEPRECATED] Creation of dynamic property App\Controllers\Suhu::$MasterDataModel is deprecated in APPPATH\Controllers\Suhu.php on line 205.
 1 SYSTEMPATH\CodeIgniter.php(904): App\Controllers\Suhu->__construct()
 2 SYSTEMPATH\CodeIgniter.php(488): CodeIgniter\CodeIgniter->createController()
 3 SYSTEMPATH\CodeIgniter.php(366): CodeIgniter\CodeIgniter->handleRequest(null, Object(Config\Cache), false)
 4 FCPATH\index.php(81): CodeIgniter\CodeIgniter->run()
CRITICAL - 2025-10-09 06:37:58 --> Trying to access array offset on value of type null
in APPPATH\Controllers\Suhu.php on line 162.
 1 APPPATH\Controllers\Suhu.php(162): CodeIgniter\Debug\Exceptions->errorHandler(2, 'Trying to access array offset on value of type null', 'C:\\xampp\\htdocs\\ereport-ehm\\app\\Controllers\\Suhu.php', 162)
 2 SYSTEMPATH\CodeIgniter.php(932): App\Controllers\Suhu->AddSuhu('bootstrap.js')
 3 SYSTEMPATH\CodeIgniter.php(497): CodeIgniter\CodeIgniter->runController(Object(App\Controllers\Suhu))
 4 SYSTEMPATH\CodeIgniter.php(366): CodeIgniter\CodeIgniter->handleRequest(null, Object(Config\Cache), false)
 5 FCPATH\index.php(81): CodeIgniter\CodeIgniter->run()
WARNING - 2025-10-09 06:38:55 --> [DEPRECATED] Creation of dynamic property App\Controllers\Suhu::$MasterDataModel is deprecated in APPPATH\Controllers\Suhu.php on line 205.
 1 SYSTEMPATH\CodeIgniter.php(904): App\Controllers\Suhu->__construct()
 2 SYSTEMPATH\CodeIgniter.php(488): CodeIgniter\CodeIgniter->createController()
 3 SYSTEMPATH\CodeIgniter.php(366): CodeIgniter\CodeIgniter->handleRequest(null, Object(Config\Cache), false)
 4 FCPATH\index.php(81): CodeIgniter\CodeIgniter->run()
INFO - 2025-10-09 06:38:55 --> Session: Class initialized using 'CodeIgniter\Session\Handlers\FileHandler' driver.
WARNING - 2025-10-09 06:38:57 --> [DEPRECATED] Creation of dynamic property App\Controllers\Suhu::$MasterDataModel is deprecated in APPPATH\Controllers\Suhu.php on line 205.
 1 SYSTEMPATH\CodeIgniter.php(904): App\Controllers\Suhu->__construct()
 2 SYSTEMPATH\CodeIgniter.php(488): CodeIgniter\CodeIgniter->createController()
 3 SYSTEMPATH\CodeIgniter.php(366): CodeIgniter\CodeIgniter->handleRequest(null, Object(Config\Cache), false)
 4 FCPATH\index.php(81): CodeIgniter\CodeIgniter->run()
INFO - 2025-10-09 06:38:58 --> Session: Class initialized using 'CodeIgniter\Session\Handlers\FileHandler' driver.
WARNING - 2025-10-09 06:39:00 --> [DEPRECATED] Creation of dynamic property App\Controllers\Suhu::$MasterDataModel is deprecated in APPPATH\Controllers\Suhu.php on line 205.
 1 SYSTEMPATH\CodeIgniter.php(904): App\Controllers\Suhu->__construct()
 2 SYSTEMPATH\CodeIgniter.php(488): CodeIgniter\CodeIgniter->createController()
 3 SYSTEMPATH\CodeIgniter.php(366): CodeIgniter\CodeIgniter->handleRequest(null, Object(Config\Cache), false)
 4 FCPATH\index.php(81): CodeIgniter\CodeIgniter->run()
CRITICAL - 2025-10-09 06:39:00 --> Trying to access array offset on value of type null
in APPPATH\Controllers\Suhu.php on line 162.
 1 APPPATH\Controllers\Suhu.php(162): CodeIgniter\Debug\Exceptions->errorHandler(2, 'Trying to access array offset on value of type null', 'C:\\xampp\\htdocs\\ereport-ehm\\app\\Controllers\\Suhu.php', 162)
 2 SYSTEMPATH\CodeIgniter.php(932): App\Controllers\Suhu->AddSuhu('bootstrap.js')
 3 SYSTEMPATH\CodeIgniter.php(497): CodeIgniter\CodeIgniter->runController(Object(App\Controllers\Suhu))
 4 SYSTEMPATH\CodeIgniter.php(366): CodeIgniter\CodeIgniter->handleRequest(null, Object(Config\Cache), false)
 5 FCPATH\index.php(81): CodeIgniter\CodeIgniter->run()
WARNING - 2025-10-09 06:39:01 --> [DEPRECATED] Creation of dynamic property App\Controllers\Suhu::$MasterDataModel is deprecated in APPPATH\Controllers\Suhu.php on line 205.
 1 SYSTEMPATH\CodeIgniter.php(904): App\Controllers\Suhu->__construct()
 2 SYSTEMPATH\CodeIgniter.php(488): CodeIgniter\CodeIgniter->createController()
 3 SYSTEMPATH\CodeIgniter.php(366): CodeIgniter\CodeIgniter->handleRequest(null, Object(Config\Cache), false)
 4 FCPATH\index.php(81): CodeIgniter\CodeIgniter->run()
CRITICAL - 2025-10-09 06:39:01 --> Trying to access array offset on value of type null
in APPPATH\Controllers\Suhu.php on line 162.
 1 APPPATH\Controllers\Suhu.php(162): CodeIgniter\Debug\Exceptions->errorHandler(2, 'Trying to access array offset on value of type null', 'C:\\xampp\\htdocs\\ereport-ehm\\app\\Controllers\\Suhu.php', 162)
 2 SYSTEMPATH\CodeIgniter.php(932): App\Controllers\Suhu->AddSuhu('jquery.js')
 3 SYSTEMPATH\CodeIgniter.php(497): CodeIgniter\CodeIgniter->runController(Object(App\Controllers\Suhu))
 4 SYSTEMPATH\CodeIgniter.php(366): CodeIgniter\CodeIgniter->handleRequest(null, Object(Config\Cache), false)
 5 FCPATH\index.php(81): CodeIgniter\CodeIgniter->run()
WARNING - 2025-10-09 06:39:04 --> [DEPRECATED] Creation of dynamic property App\Controllers\Suhu::$MasterDataModel is deprecated in APPPATH\Controllers\Suhu.php on line 205.
 1 SYSTEMPATH\CodeIgniter.php(904): App\Controllers\Suhu->__construct()
 2 SYSTEMPATH\CodeIgniter.php(488): CodeIgniter\CodeIgniter->createController()
 3 SYSTEMPATH\CodeIgniter.php(366): CodeIgniter\CodeIgniter->handleRequest(null, Object(Config\Cache), false)
 4 FCPATH\index.php(81): CodeIgniter\CodeIgniter->run()
INFO - 2025-10-09 06:39:04 --> Session: Class initialized using 'CodeIgniter\Session\Handlers\FileHandler' driver.
WARNING - 2025-10-09 06:39:08 --> [DEPRECATED] Creation of dynamic property App\Controllers\Suhu::$MasterDataModel is deprecated in APPPATH\Controllers\Suhu.php on line 205.
 1 SYSTEMPATH\CodeIgniter.php(904): App\Controllers\Suhu->__construct()
 2 SYSTEMPATH\CodeIgniter.php(488): CodeIgniter\CodeIgniter->createController()
 3 SYSTEMPATH\CodeIgniter.php(366): CodeIgniter\CodeIgniter->handleRequest(null, Object(Config\Cache), false)
 4 FCPATH\index.php(81): CodeIgniter\CodeIgniter->run()
INFO - 2025-10-09 06:39:32 --> Session: Class initialized using 'CodeIgniter\Session\Handlers\FileHandler' driver.
WARNING - 2025-10-09 06:39:34 --> [DEPRECATED] Creation of dynamic property App\Controllers\Suhu::$MasterDataModel is deprecated in APPPATH\Controllers\Suhu.php on line 205.
 1 SYSTEMPATH\CodeIgniter.php(904): App\Controllers\Suhu->__construct()
 2 SYSTEMPATH\CodeIgniter.php(488): CodeIgniter\CodeIgniter->createController()
 3 SYSTEMPATH\CodeIgniter.php(366): CodeIgniter\CodeIgniter->handleRequest(null, Object(Config\Cache), false)
 4 FCPATH\index.php(81): CodeIgniter\CodeIgniter->run()
WARNING - 2025-10-09 06:39:35 --> [DEPRECATED] Creation of dynamic property App\Controllers\Suhu::$MasterDataModel is deprecated in APPPATH\Controllers\Suhu.php on line 205.
 1 SYSTEMPATH\CodeIgniter.php(904): App\Controllers\Suhu->__construct()
 2 SYSTEMPATH\CodeIgniter.php(488): CodeIgniter\CodeIgniter->createController()
 3 SYSTEMPATH\CodeIgniter.php(366): CodeIgniter\CodeIgniter->handleRequest(null, Object(Config\Cache), false)
 4 FCPATH\index.php(81): CodeIgniter\CodeIgniter->run()
CRITICAL - 2025-10-09 06:39:35 --> Trying to access array offset on value of type null
in APPPATH\Controllers\Suhu.php on line 162.
 1 APPPATH\Controllers\Suhu.php(162): CodeIgniter\Debug\Exceptions->errorHandler(2, 'Trying to access array offset on value of type null', 'C:\\xampp\\htdocs\\ereport-ehm\\app\\Controllers\\Suhu.php', 162)
 2 SYSTEMPATH\CodeIgniter.php(932): App\Controllers\Suhu->AddSuhu('bootstrap.js')
 3 SYSTEMPATH\CodeIgniter.php(497): CodeIgniter\CodeIgniter->runController(Object(App\Controllers\Suhu))
 4 SYSTEMPATH\CodeIgniter.php(366): CodeIgniter\CodeIgniter->handleRequest(null, Object(Config\Cache), false)
 5 FCPATH\index.php(81): CodeIgniter\CodeIgniter->run()
CRITICAL - 2025-10-09 06:39:36 --> Trying to access array offset on value of type null
in APPPATH\Controllers\Suhu.php on line 162.
 1 APPPATH\Controllers\Suhu.php(162): CodeIgniter\Debug\Exceptions->errorHandler(2, 'Trying to access array offset on value of type null', 'C:\\xampp\\htdocs\\ereport-ehm\\app\\Controllers\\Suhu.php', 162)
 2 SYSTEMPATH\CodeIgniter.php(932): App\Controllers\Suhu->AddSuhu('jquery.js')
 3 SYSTEMPATH\CodeIgniter.php(497): CodeIgniter\CodeIgniter->runController(Object(App\Controllers\Suhu))
 4 SYSTEMPATH\CodeIgniter.php(366): CodeIgniter\CodeIgniter->handleRequest(null, Object(Config\Cache), false)
 5 FCPATH\index.php(81): CodeIgniter\CodeIgniter->run()
WARNING - 2025-10-09 06:39:51 --> [DEPRECATED] Creation of dynamic property App\Controllers\Suhu::$MasterDataModel is deprecated in APPPATH\Controllers\Suhu.php on line 205.
 1 SYSTEMPATH\CodeIgniter.php(904): App\Controllers\Suhu->__construct()
 2 SYSTEMPATH\CodeIgniter.php(488): CodeIgniter\CodeIgniter->createController()
 3 SYSTEMPATH\CodeIgniter.php(366): CodeIgniter\CodeIgniter->handleRequest(null, Object(Config\Cache), false)
 4 FCPATH\index.php(81): CodeIgniter\CodeIgniter->run()
INFO - 2025-10-09 06:39:51 --> Session: Class initialized using 'CodeIgniter\Session\Handlers\FileHandler' driver.
WARNING - 2025-10-09 06:39:53 --> [DEPRECATED] Creation of dynamic property App\Controllers\Suhu::$MasterDataModel is deprecated in APPPATH\Controllers\Suhu.php on line 205.
 1 SYSTEMPATH\CodeIgniter.php(904): App\Controllers\Suhu->__construct()
 2 SYSTEMPATH\CodeIgniter.php(488): CodeIgniter\CodeIgniter->createController()
 3 SYSTEMPATH\CodeIgniter.php(366): CodeIgniter\CodeIgniter->handleRequest(null, Object(Config\Cache), false)
 4 FCPATH\index.php(81): CodeIgniter\CodeIgniter->run()
INFO - 2025-10-09 06:39:53 --> Session: Class initialized using 'CodeIgniter\Session\Handlers\FileHandler' driver.
WARNING - 2025-10-09 06:39:54 --> [DEPRECATED] Creation of dynamic property App\Controllers\Suhu::$MasterDataModel is deprecated in APPPATH\Controllers\Suhu.php on line 205.
 1 SYSTEMPATH\CodeIgniter.php(904): App\Controllers\Suhu->__construct()
 2 SYSTEMPATH\CodeIgniter.php(488): CodeIgniter\CodeIgniter->createController()
 3 SYSTEMPATH\CodeIgniter.php(366): CodeIgniter\CodeIgniter->handleRequest(null, Object(Config\Cache), false)
 4 FCPATH\index.php(81): CodeIgniter\CodeIgniter->run()
CRITICAL - 2025-10-09 06:39:54 --> Trying to access array offset on value of type null
in APPPATH\Controllers\Suhu.php on line 162.
 1 APPPATH\Controllers\Suhu.php(162): CodeIgniter\Debug\Exceptions->errorHandler(2, 'Trying to access array offset on value of type null', 'C:\\xampp\\htdocs\\ereport-ehm\\app\\Controllers\\Suhu.php', 162)
 2 SYSTEMPATH\CodeIgniter.php(932): App\Controllers\Suhu->AddSuhu('jquery.js')
 3 SYSTEMPATH\CodeIgniter.php(497): CodeIgniter\CodeIgniter->runController(Object(App\Controllers\Suhu))
 4 SYSTEMPATH\CodeIgniter.php(366): CodeIgniter\CodeIgniter->handleRequest(null, Object(Config\Cache), false)
 5 FCPATH\index.php(81): CodeIgniter\CodeIgniter->run()
WARNING - 2025-10-09 06:39:54 --> [DEPRECATED] Creation of dynamic property App\Controllers\Suhu::$MasterDataModel is deprecated in APPPATH\Controllers\Suhu.php on line 205.
 1 SYSTEMPATH\CodeIgniter.php(904): App\Controllers\Suhu->__construct()
 2 SYSTEMPATH\CodeIgniter.php(488): CodeIgniter\CodeIgniter->createController()
 3 SYSTEMPATH\CodeIgniter.php(366): CodeIgniter\CodeIgniter->handleRequest(null, Object(Config\Cache), false)
 4 FCPATH\index.php(81): CodeIgniter\CodeIgniter->run()
CRITICAL - 2025-10-09 06:39:54 --> Trying to access array offset on value of type null
in APPPATH\Controllers\Suhu.php on line 162.
 1 APPPATH\Controllers\Suhu.php(162): CodeIgniter\Debug\Exceptions->errorHandler(2, 'Trying to access array offset on value of type null', 'C:\\xampp\\htdocs\\ereport-ehm\\app\\Controllers\\Suhu.php', 162)
 2 SYSTEMPATH\CodeIgniter.php(932): App\Controllers\Suhu->AddSuhu('bootstrap.js')
 3 SYSTEMPATH\CodeIgniter.php(497): CodeIgniter\CodeIgniter->runController(Object(App\Controllers\Suhu))
 4 SYSTEMPATH\CodeIgniter.php(366): CodeIgniter\CodeIgniter->handleRequest(null, Object(Config\Cache), false)
 5 FCPATH\index.php(81): CodeIgniter\CodeIgniter->run()
WARNING - 2025-10-09 06:39:59 --> [DEPRECATED] Creation of dynamic property App\Controllers\Suhu::$MasterDataModel is deprecated in APPPATH\Controllers\Suhu.php on line 205.
 1 SYSTEMPATH\CodeIgniter.php(904): App\Controllers\Suhu->__construct()
 2 SYSTEMPATH\CodeIgniter.php(488): CodeIgniter\CodeIgniter->createController()
 3 SYSTEMPATH\CodeIgniter.php(366): CodeIgniter\CodeIgniter->handleRequest(null, Object(Config\Cache), false)
 4 FCPATH\index.php(81): CodeIgniter\CodeIgniter->run()
INFO - 2025-10-09 06:39:59 --> Session: Class initialized using 'CodeIgniter\Session\Handlers\FileHandler' driver.
WARNING - 2025-10-09 06:40:03 --> [DEPRECATED] Creation of dynamic property App\Controllers\Suhu::$MasterDataModel is deprecated in APPPATH\Controllers\Suhu.php on line 205.
 1 SYSTEMPATH\CodeIgniter.php(904): App\Controllers\Suhu->__construct()
 2 SYSTEMPATH\CodeIgniter.php(488): CodeIgniter\CodeIgniter->createController()
 3 SYSTEMPATH\CodeIgniter.php(366): CodeIgniter\CodeIgniter->handleRequest(null, Object(Config\Cache), false)
 4 FCPATH\index.php(81): CodeIgniter\CodeIgniter->run()
INFO - 2025-10-09 06:40:03 --> Session: Class initialized using 'CodeIgniter\Session\Handlers\FileHandler' driver.
WARNING - 2025-10-09 06:40:05 --> [DEPRECATED] Creation of dynamic property App\Controllers\Suhu::$MasterDataModel is deprecated in APPPATH\Controllers\Suhu.php on line 205.
 1 SYSTEMPATH\CodeIgniter.php(904): App\Controllers\Suhu->__construct()
 2 SYSTEMPATH\CodeIgniter.php(488): CodeIgniter\CodeIgniter->createController()
 3 SYSTEMPATH\CodeIgniter.php(366): CodeIgniter\CodeIgniter->handleRequest(null, Object(Config\Cache), false)
 4 FCPATH\index.php(81): CodeIgniter\CodeIgniter->run()
WARNING - 2025-10-09 06:40:05 --> [DEPRECATED] Creation of dynamic property App\Controllers\Suhu::$MasterDataModel is deprecated in APPPATH\Controllers\Suhu.php on line 205.
 1 SYSTEMPATH\CodeIgniter.php(904): App\Controllers\Suhu->__construct()
 2 SYSTEMPATH\CodeIgniter.php(488): CodeIgniter\CodeIgniter->createController()
 3 SYSTEMPATH\CodeIgniter.php(366): CodeIgniter\CodeIgniter->handleRequest(null, Object(Config\Cache), false)
 4 FCPATH\index.php(81): CodeIgniter\CodeIgniter->run()
CRITICAL - 2025-10-09 06:40:05 --> Trying to access array offset on value of type null
in APPPATH\Controllers\Suhu.php on line 162.
 1 APPPATH\Controllers\Suhu.php(162): CodeIgniter\Debug\Exceptions->errorHandler(2, 'Trying to access array offset on value of type null', 'C:\\xampp\\htdocs\\ereport-ehm\\app\\Controllers\\Suhu.php', 162)
 2 SYSTEMPATH\CodeIgniter.php(932): App\Controllers\Suhu->AddSuhu('jquery.js')
 3 SYSTEMPATH\CodeIgniter.php(497): CodeIgniter\CodeIgniter->runController(Object(App\Controllers\Suhu))
 4 SYSTEMPATH\CodeIgniter.php(366): CodeIgniter\CodeIgniter->handleRequest(null, Object(Config\Cache), false)
 5 FCPATH\index.php(81): CodeIgniter\CodeIgniter->run()
CRITICAL - 2025-10-09 06:40:05 --> Trying to access array offset on value of type null
in APPPATH\Controllers\Suhu.php on line 162.
 1 APPPATH\Controllers\Suhu.php(162): CodeIgniter\Debug\Exceptions->errorHandler(2, 'Trying to access array offset on value of type null', 'C:\\xampp\\htdocs\\ereport-ehm\\app\\Controllers\\Suhu.php', 162)
 2 SYSTEMPATH\CodeIgniter.php(932): App\Controllers\Suhu->AddSuhu('bootstrap.js')
 3 SYSTEMPATH\CodeIgniter.php(497): CodeIgniter\CodeIgniter->runController(Object(App\Controllers\Suhu))
 4 SYSTEMPATH\CodeIgniter.php(366): CodeIgniter\CodeIgniter->handleRequest(null, Object(Config\Cache), false)
 5 FCPATH\index.php(81): CodeIgniter\CodeIgniter->run()
WARNING - 2025-10-09 06:40:24 --> [DEPRECATED] Creation of dynamic property App\Controllers\Suhu::$MasterDataModel is deprecated in APPPATH\Controllers\Suhu.php on line 205.
 1 SYSTEMPATH\CodeIgniter.php(904): App\Controllers\Suhu->__construct()
 2 SYSTEMPATH\CodeIgniter.php(488): CodeIgniter\CodeIgniter->createController()
 3 SYSTEMPATH\CodeIgniter.php(366): CodeIgniter\CodeIgniter->handleRequest(null, Object(Config\Cache), false)
 4 FCPATH\index.php(81): CodeIgniter\CodeIgniter->run()
INFO - 2025-10-09 06:40:24 --> Session: Class initialized using 'CodeIgniter\Session\Handlers\FileHandler' driver.
WARNING - 2025-10-09 06:40:26 --> [DEPRECATED] Creation of dynamic property App\Controllers\Suhu::$MasterDataModel is deprecated in APPPATH\Controllers\Suhu.php on line 205.
 1 SYSTEMPATH\CodeIgniter.php(904): App\Controllers\Suhu->__construct()
 2 SYSTEMPATH\CodeIgniter.php(488): CodeIgniter\CodeIgniter->createController()
 3 SYSTEMPATH\CodeIgniter.php(366): CodeIgniter\CodeIgniter->handleRequest(null, Object(Config\Cache), false)
 4 FCPATH\index.php(81): CodeIgniter\CodeIgniter->run()
INFO - 2025-10-09 06:40:26 --> Session: Class initialized using 'CodeIgniter\Session\Handlers\FileHandler' driver.
WARNING - 2025-10-09 06:40:26 --> [DEPRECATED] Creation of dynamic property App\Controllers\Suhu::$MasterDataModel is deprecated in APPPATH\Controllers\Suhu.php on line 205.
 1 SYSTEMPATH\CodeIgniter.php(904): App\Controllers\Suhu->__construct()
 2 SYSTEMPATH\CodeIgniter.php(488): CodeIgniter\CodeIgniter->createController()
 3 SYSTEMPATH\CodeIgniter.php(366): CodeIgniter\CodeIgniter->handleRequest(null, Object(Config\Cache), false)
 4 FCPATH\index.php(81): CodeIgniter\CodeIgniter->run()
CRITICAL - 2025-10-09 06:40:26 --> Trying to access array offset on value of type null
in APPPATH\Controllers\Suhu.php on line 162.
 1 APPPATH\Controllers\Suhu.php(162): CodeIgniter\Debug\Exceptions->errorHandler(2, 'Trying to access array offset on value of type null', 'C:\\xampp\\htdocs\\ereport-ehm\\app\\Controllers\\Suhu.php', 162)
 2 SYSTEMPATH\CodeIgniter.php(932): App\Controllers\Suhu->AddSuhu('jquery.js')
 3 SYSTEMPATH\CodeIgniter.php(497): CodeIgniter\CodeIgniter->runController(Object(App\Controllers\Suhu))
 4 SYSTEMPATH\CodeIgniter.php(366): CodeIgniter\CodeIgniter->handleRequest(null, Object(Config\Cache), false)
 5 FCPATH\index.php(81): CodeIgniter\CodeIgniter->run()
WARNING - 2025-10-09 06:40:27 --> [DEPRECATED] Creation of dynamic property App\Controllers\Suhu::$MasterDataModel is deprecated in APPPATH\Controllers\Suhu.php on line 205.
 1 SYSTEMPATH\CodeIgniter.php(904): App\Controllers\Suhu->__construct()
 2 SYSTEMPATH\CodeIgniter.php(488): CodeIgniter\CodeIgniter->createController()
 3 SYSTEMPATH\CodeIgniter.php(366): CodeIgniter\CodeIgniter->handleRequest(null, Object(Config\Cache), false)
 4 FCPATH\index.php(81): CodeIgniter\CodeIgniter->run()
CRITICAL - 2025-10-09 06:40:27 --> Trying to access array offset on value of type null
in APPPATH\Controllers\Suhu.php on line 162.
 1 APPPATH\Controllers\Suhu.php(162): CodeIgniter\Debug\Exceptions->errorHandler(2, 'Trying to access array offset on value of type null', 'C:\\xampp\\htdocs\\ereport-ehm\\app\\Controllers\\Suhu.php', 162)
 2 SYSTEMPATH\CodeIgniter.php(932): App\Controllers\Suhu->AddSuhu('bootstrap.js')
 3 SYSTEMPATH\CodeIgniter.php(497): CodeIgniter\CodeIgniter->runController(Object(App\Controllers\Suhu))
 4 SYSTEMPATH\CodeIgniter.php(366): CodeIgniter\CodeIgniter->handleRequest(null, Object(Config\Cache), false)
 5 FCPATH\index.php(81): CodeIgniter\CodeIgniter->run()
WARNING - 2025-10-09 06:40:30 --> [DEPRECATED] Creation of dynamic property App\Controllers\Suhu::$MasterDataModel is deprecated in APPPATH\Controllers\Suhu.php on line 205.
 1 SYSTEMPATH\CodeIgniter.php(904): App\Controllers\Suhu->__construct()
 2 SYSTEMPATH\CodeIgniter.php(488): CodeIgniter\CodeIgniter->createController()
 3 SYSTEMPATH\CodeIgniter.php(366): CodeIgniter\CodeIgniter->handleRequest(null, Object(Config\Cache), false)
 4 FCPATH\index.php(81): CodeIgniter\CodeIgniter->run()
INFO - 2025-10-09 06:40:30 --> Session: Class initialized using 'CodeIgniter\Session\Handlers\FileHandler' driver.
WARNING - 2025-10-09 06:40:35 --> [DEPRECATED] Creation of dynamic property App\Controllers\Suhu::$MasterDataModel is deprecated in APPPATH\Controllers\Suhu.php on line 205.
 1 SYSTEMPATH\CodeIgniter.php(904): App\Controllers\Suhu->__construct()
 2 SYSTEMPATH\CodeIgniter.php(488): CodeIgniter\CodeIgniter->createController()
 3 SYSTEMPATH\CodeIgniter.php(366): CodeIgniter\CodeIgniter->handleRequest(null, Object(Config\Cache), false)
 4 FCPATH\index.php(81): CodeIgniter\CodeIgniter->run()
INFO - 2025-10-09 06:40:35 --> Session: Class initialized using 'CodeIgniter\Session\Handlers\FileHandler' driver.
CRITICAL - 2025-10-09 06:40:35 --> unlink(C:\xampp\htdocs\ereport-ehm\writable\debugbar/debugbar_1759991749.635258.json): No such file or directory
in SYSTEMPATH\Debug\Toolbar\Collectors\History.php on line 76.
 1 [internal function]: CodeIgniter\Debug\Exceptions->errorHandler(2, 'unlink(C:\\xampp\\htdocs\\ereport-ehm\\writable\\debugbar/debugbar_1759991749.635258.json): No such file or directory', 'C:\\xampp\\htdocs\\ereport-ehm\\system\\Debug\\Toolbar\\Collectors\\History.php', 76)
 2 SYSTEMPATH\Debug\Toolbar\Collectors\History.php(76): unlink('C:\\xampp\\htdocs\\ereport-ehm\\writable\\debugbar/debugbar_1759991749.635258.json')
 3 SYSTEMPATH\Debug\Toolbar.php(495): CodeIgniter\Debug\Toolbar\Collectors\History->setFiles('1759992026.242525', 20)
 4 SYSTEMPATH\Debug\Toolbar.php(474): CodeIgniter\Debug\Toolbar->format([...], 'html')
 5 APPPATH\Config\Events.php(46): CodeIgniter\Debug\Toolbar->respond()
 6 SYSTEMPATH\Events\Events.php(149): CodeIgniter\Events\Events::Config\{closure}()
 7 SYSTEMPATH\CodeIgniter.php(348): CodeIgniter\Events\Events::trigger('pre_system')
 8 FCPATH\index.php(81): CodeIgniter\CodeIgniter->run()
WARNING - 2025-10-09 06:40:37 --> [DEPRECATED] Creation of dynamic property App\Controllers\Suhu::$MasterDataModel is deprecated in APPPATH\Controllers\Suhu.php on line 205.
 1 SYSTEMPATH\CodeIgniter.php(904): App\Controllers\Suhu->__construct()
 2 SYSTEMPATH\CodeIgniter.php(488): CodeIgniter\CodeIgniter->createController()
 3 SYSTEMPATH\CodeIgniter.php(366): CodeIgniter\CodeIgniter->handleRequest(null, Object(Config\Cache), false)
 4 FCPATH\index.php(81): CodeIgniter\CodeIgniter->run()
CRITICAL - 2025-10-09 06:40:37 --> Trying to access array offset on value of type null
in APPPATH\Controllers\Suhu.php on line 162.
 1 APPPATH\Controllers\Suhu.php(162): CodeIgniter\Debug\Exceptions->errorHandler(2, 'Trying to access array offset on value of type null', 'C:\\xampp\\htdocs\\ereport-ehm\\app\\Controllers\\Suhu.php', 162)
 2 SYSTEMPATH\CodeIgniter.php(932): App\Controllers\Suhu->AddSuhu('bootstrap.js')
 3 SYSTEMPATH\CodeIgniter.php(497): CodeIgniter\CodeIgniter->runController(Object(App\Controllers\Suhu))
 4 SYSTEMPATH\CodeIgniter.php(366): CodeIgniter\CodeIgniter->handleRequest(null, Object(Config\Cache), false)
 5 FCPATH\index.php(81): CodeIgniter\CodeIgniter->run()
WARNING - 2025-10-09 06:40:38 --> [DEPRECATED] Creation of dynamic property App\Controllers\Suhu::$MasterDataModel is deprecated in APPPATH\Controllers\Suhu.php on line 205.
 1 SYSTEMPATH\CodeIgniter.php(904): App\Controllers\Suhu->__construct()
 2 SYSTEMPATH\CodeIgniter.php(488): CodeIgniter\CodeIgniter->createController()
 3 SYSTEMPATH\CodeIgniter.php(366): CodeIgniter\CodeIgniter->handleRequest(null, Object(Config\Cache), false)
 4 FCPATH\index.php(81): CodeIgniter\CodeIgniter->run()
CRITICAL - 2025-10-09 06:40:38 --> Trying to access array offset on value of type null
in APPPATH\Controllers\Suhu.php on line 162.
 1 APPPATH\Controllers\Suhu.php(162): CodeIgniter\Debug\Exceptions->errorHandler(2, 'Trying to access array offset on value of type null', 'C:\\xampp\\htdocs\\ereport-ehm\\app\\Controllers\\Suhu.php', 162)
 2 SYSTEMPATH\CodeIgniter.php(932): App\Controllers\Suhu->AddSuhu('jquery.js')
 3 SYSTEMPATH\CodeIgniter.php(497): CodeIgniter\CodeIgniter->runController(Object(App\Controllers\Suhu))
 4 SYSTEMPATH\CodeIgniter.php(366): CodeIgniter\CodeIgniter->handleRequest(null, Object(Config\Cache), false)
 5 FCPATH\index.php(81): CodeIgniter\CodeIgniter->run()
WARNING - 2025-10-09 06:40:57 --> [DEPRECATED] Creation of dynamic property App\Controllers\Suhu::$MasterDataModel is deprecated in APPPATH\Controllers\Suhu.php on line 205.
 1 SYSTEMPATH\CodeIgniter.php(904): App\Controllers\Suhu->__construct()
 2 SYSTEMPATH\CodeIgniter.php(488): CodeIgniter\CodeIgniter->createController()
 3 SYSTEMPATH\CodeIgniter.php(366): CodeIgniter\CodeIgniter->handleRequest(null, Object(Config\Cache), false)
 4 FCPATH\index.php(81): CodeIgniter\CodeIgniter->run()
INFO - 2025-10-09 06:40:58 --> Session: Class initialized using 'CodeIgniter\Session\Handlers\FileHandler' driver.
WARNING - 2025-10-09 06:41:00 --> [DEPRECATED] Creation of dynamic property App\Controllers\Suhu::$MasterDataModel is deprecated in APPPATH\Controllers\Suhu.php on line 205.
 1 SYSTEMPATH\CodeIgniter.php(904): App\Controllers\Suhu->__construct()
 2 SYSTEMPATH\CodeIgniter.php(488): CodeIgniter\CodeIgniter->createController()
 3 SYSTEMPATH\CodeIgniter.php(366): CodeIgniter\CodeIgniter->handleRequest(null, Object(Config\Cache), false)
 4 FCPATH\index.php(81): CodeIgniter\CodeIgniter->run()
INFO - 2025-10-09 06:41:00 --> Session: Class initialized using 'CodeIgniter\Session\Handlers\FileHandler' driver.
WARNING - 2025-10-09 06:41:03 --> [DEPRECATED] Creation of dynamic property App\Controllers\Suhu::$MasterDataModel is deprecated in APPPATH\Controllers\Suhu.php on line 205.
 1 SYSTEMPATH\CodeIgniter.php(904): App\Controllers\Suhu->__construct()
 2 SYSTEMPATH\CodeIgniter.php(488): CodeIgniter\CodeIgniter->createController()
 3 SYSTEMPATH\CodeIgniter.php(366): CodeIgniter\CodeIgniter->handleRequest(null, Object(Config\Cache), false)
 4 FCPATH\index.php(81): CodeIgniter\CodeIgniter->run()
CRITICAL - 2025-10-09 06:41:03 --> Trying to access array offset on value of type null
in APPPATH\Controllers\Suhu.php on line 162.
 1 APPPATH\Controllers\Suhu.php(162): CodeIgniter\Debug\Exceptions->errorHandler(2, 'Trying to access array offset on value of type null', 'C:\\xampp\\htdocs\\ereport-ehm\\app\\Controllers\\Suhu.php', 162)
 2 SYSTEMPATH\CodeIgniter.php(932): App\Controllers\Suhu->AddSuhu('jquery.js')
 3 SYSTEMPATH\CodeIgniter.php(497): CodeIgniter\CodeIgniter->runController(Object(App\Controllers\Suhu))
 4 SYSTEMPATH\CodeIgniter.php(366): CodeIgniter\CodeIgniter->handleRequest(null, Object(Config\Cache), false)
 5 FCPATH\index.php(81): CodeIgniter\CodeIgniter->run()
WARNING - 2025-10-09 06:41:04 --> [DEPRECATED] Creation of dynamic property App\Controllers\Suhu::$MasterDataModel is deprecated in APPPATH\Controllers\Suhu.php on line 205.
 1 SYSTEMPATH\CodeIgniter.php(904): App\Controllers\Suhu->__construct()
 2 SYSTEMPATH\CodeIgniter.php(488): CodeIgniter\CodeIgniter->createController()
 3 SYSTEMPATH\CodeIgniter.php(366): CodeIgniter\CodeIgniter->handleRequest(null, Object(Config\Cache), false)
 4 FCPATH\index.php(81): CodeIgniter\CodeIgniter->run()
CRITICAL - 2025-10-09 06:41:05 --> Trying to access array offset on value of type null
in APPPATH\Controllers\Suhu.php on line 162.
 1 APPPATH\Controllers\Suhu.php(162): CodeIgniter\Debug\Exceptions->errorHandler(2, 'Trying to access array offset on value of type null', 'C:\\xampp\\htdocs\\ereport-ehm\\app\\Controllers\\Suhu.php', 162)
 2 SYSTEMPATH\CodeIgniter.php(932): App\Controllers\Suhu->AddSuhu('bootstrap.js')
 3 SYSTEMPATH\CodeIgniter.php(497): CodeIgniter\CodeIgniter->runController(Object(App\Controllers\Suhu))
 4 SYSTEMPATH\CodeIgniter.php(366): CodeIgniter\CodeIgniter->handleRequest(null, Object(Config\Cache), false)
 5 FCPATH\index.php(81): CodeIgniter\CodeIgniter->run()
WARNING - 2025-10-09 06:41:09 --> [DEPRECATED] Creation of dynamic property App\Controllers\Suhu::$MasterDataModel is deprecated in APPPATH\Controllers\Suhu.php on line 205.
 1 SYSTEMPATH\CodeIgniter.php(904): App\Controllers\Suhu->__construct()
 2 SYSTEMPATH\CodeIgniter.php(488): CodeIgniter\CodeIgniter->createController()
 3 SYSTEMPATH\CodeIgniter.php(366): CodeIgniter\CodeIgniter->handleRequest(null, Object(Config\Cache), false)
 4 FCPATH\index.php(81): CodeIgniter\CodeIgniter->run()
INFO - 2025-10-09 06:41:10 --> Session: Class initialized using 'CodeIgniter\Session\Handlers\FileHandler' driver.
WARNING - 2025-10-09 06:41:18 --> [DEPRECATED] Creation of dynamic property App\Controllers\Suhu::$MasterDataModel is deprecated in APPPATH\Controllers\Suhu.php on line 205.
 1 SYSTEMPATH\CodeIgniter.php(904): App\Controllers\Suhu->__construct()
 2 SYSTEMPATH\CodeIgniter.php(488): CodeIgniter\CodeIgniter->createController()
 3 SYSTEMPATH\CodeIgniter.php(366): CodeIgniter\CodeIgniter->handleRequest(null, Object(Config\Cache), false)
 4 FCPATH\index.php(81): CodeIgniter\CodeIgniter->run()
INFO - 2025-10-09 06:41:18 --> Session: Class initialized using 'CodeIgniter\Session\Handlers\FileHandler' driver.
WARNING - 2025-10-09 06:41:19 --> [DEPRECATED] Creation of dynamic property App\Controllers\Suhu::$MasterDataModel is deprecated in APPPATH\Controllers\Suhu.php on line 205.
 1 SYSTEMPATH\CodeIgniter.php(904): App\Controllers\Suhu->__construct()
 2 SYSTEMPATH\CodeIgniter.php(488): CodeIgniter\CodeIgniter->createController()
 3 SYSTEMPATH\CodeIgniter.php(366): CodeIgniter\CodeIgniter->handleRequest(null, Object(Config\Cache), false)
 4 FCPATH\index.php(81): CodeIgniter\CodeIgniter->run()
CRITICAL - 2025-10-09 06:41:19 --> Trying to access array offset on value of type null
in APPPATH\Controllers\Suhu.php on line 162.
 1 APPPATH\Controllers\Suhu.php(162): CodeIgniter\Debug\Exceptions->errorHandler(2, 'Trying to access array offset on value of type null', 'C:\\xampp\\htdocs\\ereport-ehm\\app\\Controllers\\Suhu.php', 162)
 2 SYSTEMPATH\CodeIgniter.php(932): App\Controllers\Suhu->AddSuhu('bootstrap.js')
 3 SYSTEMPATH\CodeIgniter.php(497): CodeIgniter\CodeIgniter->runController(Object(App\Controllers\Suhu))
 4 SYSTEMPATH\CodeIgniter.php(366): CodeIgniter\CodeIgniter->handleRequest(null, Object(Config\Cache), false)
 5 FCPATH\index.php(81): CodeIgniter\CodeIgniter->run()
WARNING - 2025-10-09 06:41:20 --> [DEPRECATED] Creation of dynamic property App\Controllers\Suhu::$MasterDataModel is deprecated in APPPATH\Controllers\Suhu.php on line 205.
 1 SYSTEMPATH\CodeIgniter.php(904): App\Controllers\Suhu->__construct()
 2 SYSTEMPATH\CodeIgniter.php(488): CodeIgniter\CodeIgniter->createController()
 3 SYSTEMPATH\CodeIgniter.php(366): CodeIgniter\CodeIgniter->handleRequest(null, Object(Config\Cache), false)
 4 FCPATH\index.php(81): CodeIgniter\CodeIgniter->run()
CRITICAL - 2025-10-09 06:41:20 --> Trying to access array offset on value of type null
in APPPATH\Controllers\Suhu.php on line 162.
 1 APPPATH\Controllers\Suhu.php(162): CodeIgniter\Debug\Exceptions->errorHandler(2, 'Trying to access array offset on value of type null', 'C:\\xampp\\htdocs\\ereport-ehm\\app\\Controllers\\Suhu.php', 162)
 2 SYSTEMPATH\CodeIgniter.php(932): App\Controllers\Suhu->AddSuhu('jquery.js')
 3 SYSTEMPATH\CodeIgniter.php(497): CodeIgniter\CodeIgniter->runController(Object(App\Controllers\Suhu))
 4 SYSTEMPATH\CodeIgniter.php(366): CodeIgniter\CodeIgniter->handleRequest(null, Object(Config\Cache), false)
 5 FCPATH\index.php(81): CodeIgniter\CodeIgniter->run()
WARNING - 2025-10-09 06:41:21 --> [DEPRECATED] Creation of dynamic property App\Controllers\Suhu::$MasterDataModel is deprecated in APPPATH\Controllers\Suhu.php on line 205.
 1 SYSTEMPATH\CodeIgniter.php(904): App\Controllers\Suhu->__construct()
 2 SYSTEMPATH\CodeIgniter.php(488): CodeIgniter\CodeIgniter->createController()
 3 SYSTEMPATH\CodeIgniter.php(366): CodeIgniter\CodeIgniter->handleRequest(null, Object(Config\Cache), false)
 4 FCPATH\index.php(81): CodeIgniter\CodeIgniter->run()
INFO - 2025-10-09 06:41:21 --> Session: Class initialized using 'CodeIgniter\Session\Handlers\FileHandler' driver.
WARNING - 2025-10-09 06:41:25 --> [DEPRECATED] Creation of dynamic property App\Controllers\Suhu::$MasterDataModel is deprecated in APPPATH\Controllers\Suhu.php on line 205.
 1 SYSTEMPATH\CodeIgniter.php(904): App\Controllers\Suhu->__construct()
 2 SYSTEMPATH\CodeIgniter.php(488): CodeIgniter\CodeIgniter->createController()
 3 SYSTEMPATH\CodeIgniter.php(366): CodeIgniter\CodeIgniter->handleRequest(null, Object(Config\Cache), false)
 4 FCPATH\index.php(81): CodeIgniter\CodeIgniter->run()
INFO - 2025-10-09 06:41:29 --> Session: Class initialized using 'CodeIgniter\Session\Handlers\FileHandler' driver.
WARNING - 2025-10-09 06:41:30 --> [DEPRECATED] Creation of dynamic property App\Controllers\Suhu::$MasterDataModel is deprecated in APPPATH\Controllers\Suhu.php on line 205.
 1 SYSTEMPATH\CodeIgniter.php(904): App\Controllers\Suhu->__construct()
 2 SYSTEMPATH\CodeIgniter.php(488): CodeIgniter\CodeIgniter->createController()
 3 SYSTEMPATH\CodeIgniter.php(366): CodeIgniter\CodeIgniter->handleRequest(null, Object(Config\Cache), false)
 4 FCPATH\index.php(81): CodeIgniter\CodeIgniter->run()
WARNING - 2025-10-09 06:41:30 --> [DEPRECATED] Creation of dynamic property App\Controllers\Suhu::$MasterDataModel is deprecated in APPPATH\Controllers\Suhu.php on line 205.
 1 SYSTEMPATH\CodeIgniter.php(904): App\Controllers\Suhu->__construct()
 2 SYSTEMPATH\CodeIgniter.php(488): CodeIgniter\CodeIgniter->createController()
 3 SYSTEMPATH\CodeIgniter.php(366): CodeIgniter\CodeIgniter->handleRequest(null, Object(Config\Cache), false)
 4 FCPATH\index.php(81): CodeIgniter\CodeIgniter->run()
CRITICAL - 2025-10-09 06:41:30 --> Trying to access array offset on value of type null
in APPPATH\Controllers\Suhu.php on line 162.
 1 APPPATH\Controllers\Suhu.php(162): CodeIgniter\Debug\Exceptions->errorHandler(2, 'Trying to access array offset on value of type null', 'C:\\xampp\\htdocs\\ereport-ehm\\app\\Controllers\\Suhu.php', 162)
 2 SYSTEMPATH\CodeIgniter.php(932): App\Controllers\Suhu->AddSuhu('jquery.js')
 3 SYSTEMPATH\CodeIgniter.php(497): CodeIgniter\CodeIgniter->runController(Object(App\Controllers\Suhu))
 4 SYSTEMPATH\CodeIgniter.php(366): CodeIgniter\CodeIgniter->handleRequest(null, Object(Config\Cache), false)
 5 FCPATH\index.php(81): CodeIgniter\CodeIgniter->run()
CRITICAL - 2025-10-09 06:41:31 --> Trying to access array offset on value of type null
in APPPATH\Controllers\Suhu.php on line 162.
 1 APPPATH\Controllers\Suhu.php(162): CodeIgniter\Debug\Exceptions->errorHandler(2, 'Trying to access array offset on value of type null', 'C:\\xampp\\htdocs\\ereport-ehm\\app\\Controllers\\Suhu.php', 162)
 2 SYSTEMPATH\CodeIgniter.php(932): App\Controllers\Suhu->AddSuhu('bootstrap.js')
 3 SYSTEMPATH\CodeIgniter.php(497): CodeIgniter\CodeIgniter->runController(Object(App\Controllers\Suhu))
 4 SYSTEMPATH\CodeIgniter.php(366): CodeIgniter\CodeIgniter->handleRequest(null, Object(Config\Cache), false)
 5 FCPATH\index.php(81): CodeIgniter\CodeIgniter->run()
WARNING - 2025-10-09 06:41:49 --> [DEPRECATED] Creation of dynamic property App\Controllers\Suhu::$MasterDataModel is deprecated in APPPATH\Controllers\Suhu.php on line 205.
 1 SYSTEMPATH\CodeIgniter.php(904): App\Controllers\Suhu->__construct()
 2 SYSTEMPATH\CodeIgniter.php(488): CodeIgniter\CodeIgniter->createController()
 3 SYSTEMPATH\CodeIgniter.php(366): CodeIgniter\CodeIgniter->handleRequest(null, Object(Config\Cache), false)
 4 FCPATH\index.php(81): CodeIgniter\CodeIgniter->run()
INFO - 2025-10-09 06:41:49 --> Session: Class initialized using 'CodeIgniter\Session\Handlers\FileHandler' driver.
WARNING - 2025-10-09 06:41:49 --> [DEPRECATED] Creation of dynamic property App\Controllers\Suhu::$MasterDataModel is deprecated in APPPATH\Controllers\Suhu.php on line 205.
 1 SYSTEMPATH\CodeIgniter.php(904): App\Controllers\Suhu->__construct()
 2 SYSTEMPATH\CodeIgniter.php(488): CodeIgniter\CodeIgniter->createController()
 3 SYSTEMPATH\CodeIgniter.php(366): CodeIgniter\CodeIgniter->handleRequest(null, Object(Config\Cache), false)
 4 FCPATH\index.php(81): CodeIgniter\CodeIgniter->run()
INFO - 2025-10-09 06:41:49 --> Session: Class initialized using 'CodeIgniter\Session\Handlers\FileHandler' driver.
WARNING - 2025-10-09 06:41:50 --> [DEPRECATED] Creation of dynamic property App\Controllers\Suhu::$MasterDataModel is deprecated in APPPATH\Controllers\Suhu.php on line 205.
 1 SYSTEMPATH\CodeIgniter.php(904): App\Controllers\Suhu->__construct()
 2 SYSTEMPATH\CodeIgniter.php(488): CodeIgniter\CodeIgniter->createController()
 3 SYSTEMPATH\CodeIgniter.php(366): CodeIgniter\CodeIgniter->handleRequest(null, Object(Config\Cache), false)
 4 FCPATH\index.php(81): CodeIgniter\CodeIgniter->run()
WARNING - 2025-10-09 06:41:50 --> [DEPRECATED] Creation of dynamic property App\Controllers\Suhu::$MasterDataModel is deprecated in APPPATH\Controllers\Suhu.php on line 205.
 1 SYSTEMPATH\CodeIgniter.php(904): App\Controllers\Suhu->__construct()
 2 SYSTEMPATH\CodeIgniter.php(488): CodeIgniter\CodeIgniter->createController()
 3 SYSTEMPATH\CodeIgniter.php(366): CodeIgniter\CodeIgniter->handleRequest(null, Object(Config\Cache), false)
 4 FCPATH\index.php(81): CodeIgniter\CodeIgniter->run()
CRITICAL - 2025-10-09 06:41:50 --> Trying to access array offset on value of type null
in APPPATH\Controllers\Suhu.php on line 162.
 1 APPPATH\Controllers\Suhu.php(162): CodeIgniter\Debug\Exceptions->errorHandler(2, 'Trying to access array offset on value of type null', 'C:\\xampp\\htdocs\\ereport-ehm\\app\\Controllers\\Suhu.php', 162)
 2 SYSTEMPATH\CodeIgniter.php(932): App\Controllers\Suhu->AddSuhu('jquery.js')
 3 SYSTEMPATH\CodeIgniter.php(497): CodeIgniter\CodeIgniter->runController(Object(App\Controllers\Suhu))
 4 SYSTEMPATH\CodeIgniter.php(366): CodeIgniter\CodeIgniter->handleRequest(null, Object(Config\Cache), false)
 5 FCPATH\index.php(81): CodeIgniter\CodeIgniter->run()
CRITICAL - 2025-10-09 06:41:50 --> Trying to access array offset on value of type null
in APPPATH\Controllers\Suhu.php on line 162.
 1 APPPATH\Controllers\Suhu.php(162): CodeIgniter\Debug\Exceptions->errorHandler(2, 'Trying to access array offset on value of type null', 'C:\\xampp\\htdocs\\ereport-ehm\\app\\Controllers\\Suhu.php', 162)
 2 SYSTEMPATH\CodeIgniter.php(932): App\Controllers\Suhu->AddSuhu('bootstrap.js')
 3 SYSTEMPATH\CodeIgniter.php(497): CodeIgniter\CodeIgniter->runController(Object(App\Controllers\Suhu))
 4 SYSTEMPATH\CodeIgniter.php(366): CodeIgniter\CodeIgniter->handleRequest(null, Object(Config\Cache), false)
 5 FCPATH\index.php(81): CodeIgniter\CodeIgniter->run()
WARNING - 2025-10-09 06:41:53 --> [DEPRECATED] Creation of dynamic property App\Controllers\Suhu::$MasterDataModel is deprecated in APPPATH\Controllers\Suhu.php on line 205.
 1 SYSTEMPATH\CodeIgniter.php(904): App\Controllers\Suhu->__construct()
 2 SYSTEMPATH\CodeIgniter.php(488): CodeIgniter\CodeIgniter->createController()
 3 SYSTEMPATH\CodeIgniter.php(366): CodeIgniter\CodeIgniter->handleRequest(null, Object(Config\Cache), false)
 4 FCPATH\index.php(81): CodeIgniter\CodeIgniter->run()
INFO - 2025-10-09 06:41:54 --> Session: Class initialized using 'CodeIgniter\Session\Handlers\FileHandler' driver.
WARNING - 2025-10-09 06:42:00 --> [DEPRECATED] Creation of dynamic property App\Controllers\Suhu::$MasterDataModel is deprecated in APPPATH\Controllers\Suhu.php on line 205.
 1 SYSTEMPATH\CodeIgniter.php(904): App\Controllers\Suhu->__construct()
 2 SYSTEMPATH\CodeIgniter.php(488): CodeIgniter\CodeIgniter->createController()
 3 SYSTEMPATH\CodeIgniter.php(366): CodeIgniter\CodeIgniter->handleRequest(null, Object(Config\Cache), false)
 4 FCPATH\index.php(81): CodeIgniter\CodeIgniter->run()
INFO - 2025-10-09 06:42:00 --> Session: Class initialized using 'CodeIgniter\Session\Handlers\FileHandler' driver.
WARNING - 2025-10-09 06:42:01 --> [DEPRECATED] Creation of dynamic property App\Controllers\Suhu::$MasterDataModel is deprecated in APPPATH\Controllers\Suhu.php on line 205.
 1 SYSTEMPATH\CodeIgniter.php(904): App\Controllers\Suhu->__construct()
 2 SYSTEMPATH\CodeIgniter.php(488): CodeIgniter\CodeIgniter->createController()
 3 SYSTEMPATH\CodeIgniter.php(366): CodeIgniter\CodeIgniter->handleRequest(null, Object(Config\Cache), false)
 4 FCPATH\index.php(81): CodeIgniter\CodeIgniter->run()
CRITICAL - 2025-10-09 06:42:01 --> Trying to access array offset on value of type null
in APPPATH\Controllers\Suhu.php on line 162.
 1 APPPATH\Controllers\Suhu.php(162): CodeIgniter\Debug\Exceptions->errorHandler(2, 'Trying to access array offset on value of type null', 'C:\\xampp\\htdocs\\ereport-ehm\\app\\Controllers\\Suhu.php', 162)
 2 SYSTEMPATH\CodeIgniter.php(932): App\Controllers\Suhu->AddSuhu('jquery.js')
 3 SYSTEMPATH\CodeIgniter.php(497): CodeIgniter\CodeIgniter->runController(Object(App\Controllers\Suhu))
 4 SYSTEMPATH\CodeIgniter.php(366): CodeIgniter\CodeIgniter->handleRequest(null, Object(Config\Cache), false)
 5 FCPATH\index.php(81): CodeIgniter\CodeIgniter->run()
WARNING - 2025-10-09 06:42:02 --> [DEPRECATED] Creation of dynamic property App\Controllers\Suhu::$MasterDataModel is deprecated in APPPATH\Controllers\Suhu.php on line 205.
 1 SYSTEMPATH\CodeIgniter.php(904): App\Controllers\Suhu->__construct()
 2 SYSTEMPATH\CodeIgniter.php(488): CodeIgniter\CodeIgniter->createController()
 3 SYSTEMPATH\CodeIgniter.php(366): CodeIgniter\CodeIgniter->handleRequest(null, Object(Config\Cache), false)
 4 FCPATH\index.php(81): CodeIgniter\CodeIgniter->run()
CRITICAL - 2025-10-09 06:42:02 --> Trying to access array offset on value of type null
in APPPATH\Controllers\Suhu.php on line 162.
 1 APPPATH\Controllers\Suhu.php(162): CodeIgniter\Debug\Exceptions->errorHandler(2, 'Trying to access array offset on value of type null', 'C:\\xampp\\htdocs\\ereport-ehm\\app\\Controllers\\Suhu.php', 162)
 2 SYSTEMPATH\CodeIgniter.php(932): App\Controllers\Suhu->AddSuhu('bootstrap.js')
 3 SYSTEMPATH\CodeIgniter.php(497): CodeIgniter\CodeIgniter->runController(Object(App\Controllers\Suhu))
 4 SYSTEMPATH\CodeIgniter.php(366): CodeIgniter\CodeIgniter->handleRequest(null, Object(Config\Cache), false)
 5 FCPATH\index.php(81): CodeIgniter\CodeIgniter->run()
WARNING - 2025-10-09 06:42:21 --> [DEPRECATED] Creation of dynamic property App\Controllers\Suhu::$MasterDataModel is deprecated in APPPATH\Controllers\Suhu.php on line 205.
 1 SYSTEMPATH\CodeIgniter.php(904): App\Controllers\Suhu->__construct()
 2 SYSTEMPATH\CodeIgniter.php(488): CodeIgniter\CodeIgniter->createController()
 3 SYSTEMPATH\CodeIgniter.php(366): CodeIgniter\CodeIgniter->handleRequest(null, Object(Config\Cache), false)
 4 FCPATH\index.php(81): CodeIgniter\CodeIgniter->run()
INFO - 2025-10-09 06:42:21 --> Session: Class initialized using 'CodeIgniter\Session\Handlers\FileHandler' driver.
WARNING - 2025-10-09 06:42:22 --> [DEPRECATED] Creation of dynamic property App\Controllers\Suhu::$MasterDataModel is deprecated in APPPATH\Controllers\Suhu.php on line 205.
 1 SYSTEMPATH\CodeIgniter.php(904): App\Controllers\Suhu->__construct()
 2 SYSTEMPATH\CodeIgniter.php(488): CodeIgniter\CodeIgniter->createController()
 3 SYSTEMPATH\CodeIgniter.php(366): CodeIgniter\CodeIgniter->handleRequest(null, Object(Config\Cache), false)
 4 FCPATH\index.php(81): CodeIgniter\CodeIgniter->run()
INFO - 2025-10-09 06:42:22 --> Session: Class initialized using 'CodeIgniter\Session\Handlers\FileHandler' driver.
WARNING - 2025-10-09 06:42:22 --> [DEPRECATED] Creation of dynamic property App\Controllers\Suhu::$MasterDataModel is deprecated in APPPATH\Controllers\Suhu.php on line 205.
 1 SYSTEMPATH\CodeIgniter.php(904): App\Controllers\Suhu->__construct()
 2 SYSTEMPATH\CodeIgniter.php(488): CodeIgniter\CodeIgniter->createController()
 3 SYSTEMPATH\CodeIgniter.php(366): CodeIgniter\CodeIgniter->handleRequest(null, Object(Config\Cache), false)
 4 FCPATH\index.php(81): CodeIgniter\CodeIgniter->run()
WARNING - 2025-10-09 06:42:24 --> [DEPRECATED] Creation of dynamic property App\Controllers\Suhu::$MasterDataModel is deprecated in APPPATH\Controllers\Suhu.php on line 205.
 1 SYSTEMPATH\CodeIgniter.php(904): App\Controllers\Suhu->__construct()
 2 SYSTEMPATH\CodeIgniter.php(488): CodeIgniter\CodeIgniter->createController()
 3 SYSTEMPATH\CodeIgniter.php(366): CodeIgniter\CodeIgniter->handleRequest(null, Object(Config\Cache), false)
 4 FCPATH\index.php(81): CodeIgniter\CodeIgniter->run()
CRITICAL - 2025-10-09 06:42:24 --> Trying to access array offset on value of type null
in APPPATH\Controllers\Suhu.php on line 162.
 1 APPPATH\Controllers\Suhu.php(162): CodeIgniter\Debug\Exceptions->errorHandler(2, 'Trying to access array offset on value of type null', 'C:\\xampp\\htdocs\\ereport-ehm\\app\\Controllers\\Suhu.php', 162)
 2 SYSTEMPATH\CodeIgniter.php(932): App\Controllers\Suhu->AddSuhu('bootstrap.js')
 3 SYSTEMPATH\CodeIgniter.php(497): CodeIgniter\CodeIgniter->runController(Object(App\Controllers\Suhu))
 4 SYSTEMPATH\CodeIgniter.php(366): CodeIgniter\CodeIgniter->handleRequest(null, Object(Config\Cache), false)
 5 FCPATH\index.php(81): CodeIgniter\CodeIgniter->run()
CRITICAL - 2025-10-09 06:42:24 --> Trying to access array offset on value of type null
in APPPATH\Controllers\Suhu.php on line 162.
 1 APPPATH\Controllers\Suhu.php(162): CodeIgniter\Debug\Exceptions->errorHandler(2, 'Trying to access array offset on value of type null', 'C:\\xampp\\htdocs\\ereport-ehm\\app\\Controllers\\Suhu.php', 162)
 2 SYSTEMPATH\CodeIgniter.php(932): App\Controllers\Suhu->AddSuhu('jquery.js')
 3 SYSTEMPATH\CodeIgniter.php(497): CodeIgniter\CodeIgniter->runController(Object(App\Controllers\Suhu))
 4 SYSTEMPATH\CodeIgniter.php(366): CodeIgniter\CodeIgniter->handleRequest(null, Object(Config\Cache), false)
 5 FCPATH\index.php(81): CodeIgniter\CodeIgniter->run()
WARNING - 2025-10-09 06:42:25 --> [DEPRECATED] Creation of dynamic property App\Controllers\Suhu::$MasterDataModel is deprecated in APPPATH\Controllers\Suhu.php on line 205.
 1 SYSTEMPATH\CodeIgniter.php(904): App\Controllers\Suhu->__construct()
 2 SYSTEMPATH\CodeIgniter.php(488): CodeIgniter\CodeIgniter->createController()
 3 SYSTEMPATH\CodeIgniter.php(366): CodeIgniter\CodeIgniter->handleRequest(null, Object(Config\Cache), false)
 4 FCPATH\index.php(81): CodeIgniter\CodeIgniter->run()
INFO - 2025-10-09 06:42:25 --> Session: Class initialized using 'CodeIgniter\Session\Handlers\FileHandler' driver.
WARNING - 2025-10-09 06:42:31 --> [DEPRECATED] Creation of dynamic property App\Controllers\Suhu::$MasterDataModel is deprecated in APPPATH\Controllers\Suhu.php on line 205.
 1 SYSTEMPATH\CodeIgniter.php(904): App\Controllers\Suhu->__construct()
 2 SYSTEMPATH\CodeIgniter.php(488): CodeIgniter\CodeIgniter->createController()
 3 SYSTEMPATH\CodeIgniter.php(366): CodeIgniter\CodeIgniter->handleRequest(null, Object(Config\Cache), false)
 4 FCPATH\index.php(81): CodeIgniter\CodeIgniter->run()
INFO - 2025-10-09 06:42:32 --> Session: Class initialized using 'CodeIgniter\Session\Handlers\FileHandler' driver.
WARNING - 2025-10-09 06:42:32 --> [DEPRECATED] Creation of dynamic property App\Controllers\Suhu::$MasterDataModel is deprecated in APPPATH\Controllers\Suhu.php on line 205.
 1 SYSTEMPATH\CodeIgniter.php(904): App\Controllers\Suhu->__construct()
 2 SYSTEMPATH\CodeIgniter.php(488): CodeIgniter\CodeIgniter->createController()
 3 SYSTEMPATH\CodeIgniter.php(366): CodeIgniter\CodeIgniter->handleRequest(null, Object(Config\Cache), false)
 4 FCPATH\index.php(81): CodeIgniter\CodeIgniter->run()
CRITICAL - 2025-10-09 06:42:32 --> Trying to access array offset on value of type null
in APPPATH\Controllers\Suhu.php on line 162.
 1 APPPATH\Controllers\Suhu.php(162): CodeIgniter\Debug\Exceptions->errorHandler(2, 'Trying to access array offset on value of type null', 'C:\\xampp\\htdocs\\ereport-ehm\\app\\Controllers\\Suhu.php', 162)
 2 SYSTEMPATH\CodeIgniter.php(932): App\Controllers\Suhu->AddSuhu('bootstrap.js')
 3 SYSTEMPATH\CodeIgniter.php(497): CodeIgniter\CodeIgniter->runController(Object(App\Controllers\Suhu))
 4 SYSTEMPATH\CodeIgniter.php(366): CodeIgniter\CodeIgniter->handleRequest(null, Object(Config\Cache), false)
 5 FCPATH\index.php(81): CodeIgniter\CodeIgniter->run()
WARNING - 2025-10-09 06:42:32 --> [DEPRECATED] Creation of dynamic property App\Controllers\Suhu::$MasterDataModel is deprecated in APPPATH\Controllers\Suhu.php on line 205.
 1 SYSTEMPATH\CodeIgniter.php(904): App\Controllers\Suhu->__construct()
 2 SYSTEMPATH\CodeIgniter.php(488): CodeIgniter\CodeIgniter->createController()
 3 SYSTEMPATH\CodeIgniter.php(366): CodeIgniter\CodeIgniter->handleRequest(null, Object(Config\Cache), false)
 4 FCPATH\index.php(81): CodeIgniter\CodeIgniter->run()
CRITICAL - 2025-10-09 06:42:32 --> Trying to access array offset on value of type null
in APPPATH\Controllers\Suhu.php on line 162.
 1 APPPATH\Controllers\Suhu.php(162): CodeIgniter\Debug\Exceptions->errorHandler(2, 'Trying to access array offset on value of type null', 'C:\\xampp\\htdocs\\ereport-ehm\\app\\Controllers\\Suhu.php', 162)
 2 SYSTEMPATH\CodeIgniter.php(932): App\Controllers\Suhu->AddSuhu('jquery.js')
 3 SYSTEMPATH\CodeIgniter.php(497): CodeIgniter\CodeIgniter->runController(Object(App\Controllers\Suhu))
 4 SYSTEMPATH\CodeIgniter.php(366): CodeIgniter\CodeIgniter->handleRequest(null, Object(Config\Cache), false)
 5 FCPATH\index.php(81): CodeIgniter\CodeIgniter->run()
WARNING - 2025-10-09 06:43:03 --> [DEPRECATED] Creation of dynamic property App\Controllers\Suhu::$MasterDataModel is deprecated in APPPATH\Controllers\Suhu.php on line 205.
 1 SYSTEMPATH\CodeIgniter.php(904): App\Controllers\Suhu->__construct()
 2 SYSTEMPATH\CodeIgniter.php(488): CodeIgniter\CodeIgniter->createController()
 3 SYSTEMPATH\CodeIgniter.php(366): CodeIgniter\CodeIgniter->handleRequest(null, Object(Config\Cache), false)
 4 FCPATH\index.php(81): CodeIgniter\CodeIgniter->run()
INFO - 2025-10-09 06:43:03 --> Session: Class initialized using 'CodeIgniter\Session\Handlers\FileHandler' driver.
WARNING - 2025-10-09 06:43:06 --> [DEPRECATED] Creation of dynamic property App\Controllers\Suhu::$MasterDataModel is deprecated in APPPATH\Controllers\Suhu.php on line 205.
 1 SYSTEMPATH\CodeIgniter.php(904): App\Controllers\Suhu->__construct()
 2 SYSTEMPATH\CodeIgniter.php(488): CodeIgniter\CodeIgniter->createController()
 3 SYSTEMPATH\CodeIgniter.php(366): CodeIgniter\CodeIgniter->handleRequest(null, Object(Config\Cache), false)
 4 FCPATH\index.php(81): CodeIgniter\CodeIgniter->run()
INFO - 2025-10-09 06:43:06 --> Session: Class initialized using 'CodeIgniter\Session\Handlers\FileHandler' driver.
WARNING - 2025-10-09 06:43:07 --> [DEPRECATED] Creation of dynamic property App\Controllers\Suhu::$MasterDataModel is deprecated in APPPATH\Controllers\Suhu.php on line 205.
 1 SYSTEMPATH\CodeIgniter.php(904): App\Controllers\Suhu->__construct()
 2 SYSTEMPATH\CodeIgniter.php(488): CodeIgniter\CodeIgniter->createController()
 3 SYSTEMPATH\CodeIgniter.php(366): CodeIgniter\CodeIgniter->handleRequest(null, Object(Config\Cache), false)
 4 FCPATH\index.php(81): CodeIgniter\CodeIgniter->run()
CRITICAL - 2025-10-09 06:43:07 --> Trying to access array offset on value of type null
in APPPATH\Controllers\Suhu.php on line 162.
 1 APPPATH\Controllers\Suhu.php(162): CodeIgniter\Debug\Exceptions->errorHandler(2, 'Trying to access array offset on value of type null', 'C:\\xampp\\htdocs\\ereport-ehm\\app\\Controllers\\Suhu.php', 162)
 2 SYSTEMPATH\CodeIgniter.php(932): App\Controllers\Suhu->AddSuhu('jquery.js')
 3 SYSTEMPATH\CodeIgniter.php(497): CodeIgniter\CodeIgniter->runController(Object(App\Controllers\Suhu))
 4 SYSTEMPATH\CodeIgniter.php(366): CodeIgniter\CodeIgniter->handleRequest(null, Object(Config\Cache), false)
 5 FCPATH\index.php(81): CodeIgniter\CodeIgniter->run()
WARNING - 2025-10-09 06:43:08 --> [DEPRECATED] Creation of dynamic property App\Controllers\Suhu::$MasterDataModel is deprecated in APPPATH\Controllers\Suhu.php on line 205.
 1 SYSTEMPATH\CodeIgniter.php(904): App\Controllers\Suhu->__construct()
 2 SYSTEMPATH\CodeIgniter.php(488): CodeIgniter\CodeIgniter->createController()
 3 SYSTEMPATH\CodeIgniter.php(366): CodeIgniter\CodeIgniter->handleRequest(null, Object(Config\Cache), false)
 4 FCPATH\index.php(81): CodeIgniter\CodeIgniter->run()
CRITICAL - 2025-10-09 06:43:08 --> Trying to access array offset on value of type null
in APPPATH\Controllers\Suhu.php on line 162.
 1 APPPATH\Controllers\Suhu.php(162): CodeIgniter\Debug\Exceptions->errorHandler(2, 'Trying to access array offset on value of type null', 'C:\\xampp\\htdocs\\ereport-ehm\\app\\Controllers\\Suhu.php', 162)
 2 SYSTEMPATH\CodeIgniter.php(932): App\Controllers\Suhu->AddSuhu('bootstrap.js')
 3 SYSTEMPATH\CodeIgniter.php(497): CodeIgniter\CodeIgniter->runController(Object(App\Controllers\Suhu))
 4 SYSTEMPATH\CodeIgniter.php(366): CodeIgniter\CodeIgniter->handleRequest(null, Object(Config\Cache), false)
 5 FCPATH\index.php(81): CodeIgniter\CodeIgniter->run()
WARNING - 2025-10-09 06:43:13 --> [DEPRECATED] Creation of dynamic property App\Controllers\Suhu::$MasterDataModel is deprecated in APPPATH\Controllers\Suhu.php on line 205.
 1 SYSTEMPATH\CodeIgniter.php(904): App\Controllers\Suhu->__construct()
 2 SYSTEMPATH\CodeIgniter.php(488): CodeIgniter\CodeIgniter->createController()
 3 SYSTEMPATH\CodeIgniter.php(366): CodeIgniter\CodeIgniter->handleRequest(null, Object(Config\Cache), false)
 4 FCPATH\index.php(81): CodeIgniter\CodeIgniter->run()
INFO - 2025-10-09 06:43:13 --> Session: Class initialized using 'CodeIgniter\Session\Handlers\FileHandler' driver.
WARNING - 2025-10-09 06:43:19 --> [DEPRECATED] Creation of dynamic property App\Controllers\Suhu::$MasterDataModel is deprecated in APPPATH\Controllers\Suhu.php on line 205.
 1 SYSTEMPATH\CodeIgniter.php(904): App\Controllers\Suhu->__construct()
 2 SYSTEMPATH\CodeIgniter.php(488): CodeIgniter\CodeIgniter->createController()
 3 SYSTEMPATH\CodeIgniter.php(366): CodeIgniter\CodeIgniter->handleRequest(null, Object(Config\Cache), false)
 4 FCPATH\index.php(81): CodeIgniter\CodeIgniter->run()
INFO - 2025-10-09 06:43:19 --> Session: Class initialized using 'CodeIgniter\Session\Handlers\FileHandler' driver.
WARNING - 2025-10-09 06:43:20 --> [DEPRECATED] Creation of dynamic property App\Controllers\Suhu::$MasterDataModel is deprecated in APPPATH\Controllers\Suhu.php on line 205.
 1 SYSTEMPATH\CodeIgniter.php(904): App\Controllers\Suhu->__construct()
 2 SYSTEMPATH\CodeIgniter.php(488): CodeIgniter\CodeIgniter->createController()
 3 SYSTEMPATH\CodeIgniter.php(366): CodeIgniter\CodeIgniter->handleRequest(null, Object(Config\Cache), false)
 4 FCPATH\index.php(81): CodeIgniter\CodeIgniter->run()
CRITICAL - 2025-10-09 06:43:20 --> Trying to access array offset on value of type null
in APPPATH\Controllers\Suhu.php on line 162.
 1 APPPATH\Controllers\Suhu.php(162): CodeIgniter\Debug\Exceptions->errorHandler(2, 'Trying to access array offset on value of type null', 'C:\\xampp\\htdocs\\ereport-ehm\\app\\Controllers\\Suhu.php', 162)
 2 SYSTEMPATH\CodeIgniter.php(932): App\Controllers\Suhu->AddSuhu('jquery.js')
 3 SYSTEMPATH\CodeIgniter.php(497): CodeIgniter\CodeIgniter->runController(Object(App\Controllers\Suhu))
 4 SYSTEMPATH\CodeIgniter.php(366): CodeIgniter\CodeIgniter->handleRequest(null, Object(Config\Cache), false)
 5 FCPATH\index.php(81): CodeIgniter\CodeIgniter->run()
WARNING - 2025-10-09 06:43:20 --> [DEPRECATED] Creation of dynamic property App\Controllers\Suhu::$MasterDataModel is deprecated in APPPATH\Controllers\Suhu.php on line 205.
 1 SYSTEMPATH\CodeIgniter.php(904): App\Controllers\Suhu->__construct()
 2 SYSTEMPATH\CodeIgniter.php(488): CodeIgniter\CodeIgniter->createController()
 3 SYSTEMPATH\CodeIgniter.php(366): CodeIgniter\CodeIgniter->handleRequest(null, Object(Config\Cache), false)
 4 FCPATH\index.php(81): CodeIgniter\CodeIgniter->run()
CRITICAL - 2025-10-09 06:43:20 --> Trying to access array offset on value of type null
in APPPATH\Controllers\Suhu.php on line 162.
 1 APPPATH\Controllers\Suhu.php(162): CodeIgniter\Debug\Exceptions->errorHandler(2, 'Trying to access array offset on value of type null', 'C:\\xampp\\htdocs\\ereport-ehm\\app\\Controllers\\Suhu.php', 162)
 2 SYSTEMPATH\CodeIgniter.php(932): App\Controllers\Suhu->AddSuhu('bootstrap.js')
 3 SYSTEMPATH\CodeIgniter.php(497): CodeIgniter\CodeIgniter->runController(Object(App\Controllers\Suhu))
 4 SYSTEMPATH\CodeIgniter.php(366): CodeIgniter\CodeIgniter->handleRequest(null, Object(Config\Cache), false)
 5 FCPATH\index.php(81): CodeIgniter\CodeIgniter->run()
WARNING - 2025-10-09 06:44:15 --> [DEPRECATED] Creation of dynamic property App\Controllers\Suhu::$MasterDataModel is deprecated in APPPATH\Controllers\Suhu.php on line 205.
 1 SYSTEMPATH\CodeIgniter.php(904): App\Controllers\Suhu->__construct()
 2 SYSTEMPATH\CodeIgniter.php(488): CodeIgniter\CodeIgniter->createController()
 3 SYSTEMPATH\CodeIgniter.php(366): CodeIgniter\CodeIgniter->handleRequest(null, Object(Config\Cache), false)
 4 FCPATH\index.php(81): CodeIgniter\CodeIgniter->run()
INFO - 2025-10-09 06:44:15 --> Session: Class initialized using 'CodeIgniter\Session\Handlers\FileHandler' driver.
WARNING - 2025-10-09 06:44:16 --> [DEPRECATED] Creation of dynamic property App\Controllers\Suhu::$MasterDataModel is deprecated in APPPATH\Controllers\Suhu.php on line 205.
 1 SYSTEMPATH\CodeIgniter.php(904): App\Controllers\Suhu->__construct()
 2 SYSTEMPATH\CodeIgniter.php(488): CodeIgniter\CodeIgniter->createController()
 3 SYSTEMPATH\CodeIgniter.php(366): CodeIgniter\CodeIgniter->handleRequest(null, Object(Config\Cache), false)
 4 FCPATH\index.php(81): CodeIgniter\CodeIgniter->run()
INFO - 2025-10-09 06:44:17 --> Session: Class initialized using 'CodeIgniter\Session\Handlers\FileHandler' driver.
WARNING - 2025-10-09 06:44:22 --> [DEPRECATED] Creation of dynamic property App\Controllers\Suhu::$MasterDataModel is deprecated in APPPATH\Controllers\Suhu.php on line 205.
 1 SYSTEMPATH\CodeIgniter.php(904): App\Controllers\Suhu->__construct()
 2 SYSTEMPATH\CodeIgniter.php(488): CodeIgniter\CodeIgniter->createController()
 3 SYSTEMPATH\CodeIgniter.php(366): CodeIgniter\CodeIgniter->handleRequest(null, Object(Config\Cache), false)
 4 FCPATH\index.php(81): CodeIgniter\CodeIgniter->run()
CRITICAL - 2025-10-09 06:44:22 --> Trying to access array offset on value of type null
in APPPATH\Controllers\Suhu.php on line 162.
 1 APPPATH\Controllers\Suhu.php(162): CodeIgniter\Debug\Exceptions->errorHandler(2, 'Trying to access array offset on value of type null', 'C:\\xampp\\htdocs\\ereport-ehm\\app\\Controllers\\Suhu.php', 162)
 2 SYSTEMPATH\CodeIgniter.php(932): App\Controllers\Suhu->AddSuhu('bootstrap.js')
 3 SYSTEMPATH\CodeIgniter.php(497): CodeIgniter\CodeIgniter->runController(Object(App\Controllers\Suhu))
 4 SYSTEMPATH\CodeIgniter.php(366): CodeIgniter\CodeIgniter->handleRequest(null, Object(Config\Cache), false)
 5 FCPATH\index.php(81): CodeIgniter\CodeIgniter->run()
WARNING - 2025-10-09 06:44:22 --> [DEPRECATED] Creation of dynamic property App\Controllers\Suhu::$MasterDataModel is deprecated in APPPATH\Controllers\Suhu.php on line 205.
 1 SYSTEMPATH\CodeIgniter.php(904): App\Controllers\Suhu->__construct()
 2 SYSTEMPATH\CodeIgniter.php(488): CodeIgniter\CodeIgniter->createController()
 3 SYSTEMPATH\CodeIgniter.php(366): CodeIgniter\CodeIgniter->handleRequest(null, Object(Config\Cache), false)
 4 FCPATH\index.php(81): CodeIgniter\CodeIgniter->run()
CRITICAL - 2025-10-09 06:44:22 --> Trying to access array offset on value of type null
in APPPATH\Controllers\Suhu.php on line 162.
 1 APPPATH\Controllers\Suhu.php(162): CodeIgniter\Debug\Exceptions->errorHandler(2, 'Trying to access array offset on value of type null', 'C:\\xampp\\htdocs\\ereport-ehm\\app\\Controllers\\Suhu.php', 162)
 2 SYSTEMPATH\CodeIgniter.php(932): App\Controllers\Suhu->AddSuhu('jquery.js')
 3 SYSTEMPATH\CodeIgniter.php(497): CodeIgniter\CodeIgniter->runController(Object(App\Controllers\Suhu))
 4 SYSTEMPATH\CodeIgniter.php(366): CodeIgniter\CodeIgniter->handleRequest(null, Object(Config\Cache), false)
 5 FCPATH\index.php(81): CodeIgniter\CodeIgniter->run()
WARNING - 2025-10-09 06:44:27 --> [DEPRECATED] Creation of dynamic property App\Controllers\Suhu::$MasterDataModel is deprecated in APPPATH\Controllers\Suhu.php on line 205.
 1 SYSTEMPATH\CodeIgniter.php(904): App\Controllers\Suhu->__construct()
 2 SYSTEMPATH\CodeIgniter.php(488): CodeIgniter\CodeIgniter->createController()
 3 SYSTEMPATH\CodeIgniter.php(366): CodeIgniter\CodeIgniter->handleRequest(null, Object(Config\Cache), false)
 4 FCPATH\index.php(81): CodeIgniter\CodeIgniter->run()
INFO - 2025-10-09 06:44:28 --> Session: Class initialized using 'CodeIgniter\Session\Handlers\FileHandler' driver.
WARNING - 2025-10-09 06:44:36 --> [DEPRECATED] Creation of dynamic property App\Controllers\Suhu::$MasterDataModel is deprecated in APPPATH\Controllers\Suhu.php on line 205.
 1 SYSTEMPATH\CodeIgniter.php(904): App\Controllers\Suhu->__construct()
 2 SYSTEMPATH\CodeIgniter.php(488): CodeIgniter\CodeIgniter->createController()
 3 SYSTEMPATH\CodeIgniter.php(366): CodeIgniter\CodeIgniter->handleRequest(null, Object(Config\Cache), false)
 4 FCPATH\index.php(81): CodeIgniter\CodeIgniter->run()
INFO - 2025-10-09 06:44:37 --> Session: Class initialized using 'CodeIgniter\Session\Handlers\FileHandler' driver.
WARNING - 2025-10-09 06:44:39 --> [DEPRECATED] Creation of dynamic property App\Controllers\Suhu::$MasterDataModel is deprecated in APPPATH\Controllers\Suhu.php on line 205.
 1 SYSTEMPATH\CodeIgniter.php(904): App\Controllers\Suhu->__construct()
 2 SYSTEMPATH\CodeIgniter.php(488): CodeIgniter\CodeIgniter->createController()
 3 SYSTEMPATH\CodeIgniter.php(366): CodeIgniter\CodeIgniter->handleRequest(null, Object(Config\Cache), false)
 4 FCPATH\index.php(81): CodeIgniter\CodeIgniter->run()
WARNING - 2025-10-09 06:44:39 --> [DEPRECATED] Creation of dynamic property App\Controllers\Suhu::$MasterDataModel is deprecated in APPPATH\Controllers\Suhu.php on line 205.
 1 SYSTEMPATH\CodeIgniter.php(904): App\Controllers\Suhu->__construct()
 2 SYSTEMPATH\CodeIgniter.php(488): CodeIgniter\CodeIgniter->createController()
 3 SYSTEMPATH\CodeIgniter.php(366): CodeIgniter\CodeIgniter->handleRequest(null, Object(Config\Cache), false)
 4 FCPATH\index.php(81): CodeIgniter\CodeIgniter->run()
CRITICAL - 2025-10-09 06:44:39 --> Trying to access array offset on value of type null
in APPPATH\Controllers\Suhu.php on line 162.
 1 APPPATH\Controllers\Suhu.php(162): CodeIgniter\Debug\Exceptions->errorHandler(2, 'Trying to access array offset on value of type null', 'C:\\xampp\\htdocs\\ereport-ehm\\app\\Controllers\\Suhu.php', 162)
 2 SYSTEMPATH\CodeIgniter.php(932): App\Controllers\Suhu->AddSuhu('bootstrap.js')
 3 SYSTEMPATH\CodeIgniter.php(497): CodeIgniter\CodeIgniter->runController(Object(App\Controllers\Suhu))
 4 SYSTEMPATH\CodeIgniter.php(366): CodeIgniter\CodeIgniter->handleRequest(null, Object(Config\Cache), false)
 5 FCPATH\index.php(81): CodeIgniter\CodeIgniter->run()
CRITICAL - 2025-10-09 06:44:39 --> Trying to access array offset on value of type null
in APPPATH\Controllers\Suhu.php on line 162.
 1 APPPATH\Controllers\Suhu.php(162): CodeIgniter\Debug\Exceptions->errorHandler(2, 'Trying to access array offset on value of type null', 'C:\\xampp\\htdocs\\ereport-ehm\\app\\Controllers\\Suhu.php', 162)
 2 SYSTEMPATH\CodeIgniter.php(932): App\Controllers\Suhu->AddSuhu('jquery.js')
 3 SYSTEMPATH\CodeIgniter.php(497): CodeIgniter\CodeIgniter->runController(Object(App\Controllers\Suhu))
 4 SYSTEMPATH\CodeIgniter.php(366): CodeIgniter\CodeIgniter->handleRequest(null, Object(Config\Cache), false)
 5 FCPATH\index.php(81): CodeIgniter\CodeIgniter->run()
WARNING - 2025-10-09 06:44:54 --> [DEPRECATED] Creation of dynamic property App\Controllers\Suhu::$MasterDataModel is deprecated in APPPATH\Controllers\Suhu.php on line 205.
 1 SYSTEMPATH\CodeIgniter.php(904): App\Controllers\Suhu->__construct()
 2 SYSTEMPATH\CodeIgniter.php(488): CodeIgniter\CodeIgniter->createController()
 3 SYSTEMPATH\CodeIgniter.php(366): CodeIgniter\CodeIgniter->handleRequest(null, Object(Config\Cache), false)
 4 FCPATH\index.php(81): CodeIgniter\CodeIgniter->run()
INFO - 2025-10-09 06:44:54 --> Session: Class initialized using 'CodeIgniter\Session\Handlers\FileHandler' driver.
WARNING - 2025-10-09 06:44:55 --> [DEPRECATED] Creation of dynamic property App\Controllers\Suhu::$MasterDataModel is deprecated in APPPATH\Controllers\Suhu.php on line 205.
 1 SYSTEMPATH\CodeIgniter.php(904): App\Controllers\Suhu->__construct()
 2 SYSTEMPATH\CodeIgniter.php(488): CodeIgniter\CodeIgniter->createController()
 3 SYSTEMPATH\CodeIgniter.php(366): CodeIgniter\CodeIgniter->handleRequest(null, Object(Config\Cache), false)
 4 FCPATH\index.php(81): CodeIgniter\CodeIgniter->run()
INFO - 2025-10-09 06:44:55 --> Session: Class initialized using 'CodeIgniter\Session\Handlers\FileHandler' driver.
WARNING - 2025-10-09 06:44:58 --> [DEPRECATED] Creation of dynamic property App\Controllers\Suhu::$MasterDataModel is deprecated in APPPATH\Controllers\Suhu.php on line 205.
 1 SYSTEMPATH\CodeIgniter.php(904): App\Controllers\Suhu->__construct()
 2 SYSTEMPATH\CodeIgniter.php(488): CodeIgniter\CodeIgniter->createController()
 3 SYSTEMPATH\CodeIgniter.php(366): CodeIgniter\CodeIgniter->handleRequest(null, Object(Config\Cache), false)
 4 FCPATH\index.php(81): CodeIgniter\CodeIgniter->run()
CRITICAL - 2025-10-09 06:44:58 --> Trying to access array offset on value of type null
in APPPATH\Controllers\Suhu.php on line 162.
 1 APPPATH\Controllers\Suhu.php(162): CodeIgniter\Debug\Exceptions->errorHandler(2, 'Trying to access array offset on value of type null', 'C:\\xampp\\htdocs\\ereport-ehm\\app\\Controllers\\Suhu.php', 162)
 2 SYSTEMPATH\CodeIgniter.php(932): App\Controllers\Suhu->AddSuhu('jquery.js')
 3 SYSTEMPATH\CodeIgniter.php(497): CodeIgniter\CodeIgniter->runController(Object(App\Controllers\Suhu))
 4 SYSTEMPATH\CodeIgniter.php(366): CodeIgniter\CodeIgniter->handleRequest(null, Object(Config\Cache), false)
 5 FCPATH\index.php(81): CodeIgniter\CodeIgniter->run()
WARNING - 2025-10-09 06:44:58 --> [DEPRECATED] Creation of dynamic property App\Controllers\Suhu::$MasterDataModel is deprecated in APPPATH\Controllers\Suhu.php on line 205.
 1 SYSTEMPATH\CodeIgniter.php(904): App\Controllers\Suhu->__construct()
 2 SYSTEMPATH\CodeIgniter.php(488): CodeIgniter\CodeIgniter->createController()
 3 SYSTEMPATH\CodeIgniter.php(366): CodeIgniter\CodeIgniter->handleRequest(null, Object(Config\Cache), false)
 4 FCPATH\index.php(81): CodeIgniter\CodeIgniter->run()
CRITICAL - 2025-10-09 06:44:58 --> Trying to access array offset on value of type null
in APPPATH\Controllers\Suhu.php on line 162.
 1 APPPATH\Controllers\Suhu.php(162): CodeIgniter\Debug\Exceptions->errorHandler(2, 'Trying to access array offset on value of type null', 'C:\\xampp\\htdocs\\ereport-ehm\\app\\Controllers\\Suhu.php', 162)
 2 SYSTEMPATH\CodeIgniter.php(932): App\Controllers\Suhu->AddSuhu('bootstrap.js')
 3 SYSTEMPATH\CodeIgniter.php(497): CodeIgniter\CodeIgniter->runController(Object(App\Controllers\Suhu))
 4 SYSTEMPATH\CodeIgniter.php(366): CodeIgniter\CodeIgniter->handleRequest(null, Object(Config\Cache), false)
 5 FCPATH\index.php(81): CodeIgniter\CodeIgniter->run()
WARNING - 2025-10-09 06:45:00 --> [DEPRECATED] Creation of dynamic property App\Controllers\Suhu::$MasterDataModel is deprecated in APPPATH\Controllers\Suhu.php on line 205.
 1 SYSTEMPATH\CodeIgniter.php(904): App\Controllers\Suhu->__construct()
 2 SYSTEMPATH\CodeIgniter.php(488): CodeIgniter\CodeIgniter->createController()
 3 SYSTEMPATH\CodeIgniter.php(366): CodeIgniter\CodeIgniter->handleRequest(null, Object(Config\Cache), false)
 4 FCPATH\index.php(81): CodeIgniter\CodeIgniter->run()
INFO - 2025-10-09 06:45:00 --> Session: Class initialized using 'CodeIgniter\Session\Handlers\FileHandler' driver.
WARNING - 2025-10-09 06:45:09 --> [DEPRECATED] Creation of dynamic property App\Controllers\Suhu::$MasterDataModel is deprecated in APPPATH\Controllers\Suhu.php on line 205.
 1 SYSTEMPATH\CodeIgniter.php(904): App\Controllers\Suhu->__construct()
 2 SYSTEMPATH\CodeIgniter.php(488): CodeIgniter\CodeIgniter->createController()
 3 SYSTEMPATH\CodeIgniter.php(366): CodeIgniter\CodeIgniter->handleRequest(null, Object(Config\Cache), false)
 4 FCPATH\index.php(81): CodeIgniter\CodeIgniter->run()
INFO - 2025-10-09 06:45:09 --> Session: Class initialized using 'CodeIgniter\Session\Handlers\FileHandler' driver.
WARNING - 2025-10-09 06:45:09 --> [DEPRECATED] Creation of dynamic property App\Controllers\Suhu::$MasterDataModel is deprecated in APPPATH\Controllers\Suhu.php on line 205.
 1 SYSTEMPATH\CodeIgniter.php(904): App\Controllers\Suhu->__construct()
 2 SYSTEMPATH\CodeIgniter.php(488): CodeIgniter\CodeIgniter->createController()
 3 SYSTEMPATH\CodeIgniter.php(366): CodeIgniter\CodeIgniter->handleRequest(null, Object(Config\Cache), false)
 4 FCPATH\index.php(81): CodeIgniter\CodeIgniter->run()
WARNING - 2025-10-09 06:45:09 --> [DEPRECATED] Creation of dynamic property App\Controllers\Suhu::$MasterDataModel is deprecated in APPPATH\Controllers\Suhu.php on line 205.
 1 SYSTEMPATH\CodeIgniter.php(904): App\Controllers\Suhu->__construct()
 2 SYSTEMPATH\CodeIgniter.php(488): CodeIgniter\CodeIgniter->createController()
 3 SYSTEMPATH\CodeIgniter.php(366): CodeIgniter\CodeIgniter->handleRequest(null, Object(Config\Cache), false)
 4 FCPATH\index.php(81): CodeIgniter\CodeIgniter->run()
CRITICAL - 2025-10-09 06:45:11 --> Trying to access array offset on value of type null
in APPPATH\Controllers\Suhu.php on line 162.
 1 APPPATH\Controllers\Suhu.php(162): CodeIgniter\Debug\Exceptions->errorHandler(2, 'Trying to access array offset on value of type null', 'C:\\xampp\\htdocs\\ereport-ehm\\app\\Controllers\\Suhu.php', 162)
 2 SYSTEMPATH\CodeIgniter.php(932): App\Controllers\Suhu->AddSuhu('bootstrap.js')
 3 SYSTEMPATH\CodeIgniter.php(497): CodeIgniter\CodeIgniter->runController(Object(App\Controllers\Suhu))
 4 SYSTEMPATH\CodeIgniter.php(366): CodeIgniter\CodeIgniter->handleRequest(null, Object(Config\Cache), false)
 5 FCPATH\index.php(81): CodeIgniter\CodeIgniter->run()
CRITICAL - 2025-10-09 06:45:11 --> Trying to access array offset on value of type null
in APPPATH\Controllers\Suhu.php on line 162.
 1 APPPATH\Controllers\Suhu.php(162): CodeIgniter\Debug\Exceptions->errorHandler(2, 'Trying to access array offset on value of type null', 'C:\\xampp\\htdocs\\ereport-ehm\\app\\Controllers\\Suhu.php', 162)
 2 SYSTEMPATH\CodeIgniter.php(932): App\Controllers\Suhu->AddSuhu('jquery.js')
 3 SYSTEMPATH\CodeIgniter.php(497): CodeIgniter\CodeIgniter->runController(Object(App\Controllers\Suhu))
 4 SYSTEMPATH\CodeIgniter.php(366): CodeIgniter\CodeIgniter->handleRequest(null, Object(Config\Cache), false)
 5 FCPATH\index.php(81): CodeIgniter\CodeIgniter->run()
WARNING - 2025-10-09 06:45:24 --> [DEPRECATED] Creation of dynamic property App\Controllers\Suhu::$MasterDataModel is deprecated in APPPATH\Controllers\Suhu.php on line 205.
 1 SYSTEMPATH\CodeIgniter.php(904): App\Controllers\Suhu->__construct()
 2 SYSTEMPATH\CodeIgniter.php(488): CodeIgniter\CodeIgniter->createController()
 3 SYSTEMPATH\CodeIgniter.php(366): CodeIgniter\CodeIgniter->handleRequest(null, Object(Config\Cache), false)
 4 FCPATH\index.php(81): CodeIgniter\CodeIgniter->run()
INFO - 2025-10-09 06:45:25 --> Session: Class initialized using 'CodeIgniter\Session\Handlers\FileHandler' driver.
WARNING - 2025-10-09 06:45:25 --> [DEPRECATED] Creation of dynamic property App\Controllers\Suhu::$MasterDataModel is deprecated in APPPATH\Controllers\Suhu.php on line 205.
 1 SYSTEMPATH\CodeIgniter.php(904): App\Controllers\Suhu->__construct()
 2 SYSTEMPATH\CodeIgniter.php(488): CodeIgniter\CodeIgniter->createController()
 3 SYSTEMPATH\CodeIgniter.php(366): CodeIgniter\CodeIgniter->handleRequest(null, Object(Config\Cache), false)
 4 FCPATH\index.php(81): CodeIgniter\CodeIgniter->run()
INFO - 2025-10-09 06:45:25 --> Session: Class initialized using 'CodeIgniter\Session\Handlers\FileHandler' driver.
WARNING - 2025-10-09 06:45:26 --> [DEPRECATED] Creation of dynamic property App\Controllers\Suhu::$MasterDataModel is deprecated in APPPATH\Controllers\Suhu.php on line 205.
 1 SYSTEMPATH\CodeIgniter.php(904): App\Controllers\Suhu->__construct()
 2 SYSTEMPATH\CodeIgniter.php(488): CodeIgniter\CodeIgniter->createController()
 3 SYSTEMPATH\CodeIgniter.php(366): CodeIgniter\CodeIgniter->handleRequest(null, Object(Config\Cache), false)
 4 FCPATH\index.php(81): CodeIgniter\CodeIgniter->run()
CRITICAL - 2025-10-09 06:45:26 --> Trying to access array offset on value of type null
in APPPATH\Controllers\Suhu.php on line 162.
 1 APPPATH\Controllers\Suhu.php(162): CodeIgniter\Debug\Exceptions->errorHandler(2, 'Trying to access array offset on value of type null', 'C:\\xampp\\htdocs\\ereport-ehm\\app\\Controllers\\Suhu.php', 162)
 2 SYSTEMPATH\CodeIgniter.php(932): App\Controllers\Suhu->AddSuhu('jquery.js')
 3 SYSTEMPATH\CodeIgniter.php(497): CodeIgniter\CodeIgniter->runController(Object(App\Controllers\Suhu))
 4 SYSTEMPATH\CodeIgniter.php(366): CodeIgniter\CodeIgniter->handleRequest(null, Object(Config\Cache), false)
 5 FCPATH\index.php(81): CodeIgniter\CodeIgniter->run()
WARNING - 2025-10-09 06:45:26 --> [DEPRECATED] Creation of dynamic property App\Controllers\Suhu::$MasterDataModel is deprecated in APPPATH\Controllers\Suhu.php on line 205.
 1 SYSTEMPATH\CodeIgniter.php(904): App\Controllers\Suhu->__construct()
 2 SYSTEMPATH\CodeIgniter.php(488): CodeIgniter\CodeIgniter->createController()
 3 SYSTEMPATH\CodeIgniter.php(366): CodeIgniter\CodeIgniter->handleRequest(null, Object(Config\Cache), false)
 4 FCPATH\index.php(81): CodeIgniter\CodeIgniter->run()
CRITICAL - 2025-10-09 06:45:26 --> Trying to access array offset on value of type null
in APPPATH\Controllers\Suhu.php on line 162.
 1 APPPATH\Controllers\Suhu.php(162): CodeIgniter\Debug\Exceptions->errorHandler(2, 'Trying to access array offset on value of type null', 'C:\\xampp\\htdocs\\ereport-ehm\\app\\Controllers\\Suhu.php', 162)
 2 SYSTEMPATH\CodeIgniter.php(932): App\Controllers\Suhu->AddSuhu('bootstrap.js')
 3 SYSTEMPATH\CodeIgniter.php(497): CodeIgniter\CodeIgniter->runController(Object(App\Controllers\Suhu))
 4 SYSTEMPATH\CodeIgniter.php(366): CodeIgniter\CodeIgniter->handleRequest(null, Object(Config\Cache), false)
 5 FCPATH\index.php(81): CodeIgniter\CodeIgniter->run()
WARNING - 2025-10-09 06:45:30 --> [DEPRECATED] Creation of dynamic property App\Controllers\Suhu::$MasterDataModel is deprecated in APPPATH\Controllers\Suhu.php on line 205.
 1 SYSTEMPATH\CodeIgniter.php(904): App\Controllers\Suhu->__construct()
 2 SYSTEMPATH\CodeIgniter.php(488): CodeIgniter\CodeIgniter->createController()
 3 SYSTEMPATH\CodeIgniter.php(366): CodeIgniter\CodeIgniter->handleRequest(null, Object(Config\Cache), false)
 4 FCPATH\index.php(81): CodeIgniter\CodeIgniter->run()
INFO - 2025-10-09 06:45:30 --> Session: Class initialized using 'CodeIgniter\Session\Handlers\FileHandler' driver.
INFO - 2025-10-09 06:45:34 --> Session: Class initialized using 'CodeIgniter\Session\Handlers\FileHandler' driver.
WARNING - 2025-10-09 06:45:35 --> [DEPRECATED] Creation of dynamic property App\Controllers\Suhu::$MasterDataModel is deprecated in APPPATH\Controllers\Suhu.php on line 205.
 1 SYSTEMPATH\CodeIgniter.php(904): App\Controllers\Suhu->__construct()
 2 SYSTEMPATH\CodeIgniter.php(488): CodeIgniter\CodeIgniter->createController()
 3 SYSTEMPATH\CodeIgniter.php(366): CodeIgniter\CodeIgniter->handleRequest(null, Object(Config\Cache), false)
 4 FCPATH\index.php(81): CodeIgniter\CodeIgniter->run()
INFO - 2025-10-09 06:45:39 --> Session: Class initialized using 'CodeIgniter\Session\Handlers\FileHandler' driver.
INFO - 2025-10-09 06:45:55 --> Session: Class initialized using 'CodeIgniter\Session\Handlers\FileHandler' driver.
INFO - 2025-10-09 06:46:00 --> Session: Class initialized using 'CodeIgniter\Session\Handlers\FileHandler' driver.
INFO - 2025-10-09 06:46:21 --> Session: Class initialized using 'CodeIgniter\Session\Handlers\FileHandler' driver.
INFO - 2025-10-09 06:46:22 --> Session: Class initialized using 'CodeIgniter\Session\Handlers\FileHandler' driver.
INFO - 2025-10-09 06:46:26 --> Session: Class initialized using 'CodeIgniter\Session\Handlers\FileHandler' driver.
INFO - 2025-10-09 06:46:31 --> Session: Class initialized using 'CodeIgniter\Session\Handlers\FileHandler' driver.
INFO - 2025-10-09 06:46:55 --> Session: Class initialized using 'CodeIgniter\Session\Handlers\FileHandler' driver.
INFO - 2025-10-09 06:46:57 --> Session: Class initialized using 'CodeIgniter\Session\Handlers\FileHandler' driver.
INFO - 2025-10-09 06:47:11 --> Session: Class initialized using 'CodeIgniter\Session\Handlers\FileHandler' driver.
INFO - 2025-10-09 06:47:19 --> Session: Class initialized using 'CodeIgniter\Session\Handlers\FileHandler' driver.
INFO - 2025-10-09 06:47:34 --> Session: Class initialized using 'CodeIgniter\Session\Handlers\FileHandler' driver.
INFO - 2025-10-09 06:47:39 --> Session: Class initialized using 'CodeIgniter\Session\Handlers\FileHandler' driver.
INFO - 2025-10-09 06:48:07 --> Session: Class initialized using 'CodeIgniter\Session\Handlers\FileHandler' driver.
INFO - 2025-10-09 06:48:07 --> Session: Class initialized using 'CodeIgniter\Session\Handlers\FileHandler' driver.
INFO - 2025-10-09 06:48:11 --> Session: Class initialized using 'CodeIgniter\Session\Handlers\FileHandler' driver.
INFO - 2025-10-09 06:48:19 --> Session: Class initialized using 'CodeIgniter\Session\Handlers\FileHandler' driver.
INFO - 2025-10-09 06:48:38 --> Session: Class initialized using 'CodeIgniter\Session\Handlers\FileHandler' driver.
INFO - 2025-10-09 06:48:39 --> Session: Class initialized using 'CodeIgniter\Session\Handlers\FileHandler' driver.
INFO - 2025-10-09 06:48:45 --> Session: Class initialized using 'CodeIgniter\Session\Handlers\FileHandler' driver.
INFO - 2025-10-09 06:48:56 --> Session: Class initialized using 'CodeIgniter\Session\Handlers\FileHandler' driver.
INFO - 2025-10-09 06:49:56 --> Session: Class initialized using 'CodeIgniter\Session\Handlers\FileHandler' driver.
INFO - 2025-10-09 06:49:58 --> Session: Class initialized using 'CodeIgniter\Session\Handlers\FileHandler' driver.
INFO - 2025-10-09 06:50:02 --> Session: Class initialized using 'CodeIgniter\Session\Handlers\FileHandler' driver.
INFO - 2025-10-09 06:50:08 --> Session: Class initialized using 'CodeIgniter\Session\Handlers\FileHandler' driver.
INFO - 2025-10-09 06:50:27 --> Session: Class initialized using 'CodeIgniter\Session\Handlers\FileHandler' driver.
INFO - 2025-10-09 06:50:27 --> Session: Class initialized using 'CodeIgniter\Session\Handlers\FileHandler' driver.
INFO - 2025-10-09 06:50:33 --> Session: Class initialized using 'CodeIgniter\Session\Handlers\FileHandler' driver.
INFO - 2025-10-09 06:50:37 --> Session: Class initialized using 'CodeIgniter\Session\Handlers\FileHandler' driver.
INFO - 2025-10-09 06:50:57 --> Session: Class initialized using 'CodeIgniter\Session\Handlers\FileHandler' driver.
INFO - 2025-10-09 06:50:59 --> Session: Class initialized using 'CodeIgniter\Session\Handlers\FileHandler' driver.
INFO - 2025-10-09 06:51:06 --> Session: Class initialized using 'CodeIgniter\Session\Handlers\FileHandler' driver.
CRITICAL - 2025-10-09 06:51:21 --> unlink(C:\xampp\htdocs\ereport-ehm\writable\debugbar/debugbar_1759992431.987200.json): No such file or directory
in SYSTEMPATH\Debug\Toolbar\Collectors\History.php on line 76.
 1 [internal function]: CodeIgniter\Debug\Exceptions->errorHandler(2, 'unlink(C:\\xampp\\htdocs\\ereport-ehm\\writable\\debugbar/debugbar_1759992431.987200.json): No such file or directory', 'C:\\xampp\\htdocs\\ereport-ehm\\system\\Debug\\Toolbar\\Collectors\\History.php', 76)
 2 SYSTEMPATH\Debug\Toolbar\Collectors\History.php(76): unlink('C:\\xampp\\htdocs\\ereport-ehm\\writable\\debugbar/debugbar_1759992431.987200.json')
 3 SYSTEMPATH\Debug\Toolbar.php(495): CodeIgniter\Debug\Toolbar\Collectors\History->setFiles('1759992667.396008', 20)
 4 SYSTEMPATH\Debug\Toolbar.php(474): CodeIgniter\Debug\Toolbar->format([...], 'html')
 5 APPPATH\Config\Events.php(46): CodeIgniter\Debug\Toolbar->respond()
 6 SYSTEMPATH\Events\Events.php(149): CodeIgniter\Events\Events::Config\{closure}()
 7 SYSTEMPATH\CodeIgniter.php(348): CodeIgniter\Events\Events::trigger('pre_system')
 8 FCPATH\index.php(81): CodeIgniter\CodeIgniter->run()
INFO - 2025-10-09 06:51:22 --> Session: Class initialized using 'CodeIgniter\Session\Handlers\FileHandler' driver.
INFO - 2025-10-09 06:51:39 --> Session: Class initialized using 'CodeIgniter\Session\Handlers\FileHandler' driver.
INFO - 2025-10-09 06:51:42 --> Session: Class initialized using 'CodeIgniter\Session\Handlers\FileHandler' driver.
INFO - 2025-10-09 06:51:49 --> Session: Class initialized using 'CodeIgniter\Session\Handlers\FileHandler' driver.
INFO - 2025-10-09 06:52:03 --> Session: Class initialized using 'CodeIgniter\Session\Handlers\FileHandler' driver.
INFO - 2025-10-09 06:52:20 --> Session: Class initialized using 'CodeIgniter\Session\Handlers\FileHandler' driver.
INFO - 2025-10-09 06:52:22 --> Session: Class initialized using 'CodeIgniter\Session\Handlers\FileHandler' driver.
INFO - 2025-10-09 06:52:26 --> Session: Class initialized using 'CodeIgniter\Session\Handlers\FileHandler' driver.
INFO - 2025-10-09 06:52:31 --> Session: Class initialized using 'CodeIgniter\Session\Handlers\FileHandler' driver.
INFO - 2025-10-09 06:52:49 --> Session: Class initialized using 'CodeIgniter\Session\Handlers\FileHandler' driver.
INFO - 2025-10-09 06:52:50 --> Session: Class initialized using 'CodeIgniter\Session\Handlers\FileHandler' driver.
INFO - 2025-10-09 06:52:58 --> Session: Class initialized using 'CodeIgniter\Session\Handlers\FileHandler' driver.
INFO - 2025-10-09 06:53:02 --> Session: Class initialized using 'CodeIgniter\Session\Handlers\FileHandler' driver.
INFO - 2025-10-09 06:53:17 --> Session: Class initialized using 'CodeIgniter\Session\Handlers\FileHandler' driver.
INFO - 2025-10-09 06:53:17 --> Session: Class initialized using 'CodeIgniter\Session\Handlers\FileHandler' driver.
INFO - 2025-10-09 06:53:41 --> Session: Class initialized using 'CodeIgniter\Session\Handlers\FileHandler' driver.
INFO - 2025-10-09 07:49:36 --> Session: Class initialized using 'CodeIgniter\Session\Handlers\FileHandler' driver.
INFO - 2025-10-09 07:49:43 --> Session: Class initialized using 'CodeIgniter\Session\Handlers\FileHandler' driver.
INFO - 2025-10-09 07:51:52 --> Session: Class initialized using 'CodeIgniter\Session\Handlers\FileHandler' driver.
INFO - 2025-10-09 07:51:54 --> Session: Class initialized using 'CodeIgniter\Session\Handlers\FileHandler' driver.
INFO - 2025-10-09 07:51:58 --> Session: Class initialized using 'CodeIgniter\Session\Handlers\FileHandler' driver.
WARNING - 2025-10-09 07:51:58 --> [DEPRECATED] Creation of dynamic property App\Controllers\Suhu::$MasterDataModel is deprecated in APPPATH\Controllers\Suhu.php on line 205.
 1 SYSTEMPATH\CodeIgniter.php(904): App\Controllers\Suhu->__construct()
 2 SYSTEMPATH\CodeIgniter.php(488): CodeIgniter\CodeIgniter->createController()
 3 SYSTEMPATH\CodeIgniter.php(366): CodeIgniter\CodeIgniter->handleRequest(null, Object(Config\Cache), false)
 4 FCPATH\index.php(81): CodeIgniter\CodeIgniter->run()
INFO - 2025-10-09 07:54:07 --> Session: Class initialized using 'CodeIgniter\Session\Handlers\FileHandler' driver.
INFO - 2025-10-09 07:54:15 --> Session: Class initialized using 'CodeIgniter\Session\Handlers\FileHandler' driver.
INFO - 2025-10-09 07:54:19 --> Session: Class initialized using 'CodeIgniter\Session\Handlers\FileHandler' driver.
INFO - 2025-10-09 07:58:32 --> Session: Class initialized using 'CodeIgniter\Session\Handlers\FileHandler' driver.
WARNING - 2025-10-09 07:58:32 --> [DEPRECATED] Creation of dynamic property App\Controllers\Suhu::$MasterDataModel is deprecated in APPPATH\Controllers\Suhu.php on line 205.
 1 SYSTEMPATH\CodeIgniter.php(904): App\Controllers\Suhu->__construct()
 2 SYSTEMPATH\CodeIgniter.php(488): CodeIgniter\CodeIgniter->createController()
 3 SYSTEMPATH\CodeIgniter.php(366): CodeIgniter\CodeIgniter->handleRequest(null, Object(Config\Cache), false)
 4 FCPATH\index.php(81): CodeIgniter\CodeIgniter->run()
WARNING - 2025-10-09 07:58:41 --> [DEPRECATED] Creation of dynamic property App\Controllers\Suhu::$MasterDataModel is deprecated in APPPATH\Controllers\Suhu.php on line 205.
 1 SYSTEMPATH\CodeIgniter.php(904): App\Controllers\Suhu->__construct()
 2 SYSTEMPATH\CodeIgniter.php(488): CodeIgniter\CodeIgniter->createController()
 3 SYSTEMPATH\CodeIgniter.php(366): CodeIgniter\CodeIgniter->handleRequest(null, Object(Config\Cache), false)
 4 FCPATH\index.php(81): CodeIgniter\CodeIgniter->run()
INFO - 2025-10-09 07:58:41 --> Session: Class initialized using 'CodeIgniter\Session\Handlers\FileHandler' driver.
WARNING - 2025-10-09 07:58:46 --> [DEPRECATED] Creation of dynamic property App\Controllers\Suhu::$MasterDataModel is deprecated in APPPATH\Controllers\Suhu.php on line 205.
 1 SYSTEMPATH\CodeIgniter.php(904): App\Controllers\Suhu->__construct()
 2 SYSTEMPATH\CodeIgniter.php(488): CodeIgniter\CodeIgniter->createController()
 3 SYSTEMPATH\CodeIgniter.php(366): CodeIgniter\CodeIgniter->handleRequest(null, Object(Config\Cache), false)
 4 FCPATH\index.php(81): CodeIgniter\CodeIgniter->run()
INFO - 2025-10-09 07:58:46 --> Session: Class initialized using 'CodeIgniter\Session\Handlers\FileHandler' driver.
WARNING - 2025-10-09 07:58:46 --> [DEPRECATED] Creation of dynamic property App\Controllers\Suhu::$MasterDataModel is deprecated in APPPATH\Controllers\Suhu.php on line 205.
 1 SYSTEMPATH\CodeIgniter.php(904): App\Controllers\Suhu->__construct()
 2 SYSTEMPATH\CodeIgniter.php(488): CodeIgniter\CodeIgniter->createController()
 3 SYSTEMPATH\CodeIgniter.php(366): CodeIgniter\CodeIgniter->handleRequest(null, Object(Config\Cache), false)
 4 FCPATH\index.php(81): CodeIgniter\CodeIgniter->run()
CRITICAL - 2025-10-09 07:58:46 --> Trying to access array offset on value of type null
in APPPATH\Controllers\Suhu.php on line 162.
 1 APPPATH\Controllers\Suhu.php(162): CodeIgniter\Debug\Exceptions->errorHandler(2, 'Trying to access array offset on value of type null', 'C:\\xampp\\htdocs\\ereport-ehm\\app\\Controllers\\Suhu.php', 162)
 2 SYSTEMPATH\CodeIgniter.php(932): App\Controllers\Suhu->AddSuhu('jquery.js')
 3 SYSTEMPATH\CodeIgniter.php(497): CodeIgniter\CodeIgniter->runController(Object(App\Controllers\Suhu))
 4 SYSTEMPATH\CodeIgniter.php(366): CodeIgniter\CodeIgniter->handleRequest(null, Object(Config\Cache), false)
 5 FCPATH\index.php(81): CodeIgniter\CodeIgniter->run()
WARNING - 2025-10-09 07:58:47 --> [DEPRECATED] Creation of dynamic property App\Controllers\Suhu::$MasterDataModel is deprecated in APPPATH\Controllers\Suhu.php on line 205.
 1 SYSTEMPATH\CodeIgniter.php(904): App\Controllers\Suhu->__construct()
 2 SYSTEMPATH\CodeIgniter.php(488): CodeIgniter\CodeIgniter->createController()
 3 SYSTEMPATH\CodeIgniter.php(366): CodeIgniter\CodeIgniter->handleRequest(null, Object(Config\Cache), false)
 4 FCPATH\index.php(81): CodeIgniter\CodeIgniter->run()
CRITICAL - 2025-10-09 07:58:47 --> Trying to access array offset on value of type null
in APPPATH\Controllers\Suhu.php on line 162.
 1 APPPATH\Controllers\Suhu.php(162): CodeIgniter\Debug\Exceptions->errorHandler(2, 'Trying to access array offset on value of type null', 'C:\\xampp\\htdocs\\ereport-ehm\\app\\Controllers\\Suhu.php', 162)
 2 SYSTEMPATH\CodeIgniter.php(932): App\Controllers\Suhu->AddSuhu('bootstrap.js')
 3 SYSTEMPATH\CodeIgniter.php(497): CodeIgniter\CodeIgniter->runController(Object(App\Controllers\Suhu))
 4 SYSTEMPATH\CodeIgniter.php(366): CodeIgniter\CodeIgniter->handleRequest(null, Object(Config\Cache), false)
 5 FCPATH\index.php(81): CodeIgniter\CodeIgniter->run()
WARNING - 2025-10-09 07:58:55 --> [DEPRECATED] Creation of dynamic property App\Controllers\Suhu::$MasterDataModel is deprecated in APPPATH\Controllers\Suhu.php on line 205.
 1 SYSTEMPATH\CodeIgniter.php(904): App\Controllers\Suhu->__construct()
 2 SYSTEMPATH\CodeIgniter.php(488): CodeIgniter\CodeIgniter->createController()
 3 SYSTEMPATH\CodeIgniter.php(366): CodeIgniter\CodeIgniter->handleRequest(null, Object(Config\Cache), false)
 4 FCPATH\index.php(81): CodeIgniter\CodeIgniter->run()
INFO - 2025-10-09 07:58:55 --> Session: Class initialized using 'CodeIgniter\Session\Handlers\FileHandler' driver.
WARNING - 2025-10-09 07:59:06 --> [DEPRECATED] Creation of dynamic property App\Controllers\Suhu::$MasterDataModel is deprecated in APPPATH\Controllers\Suhu.php on line 205.
 1 SYSTEMPATH\CodeIgniter.php(904): App\Controllers\Suhu->__construct()
 2 SYSTEMPATH\CodeIgniter.php(488): CodeIgniter\CodeIgniter->createController()
 3 SYSTEMPATH\CodeIgniter.php(366): CodeIgniter\CodeIgniter->handleRequest(null, Object(Config\Cache), false)
 4 FCPATH\index.php(81): CodeIgniter\CodeIgniter->run()
INFO - 2025-10-09 07:59:06 --> Session: Class initialized using 'CodeIgniter\Session\Handlers\FileHandler' driver.
WARNING - 2025-10-09 07:59:07 --> [DEPRECATED] Creation of dynamic property App\Controllers\Suhu::$MasterDataModel is deprecated in APPPATH\Controllers\Suhu.php on line 205.
 1 SYSTEMPATH\CodeIgniter.php(904): App\Controllers\Suhu->__construct()
 2 SYSTEMPATH\CodeIgniter.php(488): CodeIgniter\CodeIgniter->createController()
 3 SYSTEMPATH\CodeIgniter.php(366): CodeIgniter\CodeIgniter->handleRequest(null, Object(Config\Cache), false)
 4 FCPATH\index.php(81): CodeIgniter\CodeIgniter->run()
CRITICAL - 2025-10-09 07:59:07 --> Trying to access array offset on value of type null
in APPPATH\Controllers\Suhu.php on line 162.
 1 APPPATH\Controllers\Suhu.php(162): CodeIgniter\Debug\Exceptions->errorHandler(2, 'Trying to access array offset on value of type null', 'C:\\xampp\\htdocs\\ereport-ehm\\app\\Controllers\\Suhu.php', 162)
 2 SYSTEMPATH\CodeIgniter.php(932): App\Controllers\Suhu->AddSuhu('jquery.js')
 3 SYSTEMPATH\CodeIgniter.php(497): CodeIgniter\CodeIgniter->runController(Object(App\Controllers\Suhu))
 4 SYSTEMPATH\CodeIgniter.php(366): CodeIgniter\CodeIgniter->handleRequest(null, Object(Config\Cache), false)
 5 FCPATH\index.php(81): CodeIgniter\CodeIgniter->run()
WARNING - 2025-10-09 07:59:07 --> [DEPRECATED] Creation of dynamic property App\Controllers\Suhu::$MasterDataModel is deprecated in APPPATH\Controllers\Suhu.php on line 205.
 1 SYSTEMPATH\CodeIgniter.php(904): App\Controllers\Suhu->__construct()
 2 SYSTEMPATH\CodeIgniter.php(488): CodeIgniter\CodeIgniter->createController()
 3 SYSTEMPATH\CodeIgniter.php(366): CodeIgniter\CodeIgniter->handleRequest(null, Object(Config\Cache), false)
 4 FCPATH\index.php(81): CodeIgniter\CodeIgniter->run()
CRITICAL - 2025-10-09 07:59:07 --> Trying to access array offset on value of type null
in APPPATH\Controllers\Suhu.php on line 162.
 1 APPPATH\Controllers\Suhu.php(162): CodeIgniter\Debug\Exceptions->errorHandler(2, 'Trying to access array offset on value of type null', 'C:\\xampp\\htdocs\\ereport-ehm\\app\\Controllers\\Suhu.php', 162)
 2 SYSTEMPATH\CodeIgniter.php(932): App\Controllers\Suhu->AddSuhu('bootstrap.js')
 3 SYSTEMPATH\CodeIgniter.php(497): CodeIgniter\CodeIgniter->runController(Object(App\Controllers\Suhu))
 4 SYSTEMPATH\CodeIgniter.php(366): CodeIgniter\CodeIgniter->handleRequest(null, Object(Config\Cache), false)
 5 FCPATH\index.php(81): CodeIgniter\CodeIgniter->run()
WARNING - 2025-10-09 07:59:32 --> [DEPRECATED] Creation of dynamic property App\Controllers\Suhu::$MasterDataModel is deprecated in APPPATH\Controllers\Suhu.php on line 205.
 1 SYSTEMPATH\CodeIgniter.php(904): App\Controllers\Suhu->__construct()
 2 SYSTEMPATH\CodeIgniter.php(488): CodeIgniter\CodeIgniter->createController()
 3 SYSTEMPATH\CodeIgniter.php(366): CodeIgniter\CodeIgniter->handleRequest(null, Object(Config\Cache), false)
 4 FCPATH\index.php(81): CodeIgniter\CodeIgniter->run()
INFO - 2025-10-09 07:59:32 --> Session: Class initialized using 'CodeIgniter\Session\Handlers\FileHandler' driver.
WARNING - 2025-10-09 07:59:32 --> [DEPRECATED] Creation of dynamic property App\Controllers\Suhu::$MasterDataModel is deprecated in APPPATH\Controllers\Suhu.php on line 205.
 1 SYSTEMPATH\CodeIgniter.php(904): App\Controllers\Suhu->__construct()
 2 SYSTEMPATH\CodeIgniter.php(488): CodeIgniter\CodeIgniter->createController()
 3 SYSTEMPATH\CodeIgniter.php(366): CodeIgniter\CodeIgniter->handleRequest(null, Object(Config\Cache), false)
 4 FCPATH\index.php(81): CodeIgniter\CodeIgniter->run()
INFO - 2025-10-09 07:59:32 --> Session: Class initialized using 'CodeIgniter\Session\Handlers\FileHandler' driver.
WARNING - 2025-10-09 07:59:33 --> [DEPRECATED] Creation of dynamic property App\Controllers\Suhu::$MasterDataModel is deprecated in APPPATH\Controllers\Suhu.php on line 205.
 1 SYSTEMPATH\CodeIgniter.php(904): App\Controllers\Suhu->__construct()
 2 SYSTEMPATH\CodeIgniter.php(488): CodeIgniter\CodeIgniter->createController()
 3 SYSTEMPATH\CodeIgniter.php(366): CodeIgniter\CodeIgniter->handleRequest(null, Object(Config\Cache), false)
 4 FCPATH\index.php(81): CodeIgniter\CodeIgniter->run()
CRITICAL - 2025-10-09 07:59:33 --> Trying to access array offset on value of type null
in APPPATH\Controllers\Suhu.php on line 162.
 1 APPPATH\Controllers\Suhu.php(162): CodeIgniter\Debug\Exceptions->errorHandler(2, 'Trying to access array offset on value of type null', 'C:\\xampp\\htdocs\\ereport-ehm\\app\\Controllers\\Suhu.php', 162)
 2 SYSTEMPATH\CodeIgniter.php(932): App\Controllers\Suhu->AddSuhu('jquery.js')
 3 SYSTEMPATH\CodeIgniter.php(497): CodeIgniter\CodeIgniter->runController(Object(App\Controllers\Suhu))
 4 SYSTEMPATH\CodeIgniter.php(366): CodeIgniter\CodeIgniter->handleRequest(null, Object(Config\Cache), false)
 5 FCPATH\index.php(81): CodeIgniter\CodeIgniter->run()
WARNING - 2025-10-09 07:59:33 --> [DEPRECATED] Creation of dynamic property App\Controllers\Suhu::$MasterDataModel is deprecated in APPPATH\Controllers\Suhu.php on line 205.
 1 SYSTEMPATH\CodeIgniter.php(904): App\Controllers\Suhu->__construct()
 2 SYSTEMPATH\CodeIgniter.php(488): CodeIgniter\CodeIgniter->createController()
 3 SYSTEMPATH\CodeIgniter.php(366): CodeIgniter\CodeIgniter->handleRequest(null, Object(Config\Cache), false)
 4 FCPATH\index.php(81): CodeIgniter\CodeIgniter->run()
CRITICAL - 2025-10-09 07:59:33 --> Trying to access array offset on value of type null
in APPPATH\Controllers\Suhu.php on line 162.
 1 APPPATH\Controllers\Suhu.php(162): CodeIgniter\Debug\Exceptions->errorHandler(2, 'Trying to access array offset on value of type null', 'C:\\xampp\\htdocs\\ereport-ehm\\app\\Controllers\\Suhu.php', 162)
 2 SYSTEMPATH\CodeIgniter.php(932): App\Controllers\Suhu->AddSuhu('bootstrap.js')
 3 SYSTEMPATH\CodeIgniter.php(497): CodeIgniter\CodeIgniter->runController(Object(App\Controllers\Suhu))
 4 SYSTEMPATH\CodeIgniter.php(366): CodeIgniter\CodeIgniter->handleRequest(null, Object(Config\Cache), false)
 5 FCPATH\index.php(81): CodeIgniter\CodeIgniter->run()
WARNING - 2025-10-09 07:59:38 --> [DEPRECATED] Creation of dynamic property App\Controllers\Suhu::$MasterDataModel is deprecated in APPPATH\Controllers\Suhu.php on line 205.
 1 SYSTEMPATH\CodeIgniter.php(904): App\Controllers\Suhu->__construct()
 2 SYSTEMPATH\CodeIgniter.php(488): CodeIgniter\CodeIgniter->createController()
 3 SYSTEMPATH\CodeIgniter.php(366): CodeIgniter\CodeIgniter->handleRequest(null, Object(Config\Cache), false)
 4 FCPATH\index.php(81): CodeIgniter\CodeIgniter->run()
INFO - 2025-10-09 07:59:38 --> Session: Class initialized using 'CodeIgniter\Session\Handlers\FileHandler' driver.
INFO - 2025-10-09 07:59:43 --> Session: Class initialized using 'CodeIgniter\Session\Handlers\FileHandler' driver.
INFO - 2025-10-09 07:59:45 --> Session: Class initialized using 'CodeIgniter\Session\Handlers\FileHandler' driver.
WARNING - 2025-10-09 07:59:45 --> [DEPRECATED] Creation of dynamic property App\Controllers\Suhu::$MasterDataModel is deprecated in APPPATH\Controllers\Suhu.php on line 205.
 1 SYSTEMPATH\CodeIgniter.php(904): App\Controllers\Suhu->__construct()
 2 SYSTEMPATH\CodeIgniter.php(488): CodeIgniter\CodeIgniter->createController()
 3 SYSTEMPATH\CodeIgniter.php(366): CodeIgniter\CodeIgniter->handleRequest(null, Object(Config\Cache), false)
 4 FCPATH\index.php(81): CodeIgniter\CodeIgniter->run()
WARNING - 2025-10-09 07:59:54 --> [DEPRECATED] Creation of dynamic property App\Controllers\Suhu::$MasterDataModel is deprecated in APPPATH\Controllers\Suhu.php on line 205.
 1 SYSTEMPATH\CodeIgniter.php(904): App\Controllers\Suhu->__construct()
 2 SYSTEMPATH\CodeIgniter.php(488): CodeIgniter\CodeIgniter->createController()
 3 SYSTEMPATH\CodeIgniter.php(366): CodeIgniter\CodeIgniter->handleRequest(null, Object(Config\Cache), false)
 4 FCPATH\index.php(81): CodeIgniter\CodeIgniter->run()
INFO - 2025-10-09 07:59:54 --> Session: Class initialized using 'CodeIgniter\Session\Handlers\FileHandler' driver.
WARNING - 2025-10-09 07:59:58 --> [DEPRECATED] Creation of dynamic property App\Controllers\Suhu::$MasterDataModel is deprecated in APPPATH\Controllers\Suhu.php on line 205.
 1 SYSTEMPATH\CodeIgniter.php(904): App\Controllers\Suhu->__construct()
 2 SYSTEMPATH\CodeIgniter.php(488): CodeIgniter\CodeIgniter->createController()
 3 SYSTEMPATH\CodeIgniter.php(366): CodeIgniter\CodeIgniter->handleRequest(null, Object(Config\Cache), false)
 4 FCPATH\index.php(81): CodeIgniter\CodeIgniter->run()
INFO - 2025-10-09 07:59:58 --> Session: Class initialized using 'CodeIgniter\Session\Handlers\FileHandler' driver.
WARNING - 2025-10-09 07:59:58 --> [DEPRECATED] Creation of dynamic property App\Controllers\Suhu::$MasterDataModel is deprecated in APPPATH\Controllers\Suhu.php on line 205.
 1 SYSTEMPATH\CodeIgniter.php(904): App\Controllers\Suhu->__construct()
 2 SYSTEMPATH\CodeIgniter.php(488): CodeIgniter\CodeIgniter->createController()
 3 SYSTEMPATH\CodeIgniter.php(366): CodeIgniter\CodeIgniter->handleRequest(null, Object(Config\Cache), false)
 4 FCPATH\index.php(81): CodeIgniter\CodeIgniter->run()
INFO - 2025-10-09 07:59:58 --> Session: Class initialized using 'CodeIgniter\Session\Handlers\FileHandler' driver.
INFO - 2025-10-09 08:00:08 --> Session: Class initialized using 'CodeIgniter\Session\Handlers\FileHandler' driver.
INFO - 2025-10-09 08:00:18 --> Session: Class initialized using 'CodeIgniter\Session\Handlers\FileHandler' driver.
INFO - 2025-10-09 08:00:28 --> Session: Class initialized using 'CodeIgniter\Session\Handlers\FileHandler' driver.
INFO - 2025-10-09 08:00:49 --> Session: Class initialized using 'CodeIgniter\Session\Handlers\FileHandler' driver.
INFO - 2025-10-09 08:00:52 --> Session: Class initialized using 'CodeIgniter\Session\Handlers\FileHandler' driver.
INFO - 2025-10-09 08:00:58 --> Session: Class initialized using 'CodeIgniter\Session\Handlers\FileHandler' driver.
INFO - 2025-10-09 08:01:03 --> Session: Class initialized using 'CodeIgniter\Session\Handlers\FileHandler' driver.
INFO - 2025-10-09 08:01:06 --> Session: Class initialized using 'CodeIgniter\Session\Handlers\FileHandler' driver.
INFO - 2025-10-09 08:01:17 --> Session: Class initialized using 'CodeIgniter\Session\Handlers\FileHandler' driver.
INFO - 2025-10-09 08:01:31 --> Session: Class initialized using 'CodeIgniter\Session\Handlers\FileHandler' driver.
INFO - 2025-10-09 08:01:43 --> Session: Class initialized using 'CodeIgniter\Session\Handlers\FileHandler' driver.
INFO - 2025-10-09 08:01:48 --> Session: Class initialized using 'CodeIgniter\Session\Handlers\FileHandler' driver.
INFO - 2025-10-09 08:01:48 --> Session: Class initialized using 'CodeIgniter\Session\Handlers\FileHandler' driver.
INFO - 2025-10-09 08:01:54 --> Session: Class initialized using 'CodeIgniter\Session\Handlers\FileHandler' driver.
INFO - 2025-10-09 08:02:11 --> Session: Class initialized using 'CodeIgniter\Session\Handlers\FileHandler' driver.
INFO - 2025-10-09 08:02:20 --> Session: Class initialized using 'CodeIgniter\Session\Handlers\FileHandler' driver.
INFO - 2025-10-09 08:02:24 --> Session: Class initialized using 'CodeIgniter\Session\Handlers\FileHandler' driver.
INFO - 2025-10-09 08:02:44 --> Session: Class initialized using 'CodeIgniter\Session\Handlers\FileHandler' driver.
INFO - 2025-10-09 08:02:46 --> Session: Class initialized using 'CodeIgniter\Session\Handlers\FileHandler' driver.
INFO - 2025-10-09 08:02:51 --> Session: Class initialized using 'CodeIgniter\Session\Handlers\FileHandler' driver.
INFO - 2025-10-09 08:03:02 --> Session: Class initialized using 'CodeIgniter\Session\Handlers\FileHandler' driver.
INFO - 2025-10-09 08:03:02 --> Session: Class initialized using 'CodeIgniter\Session\Handlers\FileHandler' driver.
INFO - 2025-10-09 08:03:14 --> Session: Class initialized using 'CodeIgniter\Session\Handlers\FileHandler' driver.
INFO - 2025-10-09 08:03:22 --> Session: Class initialized using 'CodeIgniter\Session\Handlers\FileHandler' driver.
INFO - 2025-10-09 08:03:25 --> Session: Class initialized using 'CodeIgniter\Session\Handlers\FileHandler' driver.
INFO - 2025-10-09 08:03:44 --> Session: Class initialized using 'CodeIgniter\Session\Handlers\FileHandler' driver.
WARNING - 2025-10-09 08:03:44 --> [DEPRECATED] Creation of dynamic property App\Controllers\Suhu::$MasterDataModel is deprecated in APPPATH\Controllers\Suhu.php on line 205.
 1 SYSTEMPATH\CodeIgniter.php(904): App\Controllers\Suhu->__construct()
 2 SYSTEMPATH\CodeIgniter.php(488): CodeIgniter\CodeIgniter->createController()
 3 SYSTEMPATH\CodeIgniter.php(366): CodeIgniter\CodeIgniter->handleRequest(null, Object(Config\Cache), false)
 4 FCPATH\index.php(81): CodeIgniter\CodeIgniter->run()
WARNING - 2025-10-09 08:03:58 --> [DEPRECATED] Creation of dynamic property App\Controllers\Suhu::$MasterDataModel is deprecated in APPPATH\Controllers\Suhu.php on line 205.
 1 SYSTEMPATH\CodeIgniter.php(904): App\Controllers\Suhu->__construct()
 2 SYSTEMPATH\CodeIgniter.php(488): CodeIgniter\CodeIgniter->createController()
 3 SYSTEMPATH\CodeIgniter.php(366): CodeIgniter\CodeIgniter->handleRequest(null, Object(Config\Cache), false)
 4 FCPATH\index.php(81): CodeIgniter\CodeIgniter->run()
INFO - 2025-10-09 08:03:58 --> Session: Class initialized using 'CodeIgniter\Session\Handlers\FileHandler' driver.
WARNING - 2025-10-09 08:05:34 --> [DEPRECATED] Creation of dynamic property App\Controllers\Suhu::$MasterDataModel is deprecated in APPPATH\Controllers\Suhu.php on line 205.
 1 SYSTEMPATH\CodeIgniter.php(904): App\Controllers\Suhu->__construct()
 2 SYSTEMPATH\CodeIgniter.php(488): CodeIgniter\CodeIgniter->createController()
 3 SYSTEMPATH\CodeIgniter.php(366): CodeIgniter\CodeIgniter->handleRequest(null, Object(Config\Cache), false)
 4 FCPATH\index.php(81): CodeIgniter\CodeIgniter->run()
INFO - 2025-10-09 08:05:34 --> Session: Class initialized using 'CodeIgniter\Session\Handlers\FileHandler' driver.
WARNING - 2025-10-09 08:05:35 --> [DEPRECATED] Creation of dynamic property App\Controllers\Suhu::$MasterDataModel is deprecated in APPPATH\Controllers\Suhu.php on line 205.
 1 SYSTEMPATH\CodeIgniter.php(904): App\Controllers\Suhu->__construct()
 2 SYSTEMPATH\CodeIgniter.php(488): CodeIgniter\CodeIgniter->createController()
 3 SYSTEMPATH\CodeIgniter.php(366): CodeIgniter\CodeIgniter->handleRequest(null, Object(Config\Cache), false)
 4 FCPATH\index.php(81): CodeIgniter\CodeIgniter->run()
CRITICAL - 2025-10-09 08:05:35 --> Trying to access array offset on value of type null
in APPPATH\Controllers\Suhu.php on line 162.
 1 APPPATH\Controllers\Suhu.php(162): CodeIgniter\Debug\Exceptions->errorHandler(2, 'Trying to access array offset on value of type null', 'C:\\xampp\\htdocs\\ereport-ehm\\app\\Controllers\\Suhu.php', 162)
 2 SYSTEMPATH\CodeIgniter.php(932): App\Controllers\Suhu->AddSuhu('bootstrap.js')
 3 SYSTEMPATH\CodeIgniter.php(497): CodeIgniter\CodeIgniter->runController(Object(App\Controllers\Suhu))
 4 SYSTEMPATH\CodeIgniter.php(366): CodeIgniter\CodeIgniter->handleRequest(null, Object(Config\Cache), false)
 5 FCPATH\index.php(81): CodeIgniter\CodeIgniter->run()
WARNING - 2025-10-09 08:05:35 --> [DEPRECATED] Creation of dynamic property App\Controllers\Suhu::$MasterDataModel is deprecated in APPPATH\Controllers\Suhu.php on line 205.
 1 SYSTEMPATH\CodeIgniter.php(904): App\Controllers\Suhu->__construct()
 2 SYSTEMPATH\CodeIgniter.php(488): CodeIgniter\CodeIgniter->createController()
 3 SYSTEMPATH\CodeIgniter.php(366): CodeIgniter\CodeIgniter->handleRequest(null, Object(Config\Cache), false)
 4 FCPATH\index.php(81): CodeIgniter\CodeIgniter->run()
CRITICAL - 2025-10-09 08:05:35 --> Trying to access array offset on value of type null
in APPPATH\Controllers\Suhu.php on line 162.
 1 APPPATH\Controllers\Suhu.php(162): CodeIgniter\Debug\Exceptions->errorHandler(2, 'Trying to access array offset on value of type null', 'C:\\xampp\\htdocs\\ereport-ehm\\app\\Controllers\\Suhu.php', 162)
 2 SYSTEMPATH\CodeIgniter.php(932): App\Controllers\Suhu->AddSuhu('jquery.js')
 3 SYSTEMPATH\CodeIgniter.php(497): CodeIgniter\CodeIgniter->runController(Object(App\Controllers\Suhu))
 4 SYSTEMPATH\CodeIgniter.php(366): CodeIgniter\CodeIgniter->handleRequest(null, Object(Config\Cache), false)
 5 FCPATH\index.php(81): CodeIgniter\CodeIgniter->run()
WARNING - 2025-10-09 08:05:59 --> [DEPRECATED] Creation of dynamic property App\Controllers\Suhu::$MasterDataModel is deprecated in APPPATH\Controllers\Suhu.php on line 205.
 1 SYSTEMPATH\CodeIgniter.php(904): App\Controllers\Suhu->__construct()
 2 SYSTEMPATH\CodeIgniter.php(488): CodeIgniter\CodeIgniter->createController()
 3 SYSTEMPATH\CodeIgniter.php(366): CodeIgniter\CodeIgniter->handleRequest(null, Object(Config\Cache), false)
 4 FCPATH\index.php(81): CodeIgniter\CodeIgniter->run()
INFO - 2025-10-09 08:05:59 --> Session: Class initialized using 'CodeIgniter\Session\Handlers\FileHandler' driver.
WARNING - 2025-10-09 08:05:59 --> [DEPRECATED] Creation of dynamic property App\Controllers\Suhu::$MasterDataModel is deprecated in APPPATH\Controllers\Suhu.php on line 205.
 1 SYSTEMPATH\CodeIgniter.php(904): App\Controllers\Suhu->__construct()
 2 SYSTEMPATH\CodeIgniter.php(488): CodeIgniter\CodeIgniter->createController()
 3 SYSTEMPATH\CodeIgniter.php(366): CodeIgniter\CodeIgniter->handleRequest(null, Object(Config\Cache), false)
 4 FCPATH\index.php(81): CodeIgniter\CodeIgniter->run()
INFO - 2025-10-09 08:06:00 --> Session: Class initialized using 'CodeIgniter\Session\Handlers\FileHandler' driver.
WARNING - 2025-10-09 08:06:01 --> [DEPRECATED] Creation of dynamic property App\Controllers\Suhu::$MasterDataModel is deprecated in APPPATH\Controllers\Suhu.php on line 205.
 1 SYSTEMPATH\CodeIgniter.php(904): App\Controllers\Suhu->__construct()
 2 SYSTEMPATH\CodeIgniter.php(488): CodeIgniter\CodeIgniter->createController()
 3 SYSTEMPATH\CodeIgniter.php(366): CodeIgniter\CodeIgniter->handleRequest(null, Object(Config\Cache), false)
 4 FCPATH\index.php(81): CodeIgniter\CodeIgniter->run()
CRITICAL - 2025-10-09 08:06:01 --> Trying to access array offset on value of type null
in APPPATH\Controllers\Suhu.php on line 162.
 1 APPPATH\Controllers\Suhu.php(162): CodeIgniter\Debug\Exceptions->errorHandler(2, 'Trying to access array offset on value of type null', 'C:\\xampp\\htdocs\\ereport-ehm\\app\\Controllers\\Suhu.php', 162)
 2 SYSTEMPATH\CodeIgniter.php(932): App\Controllers\Suhu->AddSuhu('jquery.js')
 3 SYSTEMPATH\CodeIgniter.php(497): CodeIgniter\CodeIgniter->runController(Object(App\Controllers\Suhu))
 4 SYSTEMPATH\CodeIgniter.php(366): CodeIgniter\CodeIgniter->handleRequest(null, Object(Config\Cache), false)
 5 FCPATH\index.php(81): CodeIgniter\CodeIgniter->run()
WARNING - 2025-10-09 08:06:01 --> [DEPRECATED] Creation of dynamic property App\Controllers\Suhu::$MasterDataModel is deprecated in APPPATH\Controllers\Suhu.php on line 205.
 1 SYSTEMPATH\CodeIgniter.php(904): App\Controllers\Suhu->__construct()
 2 SYSTEMPATH\CodeIgniter.php(488): CodeIgniter\CodeIgniter->createController()
 3 SYSTEMPATH\CodeIgniter.php(366): CodeIgniter\CodeIgniter->handleRequest(null, Object(Config\Cache), false)
 4 FCPATH\index.php(81): CodeIgniter\CodeIgniter->run()
CRITICAL - 2025-10-09 08:06:01 --> Trying to access array offset on value of type null
in APPPATH\Controllers\Suhu.php on line 162.
 1 APPPATH\Controllers\Suhu.php(162): CodeIgniter\Debug\Exceptions->errorHandler(2, 'Trying to access array offset on value of type null', 'C:\\xampp\\htdocs\\ereport-ehm\\app\\Controllers\\Suhu.php', 162)
 2 SYSTEMPATH\CodeIgniter.php(932): App\Controllers\Suhu->AddSuhu('bootstrap.js')
 3 SYSTEMPATH\CodeIgniter.php(497): CodeIgniter\CodeIgniter->runController(Object(App\Controllers\Suhu))
 4 SYSTEMPATH\CodeIgniter.php(366): CodeIgniter\CodeIgniter->handleRequest(null, Object(Config\Cache), false)
 5 FCPATH\index.php(81): CodeIgniter\CodeIgniter->run()
WARNING - 2025-10-09 08:06:29 --> [DEPRECATED] Creation of dynamic property App\Controllers\Suhu::$MasterDataModel is deprecated in APPPATH\Controllers\Suhu.php on line 205.
 1 SYSTEMPATH\CodeIgniter.php(904): App\Controllers\Suhu->__construct()
 2 SYSTEMPATH\CodeIgniter.php(488): CodeIgniter\CodeIgniter->createController()
 3 SYSTEMPATH\CodeIgniter.php(366): CodeIgniter\CodeIgniter->handleRequest(null, Object(Config\Cache), false)
 4 FCPATH\index.php(81): CodeIgniter\CodeIgniter->run()
INFO - 2025-10-09 08:06:30 --> Session: Class initialized using 'CodeIgniter\Session\Handlers\FileHandler' driver.
WARNING - 2025-10-09 08:06:35 --> [DEPRECATED] Creation of dynamic property App\Controllers\Suhu::$MasterDataModel is deprecated in APPPATH\Controllers\Suhu.php on line 205.
 1 SYSTEMPATH\CodeIgniter.php(904): App\Controllers\Suhu->__construct()
 2 SYSTEMPATH\CodeIgniter.php(488): CodeIgniter\CodeIgniter->createController()
 3 SYSTEMPATH\CodeIgniter.php(366): CodeIgniter\CodeIgniter->handleRequest(null, Object(Config\Cache), false)
 4 FCPATH\index.php(81): CodeIgniter\CodeIgniter->run()
INFO - 2025-10-09 08:06:35 --> Session: Class initialized using 'CodeIgniter\Session\Handlers\FileHandler' driver.
WARNING - 2025-10-09 08:06:35 --> [DEPRECATED] Creation of dynamic property App\Controllers\Suhu::$MasterDataModel is deprecated in APPPATH\Controllers\Suhu.php on line 205.
 1 SYSTEMPATH\CodeIgniter.php(904): App\Controllers\Suhu->__construct()
 2 SYSTEMPATH\CodeIgniter.php(488): CodeIgniter\CodeIgniter->createController()
 3 SYSTEMPATH\CodeIgniter.php(366): CodeIgniter\CodeIgniter->handleRequest(null, Object(Config\Cache), false)
 4 FCPATH\index.php(81): CodeIgniter\CodeIgniter->run()
INFO - 2025-10-09 08:06:35 --> Session: Class initialized using 'CodeIgniter\Session\Handlers\FileHandler' driver.
WARNING - 2025-10-09 08:06:39 --> [DEPRECATED] Creation of dynamic property App\Controllers\Suhu::$MasterDataModel is deprecated in APPPATH\Controllers\Suhu.php on line 205.
 1 SYSTEMPATH\CodeIgniter.php(904): App\Controllers\Suhu->__construct()
 2 SYSTEMPATH\CodeIgniter.php(488): CodeIgniter\CodeIgniter->createController()
 3 SYSTEMPATH\CodeIgniter.php(366): CodeIgniter\CodeIgniter->handleRequest(null, Object(Config\Cache), false)
 4 FCPATH\index.php(81): CodeIgniter\CodeIgniter->run()
INFO - 2025-10-09 08:06:39 --> Session: Class initialized using 'CodeIgniter\Session\Handlers\FileHandler' driver.
WARNING - 2025-10-09 08:06:40 --> [DEPRECATED] Creation of dynamic property App\Controllers\Suhu::$MasterDataModel is deprecated in APPPATH\Controllers\Suhu.php on line 205.
 1 SYSTEMPATH\CodeIgniter.php(904): App\Controllers\Suhu->__construct()
 2 SYSTEMPATH\CodeIgniter.php(488): CodeIgniter\CodeIgniter->createController()
 3 SYSTEMPATH\CodeIgniter.php(366): CodeIgniter\CodeIgniter->handleRequest(null, Object(Config\Cache), false)
 4 FCPATH\index.php(81): CodeIgniter\CodeIgniter->run()
CRITICAL - 2025-10-09 08:06:41 --> Trying to access array offset on value of type null
in APPPATH\Controllers\Suhu.php on line 162.
 1 APPPATH\Controllers\Suhu.php(162): CodeIgniter\Debug\Exceptions->errorHandler(2, 'Trying to access array offset on value of type null', 'C:\\xampp\\htdocs\\ereport-ehm\\app\\Controllers\\Suhu.php', 162)
 2 SYSTEMPATH\CodeIgniter.php(932): App\Controllers\Suhu->AddSuhu('jquery.js')
 3 SYSTEMPATH\CodeIgniter.php(497): CodeIgniter\CodeIgniter->runController(Object(App\Controllers\Suhu))
 4 SYSTEMPATH\CodeIgniter.php(366): CodeIgniter\CodeIgniter->handleRequest(null, Object(Config\Cache), false)
 5 FCPATH\index.php(81): CodeIgniter\CodeIgniter->run()
WARNING - 2025-10-09 08:06:41 --> [DEPRECATED] Creation of dynamic property App\Controllers\Suhu::$MasterDataModel is deprecated in APPPATH\Controllers\Suhu.php on line 205.
 1 SYSTEMPATH\CodeIgniter.php(904): App\Controllers\Suhu->__construct()
 2 SYSTEMPATH\CodeIgniter.php(488): CodeIgniter\CodeIgniter->createController()
 3 SYSTEMPATH\CodeIgniter.php(366): CodeIgniter\CodeIgniter->handleRequest(null, Object(Config\Cache), false)
 4 FCPATH\index.php(81): CodeIgniter\CodeIgniter->run()
CRITICAL - 2025-10-09 08:06:42 --> Trying to access array offset on value of type null
in APPPATH\Controllers\Suhu.php on line 162.
 1 APPPATH\Controllers\Suhu.php(162): CodeIgniter\Debug\Exceptions->errorHandler(2, 'Trying to access array offset on value of type null', 'C:\\xampp\\htdocs\\ereport-ehm\\app\\Controllers\\Suhu.php', 162)
 2 SYSTEMPATH\CodeIgniter.php(932): App\Controllers\Suhu->AddSuhu('bootstrap.js')
 3 SYSTEMPATH\CodeIgniter.php(497): CodeIgniter\CodeIgniter->runController(Object(App\Controllers\Suhu))
 4 SYSTEMPATH\CodeIgniter.php(366): CodeIgniter\CodeIgniter->handleRequest(null, Object(Config\Cache), false)
 5 FCPATH\index.php(81): CodeIgniter\CodeIgniter->run()
INFO - 2025-10-09 08:06:47 --> Session: Class initialized using 'CodeIgniter\Session\Handlers\FileHandler' driver.
INFO - 2025-10-09 08:06:52 --> Session: Class initialized using 'CodeIgniter\Session\Handlers\FileHandler' driver.
INFO - 2025-10-09 08:06:57 --> Session: Class initialized using 'CodeIgniter\Session\Handlers\FileHandler' driver.
INFO - 2025-10-09 08:07:03 --> Session: Class initialized using 'CodeIgniter\Session\Handlers\FileHandler' driver.
INFO - 2025-10-09 08:07:07 --> Session: Class initialized using 'CodeIgniter\Session\Handlers\FileHandler' driver.
INFO - 2025-10-09 08:07:23 --> Session: Class initialized using 'CodeIgniter\Session\Handlers\FileHandler' driver.
INFO - 2025-10-09 08:07:25 --> Session: Class initialized using 'CodeIgniter\Session\Handlers\FileHandler' driver.
INFO - 2025-10-09 08:07:32 --> Session: Class initialized using 'CodeIgniter\Session\Handlers\FileHandler' driver.
INFO - 2025-10-09 08:07:40 --> Session: Class initialized using 'CodeIgniter\Session\Handlers\FileHandler' driver.
INFO - 2025-10-09 08:07:43 --> Session: Class initialized using 'CodeIgniter\Session\Handlers\FileHandler' driver.
INFO - 2025-10-09 08:08:08 --> Session: Class initialized using 'CodeIgniter\Session\Handlers\FileHandler' driver.
INFO - 2025-10-09 08:08:09 --> Session: Class initialized using 'CodeIgniter\Session\Handlers\FileHandler' driver.
INFO - 2025-10-09 08:08:15 --> Session: Class initialized using 'CodeIgniter\Session\Handlers\FileHandler' driver.
INFO - 2025-10-09 08:08:20 --> Session: Class initialized using 'CodeIgniter\Session\Handlers\FileHandler' driver.
INFO - 2025-10-09 08:08:23 --> Session: Class initialized using 'CodeIgniter\Session\Handlers\FileHandler' driver.
INFO - 2025-10-09 08:08:29 --> Session: Class initialized using 'CodeIgniter\Session\Handlers\FileHandler' driver.
INFO - 2025-10-09 08:08:34 --> Session: Class initialized using 'CodeIgniter\Session\Handlers\FileHandler' driver.
INFO - 2025-10-09 08:08:40 --> Session: Class initialized using 'CodeIgniter\Session\Handlers\FileHandler' driver.
INFO - 2025-10-09 08:08:40 --> Session: Class initialized using 'CodeIgniter\Session\Handlers\FileHandler' driver.
INFO - 2025-10-09 08:08:45 --> Session: Class initialized using 'CodeIgniter\Session\Handlers\FileHandler' driver.
INFO - 2025-10-09 08:08:57 --> Session: Class initialized using 'CodeIgniter\Session\Handlers\FileHandler' driver.
INFO - 2025-10-09 08:09:22 --> Session: Class initialized using 'CodeIgniter\Session\Handlers\FileHandler' driver.
INFO - 2025-10-09 08:09:31 --> Session: Class initialized using 'CodeIgniter\Session\Handlers\FileHandler' driver.
INFO - 2025-10-09 08:09:48 --> Session: Class initialized using 'CodeIgniter\Session\Handlers\FileHandler' driver.
INFO - 2025-10-09 08:09:51 --> Session: Class initialized using 'CodeIgniter\Session\Handlers\FileHandler' driver.
INFO - 2025-10-09 08:10:00 --> Session: Class initialized using 'CodeIgniter\Session\Handlers\FileHandler' driver.
INFO - 2025-10-09 08:10:13 --> Session: Class initialized using 'CodeIgniter\Session\Handlers\FileHandler' driver.
INFO - 2025-10-09 08:10:15 --> Session: Class initialized using 'CodeIgniter\Session\Handlers\FileHandler' driver.
INFO - 2025-10-09 08:10:22 --> Session: Class initialized using 'CodeIgniter\Session\Handlers\FileHandler' driver.
INFO - 2025-10-09 08:10:56 --> Session: Class initialized using 'CodeIgniter\Session\Handlers\FileHandler' driver.
INFO - 2025-10-09 08:10:57 --> Session: Class initialized using 'CodeIgniter\Session\Handlers\FileHandler' driver.
INFO - 2025-10-09 08:11:05 --> Session: Class initialized using 'CodeIgniter\Session\Handlers\FileHandler' driver.
INFO - 2025-10-09 08:11:05 --> Session: Class initialized using 'CodeIgniter\Session\Handlers\FileHandler' driver.
INFO - 2025-10-09 08:11:12 --> Session: Class initialized using 'CodeIgniter\Session\Handlers\FileHandler' driver.
INFO - 2025-10-09 08:11:31 --> Session: Class initialized using 'CodeIgniter\Session\Handlers\FileHandler' driver.
INFO - 2025-10-09 08:11:32 --> Session: Class initialized using 'CodeIgniter\Session\Handlers\FileHandler' driver.
INFO - 2025-10-09 08:11:47 --> Session: Class initialized using 'CodeIgniter\Session\Handlers\FileHandler' driver.
INFO - 2025-10-09 08:11:55 --> Session: Class initialized using 'CodeIgniter\Session\Handlers\FileHandler' driver.
INFO - 2025-10-09 08:12:05 --> Session: Class initialized using 'CodeIgniter\Session\Handlers\FileHandler' driver.
INFO - 2025-10-09 08:12:15 --> Session: Class initialized using 'CodeIgniter\Session\Handlers\FileHandler' driver.
INFO - 2025-10-09 08:12:22 --> Session: Class initialized using 'CodeIgniter\Session\Handlers\FileHandler' driver.
INFO - 2025-10-09 08:12:24 --> Session: Class initialized using 'CodeIgniter\Session\Handlers\FileHandler' driver.
