INFO - 2024-05-27 00:37:58 --> Session: Class initialized using 'CodeIgniter\Session\Handlers\FileHandler' driver.
INFO - 2024-05-27 00:37:58 --> Session: Class initialized using 'CodeIgniter\Session\Handlers\FileHandler' driver.
INFO - 2024-05-27 00:38:04 --> Session: Class initialized using 'CodeIgniter\Session\Handlers\FileHandler' driver.
INFO - 2024-05-27 00:38:05 --> Session: Class initialized using 'CodeIgniter\Session\Handlers\FileHandler' driver.
INFO - 2024-05-27 00:43:36 --> Session: Class initialized using 'CodeIgniter\Session\Handlers\FileHandler' driver.
INFO - 2024-05-27 00:43:51 --> Session: Class initialized using 'CodeIgniter\Session\Handlers\FileHandler' driver.
INFO - 2024-05-27 00:49:24 --> Session: Class initialized using 'CodeIgniter\Session\Handlers\FileHandler' driver.
INFO - 2024-05-27 00:49:33 --> Session: Class initialized using 'CodeIgniter\Session\Handlers\FileHandler' driver.
INFO - 2024-05-27 00:49:33 --> Session: Class initialized using 'CodeIgniter\Session\Handlers\FileHandler' driver.
INFO - 2024-05-27 00:49:40 --> Session: Class initialized using 'CodeIgniter\Session\Handlers\FileHandler' driver.
CRITICAL - 2024-05-27 00:49:40 --> Undefined index: username
in APPPATH/Controllers/Auth.php on line 26.
 1 APPPATH/Controllers/Auth.php(26): CodeIgniter\Debug\Exceptions->errorHandler(8, 'Undefined index: username', '/home/validas1/ci4_core/app/Controllers/Auth.php', 26, [...])
 2 SYSTEMPATH/CodeIgniter.php(932): App\Controllers\Auth->Process_Login()
 3 SYSTEMPATH/CodeIgniter.php(497): CodeIgniter\CodeIgniter->runController(Object(App\Controllers\Auth))
 4 SYSTEMPATH/CodeIgniter.php(366): CodeIgniter\CodeIgniter->handleRequest(null, Object(Config\Cache), false)
 5 FCPATH/index.php(79): CodeIgniter\CodeIgniter->run()
INFO - 2024-05-27 00:49:54 --> Session: Class initialized using 'CodeIgniter\Session\Handlers\FileHandler' driver.
CRITICAL - 2024-05-27 00:49:54 --> Undefined index: username
in APPPATH/Controllers/Auth.php on line 26.
 1 APPPATH/Controllers/Auth.php(26): CodeIgniter\Debug\Exceptions->errorHandler(8, 'Undefined index: username', '/home/validas1/ci4_core/app/Controllers/Auth.php', 26, [...])
 2 SYSTEMPATH/CodeIgniter.php(932): App\Controllers\Auth->Process_Login()
 3 SYSTEMPATH/CodeIgniter.php(497): CodeIgniter\CodeIgniter->runController(Object(App\Controllers\Auth))
 4 SYSTEMPATH/CodeIgniter.php(366): CodeIgniter\CodeIgniter->handleRequest(null, Object(Config\Cache), false)
 5 FCPATH/index.php(79): CodeIgniter\CodeIgniter->run()
INFO - 2024-05-27 00:50:08 --> Session: Class initialized using 'CodeIgniter\Session\Handlers\FileHandler' driver.
CRITICAL - 2024-05-27 00:50:08 --> Undefined index: username
in APPPATH/Controllers/Auth.php on line 26.
 1 APPPATH/Controllers/Auth.php(26): CodeIgniter\Debug\Exceptions->errorHandler(8, 'Undefined index: username', '/home/validas1/ci4_core/app/Controllers/Auth.php', 26, [...])
 2 SYSTEMPATH/CodeIgniter.php(932): App\Controllers\Auth->Process_Login()
 3 SYSTEMPATH/CodeIgniter.php(497): CodeIgniter\CodeIgniter->runController(Object(App\Controllers\Auth))
 4 SYSTEMPATH/CodeIgniter.php(366): CodeIgniter\CodeIgniter->handleRequest(null, Object(Config\Cache), false)
 5 FCPATH/index.php(79): CodeIgniter\CodeIgniter->run()
INFO - 2024-05-27 00:50:09 --> Session: Class initialized using 'CodeIgniter\Session\Handlers\FileHandler' driver.
INFO - 2024-05-27 00:50:09 --> Session: Class initialized using 'CodeIgniter\Session\Handlers\FileHandler' driver.
INFO - 2024-05-27 00:50:16 --> Session: Class initialized using 'CodeIgniter\Session\Handlers\FileHandler' driver.
INFO - 2024-05-27 00:50:17 --> Session: Class initialized using 'CodeIgniter\Session\Handlers\FileHandler' driver.
INFO - 2024-05-27 00:50:22 --> Session: Class initialized using 'CodeIgniter\Session\Handlers\FileHandler' driver.
INFO - 2024-05-27 00:50:22 --> Session: Class initialized using 'CodeIgniter\Session\Handlers\FileHandler' driver.
INFO - 2024-05-27 00:50:22 --> Session: Class initialized using 'CodeIgniter\Session\Handlers\FileHandler' driver.
INFO - 2024-05-27 00:50:24 --> Session: Class initialized using 'CodeIgniter\Session\Handlers\FileHandler' driver.
INFO - 2024-05-27 00:50:29 --> Session: Class initialized using 'CodeIgniter\Session\Handlers\FileHandler' driver.
INFO - 2024-05-27 00:50:30 --> Session: Class initialized using 'CodeIgniter\Session\Handlers\FileHandler' driver.
INFO - 2024-05-27 00:50:35 --> Session: Class initialized using 'CodeIgniter\Session\Handlers\FileHandler' driver.
INFO - 2024-05-27 00:50:35 --> Session: Class initialized using 'CodeIgniter\Session\Handlers\FileHandler' driver.
INFO - 2024-05-27 00:50:41 --> Session: Class initialized using 'CodeIgniter\Session\Handlers\FileHandler' driver.
INFO - 2024-05-27 00:50:44 --> Session: Class initialized using 'CodeIgniter\Session\Handlers\FileHandler' driver.
INFO - 2024-05-27 00:57:01 --> Session: Class initialized using 'CodeIgniter\Session\Handlers\FileHandler' driver.
INFO - 2024-05-27 00:57:13 --> Session: Class initialized using 'CodeIgniter\Session\Handlers\FileHandler' driver.
INFO - 2024-05-27 00:57:19 --> Session: Class initialized using 'CodeIgniter\Session\Handlers\FileHandler' driver.
INFO - 2024-05-27 00:57:19 --> Session: Class initialized using 'CodeIgniter\Session\Handlers\FileHandler' driver.
INFO - 2024-05-27 00:57:43 --> Session: Class initialized using 'CodeIgniter\Session\Handlers\FileHandler' driver.
INFO - 2024-05-27 00:57:44 --> Session: Class initialized using 'CodeIgniter\Session\Handlers\FileHandler' driver.
INFO - 2024-05-27 00:57:47 --> Session: Class initialized using 'CodeIgniter\Session\Handlers\FileHandler' driver.
INFO - 2024-05-27 00:57:51 --> Session: Class initialized using 'CodeIgniter\Session\Handlers\FileHandler' driver.
INFO - 2024-05-27 00:57:54 --> Session: Class initialized using 'CodeIgniter\Session\Handlers\FileHandler' driver.
INFO - 2024-05-27 00:58:07 --> Session: Class initialized using 'CodeIgniter\Session\Handlers\FileHandler' driver.
INFO - 2024-05-27 00:58:08 --> Session: Class initialized using 'CodeIgniter\Session\Handlers\FileHandler' driver.
INFO - 2024-05-27 00:58:08 --> Session: Class initialized using 'CodeIgniter\Session\Handlers\FileHandler' driver.
INFO - 2024-05-27 00:58:08 --> Session: Class initialized using 'CodeIgniter\Session\Handlers\FileHandler' driver.
INFO - 2024-05-27 00:58:08 --> Session: Class initialized using 'CodeIgniter\Session\Handlers\FileHandler' driver.
INFO - 2024-05-27 00:58:11 --> Session: Class initialized using 'CodeIgniter\Session\Handlers\FileHandler' driver.
INFO - 2024-05-27 00:58:13 --> Session: Class initialized using 'CodeIgniter\Session\Handlers\FileHandler' driver.
INFO - 2024-05-27 00:58:17 --> Session: Class initialized using 'CodeIgniter\Session\Handlers\FileHandler' driver.
INFO - 2024-05-27 00:58:17 --> Session: Class initialized using 'CodeIgniter\Session\Handlers\FileHandler' driver.
INFO - 2024-05-27 00:58:24 --> Session: Class initialized using 'CodeIgniter\Session\Handlers\FileHandler' driver.
INFO - 2024-05-27 00:58:24 --> Session: Class initialized using 'CodeIgniter\Session\Handlers\FileHandler' driver.
INFO - 2024-05-27 00:58:33 --> Session: Class initialized using 'CodeIgniter\Session\Handlers\FileHandler' driver.
INFO - 2024-05-27 00:58:33 --> Session: Class initialized using 'CodeIgniter\Session\Handlers\FileHandler' driver.
INFO - 2024-05-27 00:59:00 --> Session: Class initialized using 'CodeIgniter\Session\Handlers\FileHandler' driver.
INFO - 2024-05-27 00:59:01 --> Session: Class initialized using 'CodeIgniter\Session\Handlers\FileHandler' driver.
INFO - 2024-05-27 00:59:34 --> Session: Class initialized using 'CodeIgniter\Session\Handlers\FileHandler' driver.
INFO - 2024-05-27 00:59:34 --> Session: Class initialized using 'CodeIgniter\Session\Handlers\FileHandler' driver.
INFO - 2024-05-27 00:59:34 --> Session: Class initialized using 'CodeIgniter\Session\Handlers\FileHandler' driver.
INFO - 2024-05-27 00:59:39 --> Session: Class initialized using 'CodeIgniter\Session\Handlers\FileHandler' driver.
INFO - 2024-05-27 00:59:39 --> Session: Class initialized using 'CodeIgniter\Session\Handlers\FileHandler' driver.
INFO - 2024-05-27 00:59:41 --> Session: Class initialized using 'CodeIgniter\Session\Handlers\FileHandler' driver.
INFO - 2024-05-27 00:59:44 --> Session: Class initialized using 'CodeIgniter\Session\Handlers\FileHandler' driver.
INFO - 2024-05-27 01:00:26 --> Session: Class initialized using 'CodeIgniter\Session\Handlers\FileHandler' driver.
INFO - 2024-05-27 01:00:28 --> Session: Class initialized using 'CodeIgniter\Session\Handlers\FileHandler' driver.
INFO - 2024-05-27 01:00:30 --> Session: Class initialized using 'CodeIgniter\Session\Handlers\FileHandler' driver.
INFO - 2024-05-27 01:00:46 --> Session: Class initialized using 'CodeIgniter\Session\Handlers\FileHandler' driver.
INFO - 2024-05-27 01:00:48 --> Session: Class initialized using 'CodeIgniter\Session\Handlers\FileHandler' driver.
INFO - 2024-05-27 01:01:00 --> Session: Class initialized using 'CodeIgniter\Session\Handlers\FileHandler' driver.
INFO - 2024-05-27 01:01:03 --> Session: Class initialized using 'CodeIgniter\Session\Handlers\FileHandler' driver.
INFO - 2024-05-27 01:01:12 --> Session: Class initialized using 'CodeIgniter\Session\Handlers\FileHandler' driver.
INFO - 2024-05-27 01:01:14 --> Session: Class initialized using 'CodeIgniter\Session\Handlers\FileHandler' driver.
INFO - 2024-05-27 01:01:21 --> Session: Class initialized using 'CodeIgniter\Session\Handlers\FileHandler' driver.
INFO - 2024-05-27 01:23:37 --> Session: Class initialized using 'CodeIgniter\Session\Handlers\FileHandler' driver.
INFO - 2024-05-27 01:23:55 --> Session: Class initialized using 'CodeIgniter\Session\Handlers\FileHandler' driver.
INFO - 2024-05-27 01:24:05 --> Session: Class initialized using 'CodeIgniter\Session\Handlers\FileHandler' driver.
INFO - 2024-05-27 01:24:19 --> Session: Class initialized using 'CodeIgniter\Session\Handlers\FileHandler' driver.
INFO - 2024-05-27 01:24:25 --> Session: Class initialized using 'CodeIgniter\Session\Handlers\FileHandler' driver.
INFO - 2024-05-27 01:24:37 --> Session: Class initialized using 'CodeIgniter\Session\Handlers\FileHandler' driver.
INFO - 2024-05-27 01:24:39 --> Session: Class initialized using 'CodeIgniter\Session\Handlers\FileHandler' driver.
INFO - 2024-05-27 01:25:20 --> Session: Class initialized using 'CodeIgniter\Session\Handlers\FileHandler' driver.
INFO - 2024-05-27 01:25:32 --> Session: Class initialized using 'CodeIgniter\Session\Handlers\FileHandler' driver.
INFO - 2024-05-27 01:25:36 --> Session: Class initialized using 'CodeIgniter\Session\Handlers\FileHandler' driver.
INFO - 2024-05-27 01:25:40 --> Session: Class initialized using 'CodeIgniter\Session\Handlers\FileHandler' driver.
INFO - 2024-05-27 01:25:43 --> Session: Class initialized using 'CodeIgniter\Session\Handlers\FileHandler' driver.
INFO - 2024-05-27 01:25:49 --> Session: Class initialized using 'CodeIgniter\Session\Handlers\FileHandler' driver.
INFO - 2024-05-27 01:25:59 --> Session: Class initialized using 'CodeIgniter\Session\Handlers\FileHandler' driver.
INFO - 2024-05-27 01:26:07 --> Session: Class initialized using 'CodeIgniter\Session\Handlers\FileHandler' driver.
INFO - 2024-05-27 01:26:11 --> Session: Class initialized using 'CodeIgniter\Session\Handlers\FileHandler' driver.
INFO - 2024-05-27 01:26:15 --> Session: Class initialized using 'CodeIgniter\Session\Handlers\FileHandler' driver.
INFO - 2024-05-27 01:26:21 --> Session: Class initialized using 'CodeIgniter\Session\Handlers\FileHandler' driver.
INFO - 2024-05-27 01:26:25 --> Session: Class initialized using 'CodeIgniter\Session\Handlers\FileHandler' driver.
INFO - 2024-05-27 01:26:34 --> Session: Class initialized using 'CodeIgniter\Session\Handlers\FileHandler' driver.
INFO - 2024-05-27 01:26:35 --> Session: Class initialized using 'CodeIgniter\Session\Handlers\FileHandler' driver.
INFO - 2024-05-27 01:26:39 --> Session: Class initialized using 'CodeIgniter\Session\Handlers\FileHandler' driver.
INFO - 2024-05-27 01:26:43 --> Session: Class initialized using 'CodeIgniter\Session\Handlers\FileHandler' driver.
INFO - 2024-05-27 01:26:46 --> Session: Class initialized using 'CodeIgniter\Session\Handlers\FileHandler' driver.
INFO - 2024-05-27 01:26:47 --> Session: Class initialized using 'CodeIgniter\Session\Handlers\FileHandler' driver.
INFO - 2024-05-27 01:26:49 --> Session: Class initialized using 'CodeIgniter\Session\Handlers\FileHandler' driver.
INFO - 2024-05-27 01:26:53 --> Session: Class initialized using 'CodeIgniter\Session\Handlers\FileHandler' driver.
INFO - 2024-05-27 01:27:01 --> Session: Class initialized using 'CodeIgniter\Session\Handlers\FileHandler' driver.
INFO - 2024-05-27 01:27:01 --> Session: Class initialized using 'CodeIgniter\Session\Handlers\FileHandler' driver.
INFO - 2024-05-27 01:27:01 --> Session: Class initialized using 'CodeIgniter\Session\Handlers\FileHandler' driver.
INFO - 2024-05-27 01:27:08 --> Session: Class initialized using 'CodeIgniter\Session\Handlers\FileHandler' driver.
INFO - 2024-05-27 01:27:08 --> Session: Class initialized using 'CodeIgniter\Session\Handlers\FileHandler' driver.
INFO - 2024-05-27 01:27:13 --> Session: Class initialized using 'CodeIgniter\Session\Handlers\FileHandler' driver.
INFO - 2024-05-27 01:27:13 --> Session: Class initialized using 'CodeIgniter\Session\Handlers\FileHandler' driver.
INFO - 2024-05-27 01:27:16 --> Session: Class initialized using 'CodeIgniter\Session\Handlers\FileHandler' driver.
INFO - 2024-05-27 01:27:19 --> Session: Class initialized using 'CodeIgniter\Session\Handlers\FileHandler' driver.
INFO - 2024-05-27 01:27:22 --> Session: Class initialized using 'CodeIgniter\Session\Handlers\FileHandler' driver.
INFO - 2024-05-27 01:27:28 --> Session: Class initialized using 'CodeIgniter\Session\Handlers\FileHandler' driver.
INFO - 2024-05-27 01:27:36 --> Session: Class initialized using 'CodeIgniter\Session\Handlers\FileHandler' driver.
INFO - 2024-05-27 01:27:39 --> Session: Class initialized using 'CodeIgniter\Session\Handlers\FileHandler' driver.
INFO - 2024-05-27 01:27:41 --> Session: Class initialized using 'CodeIgniter\Session\Handlers\FileHandler' driver.
INFO - 2024-05-27 01:27:44 --> Session: Class initialized using 'CodeIgniter\Session\Handlers\FileHandler' driver.
INFO - 2024-05-27 02:11:17 --> Session: Class initialized using 'CodeIgniter\Session\Handlers\FileHandler' driver.
INFO - 2024-05-27 02:11:20 --> Session: Class initialized using 'CodeIgniter\Session\Handlers\FileHandler' driver.
INFO - 2024-05-27 02:12:30 --> Session: Class initialized using 'CodeIgniter\Session\Handlers\FileHandler' driver.
INFO - 2024-05-27 02:12:38 --> Session: Class initialized using 'CodeIgniter\Session\Handlers\FileHandler' driver.
INFO - 2024-05-27 02:12:41 --> Session: Class initialized using 'CodeIgniter\Session\Handlers\FileHandler' driver.
INFO - 2024-05-27 02:12:48 --> Session: Class initialized using 'CodeIgniter\Session\Handlers\FileHandler' driver.
INFO - 2024-05-27 02:14:19 --> Session: Class initialized using 'CodeIgniter\Session\Handlers\FileHandler' driver.
INFO - 2024-05-27 02:14:22 --> Session: Class initialized using 'CodeIgniter\Session\Handlers\FileHandler' driver.
INFO - 2024-05-27 02:14:24 --> Session: Class initialized using 'CodeIgniter\Session\Handlers\FileHandler' driver.
INFO - 2024-05-27 02:14:28 --> Session: Class initialized using 'CodeIgniter\Session\Handlers\FileHandler' driver.
INFO - 2024-05-27 02:14:29 --> Session: Class initialized using 'CodeIgniter\Session\Handlers\FileHandler' driver.
INFO - 2024-05-27 02:14:31 --> Session: Class initialized using 'CodeIgniter\Session\Handlers\FileHandler' driver.
INFO - 2024-05-27 02:14:33 --> Session: Class initialized using 'CodeIgniter\Session\Handlers\FileHandler' driver.
INFO - 2024-05-27 02:14:35 --> Session: Class initialized using 'CodeIgniter\Session\Handlers\FileHandler' driver.
INFO - 2024-05-27 02:14:38 --> Session: Class initialized using 'CodeIgniter\Session\Handlers\FileHandler' driver.
INFO - 2024-05-27 02:14:41 --> Session: Class initialized using 'CodeIgniter\Session\Handlers\FileHandler' driver.
INFO - 2024-05-27 02:14:42 --> Session: Class initialized using 'CodeIgniter\Session\Handlers\FileHandler' driver.
INFO - 2024-05-27 02:14:44 --> Session: Class initialized using 'CodeIgniter\Session\Handlers\FileHandler' driver.
INFO - 2024-05-27 02:14:48 --> Session: Class initialized using 'CodeIgniter\Session\Handlers\FileHandler' driver.
INFO - 2024-05-27 02:14:52 --> Session: Class initialized using 'CodeIgniter\Session\Handlers\FileHandler' driver.
INFO - 2024-05-27 02:14:55 --> Session: Class initialized using 'CodeIgniter\Session\Handlers\FileHandler' driver.
INFO - 2024-05-27 02:14:56 --> Session: Class initialized using 'CodeIgniter\Session\Handlers\FileHandler' driver.
INFO - 2024-05-27 02:14:59 --> Session: Class initialized using 'CodeIgniter\Session\Handlers\FileHandler' driver.
INFO - 2024-05-27 02:15:06 --> Session: Class initialized using 'CodeIgniter\Session\Handlers\FileHandler' driver.
INFO - 2024-05-27 02:15:08 --> Session: Class initialized using 'CodeIgniter\Session\Handlers\FileHandler' driver.
INFO - 2024-05-27 02:15:10 --> Session: Class initialized using 'CodeIgniter\Session\Handlers\FileHandler' driver.
INFO - 2024-05-27 02:15:12 --> Session: Class initialized using 'CodeIgniter\Session\Handlers\FileHandler' driver.
INFO - 2024-05-27 02:15:14 --> Session: Class initialized using 'CodeIgniter\Session\Handlers\FileHandler' driver.
INFO - 2024-05-27 02:15:16 --> Session: Class initialized using 'CodeIgniter\Session\Handlers\FileHandler' driver.
INFO - 2024-05-27 02:15:17 --> Session: Class initialized using 'CodeIgniter\Session\Handlers\FileHandler' driver.
INFO - 2024-05-27 02:15:31 --> Session: Class initialized using 'CodeIgniter\Session\Handlers\FileHandler' driver.
INFO - 2024-05-27 02:15:34 --> Session: Class initialized using 'CodeIgniter\Session\Handlers\FileHandler' driver.
INFO - 2024-05-27 02:15:36 --> Session: Class initialized using 'CodeIgniter\Session\Handlers\FileHandler' driver.
INFO - 2024-05-27 02:15:38 --> Session: Class initialized using 'CodeIgniter\Session\Handlers\FileHandler' driver.
INFO - 2024-05-27 02:17:15 --> Session: Class initialized using 'CodeIgniter\Session\Handlers\FileHandler' driver.
INFO - 2024-05-27 02:17:23 --> Session: Class initialized using 'CodeIgniter\Session\Handlers\FileHandler' driver.
INFO - 2024-05-27 02:17:25 --> Session: Class initialized using 'CodeIgniter\Session\Handlers\FileHandler' driver.
INFO - 2024-05-27 02:17:28 --> Session: Class initialized using 'CodeIgniter\Session\Handlers\FileHandler' driver.
INFO - 2024-05-27 02:18:10 --> Session: Class initialized using 'CodeIgniter\Session\Handlers\FileHandler' driver.
INFO - 2024-05-27 02:18:13 --> Session: Class initialized using 'CodeIgniter\Session\Handlers\FileHandler' driver.
INFO - 2024-05-27 02:18:17 --> Session: Class initialized using 'CodeIgniter\Session\Handlers\FileHandler' driver.
INFO - 2024-05-27 02:18:58 --> Session: Class initialized using 'CodeIgniter\Session\Handlers\FileHandler' driver.
INFO - 2024-05-27 02:19:01 --> Session: Class initialized using 'CodeIgniter\Session\Handlers\FileHandler' driver.
INFO - 2024-05-27 02:19:03 --> Session: Class initialized using 'CodeIgniter\Session\Handlers\FileHandler' driver.
INFO - 2024-05-27 02:19:06 --> Session: Class initialized using 'CodeIgniter\Session\Handlers\FileHandler' driver.
INFO - 2024-05-27 02:19:17 --> Session: Class initialized using 'CodeIgniter\Session\Handlers\FileHandler' driver.
INFO - 2024-05-27 02:19:20 --> Session: Class initialized using 'CodeIgniter\Session\Handlers\FileHandler' driver.
INFO - 2024-05-27 02:21:43 --> Session: Class initialized using 'CodeIgniter\Session\Handlers\FileHandler' driver.
INFO - 2024-05-27 02:21:55 --> Session: Class initialized using 'CodeIgniter\Session\Handlers\FileHandler' driver.
INFO - 2024-05-27 02:23:53 --> Session: Class initialized using 'CodeIgniter\Session\Handlers\FileHandler' driver.
INFO - 2024-05-27 02:24:08 --> Session: Class initialized using 'CodeIgniter\Session\Handlers\FileHandler' driver.
INFO - 2024-05-27 02:26:30 --> Session: Class initialized using 'CodeIgniter\Session\Handlers\FileHandler' driver.
INFO - 2024-05-27 02:26:30 --> Session: Class initialized using 'CodeIgniter\Session\Handlers\FileHandler' driver.
INFO - 2024-05-27 02:26:30 --> Session: Class initialized using 'CodeIgniter\Session\Handlers\FileHandler' driver.
INFO - 2024-05-27 02:26:35 --> Session: Class initialized using 'CodeIgniter\Session\Handlers\FileHandler' driver.
INFO - 2024-05-27 02:26:35 --> Session: Class initialized using 'CodeIgniter\Session\Handlers\FileHandler' driver.
INFO - 2024-05-27 02:27:24 --> Session: Class initialized using 'CodeIgniter\Session\Handlers\FileHandler' driver.
INFO - 2024-05-27 02:27:24 --> Session: Class initialized using 'CodeIgniter\Session\Handlers\FileHandler' driver.
INFO - 2024-05-27 02:27:34 --> Session: Class initialized using 'CodeIgniter\Session\Handlers\FileHandler' driver.
INFO - 2024-05-27 02:27:34 --> Session: Class initialized using 'CodeIgniter\Session\Handlers\FileHandler' driver.
INFO - 2024-05-27 02:27:42 --> Session: Class initialized using 'CodeIgniter\Session\Handlers\FileHandler' driver.
INFO - 2024-05-27 02:27:43 --> Session: Class initialized using 'CodeIgniter\Session\Handlers\FileHandler' driver.
INFO - 2024-05-27 02:27:48 --> Session: Class initialized using 'CodeIgniter\Session\Handlers\FileHandler' driver.
INFO - 2024-05-27 02:28:48 --> Session: Class initialized using 'CodeIgniter\Session\Handlers\FileHandler' driver.
INFO - 2024-05-27 02:28:50 --> Session: Class initialized using 'CodeIgniter\Session\Handlers\FileHandler' driver.
INFO - 2024-05-27 02:28:54 --> Session: Class initialized using 'CodeIgniter\Session\Handlers\FileHandler' driver.
INFO - 2024-05-27 02:29:48 --> Session: Class initialized using 'CodeIgniter\Session\Handlers\FileHandler' driver.
INFO - 2024-05-27 02:34:27 --> Session: Class initialized using 'CodeIgniter\Session\Handlers\FileHandler' driver.
INFO - 2024-05-27 02:34:29 --> Session: Class initialized using 'CodeIgniter\Session\Handlers\FileHandler' driver.
INFO - 2024-05-27 02:36:35 --> Session: Class initialized using 'CodeIgniter\Session\Handlers\FileHandler' driver.
INFO - 2024-05-27 02:37:22 --> Session: Class initialized using 'CodeIgniter\Session\Handlers\FileHandler' driver.
INFO - 2024-05-27 02:37:33 --> Session: Class initialized using 'CodeIgniter\Session\Handlers\FileHandler' driver.
INFO - 2024-05-27 02:38:17 --> Session: Class initialized using 'CodeIgniter\Session\Handlers\FileHandler' driver.
INFO - 2024-05-27 02:38:20 --> Session: Class initialized using 'CodeIgniter\Session\Handlers\FileHandler' driver.
INFO - 2024-05-27 02:38:43 --> Session: Class initialized using 'CodeIgniter\Session\Handlers\FileHandler' driver.
INFO - 2024-05-27 02:39:09 --> Session: Class initialized using 'CodeIgniter\Session\Handlers\FileHandler' driver.
INFO - 2024-05-27 02:41:34 --> Session: Class initialized using 'CodeIgniter\Session\Handlers\FileHandler' driver.
INFO - 2024-05-27 02:41:40 --> Session: Class initialized using 'CodeIgniter\Session\Handlers\FileHandler' driver.
INFO - 2024-05-27 02:41:43 --> Session: Class initialized using 'CodeIgniter\Session\Handlers\FileHandler' driver.
CRITICAL - 2024-05-27 02:41:47 --> Too few arguments to function App\Controllers\DataPpoj::ViewDetail(), 0 passed in /home/validas1/ci4_core/system/CodeIgniter.php on line 932 and exactly 1 expected
in APPPATH/Controllers/DataPpoj.php on line 285.
 1 SYSTEMPATH/CodeIgniter.php(932): App\Controllers\DataPpoj->ViewDetail()
 2 SYSTEMPATH/CodeIgniter.php(497): CodeIgniter\CodeIgniter->runController(Object(App\Controllers\DataPpoj))
 3 SYSTEMPATH/CodeIgniter.php(366): CodeIgniter\CodeIgniter->handleRequest(null, Object(Config\Cache), false)
 4 FCPATH/index.php(79): CodeIgniter\CodeIgniter->run()
INFO - 2024-05-27 02:41:51 --> Session: Class initialized using 'CodeIgniter\Session\Handlers\FileHandler' driver.
INFO - 2024-05-27 02:42:43 --> Session: Class initialized using 'CodeIgniter\Session\Handlers\FileHandler' driver.
INFO - 2024-05-27 02:43:01 --> Session: Class initialized using 'CodeIgniter\Session\Handlers\FileHandler' driver.
INFO - 2024-05-27 02:43:13 --> Session: Class initialized using 'CodeIgniter\Session\Handlers\FileHandler' driver.
INFO - 2024-05-27 02:43:22 --> Session: Class initialized using 'CodeIgniter\Session\Handlers\FileHandler' driver.
INFO - 2024-05-27 02:43:23 --> Session: Class initialized using 'CodeIgniter\Session\Handlers\FileHandler' driver.
INFO - 2024-05-27 02:43:32 --> Session: Class initialized using 'CodeIgniter\Session\Handlers\FileHandler' driver.
INFO - 2024-05-27 02:46:07 --> Session: Class initialized using 'CodeIgniter\Session\Handlers\FileHandler' driver.
INFO - 2024-05-27 02:46:32 --> Session: Class initialized using 'CodeIgniter\Session\Handlers\FileHandler' driver.
INFO - 2024-05-27 02:46:34 --> Session: Class initialized using 'CodeIgniter\Session\Handlers\FileHandler' driver.
INFO - 2024-05-27 02:46:36 --> Session: Class initialized using 'CodeIgniter\Session\Handlers\FileHandler' driver.
INFO - 2024-05-27 02:46:47 --> Session: Class initialized using 'CodeIgniter\Session\Handlers\FileHandler' driver.
INFO - 2024-05-27 02:46:50 --> Session: Class initialized using 'CodeIgniter\Session\Handlers\FileHandler' driver.
INFO - 2024-05-27 02:46:51 --> Session: Class initialized using 'CodeIgniter\Session\Handlers\FileHandler' driver.
INFO - 2024-05-27 02:46:53 --> Session: Class initialized using 'CodeIgniter\Session\Handlers\FileHandler' driver.
INFO - 2024-05-27 02:48:10 --> Session: Class initialized using 'CodeIgniter\Session\Handlers\FileHandler' driver.
INFO - 2024-05-27 02:49:44 --> Session: Class initialized using 'CodeIgniter\Session\Handlers\FileHandler' driver.
INFO - 2024-05-27 02:49:46 --> Session: Class initialized using 'CodeIgniter\Session\Handlers\FileHandler' driver.
INFO - 2024-05-27 02:49:50 --> Session: Class initialized using 'CodeIgniter\Session\Handlers\FileHandler' driver.
INFO - 2024-05-27 02:49:52 --> Session: Class initialized using 'CodeIgniter\Session\Handlers\FileHandler' driver.
INFO - 2024-05-27 02:50:23 --> Session: Class initialized using 'CodeIgniter\Session\Handlers\FileHandler' driver.
INFO - 2024-05-27 02:50:32 --> Session: Class initialized using 'CodeIgniter\Session\Handlers\FileHandler' driver.
INFO - 2024-05-27 02:50:35 --> Session: Class initialized using 'CodeIgniter\Session\Handlers\FileHandler' driver.
INFO - 2024-05-27 02:51:37 --> Session: Class initialized using 'CodeIgniter\Session\Handlers\FileHandler' driver.
INFO - 2024-05-27 02:51:57 --> Session: Class initialized using 'CodeIgniter\Session\Handlers\FileHandler' driver.
INFO - 2024-05-27 02:58:22 --> Session: Class initialized using 'CodeIgniter\Session\Handlers\FileHandler' driver.
INFO - 2024-05-27 02:58:54 --> Session: Class initialized using 'CodeIgniter\Session\Handlers\FileHandler' driver.
INFO - 2024-05-27 02:58:54 --> Session: Class initialized using 'CodeIgniter\Session\Handlers\FileHandler' driver.
INFO - 2024-05-27 02:59:02 --> Session: Class initialized using 'CodeIgniter\Session\Handlers\FileHandler' driver.
INFO - 2024-05-27 02:59:02 --> Session: Class initialized using 'CodeIgniter\Session\Handlers\FileHandler' driver.
INFO - 2024-05-27 02:59:25 --> Session: Class initialized using 'CodeIgniter\Session\Handlers\FileHandler' driver.
INFO - 2024-05-27 02:59:30 --> Session: Class initialized using 'CodeIgniter\Session\Handlers\FileHandler' driver.
INFO - 2024-05-27 02:59:33 --> Session: Class initialized using 'CodeIgniter\Session\Handlers\FileHandler' driver.
CRITICAL - 2024-05-27 03:01:50 --> Too few arguments to function App\Controllers\DataPpoj::ViewDetail(), 0 passed in /home/validas1/ci4_core/system/CodeIgniter.php on line 932 and exactly 1 expected
in APPPATH/Controllers/DataPpoj.php on line 285.
 1 SYSTEMPATH/CodeIgniter.php(932): App\Controllers\DataPpoj->ViewDetail()
 2 SYSTEMPATH/CodeIgniter.php(497): CodeIgniter\CodeIgniter->runController(Object(App\Controllers\DataPpoj))
 3 SYSTEMPATH/CodeIgniter.php(366): CodeIgniter\CodeIgniter->handleRequest(null, Object(Config\Cache), false)
 4 FCPATH/index.php(79): CodeIgniter\CodeIgniter->run()
INFO - 2024-05-27 03:01:53 --> Session: Class initialized using 'CodeIgniter\Session\Handlers\FileHandler' driver.
INFO - 2024-05-27 03:06:30 --> Session: Class initialized using 'CodeIgniter\Session\Handlers\FileHandler' driver.
INFO - 2024-05-27 03:12:28 --> Session: Class initialized using 'CodeIgniter\Session\Handlers\FileHandler' driver.
INFO - 2024-05-27 03:12:31 --> Session: Class initialized using 'CodeIgniter\Session\Handlers\FileHandler' driver.
INFO - 2024-05-27 03:12:35 --> Session: Class initialized using 'CodeIgniter\Session\Handlers\FileHandler' driver.
INFO - 2024-05-27 03:16:37 --> Session: Class initialized using 'CodeIgniter\Session\Handlers\FileHandler' driver.
INFO - 2024-05-27 03:16:38 --> Session: Class initialized using 'CodeIgniter\Session\Handlers\FileHandler' driver.
INFO - 2024-05-27 03:17:11 --> Session: Class initialized using 'CodeIgniter\Session\Handlers\FileHandler' driver.
INFO - 2024-05-27 03:17:11 --> Session: Class initialized using 'CodeIgniter\Session\Handlers\FileHandler' driver.
INFO - 2024-05-27 03:18:42 --> Session: Class initialized using 'CodeIgniter\Session\Handlers\FileHandler' driver.
INFO - 2024-05-27 03:18:45 --> Session: Class initialized using 'CodeIgniter\Session\Handlers\FileHandler' driver.
INFO - 2024-05-27 03:20:07 --> Session: Class initialized using 'CodeIgniter\Session\Handlers\FileHandler' driver.
INFO - 2024-05-27 03:20:10 --> Session: Class initialized using 'CodeIgniter\Session\Handlers\FileHandler' driver.
INFO - 2024-05-27 03:20:14 --> Session: Class initialized using 'CodeIgniter\Session\Handlers\FileHandler' driver.
INFO - 2024-05-27 03:21:37 --> Session: Class initialized using 'CodeIgniter\Session\Handlers\FileHandler' driver.
INFO - 2024-05-27 03:21:37 --> Session: Class initialized using 'CodeIgniter\Session\Handlers\FileHandler' driver.
INFO - 2024-05-27 03:22:05 --> Session: Class initialized using 'CodeIgniter\Session\Handlers\FileHandler' driver.
INFO - 2024-05-27 03:22:05 --> Session: Class initialized using 'CodeIgniter\Session\Handlers\FileHandler' driver.
INFO - 2024-05-27 03:24:15 --> Session: Class initialized using 'CodeIgniter\Session\Handlers\FileHandler' driver.
INFO - 2024-05-27 03:25:34 --> Session: Class initialized using 'CodeIgniter\Session\Handlers\FileHandler' driver.
INFO - 2024-05-27 03:25:35 --> Session: Class initialized using 'CodeIgniter\Session\Handlers\FileHandler' driver.
INFO - 2024-05-27 03:26:53 --> Session: Class initialized using 'CodeIgniter\Session\Handlers\FileHandler' driver.
INFO - 2024-05-27 03:26:54 --> Session: Class initialized using 'CodeIgniter\Session\Handlers\FileHandler' driver.
INFO - 2024-05-27 03:29:54 --> Session: Class initialized using 'CodeIgniter\Session\Handlers\FileHandler' driver.
INFO - 2024-05-27 03:32:10 --> Session: Class initialized using 'CodeIgniter\Session\Handlers\FileHandler' driver.
INFO - 2024-05-27 03:32:16 --> Session: Class initialized using 'CodeIgniter\Session\Handlers\FileHandler' driver.
INFO - 2024-05-27 03:40:09 --> Session: Class initialized using 'CodeIgniter\Session\Handlers\FileHandler' driver.
INFO - 2024-05-27 03:40:12 --> Session: Class initialized using 'CodeIgniter\Session\Handlers\FileHandler' driver.
INFO - 2024-05-27 03:44:11 --> Session: Class initialized using 'CodeIgniter\Session\Handlers\FileHandler' driver.
INFO - 2024-05-27 03:56:34 --> Session: Class initialized using 'CodeIgniter\Session\Handlers\FileHandler' driver.
INFO - 2024-05-27 03:56:36 --> Session: Class initialized using 'CodeIgniter\Session\Handlers\FileHandler' driver.
INFO - 2024-05-27 03:56:39 --> Session: Class initialized using 'CodeIgniter\Session\Handlers\FileHandler' driver.
INFO - 2024-05-27 03:56:40 --> Session: Class initialized using 'CodeIgniter\Session\Handlers\FileHandler' driver.
INFO - 2024-05-27 03:56:47 --> Session: Class initialized using 'CodeIgniter\Session\Handlers\FileHandler' driver.
INFO - 2024-05-27 03:56:49 --> Session: Class initialized using 'CodeIgniter\Session\Handlers\FileHandler' driver.
INFO - 2024-05-27 03:56:50 --> Session: Class initialized using 'CodeIgniter\Session\Handlers\FileHandler' driver.
INFO - 2024-05-27 05:27:52 --> Session: Class initialized using 'CodeIgniter\Session\Handlers\FileHandler' driver.
INFO - 2024-05-27 05:27:54 --> Session: Class initialized using 'CodeIgniter\Session\Handlers\FileHandler' driver.
INFO - 2024-05-27 05:27:54 --> Session: Class initialized using 'CodeIgniter\Session\Handlers\FileHandler' driver.
INFO - 2024-05-27 05:27:54 --> Session: Class initialized using 'CodeIgniter\Session\Handlers\FileHandler' driver.
INFO - 2024-05-27 05:28:01 --> Session: Class initialized using 'CodeIgniter\Session\Handlers\FileHandler' driver.
INFO - 2024-05-27 05:28:02 --> Session: Class initialized using 'CodeIgniter\Session\Handlers\FileHandler' driver.
INFO - 2024-05-27 05:28:06 --> Session: Class initialized using 'CodeIgniter\Session\Handlers\FileHandler' driver.
INFO - 2024-05-27 05:28:08 --> Session: Class initialized using 'CodeIgniter\Session\Handlers\FileHandler' driver.
INFO - 2024-05-27 05:28:49 --> Session: Class initialized using 'CodeIgniter\Session\Handlers\FileHandler' driver.
INFO - 2024-05-27 05:41:06 --> Session: Class initialized using 'CodeIgniter\Session\Handlers\FileHandler' driver.
INFO - 2024-05-27 05:49:10 --> Session: Class initialized using 'CodeIgniter\Session\Handlers\FileHandler' driver.
INFO - 2024-05-27 05:49:13 --> Session: Class initialized using 'CodeIgniter\Session\Handlers\FileHandler' driver.
INFO - 2024-05-27 05:49:15 --> Session: Class initialized using 'CodeIgniter\Session\Handlers\FileHandler' driver.
INFO - 2024-05-27 05:53:38 --> Session: Class initialized using 'CodeIgniter\Session\Handlers\FileHandler' driver.
INFO - 2024-05-27 05:53:42 --> Session: Class initialized using 'CodeIgniter\Session\Handlers\FileHandler' driver.
INFO - 2024-05-27 05:53:45 --> Session: Class initialized using 'CodeIgniter\Session\Handlers\FileHandler' driver.
INFO - 2024-05-27 05:53:48 --> Session: Class initialized using 'CodeIgniter\Session\Handlers\FileHandler' driver.
INFO - 2024-05-27 05:53:53 --> Session: Class initialized using 'CodeIgniter\Session\Handlers\FileHandler' driver.
CRITICAL - 2024-05-27 05:53:55 --> Too few arguments to function App\Controllers\DataPpoj::ViewDetail(), 0 passed in /home/validas1/ci4_core/system/CodeIgniter.php on line 932 and exactly 1 expected
in APPPATH/Controllers/DataPpoj.php on line 285.
 1 SYSTEMPATH/CodeIgniter.php(932): App\Controllers\DataPpoj->ViewDetail()
 2 SYSTEMPATH/CodeIgniter.php(497): CodeIgniter\CodeIgniter->runController(Object(App\Controllers\DataPpoj))
 3 SYSTEMPATH/CodeIgniter.php(366): CodeIgniter\CodeIgniter->handleRequest(null, Object(Config\Cache), false)
 4 FCPATH/index.php(79): CodeIgniter\CodeIgniter->run()
CRITICAL - 2024-05-27 05:56:13 --> Too few arguments to function App\Controllers\DataPpoj::ViewDetail(), 0 passed in /home/validas1/ci4_core/system/CodeIgniter.php on line 932 and exactly 1 expected
in APPPATH/Controllers/DataPpoj.php on line 285.
 1 SYSTEMPATH/CodeIgniter.php(932): App\Controllers\DataPpoj->ViewDetail()
 2 SYSTEMPATH/CodeIgniter.php(497): CodeIgniter\CodeIgniter->runController(Object(App\Controllers\DataPpoj))
 3 SYSTEMPATH/CodeIgniter.php(366): CodeIgniter\CodeIgniter->handleRequest(null, Object(Config\Cache), false)
 4 FCPATH/index.php(79): CodeIgniter\CodeIgniter->run()
INFO - 2024-05-27 05:56:15 --> Session: Class initialized using 'CodeIgniter\Session\Handlers\FileHandler' driver.
INFO - 2024-05-27 05:56:22 --> Session: Class initialized using 'CodeIgniter\Session\Handlers\FileHandler' driver.
INFO - 2024-05-27 05:56:32 --> Session: Class initialized using 'CodeIgniter\Session\Handlers\FileHandler' driver.
INFO - 2024-05-27 05:56:39 --> Session: Class initialized using 'CodeIgniter\Session\Handlers\FileHandler' driver.
INFO - 2024-05-27 05:56:40 --> Session: Class initialized using 'CodeIgniter\Session\Handlers\FileHandler' driver.
INFO - 2024-05-27 05:56:42 --> Session: Class initialized using 'CodeIgniter\Session\Handlers\FileHandler' driver.
INFO - 2024-05-27 06:02:10 --> Session: Class initialized using 'CodeIgniter\Session\Handlers\FileHandler' driver.
INFO - 2024-05-27 06:04:38 --> Session: Class initialized using 'CodeIgniter\Session\Handlers\FileHandler' driver.
INFO - 2024-05-27 06:04:41 --> Session: Class initialized using 'CodeIgniter\Session\Handlers\FileHandler' driver.
INFO - 2024-05-27 06:05:46 --> Session: Class initialized using 'CodeIgniter\Session\Handlers\FileHandler' driver.
INFO - 2024-05-27 06:05:47 --> Session: Class initialized using 'CodeIgniter\Session\Handlers\FileHandler' driver.
INFO - 2024-05-27 06:24:41 --> Session: Class initialized using 'CodeIgniter\Session\Handlers\FileHandler' driver.
INFO - 2024-05-27 06:24:41 --> Session: Class initialized using 'CodeIgniter\Session\Handlers\FileHandler' driver.
INFO - 2024-05-27 06:24:57 --> Session: Class initialized using 'CodeIgniter\Session\Handlers\FileHandler' driver.
INFO - 2024-05-27 06:24:57 --> Session: Class initialized using 'CodeIgniter\Session\Handlers\FileHandler' driver.
INFO - 2024-05-27 06:25:03 --> Session: Class initialized using 'CodeIgniter\Session\Handlers\FileHandler' driver.
INFO - 2024-05-27 06:25:05 --> Session: Class initialized using 'CodeIgniter\Session\Handlers\FileHandler' driver.
INFO - 2024-05-27 06:25:06 --> Session: Class initialized using 'CodeIgniter\Session\Handlers\FileHandler' driver.
INFO - 2024-05-27 06:25:11 --> Session: Class initialized using 'CodeIgniter\Session\Handlers\FileHandler' driver.
INFO - 2024-05-27 06:25:15 --> Session: Class initialized using 'CodeIgniter\Session\Handlers\FileHandler' driver.
INFO - 2024-05-27 06:25:17 --> Session: Class initialized using 'CodeIgniter\Session\Handlers\FileHandler' driver.
INFO - 2024-05-27 06:25:59 --> Session: Class initialized using 'CodeIgniter\Session\Handlers\FileHandler' driver.
INFO - 2024-05-27 06:26:00 --> Session: Class initialized using 'CodeIgniter\Session\Handlers\FileHandler' driver.
INFO - 2024-05-27 06:26:03 --> Session: Class initialized using 'CodeIgniter\Session\Handlers\FileHandler' driver.
INFO - 2024-05-27 06:26:04 --> Session: Class initialized using 'CodeIgniter\Session\Handlers\FileHandler' driver.
INFO - 2024-05-27 06:34:48 --> Session: Class initialized using 'CodeIgniter\Session\Handlers\FileHandler' driver.
INFO - 2024-05-27 06:34:51 --> Session: Class initialized using 'CodeIgniter\Session\Handlers\FileHandler' driver.
INFO - 2024-05-27 06:34:54 --> Session: Class initialized using 'CodeIgniter\Session\Handlers\FileHandler' driver.
INFO - 2024-05-27 06:53:02 --> Session: Class initialized using 'CodeIgniter\Session\Handlers\FileHandler' driver.
INFO - 2024-05-27 06:53:08 --> Session: Class initialized using 'CodeIgniter\Session\Handlers\FileHandler' driver.
INFO - 2024-05-27 06:53:11 --> Session: Class initialized using 'CodeIgniter\Session\Handlers\FileHandler' driver.
INFO - 2024-05-27 07:00:05 --> Session: Class initialized using 'CodeIgniter\Session\Handlers\FileHandler' driver.
CRITICAL - 2024-05-27 07:00:05 --> Undefined variable: id
in APPPATH/Views/AtRest/capar_add.php on line 32.
 1 APPPATH/Views/AtRest/capar_add.php(32): CodeIgniter\Debug\Exceptions->errorHandler(8, 'Undefined variable: id', '/home/validas1/ci4_core/app/Views/AtRest/capar_add.php', 32, [...])
 2 SYSTEMPATH/View/View.php(224): include('/home/validas1/ci4_core/app/Views/AtRest/capar_add.php')
 3 SYSTEMPATH/View/View.php(227): CodeIgniter\View\View->CodeIgniter\View\{closure}()
 4 SYSTEMPATH/Common.php(1180): CodeIgniter\View\View->render('AtRest/capar_add', [], true)
 5 APPPATH/Controllers/Capar.php(142): view('AtRest/capar_add', [...])
 6 SYSTEMPATH/CodeIgniter.php(932): App\Controllers\Capar->AddCapar('2')
 7 SYSTEMPATH/CodeIgniter.php(497): CodeIgniter\CodeIgniter->runController(Object(App\Controllers\Capar))
 8 SYSTEMPATH/CodeIgniter.php(366): CodeIgniter\CodeIgniter->handleRequest(null, Object(Config\Cache), false)
 9 FCPATH/index.php(79): CodeIgniter\CodeIgniter->run()
INFO - 2024-05-27 07:00:16 --> Session: Class initialized using 'CodeIgniter\Session\Handlers\FileHandler' driver.
CRITICAL - 2024-05-27 07:00:16 --> Undefined variable: id
in APPPATH/Views/AtRest/capar_detail.php on line 31.
 1 APPPATH/Views/AtRest/capar_detail.php(31): CodeIgniter\Debug\Exceptions->errorHandler(8, 'Undefined variable: id', '/home/validas1/ci4_core/app/Views/AtRest/capar_detail.php', 31, [...])
 2 SYSTEMPATH/View/View.php(224): include('/home/validas1/ci4_core/app/Views/AtRest/capar_detail.php')
 3 SYSTEMPATH/View/View.php(227): CodeIgniter\View\View->CodeIgniter\View\{closure}()
 4 SYSTEMPATH/Common.php(1180): CodeIgniter\View\View->render('AtRest/capar_detail', [], true)
 5 APPPATH/Controllers/Capar.php(110): view('AtRest/capar_detail', [...])
 6 SYSTEMPATH/CodeIgniter.php(932): App\Controllers\Capar->ViewDetail('2')
 7 SYSTEMPATH/CodeIgniter.php(497): CodeIgniter\CodeIgniter->runController(Object(App\Controllers\Capar))
 8 SYSTEMPATH/CodeIgniter.php(366): CodeIgniter\CodeIgniter->handleRequest(null, Object(Config\Cache), false)
 9 FCPATH/index.php(79): CodeIgniter\CodeIgniter->run()
INFO - 2024-05-27 07:00:17 --> Session: Class initialized using 'CodeIgniter\Session\Handlers\FileHandler' driver.
INFO - 2024-05-27 07:00:21 --> Session: Class initialized using 'CodeIgniter\Session\Handlers\FileHandler' driver.
CRITICAL - 2024-05-27 07:00:21 --> Undefined variable: id
in APPPATH/Views/AtRest/capar_detail.php on line 31.
 1 APPPATH/Views/AtRest/capar_detail.php(31): CodeIgniter\Debug\Exceptions->errorHandler(8, 'Undefined variable: id', '/home/validas1/ci4_core/app/Views/AtRest/capar_detail.php', 31, [...])
 2 SYSTEMPATH/View/View.php(224): include('/home/validas1/ci4_core/app/Views/AtRest/capar_detail.php')
 3 SYSTEMPATH/View/View.php(227): CodeIgniter\View\View->CodeIgniter\View\{closure}()
 4 SYSTEMPATH/Common.php(1180): CodeIgniter\View\View->render('AtRest/capar_detail', [], true)
 5 APPPATH/Controllers/Capar.php(110): view('AtRest/capar_detail', [...])
 6 SYSTEMPATH/CodeIgniter.php(932): App\Controllers\Capar->ViewDetail('2')
 7 SYSTEMPATH/CodeIgniter.php(497): CodeIgniter\CodeIgniter->runController(Object(App\Controllers\Capar))
 8 SYSTEMPATH/CodeIgniter.php(366): CodeIgniter\CodeIgniter->handleRequest(null, Object(Config\Cache), false)
 9 FCPATH/index.php(79): CodeIgniter\CodeIgniter->run()
INFO - 2024-05-27 07:01:17 --> Session: Class initialized using 'CodeIgniter\Session\Handlers\FileHandler' driver.
INFO - 2024-05-27 07:01:20 --> Session: Class initialized using 'CodeIgniter\Session\Handlers\FileHandler' driver.
INFO - 2024-05-27 07:01:20 --> Session: Class initialized using 'CodeIgniter\Session\Handlers\FileHandler' driver.
INFO - 2024-05-27 07:01:20 --> Session: Class initialized using 'CodeIgniter\Session\Handlers\FileHandler' driver.
INFO - 2024-05-27 07:01:25 --> Session: Class initialized using 'CodeIgniter\Session\Handlers\FileHandler' driver.
INFO - 2024-05-27 07:01:25 --> Session: Class initialized using 'CodeIgniter\Session\Handlers\FileHandler' driver.
INFO - 2024-05-27 07:01:27 --> Session: Class initialized using 'CodeIgniter\Session\Handlers\FileHandler' driver.
INFO - 2024-05-27 07:01:30 --> Session: Class initialized using 'CodeIgniter\Session\Handlers\FileHandler' driver.
INFO - 2024-05-27 07:02:51 --> Session: Class initialized using 'CodeIgniter\Session\Handlers\FileHandler' driver.
CRITICAL - 2024-05-27 07:02:51 --> Undefined variable: id
in APPPATH/Views/AtRest/capar_detail.php on line 31.
 1 APPPATH/Views/AtRest/capar_detail.php(31): CodeIgniter\Debug\Exceptions->errorHandler(8, 'Undefined variable: id', '/home/validas1/ci4_core/app/Views/AtRest/capar_detail.php', 31, [...])
 2 SYSTEMPATH/View/View.php(224): include('/home/validas1/ci4_core/app/Views/AtRest/capar_detail.php')
 3 SYSTEMPATH/View/View.php(227): CodeIgniter\View\View->CodeIgniter\View\{closure}()
 4 SYSTEMPATH/Common.php(1180): CodeIgniter\View\View->render('AtRest/capar_detail', [], true)
 5 APPPATH/Controllers/Capar.php(110): view('AtRest/capar_detail', [...])
 6 SYSTEMPATH/CodeIgniter.php(932): App\Controllers\Capar->ViewDetail('2')
 7 SYSTEMPATH/CodeIgniter.php(497): CodeIgniter\CodeIgniter->runController(Object(App\Controllers\Capar))
 8 SYSTEMPATH/CodeIgniter.php(366): CodeIgniter\CodeIgniter->handleRequest(null, Object(Config\Cache), false)
 9 FCPATH/index.php(79): CodeIgniter\CodeIgniter->run()
INFO - 2024-05-27 07:02:51 --> Session: Class initialized using 'CodeIgniter\Session\Handlers\FileHandler' driver.
INFO - 2024-05-27 07:02:54 --> Session: Class initialized using 'CodeIgniter\Session\Handlers\FileHandler' driver.
INFO - 2024-05-27 07:02:56 --> Session: Class initialized using 'CodeIgniter\Session\Handlers\FileHandler' driver.
CRITICAL - 2024-05-27 07:02:56 --> Undefined variable: id
in APPPATH/Views/AtRest/capar_detail.php on line 31.
 1 APPPATH/Views/AtRest/capar_detail.php(31): CodeIgniter\Debug\Exceptions->errorHandler(8, 'Undefined variable: id', '/home/validas1/ci4_core/app/Views/AtRest/capar_detail.php', 31, [...])
 2 SYSTEMPATH/View/View.php(224): include('/home/validas1/ci4_core/app/Views/AtRest/capar_detail.php')
 3 SYSTEMPATH/View/View.php(227): CodeIgniter\View\View->CodeIgniter\View\{closure}()
 4 SYSTEMPATH/Common.php(1180): CodeIgniter\View\View->render('AtRest/capar_detail', [], true)
 5 APPPATH/Controllers/Capar.php(110): view('AtRest/capar_detail', [...])
 6 SYSTEMPATH/CodeIgniter.php(932): App\Controllers\Capar->ViewDetail('2')
 7 SYSTEMPATH/CodeIgniter.php(497): CodeIgniter\CodeIgniter->runController(Object(App\Controllers\Capar))
 8 SYSTEMPATH/CodeIgniter.php(366): CodeIgniter\CodeIgniter->handleRequest(null, Object(Config\Cache), false)
 9 FCPATH/index.php(79): CodeIgniter\CodeIgniter->run()
INFO - 2024-05-27 07:03:15 --> Session: Class initialized using 'CodeIgniter\Session\Handlers\FileHandler' driver.
CRITICAL - 2024-05-27 07:03:15 --> Undefined variable: id
in APPPATH/Views/AtRest/capar_detail.php on line 31.
 1 APPPATH/Views/AtRest/capar_detail.php(31): CodeIgniter\Debug\Exceptions->errorHandler(8, 'Undefined variable: id', '/home/validas1/ci4_core/app/Views/AtRest/capar_detail.php', 31, [...])
 2 SYSTEMPATH/View/View.php(224): include('/home/validas1/ci4_core/app/Views/AtRest/capar_detail.php')
 3 SYSTEMPATH/View/View.php(227): CodeIgniter\View\View->CodeIgniter\View\{closure}()
 4 SYSTEMPATH/Common.php(1180): CodeIgniter\View\View->render('AtRest/capar_detail', [], true)
 5 APPPATH/Controllers/Capar.php(110): view('AtRest/capar_detail', [...])
 6 SYSTEMPATH/CodeIgniter.php(932): App\Controllers\Capar->ViewDetail('2')
 7 SYSTEMPATH/CodeIgniter.php(497): CodeIgniter\CodeIgniter->runController(Object(App\Controllers\Capar))
 8 SYSTEMPATH/CodeIgniter.php(366): CodeIgniter\CodeIgniter->handleRequest(null, Object(Config\Cache), false)
 9 FCPATH/index.php(79): CodeIgniter\CodeIgniter->run()
INFO - 2024-05-27 07:03:17 --> Session: Class initialized using 'CodeIgniter\Session\Handlers\FileHandler' driver.
INFO - 2024-05-27 07:03:20 --> Session: Class initialized using 'CodeIgniter\Session\Handlers\FileHandler' driver.
INFO - 2024-05-27 07:03:22 --> Session: Class initialized using 'CodeIgniter\Session\Handlers\FileHandler' driver.
CRITICAL - 2024-05-27 07:03:22 --> Undefined variable: id
in APPPATH/Views/AtRest/capar_detail.php on line 31.
 1 APPPATH/Views/AtRest/capar_detail.php(31): CodeIgniter\Debug\Exceptions->errorHandler(8, 'Undefined variable: id', '/home/validas1/ci4_core/app/Views/AtRest/capar_detail.php', 31, [...])
 2 SYSTEMPATH/View/View.php(224): include('/home/validas1/ci4_core/app/Views/AtRest/capar_detail.php')
 3 SYSTEMPATH/View/View.php(227): CodeIgniter\View\View->CodeIgniter\View\{closure}()
 4 SYSTEMPATH/Common.php(1180): CodeIgniter\View\View->render('AtRest/capar_detail', [], true)
 5 APPPATH/Controllers/Capar.php(110): view('AtRest/capar_detail', [...])
 6 SYSTEMPATH/CodeIgniter.php(932): App\Controllers\Capar->ViewDetail('2')
 7 SYSTEMPATH/CodeIgniter.php(497): CodeIgniter\CodeIgniter->runController(Object(App\Controllers\Capar))
 8 SYSTEMPATH/CodeIgniter.php(366): CodeIgniter\CodeIgniter->handleRequest(null, Object(Config\Cache), false)
 9 FCPATH/index.php(79): CodeIgniter\CodeIgniter->run()
INFO - 2024-05-27 07:04:01 --> Session: Class initialized using 'CodeIgniter\Session\Handlers\FileHandler' driver.
INFO - 2024-05-27 07:05:51 --> Session: Class initialized using 'CodeIgniter\Session\Handlers\FileHandler' driver.
INFO - 2024-05-27 07:05:55 --> Session: Class initialized using 'CodeIgniter\Session\Handlers\FileHandler' driver.
CRITICAL - 2024-05-27 07:05:55 --> Undefined variable: id
in APPPATH/Views/AtRest/capar_add.php on line 32.
 1 APPPATH/Views/AtRest/capar_add.php(32): CodeIgniter\Debug\Exceptions->errorHandler(8, 'Undefined variable: id', '/home/validas1/ci4_core/app/Views/AtRest/capar_add.php', 32, [...])
 2 SYSTEMPATH/View/View.php(224): include('/home/validas1/ci4_core/app/Views/AtRest/capar_add.php')
 3 SYSTEMPATH/View/View.php(227): CodeIgniter\View\View->CodeIgniter\View\{closure}()
 4 SYSTEMPATH/Common.php(1180): CodeIgniter\View\View->render('AtRest/capar_add', [], true)
 5 APPPATH/Controllers/Capar.php(142): view('AtRest/capar_add', [...])
 6 SYSTEMPATH/CodeIgniter.php(932): App\Controllers\Capar->AddCapar('2')
 7 SYSTEMPATH/CodeIgniter.php(497): CodeIgniter\CodeIgniter->runController(Object(App\Controllers\Capar))
 8 SYSTEMPATH/CodeIgniter.php(366): CodeIgniter\CodeIgniter->handleRequest(null, Object(Config\Cache), false)
 9 FCPATH/index.php(79): CodeIgniter\CodeIgniter->run()
INFO - 2024-05-27 07:07:32 --> Session: Class initialized using 'CodeIgniter\Session\Handlers\FileHandler' driver.
CRITICAL - 2024-05-27 07:07:32 --> Undefined variable: id
in APPPATH/Views/AtRest/capar_add.php on line 32.
 1 APPPATH/Views/AtRest/capar_add.php(32): CodeIgniter\Debug\Exceptions->errorHandler(8, 'Undefined variable: id', '/home/validas1/ci4_core/app/Views/AtRest/capar_add.php', 32, [...])
 2 SYSTEMPATH/View/View.php(224): include('/home/validas1/ci4_core/app/Views/AtRest/capar_add.php')
 3 SYSTEMPATH/View/View.php(227): CodeIgniter\View\View->CodeIgniter\View\{closure}()
 4 SYSTEMPATH/Common.php(1180): CodeIgniter\View\View->render('AtRest/capar_add', [], true)
 5 APPPATH/Controllers/Capar.php(142): view('AtRest/capar_add', [...])
 6 SYSTEMPATH/CodeIgniter.php(932): App\Controllers\Capar->AddCapar('2')
 7 SYSTEMPATH/CodeIgniter.php(497): CodeIgniter\CodeIgniter->runController(Object(App\Controllers\Capar))
 8 SYSTEMPATH/CodeIgniter.php(366): CodeIgniter\CodeIgniter->handleRequest(null, Object(Config\Cache), false)
 9 FCPATH/index.php(79): CodeIgniter\CodeIgniter->run()
INFO - 2024-05-27 07:07:52 --> Session: Class initialized using 'CodeIgniter\Session\Handlers\FileHandler' driver.
CRITICAL - 2024-05-27 07:07:55 --> Too few arguments to function App\Controllers\Capar::ViewDetail(), 0 passed in /home/validas1/ci4_core/system/CodeIgniter.php on line 932 and exactly 1 expected
in APPPATH/Controllers/Capar.php on line 92.
 1 SYSTEMPATH/CodeIgniter.php(932): App\Controllers\Capar->ViewDetail()
 2 SYSTEMPATH/CodeIgniter.php(497): CodeIgniter\CodeIgniter->runController(Object(App\Controllers\Capar))
 3 SYSTEMPATH/CodeIgniter.php(366): CodeIgniter\CodeIgniter->handleRequest(null, Object(Config\Cache), false)
 4 FCPATH/index.php(79): CodeIgniter\CodeIgniter->run()
INFO - 2024-05-27 07:07:58 --> Session: Class initialized using 'CodeIgniter\Session\Handlers\FileHandler' driver.
INFO - 2024-05-27 07:28:39 --> Session: Class initialized using 'CodeIgniter\Session\Handlers\FileHandler' driver.
CRITICAL - 2024-05-27 07:28:40 --> Too few arguments to function App\Controllers\Capar::ViewDetail(), 0 passed in /home/validas1/ci4_core/system/CodeIgniter.php on line 932 and exactly 1 expected
in APPPATH/Controllers/Capar.php on line 92.
 1 SYSTEMPATH/CodeIgniter.php(932): App\Controllers\Capar->ViewDetail()
 2 SYSTEMPATH/CodeIgniter.php(497): CodeIgniter\CodeIgniter->runController(Object(App\Controllers\Capar))
 3 SYSTEMPATH/CodeIgniter.php(366): CodeIgniter\CodeIgniter->handleRequest(null, Object(Config\Cache), false)
 4 FCPATH/index.php(79): CodeIgniter\CodeIgniter->run()
CRITICAL - 2024-05-27 07:28:41 --> Too few arguments to function App\Controllers\Capar::ViewDetail(), 0 passed in /home/validas1/ci4_core/system/CodeIgniter.php on line 932 and exactly 1 expected
in APPPATH/Controllers/Capar.php on line 92.
 1 SYSTEMPATH/CodeIgniter.php(932): App\Controllers\Capar->ViewDetail()
 2 SYSTEMPATH/CodeIgniter.php(497): CodeIgniter\CodeIgniter->runController(Object(App\Controllers\Capar))
 3 SYSTEMPATH/CodeIgniter.php(366): CodeIgniter\CodeIgniter->handleRequest(null, Object(Config\Cache), false)
 4 FCPATH/index.php(79): CodeIgniter\CodeIgniter->run()
INFO - 2024-05-27 07:29:19 --> Session: Class initialized using 'CodeIgniter\Session\Handlers\FileHandler' driver.
CRITICAL - 2024-05-27 07:29:19 --> Undefined variable: id
in APPPATH/Views/AtRest/capar_add.php on line 32.
 1 APPPATH/Views/AtRest/capar_add.php(32): CodeIgniter\Debug\Exceptions->errorHandler(8, 'Undefined variable: id', '/home/validas1/ci4_core/app/Views/AtRest/capar_add.php', 32, [...])
 2 SYSTEMPATH/View/View.php(224): include('/home/validas1/ci4_core/app/Views/AtRest/capar_add.php')
 3 SYSTEMPATH/View/View.php(227): CodeIgniter\View\View->CodeIgniter\View\{closure}()
 4 SYSTEMPATH/Common.php(1180): CodeIgniter\View\View->render('AtRest/capar_add', [], true)
 5 APPPATH/Controllers/Capar.php(143): view('AtRest/capar_add', [...])
 6 SYSTEMPATH/CodeIgniter.php(932): App\Controllers\Capar->AddCapar('2')
 7 SYSTEMPATH/CodeIgniter.php(497): CodeIgniter\CodeIgniter->runController(Object(App\Controllers\Capar))
 8 SYSTEMPATH/CodeIgniter.php(366): CodeIgniter\CodeIgniter->handleRequest(null, Object(Config\Cache), false)
 9 FCPATH/index.php(79): CodeIgniter\CodeIgniter->run()
INFO - 2024-05-27 07:29:22 --> Session: Class initialized using 'CodeIgniter\Session\Handlers\FileHandler' driver.
INFO - 2024-05-27 07:29:25 --> Session: Class initialized using 'CodeIgniter\Session\Handlers\FileHandler' driver.
INFO - 2024-05-27 07:29:28 --> Session: Class initialized using 'CodeIgniter\Session\Handlers\FileHandler' driver.
INFO - 2024-05-27 07:29:30 --> Session: Class initialized using 'CodeIgniter\Session\Handlers\FileHandler' driver.
INFO - 2024-05-27 07:29:55 --> Session: Class initialized using 'CodeIgniter\Session\Handlers\FileHandler' driver.
INFO - 2024-05-27 07:29:56 --> Session: Class initialized using 'CodeIgniter\Session\Handlers\FileHandler' driver.
INFO - 2024-05-27 07:38:52 --> Session: Class initialized using 'CodeIgniter\Session\Handlers\FileHandler' driver.
INFO - 2024-05-27 07:38:56 --> Session: Class initialized using 'CodeIgniter\Session\Handlers\FileHandler' driver.
INFO - 2024-05-27 07:38:56 --> Session: Class initialized using 'CodeIgniter\Session\Handlers\FileHandler' driver.
INFO - 2024-05-27 07:38:56 --> Session: Class initialized using 'CodeIgniter\Session\Handlers\FileHandler' driver.
INFO - 2024-05-27 07:39:05 --> Session: Class initialized using 'CodeIgniter\Session\Handlers\FileHandler' driver.
INFO - 2024-05-27 07:39:05 --> Session: Class initialized using 'CodeIgniter\Session\Handlers\FileHandler' driver.
INFO - 2024-05-27 07:40:22 --> Session: Class initialized using 'CodeIgniter\Session\Handlers\FileHandler' driver.
INFO - 2024-05-27 07:40:22 --> Session: Class initialized using 'CodeIgniter\Session\Handlers\FileHandler' driver.
INFO - 2024-05-27 07:40:25 --> Session: Class initialized using 'CodeIgniter\Session\Handlers\FileHandler' driver.
INFO - 2024-05-27 07:40:27 --> Session: Class initialized using 'CodeIgniter\Session\Handlers\FileHandler' driver.
INFO - 2024-05-27 07:40:59 --> Session: Class initialized using 'CodeIgniter\Session\Handlers\FileHandler' driver.
INFO - 2024-05-27 07:41:01 --> Session: Class initialized using 'CodeIgniter\Session\Handlers\FileHandler' driver.
INFO - 2024-05-27 07:41:10 --> Session: Class initialized using 'CodeIgniter\Session\Handlers\FileHandler' driver.
INFO - 2024-05-27 07:41:11 --> Session: Class initialized using 'CodeIgniter\Session\Handlers\FileHandler' driver.
INFO - 2024-05-27 07:41:17 --> Session: Class initialized using 'CodeIgniter\Session\Handlers\FileHandler' driver.
INFO - 2024-05-27 07:41:18 --> Session: Class initialized using 'CodeIgniter\Session\Handlers\FileHandler' driver.
INFO - 2024-05-27 07:41:22 --> Session: Class initialized using 'CodeIgniter\Session\Handlers\FileHandler' driver.
INFO - 2024-05-27 07:41:23 --> Session: Class initialized using 'CodeIgniter\Session\Handlers\FileHandler' driver.
INFO - 2024-05-27 07:41:26 --> Session: Class initialized using 'CodeIgniter\Session\Handlers\FileHandler' driver.
INFO - 2024-05-27 07:41:29 --> Session: Class initialized using 'CodeIgniter\Session\Handlers\FileHandler' driver.
INFO - 2024-05-27 07:41:30 --> Session: Class initialized using 'CodeIgniter\Session\Handlers\FileHandler' driver.
INFO - 2024-05-27 07:41:32 --> Session: Class initialized using 'CodeIgniter\Session\Handlers\FileHandler' driver.
INFO - 2024-05-27 07:41:35 --> Session: Class initialized using 'CodeIgniter\Session\Handlers\FileHandler' driver.
INFO - 2024-05-27 07:42:41 --> Session: Class initialized using 'CodeIgniter\Session\Handlers\FileHandler' driver.
INFO - 2024-05-27 07:43:05 --> Session: Class initialized using 'CodeIgniter\Session\Handlers\FileHandler' driver.
INFO - 2024-05-27 07:43:07 --> Session: Class initialized using 'CodeIgniter\Session\Handlers\FileHandler' driver.
INFO - 2024-05-27 07:43:10 --> Session: Class initialized using 'CodeIgniter\Session\Handlers\FileHandler' driver.
CRITICAL - 2024-05-27 07:43:10 --> Undefined variable: id
in APPPATH/Views/AtRest/capar_add.php on line 32.
 1 APPPATH/Views/AtRest/capar_add.php(32): CodeIgniter\Debug\Exceptions->errorHandler(8, 'Undefined variable: id', '/home/validas1/ci4_core/app/Views/AtRest/capar_add.php', 32, [...])
 2 SYSTEMPATH/View/View.php(224): include('/home/validas1/ci4_core/app/Views/AtRest/capar_add.php')
 3 SYSTEMPATH/View/View.php(227): CodeIgniter\View\View->CodeIgniter\View\{closure}()
 4 SYSTEMPATH/Common.php(1180): CodeIgniter\View\View->render('AtRest/capar_add', [], true)
 5 APPPATH/Controllers/Capar.php(143): view('AtRest/capar_add', [...])
 6 SYSTEMPATH/CodeIgniter.php(932): App\Controllers\Capar->AddCapar('2')
 7 SYSTEMPATH/CodeIgniter.php(497): CodeIgniter\CodeIgniter->runController(Object(App\Controllers\Capar))
 8 SYSTEMPATH/CodeIgniter.php(366): CodeIgniter\CodeIgniter->handleRequest(null, Object(Config\Cache), false)
 9 FCPATH/index.php(79): CodeIgniter\CodeIgniter->run()
INFO - 2024-05-27 07:43:13 --> Session: Class initialized using 'CodeIgniter\Session\Handlers\FileHandler' driver.
INFO - 2024-05-27 07:43:17 --> Session: Class initialized using 'CodeIgniter\Session\Handlers\FileHandler' driver.
CRITICAL - 2024-05-27 07:43:17 --> Undefined variable: id
in APPPATH/Views/AtRest/capar_add.php on line 32.
 1 APPPATH/Views/AtRest/capar_add.php(32): CodeIgniter\Debug\Exceptions->errorHandler(8, 'Undefined variable: id', '/home/validas1/ci4_core/app/Views/AtRest/capar_add.php', 32, [...])
 2 SYSTEMPATH/View/View.php(224): include('/home/validas1/ci4_core/app/Views/AtRest/capar_add.php')
 3 SYSTEMPATH/View/View.php(227): CodeIgniter\View\View->CodeIgniter\View\{closure}()
 4 SYSTEMPATH/Common.php(1180): CodeIgniter\View\View->render('AtRest/capar_add', [], true)
 5 APPPATH/Controllers/Capar.php(143): view('AtRest/capar_add', [...])
 6 SYSTEMPATH/CodeIgniter.php(932): App\Controllers\Capar->AddCapar('2')
 7 SYSTEMPATH/CodeIgniter.php(497): CodeIgniter\CodeIgniter->runController(Object(App\Controllers\Capar))
 8 SYSTEMPATH/CodeIgniter.php(366): CodeIgniter\CodeIgniter->handleRequest(null, Object(Config\Cache), false)
 9 FCPATH/index.php(79): CodeIgniter\CodeIgniter->run()
INFO - 2024-05-27 07:43:42 --> Session: Class initialized using 'CodeIgniter\Session\Handlers\FileHandler' driver.
INFO - 2024-05-27 07:43:43 --> Session: Class initialized using 'CodeIgniter\Session\Handlers\FileHandler' driver.
INFO - 2024-05-27 07:43:45 --> Session: Class initialized using 'CodeIgniter\Session\Handlers\FileHandler' driver.
INFO - 2024-05-27 07:43:47 --> Session: Class initialized using 'CodeIgniter\Session\Handlers\FileHandler' driver.
INFO - 2024-05-27 07:45:09 --> Session: Class initialized using 'CodeIgniter\Session\Handlers\FileHandler' driver.
INFO - 2024-05-27 07:45:16 --> Session: Class initialized using 'CodeIgniter\Session\Handlers\FileHandler' driver.
INFO - 2024-05-27 07:45:18 --> Session: Class initialized using 'CodeIgniter\Session\Handlers\FileHandler' driver.
INFO - 2024-05-27 07:45:21 --> Session: Class initialized using 'CodeIgniter\Session\Handlers\FileHandler' driver.
INFO - 2024-05-27 07:45:23 --> Session: Class initialized using 'CodeIgniter\Session\Handlers\FileHandler' driver.
INFO - 2024-05-27 08:08:33 --> Session: Class initialized using 'CodeIgniter\Session\Handlers\FileHandler' driver.
INFO - 2024-05-27 08:08:35 --> Session: Class initialized using 'CodeIgniter\Session\Handlers\FileHandler' driver.
INFO - 2024-05-27 08:08:36 --> Session: Class initialized using 'CodeIgniter\Session\Handlers\FileHandler' driver.
INFO - 2024-05-27 08:08:41 --> Session: Class initialized using 'CodeIgniter\Session\Handlers\FileHandler' driver.
INFO - 2024-05-27 08:08:43 --> Session: Class initialized using 'CodeIgniter\Session\Handlers\FileHandler' driver.
INFO - 2024-05-27 08:08:44 --> Session: Class initialized using 'CodeIgniter\Session\Handlers\FileHandler' driver.
INFO - 2024-05-27 08:25:09 --> Session: Class initialized using 'CodeIgniter\Session\Handlers\FileHandler' driver.
CRITICAL - 2024-05-27 08:25:09 --> Undefined variable: id
in APPPATH/Views/AtRest/mas_add.php on line 32.
 1 APPPATH/Views/AtRest/mas_add.php(32): CodeIgniter\Debug\Exceptions->errorHandler(8, 'Undefined variable: id', '/home/validas1/ci4_core/app/Views/AtRest/mas_add.php', 32, [...])
 2 SYSTEMPATH/View/View.php(224): include('/home/validas1/ci4_core/app/Views/AtRest/mas_add.php')
 3 SYSTEMPATH/View/View.php(227): CodeIgniter\View\View->CodeIgniter\View\{closure}()
 4 SYSTEMPATH/Common.php(1180): CodeIgniter\View\View->render('AtRest/mas_add', [], true)
 5 APPPATH/Controllers/Mas.php(141): view('AtRest/mas_add', [...])
 6 SYSTEMPATH/CodeIgniter.php(932): App\Controllers\Mas->AddMas('29')
 7 SYSTEMPATH/CodeIgniter.php(497): CodeIgniter\CodeIgniter->runController(Object(App\Controllers\Mas))
 8 SYSTEMPATH/CodeIgniter.php(366): CodeIgniter\CodeIgniter->handleRequest(null, Object(Config\Cache), false)
 9 FCPATH/index.php(79): CodeIgniter\CodeIgniter->run()
INFO - 2024-05-27 08:30:52 --> Session: Class initialized using 'CodeIgniter\Session\Handlers\FileHandler' driver.
CRITICAL - 2024-05-27 08:30:52 --> Undefined variable: id
in APPPATH/Views/AtRest/mas_add.php on line 32.
 1 APPPATH/Views/AtRest/mas_add.php(32): CodeIgniter\Debug\Exceptions->errorHandler(8, 'Undefined variable: id', '/home/validas1/ci4_core/app/Views/AtRest/mas_add.php', 32, [...])
 2 SYSTEMPATH/View/View.php(224): include('/home/validas1/ci4_core/app/Views/AtRest/mas_add.php')
 3 SYSTEMPATH/View/View.php(227): CodeIgniter\View\View->CodeIgniter\View\{closure}()
 4 SYSTEMPATH/Common.php(1180): CodeIgniter\View\View->render('AtRest/mas_add', [], true)
 5 APPPATH/Controllers/Mas.php(141): view('AtRest/mas_add', [...])
 6 SYSTEMPATH/CodeIgniter.php(932): App\Controllers\Mas->AddMas('29')
 7 SYSTEMPATH/CodeIgniter.php(497): CodeIgniter\CodeIgniter->runController(Object(App\Controllers\Mas))
 8 SYSTEMPATH/CodeIgniter.php(366): CodeIgniter\CodeIgniter->handleRequest(null, Object(Config\Cache), false)
 9 FCPATH/index.php(79): CodeIgniter\CodeIgniter->run()
INFO - 2024-05-27 08:32:15 --> Session: Class initialized using 'CodeIgniter\Session\Handlers\FileHandler' driver.
INFO - 2024-05-27 08:32:18 --> Session: Class initialized using 'CodeIgniter\Session\Handlers\FileHandler' driver.
CRITICAL - 2024-05-27 08:32:18 --> Trying to access array offset on value of type null
in APPPATH/Views/AtRest/datappoj_detail.php on line 49.
 1 APPPATH/Views/AtRest/datappoj_detail.php(49): CodeIgniter\Debug\Exceptions->errorHandler(8, 'Trying to access array offset on value of type null', '/home/validas1/ci4_core/app/Views/AtRest/datappoj_detail.php', 49, [...])
 2 SYSTEMPATH/View/View.php(224): include('/home/validas1/ci4_core/app/Views/AtRest/datappoj_detail.php')
 3 SYSTEMPATH/View/View.php(227): CodeIgniter\View\View->CodeIgniter\View\{closure}()
 4 SYSTEMPATH/Common.php(1180): CodeIgniter\View\View->render('AtRest/datappoj_detail', [], true)
 5 APPPATH/Controllers/Mas.php(116): view('AtRest/datappoj_detail', [...])
 6 SYSTEMPATH/CodeIgniter.php(932): App\Controllers\Mas->ViewDetail('29')
 7 SYSTEMPATH/CodeIgniter.php(497): CodeIgniter\CodeIgniter->runController(Object(App\Controllers\Mas))
 8 SYSTEMPATH/CodeIgniter.php(366): CodeIgniter\CodeIgniter->handleRequest(null, Object(Config\Cache), false)
 9 FCPATH/index.php(79): CodeIgniter\CodeIgniter->run()
INFO - 2024-05-27 08:33:39 --> Session: Class initialized using 'CodeIgniter\Session\Handlers\FileHandler' driver.
INFO - 2024-05-27 08:33:41 --> Session: Class initialized using 'CodeIgniter\Session\Handlers\FileHandler' driver.
INFO - 2024-05-27 08:33:42 --> Session: Class initialized using 'CodeIgniter\Session\Handlers\FileHandler' driver.
INFO - 2024-05-27 08:33:44 --> Session: Class initialized using 'CodeIgniter\Session\Handlers\FileHandler' driver.
INFO - 2024-05-27 08:33:47 --> Session: Class initialized using 'CodeIgniter\Session\Handlers\FileHandler' driver.
INFO - 2024-05-27 08:33:56 --> Session: Class initialized using 'CodeIgniter\Session\Handlers\FileHandler' driver.
CRITICAL - 2024-05-27 08:33:56 --> Trying to access array offset on value of type null
in APPPATH/Views/AtRest/mas_detail.php on line 46.
 1 APPPATH/Views/AtRest/mas_detail.php(46): CodeIgniter\Debug\Exceptions->errorHandler(8, 'Trying to access array offset on value of type null', '/home/validas1/ci4_core/app/Views/AtRest/mas_detail.php', 46, [...])
 2 SYSTEMPATH/View/View.php(224): include('/home/validas1/ci4_core/app/Views/AtRest/mas_detail.php')
 3 SYSTEMPATH/View/View.php(227): CodeIgniter\View\View->CodeIgniter\View\{closure}()
 4 SYSTEMPATH/Common.php(1180): CodeIgniter\View\View->render('AtRest/mas_detail', [], true)
 5 APPPATH/Controllers/Mas.php(113): view('AtRest/mas_detail', [...])
 6 SYSTEMPATH/CodeIgniter.php(932): App\Controllers\Mas->ViewDetail('29')
 7 SYSTEMPATH/CodeIgniter.php(497): CodeIgniter\CodeIgniter->runController(Object(App\Controllers\Mas))
 8 SYSTEMPATH/CodeIgniter.php(366): CodeIgniter\CodeIgniter->handleRequest(null, Object(Config\Cache), false)
 9 FCPATH/index.php(79): CodeIgniter\CodeIgniter->run()
INFO - 2024-05-27 08:33:58 --> Session: Class initialized using 'CodeIgniter\Session\Handlers\FileHandler' driver.
CRITICAL - 2024-05-27 08:33:58 --> Trying to access array offset on value of type null
in APPPATH/Views/AtRest/mas_detail.php on line 46.
 1 APPPATH/Views/AtRest/mas_detail.php(46): CodeIgniter\Debug\Exceptions->errorHandler(8, 'Trying to access array offset on value of type null', '/home/validas1/ci4_core/app/Views/AtRest/mas_detail.php', 46, [...])
 2 SYSTEMPATH/View/View.php(224): include('/home/validas1/ci4_core/app/Views/AtRest/mas_detail.php')
 3 SYSTEMPATH/View/View.php(227): CodeIgniter\View\View->CodeIgniter\View\{closure}()
 4 SYSTEMPATH/Common.php(1180): CodeIgniter\View\View->render('AtRest/mas_detail', [], true)
 5 APPPATH/Controllers/Mas.php(113): view('AtRest/mas_detail', [...])
 6 SYSTEMPATH/CodeIgniter.php(932): App\Controllers\Mas->ViewDetail('29')
 7 SYSTEMPATH/CodeIgniter.php(497): CodeIgniter\CodeIgniter->runController(Object(App\Controllers\Mas))
 8 SYSTEMPATH/CodeIgniter.php(366): CodeIgniter\CodeIgniter->handleRequest(null, Object(Config\Cache), false)
 9 FCPATH/index.php(79): CodeIgniter\CodeIgniter->run()
INFO - 2024-05-27 08:34:00 --> Session: Class initialized using 'CodeIgniter\Session\Handlers\FileHandler' driver.
INFO - 2024-05-27 08:34:02 --> Session: Class initialized using 'CodeIgniter\Session\Handlers\FileHandler' driver.
CRITICAL - 2024-05-27 08:34:02 --> Trying to access array offset on value of type null
in APPPATH/Views/AtRest/mas_detail.php on line 46.
 1 APPPATH/Views/AtRest/mas_detail.php(46): CodeIgniter\Debug\Exceptions->errorHandler(8, 'Trying to access array offset on value of type null', '/home/validas1/ci4_core/app/Views/AtRest/mas_detail.php', 46, [...])
 2 SYSTEMPATH/View/View.php(224): include('/home/validas1/ci4_core/app/Views/AtRest/mas_detail.php')
 3 SYSTEMPATH/View/View.php(227): CodeIgniter\View\View->CodeIgniter\View\{closure}()
 4 SYSTEMPATH/Common.php(1180): CodeIgniter\View\View->render('AtRest/mas_detail', [], true)
 5 APPPATH/Controllers/Mas.php(113): view('AtRest/mas_detail', [...])
 6 SYSTEMPATH/CodeIgniter.php(932): App\Controllers\Mas->ViewDetail('29')
 7 SYSTEMPATH/CodeIgniter.php(497): CodeIgniter\CodeIgniter->runController(Object(App\Controllers\Mas))
 8 SYSTEMPATH/CodeIgniter.php(366): CodeIgniter\CodeIgniter->handleRequest(null, Object(Config\Cache), false)
 9 FCPATH/index.php(79): CodeIgniter\CodeIgniter->run()
INFO - 2024-05-27 08:34:42 --> Session: Class initialized using 'CodeIgniter\Session\Handlers\FileHandler' driver.
INFO - 2024-05-27 08:34:43 --> Session: Class initialized using 'CodeIgniter\Session\Handlers\FileHandler' driver.
INFO - 2024-05-27 08:34:46 --> Session: Class initialized using 'CodeIgniter\Session\Handlers\FileHandler' driver.
INFO - 2024-05-27 08:34:46 --> Session: Class initialized using 'CodeIgniter\Session\Handlers\FileHandler' driver.
INFO - 2024-05-27 08:34:46 --> Session: Class initialized using 'CodeIgniter\Session\Handlers\FileHandler' driver.
INFO - 2024-05-27 08:34:47 --> Session: Class initialized using 'CodeIgniter\Session\Handlers\FileHandler' driver.
CRITICAL - 2024-05-27 08:34:47 --> Trying to access array offset on value of type null
in APPPATH/Views/AtRest/mas_detail.php on line 46.
 1 APPPATH/Views/AtRest/mas_detail.php(46): CodeIgniter\Debug\Exceptions->errorHandler(8, 'Trying to access array offset on value of type null', '/home/validas1/ci4_core/app/Views/AtRest/mas_detail.php', 46, [...])
 2 SYSTEMPATH/View/View.php(224): include('/home/validas1/ci4_core/app/Views/AtRest/mas_detail.php')
 3 SYSTEMPATH/View/View.php(227): CodeIgniter\View\View->CodeIgniter\View\{closure}()
 4 SYSTEMPATH/Common.php(1180): CodeIgniter\View\View->render('AtRest/mas_detail', [], true)
 5 APPPATH/Controllers/Mas.php(112): view('AtRest/mas_detail', [...])
 6 SYSTEMPATH/CodeIgniter.php(932): App\Controllers\Mas->ViewDetail('29')
 7 SYSTEMPATH/CodeIgniter.php(497): CodeIgniter\CodeIgniter->runController(Object(App\Controllers\Mas))
 8 SYSTEMPATH/CodeIgniter.php(366): CodeIgniter\CodeIgniter->handleRequest(null, Object(Config\Cache), false)
 9 FCPATH/index.php(79): CodeIgniter\CodeIgniter->run()
INFO - 2024-05-27 08:34:49 --> Session: Class initialized using 'CodeIgniter\Session\Handlers\FileHandler' driver.
CRITICAL - 2024-05-27 08:34:49 --> Undefined variable: id
in APPPATH/Views/AtRest/mas_add.php on line 32.
 1 APPPATH/Views/AtRest/mas_add.php(32): CodeIgniter\Debug\Exceptions->errorHandler(8, 'Undefined variable: id', '/home/validas1/ci4_core/app/Views/AtRest/mas_add.php', 32, [...])
 2 SYSTEMPATH/View/View.php(224): include('/home/validas1/ci4_core/app/Views/AtRest/mas_add.php')
 3 SYSTEMPATH/View/View.php(227): CodeIgniter\View\View->CodeIgniter\View\{closure}()
 4 SYSTEMPATH/Common.php(1180): CodeIgniter\View\View->render('AtRest/mas_add', [], true)
 5 APPPATH/Controllers/Mas.php(140): view('AtRest/mas_add', [...])
 6 SYSTEMPATH/CodeIgniter.php(932): App\Controllers\Mas->AddMas('29')
 7 SYSTEMPATH/CodeIgniter.php(497): CodeIgniter\CodeIgniter->runController(Object(App\Controllers\Mas))
 8 SYSTEMPATH/CodeIgniter.php(366): CodeIgniter\CodeIgniter->handleRequest(null, Object(Config\Cache), false)
 9 FCPATH/index.php(79): CodeIgniter\CodeIgniter->run()
INFO - 2024-05-27 08:34:49 --> Session: Class initialized using 'CodeIgniter\Session\Handlers\FileHandler' driver.
INFO - 2024-05-27 08:34:49 --> Session: Class initialized using 'CodeIgniter\Session\Handlers\FileHandler' driver.
INFO - 2024-05-27 08:34:51 --> Session: Class initialized using 'CodeIgniter\Session\Handlers\FileHandler' driver.
INFO - 2024-05-27 08:34:52 --> Session: Class initialized using 'CodeIgniter\Session\Handlers\FileHandler' driver.
INFO - 2024-05-27 08:34:54 --> Session: Class initialized using 'CodeIgniter\Session\Handlers\FileHandler' driver.
INFO - 2024-05-27 08:34:55 --> Session: Class initialized using 'CodeIgniter\Session\Handlers\FileHandler' driver.
INFO - 2024-05-27 08:34:58 --> Session: Class initialized using 'CodeIgniter\Session\Handlers\FileHandler' driver.
INFO - 2024-05-27 08:34:59 --> Session: Class initialized using 'CodeIgniter\Session\Handlers\FileHandler' driver.
INFO - 2024-05-27 08:35:01 --> Session: Class initialized using 'CodeIgniter\Session\Handlers\FileHandler' driver.
INFO - 2024-05-27 08:35:03 --> Session: Class initialized using 'CodeIgniter\Session\Handlers\FileHandler' driver.
INFO - 2024-05-27 08:35:05 --> Session: Class initialized using 'CodeIgniter\Session\Handlers\FileHandler' driver.
INFO - 2024-05-27 08:35:08 --> Session: Class initialized using 'CodeIgniter\Session\Handlers\FileHandler' driver.
INFO - 2024-05-27 08:35:23 --> Session: Class initialized using 'CodeIgniter\Session\Handlers\FileHandler' driver.
INFO - 2024-05-27 08:35:24 --> Session: Class initialized using 'CodeIgniter\Session\Handlers\FileHandler' driver.
INFO - 2024-05-27 08:35:26 --> Session: Class initialized using 'CodeIgniter\Session\Handlers\FileHandler' driver.
CRITICAL - 2024-05-27 08:35:26 --> Trying to access array offset on value of type null
in APPPATH/Views/AtRest/mas_detail.php on line 46.
 1 APPPATH/Views/AtRest/mas_detail.php(46): CodeIgniter\Debug\Exceptions->errorHandler(8, 'Trying to access array offset on value of type null', '/home/validas1/ci4_core/app/Views/AtRest/mas_detail.php', 46, [...])
 2 SYSTEMPATH/View/View.php(224): include('/home/validas1/ci4_core/app/Views/AtRest/mas_detail.php')
 3 SYSTEMPATH/View/View.php(227): CodeIgniter\View\View->CodeIgniter\View\{closure}()
 4 SYSTEMPATH/Common.php(1180): CodeIgniter\View\View->render('AtRest/mas_detail', [], true)
 5 APPPATH/Controllers/Mas.php(112): view('AtRest/mas_detail', [...])
 6 SYSTEMPATH/CodeIgniter.php(932): App\Controllers\Mas->ViewDetail('29')
 7 SYSTEMPATH/CodeIgniter.php(497): CodeIgniter\CodeIgniter->runController(Object(App\Controllers\Mas))
 8 SYSTEMPATH/CodeIgniter.php(366): CodeIgniter\CodeIgniter->handleRequest(null, Object(Config\Cache), false)
 9 FCPATH/index.php(79): CodeIgniter\CodeIgniter->run()
INFO - 2024-05-27 08:36:35 --> Session: Class initialized using 'CodeIgniter\Session\Handlers\FileHandler' driver.
INFO - 2024-05-27 08:36:36 --> Session: Class initialized using 'CodeIgniter\Session\Handlers\FileHandler' driver.
INFO - 2024-05-27 08:36:38 --> Session: Class initialized using 'CodeIgniter\Session\Handlers\FileHandler' driver.
INFO - 2024-05-27 08:36:40 --> Session: Class initialized using 'CodeIgniter\Session\Handlers\FileHandler' driver.
INFO - 2024-05-27 08:36:42 --> Session: Class initialized using 'CodeIgniter\Session\Handlers\FileHandler' driver.
INFO - 2024-05-27 08:36:44 --> Session: Class initialized using 'CodeIgniter\Session\Handlers\FileHandler' driver.
INFO - 2024-05-27 08:36:47 --> Session: Class initialized using 'CodeIgniter\Session\Handlers\FileHandler' driver.
INFO - 2024-05-27 08:36:49 --> Session: Class initialized using 'CodeIgniter\Session\Handlers\FileHandler' driver.
INFO - 2024-05-27 08:38:40 --> Session: Class initialized using 'CodeIgniter\Session\Handlers\FileHandler' driver.
INFO - 2024-05-27 08:38:43 --> Session: Class initialized using 'CodeIgniter\Session\Handlers\FileHandler' driver.
INFO - 2024-05-27 08:38:45 --> Session: Class initialized using 'CodeIgniter\Session\Handlers\FileHandler' driver.
INFO - 2024-05-27 08:38:47 --> Session: Class initialized using 'CodeIgniter\Session\Handlers\FileHandler' driver.
CRITICAL - 2024-05-27 08:38:47 --> Undefined variable: id
in APPPATH/Views/AtRest/mas_add.php on line 32.
 1 APPPATH/Views/AtRest/mas_add.php(32): CodeIgniter\Debug\Exceptions->errorHandler(8, 'Undefined variable: id', '/home/validas1/ci4_core/app/Views/AtRest/mas_add.php', 32, [...])
 2 SYSTEMPATH/View/View.php(224): include('/home/validas1/ci4_core/app/Views/AtRest/mas_add.php')
 3 SYSTEMPATH/View/View.php(227): CodeIgniter\View\View->CodeIgniter\View\{closure}()
 4 SYSTEMPATH/Common.php(1180): CodeIgniter\View\View->render('AtRest/mas_add', [], true)
 5 APPPATH/Controllers/Mas.php(141): view('AtRest/mas_add', [...])
 6 SYSTEMPATH/CodeIgniter.php(932): App\Controllers\Mas->AddMas('2')
 7 SYSTEMPATH/CodeIgniter.php(497): CodeIgniter\CodeIgniter->runController(Object(App\Controllers\Mas))
 8 SYSTEMPATH/CodeIgniter.php(366): CodeIgniter\CodeIgniter->handleRequest(null, Object(Config\Cache), false)
 9 FCPATH/index.php(79): CodeIgniter\CodeIgniter->run()
INFO - 2024-05-27 08:39:10 --> Session: Class initialized using 'CodeIgniter\Session\Handlers\FileHandler' driver.
INFO - 2024-05-27 08:39:23 --> Session: Class initialized using 'CodeIgniter\Session\Handlers\FileHandler' driver.
INFO - 2024-05-27 08:39:24 --> Session: Class initialized using 'CodeIgniter\Session\Handlers\FileHandler' driver.
INFO - 2024-05-27 08:39:28 --> Session: Class initialized using 'CodeIgniter\Session\Handlers\FileHandler' driver.
INFO - 2024-05-27 08:39:33 --> Session: Class initialized using 'CodeIgniter\Session\Handlers\FileHandler' driver.
INFO - 2024-05-27 08:39:35 --> Session: Class initialized using 'CodeIgniter\Session\Handlers\FileHandler' driver.
INFO - 2024-05-27 08:39:38 --> Session: Class initialized using 'CodeIgniter\Session\Handlers\FileHandler' driver.
INFO - 2024-05-27 08:39:41 --> Session: Class initialized using 'CodeIgniter\Session\Handlers\FileHandler' driver.
INFO - 2024-05-27 08:39:42 --> Session: Class initialized using 'CodeIgniter\Session\Handlers\FileHandler' driver.
INFO - 2024-05-27 08:39:43 --> Session: Class initialized using 'CodeIgniter\Session\Handlers\FileHandler' driver.
INFO - 2024-05-27 08:39:44 --> Session: Class initialized using 'CodeIgniter\Session\Handlers\FileHandler' driver.
INFO - 2024-05-27 08:39:46 --> Session: Class initialized using 'CodeIgniter\Session\Handlers\FileHandler' driver.
INFO - 2024-05-27 08:39:47 --> Session: Class initialized using 'CodeIgniter\Session\Handlers\FileHandler' driver.
INFO - 2024-05-27 08:39:49 --> Session: Class initialized using 'CodeIgniter\Session\Handlers\FileHandler' driver.
INFO - 2024-05-27 08:39:55 --> Session: Class initialized using 'CodeIgniter\Session\Handlers\FileHandler' driver.
INFO - 2024-05-27 08:39:58 --> Session: Class initialized using 'CodeIgniter\Session\Handlers\FileHandler' driver.
INFO - 2024-05-27 08:39:59 --> Session: Class initialized using 'CodeIgniter\Session\Handlers\FileHandler' driver.
INFO - 2024-05-27 08:41:08 --> Session: Class initialized using 'CodeIgniter\Session\Handlers\FileHandler' driver.
INFO - 2024-05-27 08:41:10 --> Session: Class initialized using 'CodeIgniter\Session\Handlers\FileHandler' driver.
INFO - 2024-05-27 08:41:12 --> Session: Class initialized using 'CodeIgniter\Session\Handlers\FileHandler' driver.
INFO - 2024-05-27 08:41:13 --> Session: Class initialized using 'CodeIgniter\Session\Handlers\FileHandler' driver.
INFO - 2024-05-27 08:41:14 --> Session: Class initialized using 'CodeIgniter\Session\Handlers\FileHandler' driver.
INFO - 2024-05-27 08:41:15 --> Session: Class initialized using 'CodeIgniter\Session\Handlers\FileHandler' driver.
INFO - 2024-05-27 08:41:16 --> Session: Class initialized using 'CodeIgniter\Session\Handlers\FileHandler' driver.
INFO - 2024-05-27 08:41:17 --> Session: Class initialized using 'CodeIgniter\Session\Handlers\FileHandler' driver.
INFO - 2024-05-27 08:41:19 --> Session: Class initialized using 'CodeIgniter\Session\Handlers\FileHandler' driver.
INFO - 2024-05-27 08:41:20 --> Session: Class initialized using 'CodeIgniter\Session\Handlers\FileHandler' driver.
INFO - 2024-05-27 08:41:21 --> Session: Class initialized using 'CodeIgniter\Session\Handlers\FileHandler' driver.
INFO - 2024-05-27 08:42:39 --> Session: Class initialized using 'CodeIgniter\Session\Handlers\FileHandler' driver.
INFO - 2024-05-27 08:42:42 --> Session: Class initialized using 'CodeIgniter\Session\Handlers\FileHandler' driver.
INFO - 2024-05-27 08:42:43 --> Session: Class initialized using 'CodeIgniter\Session\Handlers\FileHandler' driver.
INFO - 2024-05-27 08:42:45 --> Session: Class initialized using 'CodeIgniter\Session\Handlers\FileHandler' driver.
INFO - 2024-05-27 08:42:47 --> Session: Class initialized using 'CodeIgniter\Session\Handlers\FileHandler' driver.
INFO - 2024-05-27 08:42:53 --> Session: Class initialized using 'CodeIgniter\Session\Handlers\FileHandler' driver.
INFO - 2024-05-27 08:42:55 --> Session: Class initialized using 'CodeIgniter\Session\Handlers\FileHandler' driver.
INFO - 2024-05-27 08:42:57 --> Session: Class initialized using 'CodeIgniter\Session\Handlers\FileHandler' driver.
INFO - 2024-05-27 08:42:58 --> Session: Class initialized using 'CodeIgniter\Session\Handlers\FileHandler' driver.
INFO - 2024-05-27 08:43:36 --> Session: Class initialized using 'CodeIgniter\Session\Handlers\FileHandler' driver.
INFO - 2024-05-27 08:43:37 --> Session: Class initialized using 'CodeIgniter\Session\Handlers\FileHandler' driver.
INFO - 2024-05-27 08:43:38 --> Session: Class initialized using 'CodeIgniter\Session\Handlers\FileHandler' driver.
INFO - 2024-05-27 08:43:39 --> Session: Class initialized using 'CodeIgniter\Session\Handlers\FileHandler' driver.
INFO - 2024-05-27 08:43:41 --> Session: Class initialized using 'CodeIgniter\Session\Handlers\FileHandler' driver.
INFO - 2024-05-27 08:43:50 --> Session: Class initialized using 'CodeIgniter\Session\Handlers\FileHandler' driver.
INFO - 2024-05-27 08:43:51 --> Session: Class initialized using 'CodeIgniter\Session\Handlers\FileHandler' driver.
INFO - 2024-05-27 08:44:45 --> Session: Class initialized using 'CodeIgniter\Session\Handlers\FileHandler' driver.
INFO - 2024-05-27 08:44:46 --> Session: Class initialized using 'CodeIgniter\Session\Handlers\FileHandler' driver.
INFO - 2024-05-27 08:44:47 --> Session: Class initialized using 'CodeIgniter\Session\Handlers\FileHandler' driver.
INFO - 2024-05-27 08:44:47 --> Session: Class initialized using 'CodeIgniter\Session\Handlers\FileHandler' driver.
INFO - 2024-05-27 08:44:50 --> Session: Class initialized using 'CodeIgniter\Session\Handlers\FileHandler' driver.
INFO - 2024-05-27 08:44:53 --> Session: Class initialized using 'CodeIgniter\Session\Handlers\FileHandler' driver.
CRITICAL - 2024-05-27 08:44:53 --> Trying to access array offset on value of type null
in APPPATH/Views/AtRest/mas_detail.php on line 46.
 1 APPPATH/Views/AtRest/mas_detail.php(46): CodeIgniter\Debug\Exceptions->errorHandler(8, 'Trying to access array offset on value of type null', '/home/validas1/ci4_core/app/Views/AtRest/mas_detail.php', 46, [...])
 2 SYSTEMPATH/View/View.php(224): include('/home/validas1/ci4_core/app/Views/AtRest/mas_detail.php')
 3 SYSTEMPATH/View/View.php(227): CodeIgniter\View\View->CodeIgniter\View\{closure}()
 4 SYSTEMPATH/Common.php(1180): CodeIgniter\View\View->render('AtRest/mas_detail', [], true)
 5 APPPATH/Controllers/Mas.php(112): view('AtRest/mas_detail', [...])
 6 SYSTEMPATH/CodeIgniter.php(932): App\Controllers\Mas->ViewDetail('29')
 7 SYSTEMPATH/CodeIgniter.php(497): CodeIgniter\CodeIgniter->runController(Object(App\Controllers\Mas))
 8 SYSTEMPATH/CodeIgniter.php(366): CodeIgniter\CodeIgniter->handleRequest(null, Object(Config\Cache), false)
 9 FCPATH/index.php(79): CodeIgniter\CodeIgniter->run()
INFO - 2024-05-27 08:45:21 --> Session: Class initialized using 'CodeIgniter\Session\Handlers\FileHandler' driver.
INFO - 2024-05-27 08:45:22 --> Session: Class initialized using 'CodeIgniter\Session\Handlers\FileHandler' driver.
INFO - 2024-05-27 08:45:23 --> Session: Class initialized using 'CodeIgniter\Session\Handlers\FileHandler' driver.
INFO - 2024-05-27 08:46:13 --> Session: Class initialized using 'CodeIgniter\Session\Handlers\FileHandler' driver.
INFO - 2024-05-27 08:46:17 --> Session: Class initialized using 'CodeIgniter\Session\Handlers\FileHandler' driver.
INFO - 2024-05-27 08:46:21 --> Session: Class initialized using 'CodeIgniter\Session\Handlers\FileHandler' driver.
INFO - 2024-05-27 08:46:22 --> Session: Class initialized using 'CodeIgniter\Session\Handlers\FileHandler' driver.
INFO - 2024-05-27 08:46:24 --> Session: Class initialized using 'CodeIgniter\Session\Handlers\FileHandler' driver.
INFO - 2024-05-27 08:46:25 --> Session: Class initialized using 'CodeIgniter\Session\Handlers\FileHandler' driver.
INFO - 2024-05-27 08:46:25 --> Session: Class initialized using 'CodeIgniter\Session\Handlers\FileHandler' driver.
INFO - 2024-05-27 08:46:26 --> Session: Class initialized using 'CodeIgniter\Session\Handlers\FileHandler' driver.
INFO - 2024-05-27 08:46:27 --> Session: Class initialized using 'CodeIgniter\Session\Handlers\FileHandler' driver.
INFO - 2024-05-27 08:46:32 --> Session: Class initialized using 'CodeIgniter\Session\Handlers\FileHandler' driver.
INFO - 2024-05-27 08:46:34 --> Session: Class initialized using 'CodeIgniter\Session\Handlers\FileHandler' driver.
INFO - 2024-05-27 08:46:37 --> Session: Class initialized using 'CodeIgniter\Session\Handlers\FileHandler' driver.
CRITICAL - 2024-05-27 08:46:37 --> Trying to access array offset on value of type null
in APPPATH/Views/AtRest/mas_detail.php on line 46.
 1 APPPATH/Views/AtRest/mas_detail.php(46): CodeIgniter\Debug\Exceptions->errorHandler(8, 'Trying to access array offset on value of type null', '/home/validas1/ci4_core/app/Views/AtRest/mas_detail.php', 46, [...])
 2 SYSTEMPATH/View/View.php(224): include('/home/validas1/ci4_core/app/Views/AtRest/mas_detail.php')
 3 SYSTEMPATH/View/View.php(227): CodeIgniter\View\View->CodeIgniter\View\{closure}()
 4 SYSTEMPATH/Common.php(1180): CodeIgniter\View\View->render('AtRest/mas_detail', [], true)
 5 APPPATH/Controllers/Mas.php(112): view('AtRest/mas_detail', [...])
 6 SYSTEMPATH/CodeIgniter.php(932): App\Controllers\Mas->ViewDetail('29')
 7 SYSTEMPATH/CodeIgniter.php(497): CodeIgniter\CodeIgniter->runController(Object(App\Controllers\Mas))
 8 SYSTEMPATH/CodeIgniter.php(366): CodeIgniter\CodeIgniter->handleRequest(null, Object(Config\Cache), false)
 9 FCPATH/index.php(79): CodeIgniter\CodeIgniter->run()
INFO - 2024-05-27 08:46:43 --> Session: Class initialized using 'CodeIgniter\Session\Handlers\FileHandler' driver.
INFO - 2024-05-27 08:46:46 --> Session: Class initialized using 'CodeIgniter\Session\Handlers\FileHandler' driver.
INFO - 2024-05-27 08:46:46 --> Session: Class initialized using 'CodeIgniter\Session\Handlers\FileHandler' driver.
INFO - 2024-05-27 08:46:46 --> Session: Class initialized using 'CodeIgniter\Session\Handlers\FileHandler' driver.
INFO - 2024-05-27 08:46:48 --> Session: Class initialized using 'CodeIgniter\Session\Handlers\FileHandler' driver.
INFO - 2024-05-27 08:46:49 --> Session: Class initialized using 'CodeIgniter\Session\Handlers\FileHandler' driver.
INFO - 2024-05-27 08:46:50 --> Session: Class initialized using 'CodeIgniter\Session\Handlers\FileHandler' driver.
INFO - 2024-05-27 08:46:51 --> Session: Class initialized using 'CodeIgniter\Session\Handlers\FileHandler' driver.
INFO - 2024-05-27 08:46:53 --> Session: Class initialized using 'CodeIgniter\Session\Handlers\FileHandler' driver.
CRITICAL - 2024-05-27 08:46:53 --> Trying to access array offset on value of type null
in APPPATH/Views/AtRest/mas_detail.php on line 46.
 1 APPPATH/Views/AtRest/mas_detail.php(46): CodeIgniter\Debug\Exceptions->errorHandler(8, 'Trying to access array offset on value of type null', '/home/validas1/ci4_core/app/Views/AtRest/mas_detail.php', 46, [...])
 2 SYSTEMPATH/View/View.php(224): include('/home/validas1/ci4_core/app/Views/AtRest/mas_detail.php')
 3 SYSTEMPATH/View/View.php(227): CodeIgniter\View\View->CodeIgniter\View\{closure}()
 4 SYSTEMPATH/Common.php(1180): CodeIgniter\View\View->render('AtRest/mas_detail', [], true)
 5 APPPATH/Controllers/Mas.php(112): view('AtRest/mas_detail', [...])
 6 SYSTEMPATH/CodeIgniter.php(932): App\Controllers\Mas->ViewDetail('13')
 7 SYSTEMPATH/CodeIgniter.php(497): CodeIgniter\CodeIgniter->runController(Object(App\Controllers\Mas))
 8 SYSTEMPATH/CodeIgniter.php(366): CodeIgniter\CodeIgniter->handleRequest(null, Object(Config\Cache), false)
 9 FCPATH/index.php(79): CodeIgniter\CodeIgniter->run()
INFO - 2024-05-27 08:46:55 --> Session: Class initialized using 'CodeIgniter\Session\Handlers\FileHandler' driver.
INFO - 2024-05-27 08:46:59 --> Session: Class initialized using 'CodeIgniter\Session\Handlers\FileHandler' driver.
INFO - 2024-05-27 08:47:01 --> Session: Class initialized using 'CodeIgniter\Session\Handlers\FileHandler' driver.
INFO - 2024-05-27 08:47:10 --> Session: Class initialized using 'CodeIgniter\Session\Handlers\FileHandler' driver.
CRITICAL - 2024-05-27 08:47:10 --> Trying to access array offset on value of type null
in APPPATH/Views/AtRest/mas_detail.php on line 46.
 1 APPPATH/Views/AtRest/mas_detail.php(46): CodeIgniter\Debug\Exceptions->errorHandler(8, 'Trying to access array offset on value of type null', '/home/validas1/ci4_core/app/Views/AtRest/mas_detail.php', 46, [...])
 2 SYSTEMPATH/View/View.php(224): include('/home/validas1/ci4_core/app/Views/AtRest/mas_detail.php')
 3 SYSTEMPATH/View/View.php(227): CodeIgniter\View\View->CodeIgniter\View\{closure}()
 4 SYSTEMPATH/Common.php(1180): CodeIgniter\View\View->render('AtRest/mas_detail', [], true)
 5 APPPATH/Controllers/Mas.php(112): view('AtRest/mas_detail', [...])
 6 SYSTEMPATH/CodeIgniter.php(932): App\Controllers\Mas->ViewDetail('13')
 7 SYSTEMPATH/CodeIgniter.php(497): CodeIgniter\CodeIgniter->runController(Object(App\Controllers\Mas))
 8 SYSTEMPATH/CodeIgniter.php(366): CodeIgniter\CodeIgniter->handleRequest(null, Object(Config\Cache), false)
 9 FCPATH/index.php(79): CodeIgniter\CodeIgniter->run()
INFO - 2024-05-27 08:47:43 --> Session: Class initialized using 'CodeIgniter\Session\Handlers\FileHandler' driver.
INFO - 2024-05-27 08:47:46 --> Session: Class initialized using 'CodeIgniter\Session\Handlers\FileHandler' driver.
INFO - 2024-05-27 08:47:48 --> Session: Class initialized using 'CodeIgniter\Session\Handlers\FileHandler' driver.
INFO - 2024-05-27 08:47:49 --> Session: Class initialized using 'CodeIgniter\Session\Handlers\FileHandler' driver.
INFO - 2024-05-27 08:47:51 --> Session: Class initialized using 'CodeIgniter\Session\Handlers\FileHandler' driver.
INFO - 2024-05-27 08:47:54 --> Session: Class initialized using 'CodeIgniter\Session\Handlers\FileHandler' driver.
INFO - 2024-05-27 08:47:55 --> Session: Class initialized using 'CodeIgniter\Session\Handlers\FileHandler' driver.
INFO - 2024-05-27 08:47:57 --> Session: Class initialized using 'CodeIgniter\Session\Handlers\FileHandler' driver.
INFO - 2024-05-27 08:47:57 --> Session: Class initialized using 'CodeIgniter\Session\Handlers\FileHandler' driver.
INFO - 2024-05-27 08:47:57 --> Session: Class initialized using 'CodeIgniter\Session\Handlers\FileHandler' driver.
INFO - 2024-05-27 08:47:58 --> Session: Class initialized using 'CodeIgniter\Session\Handlers\FileHandler' driver.
INFO - 2024-05-27 08:48:02 --> Session: Class initialized using 'CodeIgniter\Session\Handlers\FileHandler' driver.
INFO - 2024-05-27 08:48:04 --> Session: Class initialized using 'CodeIgniter\Session\Handlers\FileHandler' driver.
CRITICAL - 2024-05-27 08:48:04 --> Trying to access array offset on value of type null
in APPPATH/Views/AtRest/capar_detail.php on line 51.
 1 APPPATH/Views/AtRest/capar_detail.php(51): CodeIgniter\Debug\Exceptions->errorHandler(8, 'Trying to access array offset on value of type null', '/home/validas1/ci4_core/app/Views/AtRest/capar_detail.php', 51, [...])
 2 SYSTEMPATH/View/View.php(224): include('/home/validas1/ci4_core/app/Views/AtRest/capar_detail.php')
 3 SYSTEMPATH/View/View.php(227): CodeIgniter\View\View->CodeIgniter\View\{closure}()
 4 SYSTEMPATH/Common.php(1180): CodeIgniter\View\View->render('AtRest/capar_detail', [], true)
 5 APPPATH/Controllers/Capar.php(111): view('AtRest/capar_detail', [...])
 6 SYSTEMPATH/CodeIgniter.php(932): App\Controllers\Capar->ViewDetail('16')
 7 SYSTEMPATH/CodeIgniter.php(497): CodeIgniter\CodeIgniter->runController(Object(App\Controllers\Capar))
 8 SYSTEMPATH/CodeIgniter.php(366): CodeIgniter\CodeIgniter->handleRequest(null, Object(Config\Cache), false)
 9 FCPATH/index.php(79): CodeIgniter\CodeIgniter->run()
INFO - 2024-05-27 08:49:07 --> Session: Class initialized using 'CodeIgniter\Session\Handlers\FileHandler' driver.
INFO - 2024-05-27 08:49:07 --> Session: Class initialized using 'CodeIgniter\Session\Handlers\FileHandler' driver.
INFO - 2024-05-27 08:49:22 --> Session: Class initialized using 'CodeIgniter\Session\Handlers\FileHandler' driver.
CRITICAL - 2024-05-27 08:49:22 --> Trying to access array offset on value of type null
in APPPATH/Views/AtRest/capar_detail.php on line 51.
 1 APPPATH/Views/AtRest/capar_detail.php(51): CodeIgniter\Debug\Exceptions->errorHandler(8, 'Trying to access array offset on value of type null', '/home/validas1/ci4_core/app/Views/AtRest/capar_detail.php', 51, [...])
 2 SYSTEMPATH/View/View.php(224): include('/home/validas1/ci4_core/app/Views/AtRest/capar_detail.php')
 3 SYSTEMPATH/View/View.php(227): CodeIgniter\View\View->CodeIgniter\View\{closure}()
 4 SYSTEMPATH/Common.php(1180): CodeIgniter\View\View->render('AtRest/capar_detail', [], true)
 5 APPPATH/Controllers/Capar.php(111): view('AtRest/capar_detail', [...])
 6 SYSTEMPATH/CodeIgniter.php(932): App\Controllers\Capar->ViewDetail('3')
 7 SYSTEMPATH/CodeIgniter.php(497): CodeIgniter\CodeIgniter->runController(Object(App\Controllers\Capar))
 8 SYSTEMPATH/CodeIgniter.php(366): CodeIgniter\CodeIgniter->handleRequest(null, Object(Config\Cache), false)
 9 FCPATH/index.php(79): CodeIgniter\CodeIgniter->run()
INFO - 2024-05-27 08:49:28 --> Session: Class initialized using 'CodeIgniter\Session\Handlers\FileHandler' driver.
INFO - 2024-05-27 08:49:34 --> Session: Class initialized using 'CodeIgniter\Session\Handlers\FileHandler' driver.
INFO - 2024-05-27 08:49:39 --> Session: Class initialized using 'CodeIgniter\Session\Handlers\FileHandler' driver.
INFO - 2024-05-27 08:49:41 --> Session: Class initialized using 'CodeIgniter\Session\Handlers\FileHandler' driver.
INFO - 2024-05-27 08:49:49 --> Session: Class initialized using 'CodeIgniter\Session\Handlers\FileHandler' driver.
INFO - 2024-05-27 08:49:52 --> Session: Class initialized using 'CodeIgniter\Session\Handlers\FileHandler' driver.
INFO - 2024-05-27 08:49:56 --> Session: Class initialized using 'CodeIgniter\Session\Handlers\FileHandler' driver.
INFO - 2024-05-27 08:49:58 --> Session: Class initialized using 'CodeIgniter\Session\Handlers\FileHandler' driver.
INFO - 2024-05-27 08:50:03 --> Session: Class initialized using 'CodeIgniter\Session\Handlers\FileHandler' driver.
INFO - 2024-05-27 08:50:36 --> Session: Class initialized using 'CodeIgniter\Session\Handlers\FileHandler' driver.
INFO - 2024-05-27 08:50:39 --> Session: Class initialized using 'CodeIgniter\Session\Handlers\FileHandler' driver.
INFO - 2024-05-27 08:50:39 --> Session: Class initialized using 'CodeIgniter\Session\Handlers\FileHandler' driver.
INFO - 2024-05-27 08:50:41 --> Session: Class initialized using 'CodeIgniter\Session\Handlers\FileHandler' driver.
INFO - 2024-05-27 08:50:41 --> Session: Class initialized using 'CodeIgniter\Session\Handlers\FileHandler' driver.
INFO - 2024-05-27 08:50:43 --> Session: Class initialized using 'CodeIgniter\Session\Handlers\FileHandler' driver.
INFO - 2024-05-27 08:50:47 --> Session: Class initialized using 'CodeIgniter\Session\Handlers\FileHandler' driver.
INFO - 2024-05-27 08:50:50 --> Session: Class initialized using 'CodeIgniter\Session\Handlers\FileHandler' driver.
INFO - 2024-05-27 08:50:52 --> Session: Class initialized using 'CodeIgniter\Session\Handlers\FileHandler' driver.
INFO - 2024-05-27 08:51:08 --> Session: Class initialized using 'CodeIgniter\Session\Handlers\FileHandler' driver.
INFO - 2024-05-27 08:52:07 --> Session: Class initialized using 'CodeIgniter\Session\Handlers\FileHandler' driver.
INFO - 2024-05-27 08:52:09 --> Session: Class initialized using 'CodeIgniter\Session\Handlers\FileHandler' driver.
INFO - 2024-05-27 08:52:11 --> Session: Class initialized using 'CodeIgniter\Session\Handlers\FileHandler' driver.
INFO - 2024-05-27 08:52:12 --> Session: Class initialized using 'CodeIgniter\Session\Handlers\FileHandler' driver.
INFO - 2024-05-27 08:52:14 --> Session: Class initialized using 'CodeIgniter\Session\Handlers\FileHandler' driver.
INFO - 2024-05-27 08:52:40 --> Session: Class initialized using 'CodeIgniter\Session\Handlers\FileHandler' driver.
INFO - 2024-05-27 08:52:42 --> Session: Class initialized using 'CodeIgniter\Session\Handlers\FileHandler' driver.
INFO - 2024-05-27 08:52:45 --> Session: Class initialized using 'CodeIgniter\Session\Handlers\FileHandler' driver.
INFO - 2024-05-27 08:52:47 --> Session: Class initialized using 'CodeIgniter\Session\Handlers\FileHandler' driver.
CRITICAL - 2024-05-27 08:52:47 --> Trying to access array offset on value of type null
in APPPATH/Views/AtRest/datappoj_detail.php on line 49.
 1 APPPATH/Views/AtRest/datappoj_detail.php(49): CodeIgniter\Debug\Exceptions->errorHandler(8, 'Trying to access array offset on value of type null', '/home/validas1/ci4_core/app/Views/AtRest/datappoj_detail.php', 49, [...])
 2 SYSTEMPATH/View/View.php(224): include('/home/validas1/ci4_core/app/Views/AtRest/datappoj_detail.php')
 3 SYSTEMPATH/View/View.php(227): CodeIgniter\View\View->CodeIgniter\View\{closure}()
 4 SYSTEMPATH/Common.php(1180): CodeIgniter\View\View->render('AtRest/datappoj_detail', [], true)
 5 APPPATH/Controllers/DataPpoj.php(302): view('AtRest/datappoj_detail', [...])
 6 SYSTEMPATH/CodeIgniter.php(932): App\Controllers\DataPpoj->ViewDetail('99')
 7 SYSTEMPATH/CodeIgniter.php(497): CodeIgniter\CodeIgniter->runController(Object(App\Controllers\DataPpoj))
 8 SYSTEMPATH/CodeIgniter.php(366): CodeIgniter\CodeIgniter->handleRequest(null, Object(Config\Cache), false)
 9 FCPATH/index.php(79): CodeIgniter\CodeIgniter->run()
INFO - 2024-05-27 08:53:41 --> Session: Class initialized using 'CodeIgniter\Session\Handlers\FileHandler' driver.
INFO - 2024-05-27 08:53:43 --> Session: Class initialized using 'CodeIgniter\Session\Handlers\FileHandler' driver.
CRITICAL - 2024-05-27 08:53:43 --> Trying to access array offset on value of type null
in APPPATH/Views/AtRest/datappoj_detail.php on line 49.
 1 APPPATH/Views/AtRest/datappoj_detail.php(49): CodeIgniter\Debug\Exceptions->errorHandler(8, 'Trying to access array offset on value of type null', '/home/validas1/ci4_core/app/Views/AtRest/datappoj_detail.php', 49, [...])
 2 SYSTEMPATH/View/View.php(224): include('/home/validas1/ci4_core/app/Views/AtRest/datappoj_detail.php')
 3 SYSTEMPATH/View/View.php(227): CodeIgniter\View\View->CodeIgniter\View\{closure}()
 4 SYSTEMPATH/Common.php(1180): CodeIgniter\View\View->render('AtRest/datappoj_detail', [], true)
 5 APPPATH/Controllers/DataPpoj.php(302): view('AtRest/datappoj_detail', [...])
 6 SYSTEMPATH/CodeIgniter.php(932): App\Controllers\DataPpoj->ViewDetail('99')
 7 SYSTEMPATH/CodeIgniter.php(497): CodeIgniter\CodeIgniter->runController(Object(App\Controllers\DataPpoj))
 8 SYSTEMPATH/CodeIgniter.php(366): CodeIgniter\CodeIgniter->handleRequest(null, Object(Config\Cache), false)
 9 FCPATH/index.php(79): CodeIgniter\CodeIgniter->run()
INFO - 2024-05-27 08:53:44 --> Session: Class initialized using 'CodeIgniter\Session\Handlers\FileHandler' driver.
INFO - 2024-05-27 08:53:45 --> Session: Class initialized using 'CodeIgniter\Session\Handlers\FileHandler' driver.
INFO - 2024-05-27 08:53:46 --> Session: Class initialized using 'CodeIgniter\Session\Handlers\FileHandler' driver.
INFO - 2024-05-27 08:53:46 --> Session: Class initialized using 'CodeIgniter\Session\Handlers\FileHandler' driver.
CRITICAL - 2024-05-27 08:53:46 --> Trying to access array offset on value of type null
in APPPATH/Views/AtRest/datappoj_detail.php on line 49.
 1 APPPATH/Views/AtRest/datappoj_detail.php(49): CodeIgniter\Debug\Exceptions->errorHandler(8, 'Trying to access array offset on value of type null', '/home/validas1/ci4_core/app/Views/AtRest/datappoj_detail.php', 49, [...])
 2 SYSTEMPATH/View/View.php(224): include('/home/validas1/ci4_core/app/Views/AtRest/datappoj_detail.php')
 3 SYSTEMPATH/View/View.php(227): CodeIgniter\View\View->CodeIgniter\View\{closure}()
 4 SYSTEMPATH/Common.php(1180): CodeIgniter\View\View->render('AtRest/datappoj_detail', [], true)
 5 APPPATH/Controllers/DataPpoj.php(302): view('AtRest/datappoj_detail', [...])
 6 SYSTEMPATH/CodeIgniter.php(932): App\Controllers\DataPpoj->ViewDetail('99')
 7 SYSTEMPATH/CodeIgniter.php(497): CodeIgniter\CodeIgniter->runController(Object(App\Controllers\DataPpoj))
 8 SYSTEMPATH/CodeIgniter.php(366): CodeIgniter\CodeIgniter->handleRequest(null, Object(Config\Cache), false)
 9 FCPATH/index.php(79): CodeIgniter\CodeIgniter->run()
INFO - 2024-05-27 08:53:48 --> Session: Class initialized using 'CodeIgniter\Session\Handlers\FileHandler' driver.
INFO - 2024-05-27 08:54:21 --> Session: Class initialized using 'CodeIgniter\Session\Handlers\FileHandler' driver.
CRITICAL - 2024-05-27 08:54:21 --> Trying to access array offset on value of type null
in APPPATH/Views/AtRest/datappoj_detail.php on line 49.
 1 APPPATH/Views/AtRest/datappoj_detail.php(49): CodeIgniter\Debug\Exceptions->errorHandler(8, 'Trying to access array offset on value of type null', '/home/validas1/ci4_core/app/Views/AtRest/datappoj_detail.php', 49, [...])
 2 SYSTEMPATH/View/View.php(224): include('/home/validas1/ci4_core/app/Views/AtRest/datappoj_detail.php')
 3 SYSTEMPATH/View/View.php(227): CodeIgniter\View\View->CodeIgniter\View\{closure}()
 4 SYSTEMPATH/Common.php(1180): CodeIgniter\View\View->render('AtRest/datappoj_detail', [], true)
 5 APPPATH/Controllers/DataPpoj.php(302): view('AtRest/datappoj_detail', [...])
 6 SYSTEMPATH/CodeIgniter.php(932): App\Controllers\DataPpoj->ViewDetail('99')
 7 SYSTEMPATH/CodeIgniter.php(497): CodeIgniter\CodeIgniter->runController(Object(App\Controllers\DataPpoj))
 8 SYSTEMPATH/CodeIgniter.php(366): CodeIgniter\CodeIgniter->handleRequest(null, Object(Config\Cache), false)
 9 FCPATH/index.php(79): CodeIgniter\CodeIgniter->run()
INFO - 2024-05-27 08:54:22 --> Session: Class initialized using 'CodeIgniter\Session\Handlers\FileHandler' driver.
CRITICAL - 2024-05-27 08:54:22 --> Array to string conversion
in APPPATH/Views/AtRest/table.php on line 33.
 1 APPPATH/Views/AtRest/table.php(33): CodeIgniter\Debug\Exceptions->errorHandler(8, 'Array to string conversion', '/home/validas1/ci4_core/app/Views/AtRest/table.php', 33, [...])
 2 SYSTEMPATH/View/View.php(224): include('/home/validas1/ci4_core/app/Views/AtRest/table.php')
 3 SYSTEMPATH/View/View.php(227): CodeIgniter\View\View->CodeIgniter\View\{closure}()
 4 SYSTEMPATH/Common.php(1180): CodeIgniter\View\View->render('AtRest/table', [], true)
 5 APPPATH/Controllers/DataPpoj.php(120): view('AtRest/table', [...])
 6 SYSTEMPATH/CodeIgniter.php(932): App\Controllers\DataPpoj->Detail('99')
 7 SYSTEMPATH/CodeIgniter.php(497): CodeIgniter\CodeIgniter->runController(Object(App\Controllers\DataPpoj))
 8 SYSTEMPATH/CodeIgniter.php(366): CodeIgniter\CodeIgniter->handleRequest(null, Object(Config\Cache), false)
 9 FCPATH/index.php(79): CodeIgniter\CodeIgniter->run()
INFO - 2024-05-27 08:54:23 --> Session: Class initialized using 'CodeIgniter\Session\Handlers\FileHandler' driver.
INFO - 2024-05-27 08:54:25 --> Session: Class initialized using 'CodeIgniter\Session\Handlers\FileHandler' driver.
CRITICAL - 2024-05-27 08:54:25 --> Array to string conversion
in APPPATH/Views/AtRest/table.php on line 33.
 1 APPPATH/Views/AtRest/table.php(33): CodeIgniter\Debug\Exceptions->errorHandler(8, 'Array to string conversion', '/home/validas1/ci4_core/app/Views/AtRest/table.php', 33, [...])
 2 SYSTEMPATH/View/View.php(224): include('/home/validas1/ci4_core/app/Views/AtRest/table.php')
 3 SYSTEMPATH/View/View.php(227): CodeIgniter\View\View->CodeIgniter\View\{closure}()
 4 SYSTEMPATH/Common.php(1180): CodeIgniter\View\View->render('AtRest/table', [], true)
 5 APPPATH/Controllers/DataPpoj.php(120): view('AtRest/table', [...])
 6 SYSTEMPATH/CodeIgniter.php(932): App\Controllers\DataPpoj->Detail('99')
 7 SYSTEMPATH/CodeIgniter.php(497): CodeIgniter\CodeIgniter->runController(Object(App\Controllers\DataPpoj))
 8 SYSTEMPATH/CodeIgniter.php(366): CodeIgniter\CodeIgniter->handleRequest(null, Object(Config\Cache), false)
 9 FCPATH/index.php(79): CodeIgniter\CodeIgniter->run()
INFO - 2024-05-27 08:56:00 --> Session: Class initialized using 'CodeIgniter\Session\Handlers\FileHandler' driver.
INFO - 2024-05-27 08:56:03 --> Session: Class initialized using 'CodeIgniter\Session\Handlers\FileHandler' driver.
CRITICAL - 2024-05-27 08:56:03 --> Undefined variable: id
in APPPATH/Views/AtRest/table.php on line 53.
 1 APPPATH/Views/AtRest/table.php(53): CodeIgniter\Debug\Exceptions->errorHandler(8, 'Undefined variable: id', '/home/validas1/ci4_core/app/Views/AtRest/table.php', 53, [...])
 2 SYSTEMPATH/View/View.php(224): include('/home/validas1/ci4_core/app/Views/AtRest/table.php')
 3 SYSTEMPATH/View/View.php(227): CodeIgniter\View\View->CodeIgniter\View\{closure}()
 4 SYSTEMPATH/Common.php(1180): CodeIgniter\View\View->render('AtRest/table', [], true)
 5 APPPATH/Controllers/DataPpoj.php(120): view('AtRest/table', [...])
 6 SYSTEMPATH/CodeIgniter.php(932): App\Controllers\DataPpoj->Detail('99')
 7 SYSTEMPATH/CodeIgniter.php(497): CodeIgniter\CodeIgniter->runController(Object(App\Controllers\DataPpoj))
 8 SYSTEMPATH/CodeIgniter.php(366): CodeIgniter\CodeIgniter->handleRequest(null, Object(Config\Cache), false)
 9 FCPATH/index.php(79): CodeIgniter\CodeIgniter->run()
INFO - 2024-05-27 08:56:07 --> Session: Class initialized using 'CodeIgniter\Session\Handlers\FileHandler' driver.
INFO - 2024-05-27 08:56:18 --> Session: Class initialized using 'CodeIgniter\Session\Handlers\FileHandler' driver.
INFO - 2024-05-27 08:56:19 --> Session: Class initialized using 'CodeIgniter\Session\Handlers\FileHandler' driver.
CRITICAL - 2024-05-27 08:56:19 --> Undefined variable: id
in APPPATH/Views/AtRest/table.php on line 53.
 1 APPPATH/Views/AtRest/table.php(53): CodeIgniter\Debug\Exceptions->errorHandler(8, 'Undefined variable: id', '/home/validas1/ci4_core/app/Views/AtRest/table.php', 53, [...])
 2 SYSTEMPATH/View/View.php(224): include('/home/validas1/ci4_core/app/Views/AtRest/table.php')
 3 SYSTEMPATH/View/View.php(227): CodeIgniter\View\View->CodeIgniter\View\{closure}()
 4 SYSTEMPATH/Common.php(1180): CodeIgniter\View\View->render('AtRest/table', [], true)
 5 APPPATH/Controllers/DataPpoj.php(120): view('AtRest/table', [...])
 6 SYSTEMPATH/CodeIgniter.php(932): App\Controllers\DataPpoj->Detail('99')
 7 SYSTEMPATH/CodeIgniter.php(497): CodeIgniter\CodeIgniter->runController(Object(App\Controllers\DataPpoj))
 8 SYSTEMPATH/CodeIgniter.php(366): CodeIgniter\CodeIgniter->handleRequest(null, Object(Config\Cache), false)
 9 FCPATH/index.php(79): CodeIgniter\CodeIgniter->run()
INFO - 2024-05-27 08:56:44 --> Session: Class initialized using 'CodeIgniter\Session\Handlers\FileHandler' driver.
INFO - 2024-05-27 08:56:46 --> Session: Class initialized using 'CodeIgniter\Session\Handlers\FileHandler' driver.
CRITICAL - 2024-05-27 08:56:46 --> Undefined variable: id
in APPPATH/Views/AtRest/table.php on line 53.
 1 APPPATH/Views/AtRest/table.php(53): CodeIgniter\Debug\Exceptions->errorHandler(8, 'Undefined variable: id', '/home/validas1/ci4_core/app/Views/AtRest/table.php', 53, [...])
 2 SYSTEMPATH/View/View.php(224): include('/home/validas1/ci4_core/app/Views/AtRest/table.php')
 3 SYSTEMPATH/View/View.php(227): CodeIgniter\View\View->CodeIgniter\View\{closure}()
 4 SYSTEMPATH/Common.php(1180): CodeIgniter\View\View->render('AtRest/table', [], true)
 5 APPPATH/Controllers/DataPpoj.php(119): view('AtRest/table', [...])
 6 SYSTEMPATH/CodeIgniter.php(932): App\Controllers\DataPpoj->Detail('99')
 7 SYSTEMPATH/CodeIgniter.php(497): CodeIgniter\CodeIgniter->runController(Object(App\Controllers\DataPpoj))
 8 SYSTEMPATH/CodeIgniter.php(366): CodeIgniter\CodeIgniter->handleRequest(null, Object(Config\Cache), false)
 9 FCPATH/index.php(79): CodeIgniter\CodeIgniter->run()
INFO - 2024-05-27 08:58:05 --> Session: Class initialized using 'CodeIgniter\Session\Handlers\FileHandler' driver.
INFO - 2024-05-27 08:58:08 --> Session: Class initialized using 'CodeIgniter\Session\Handlers\FileHandler' driver.
INFO - 2024-05-27 08:58:11 --> Session: Class initialized using 'CodeIgniter\Session\Handlers\FileHandler' driver.
INFO - 2024-05-27 08:58:13 --> Session: Class initialized using 'CodeIgniter\Session\Handlers\FileHandler' driver.
INFO - 2024-05-27 08:58:14 --> Session: Class initialized using 'CodeIgniter\Session\Handlers\FileHandler' driver.
INFO - 2024-05-27 08:58:16 --> Session: Class initialized using 'CodeIgniter\Session\Handlers\FileHandler' driver.
INFO - 2024-05-27 08:58:19 --> Session: Class initialized using 'CodeIgniter\Session\Handlers\FileHandler' driver.
INFO - 2024-05-27 08:58:21 --> Session: Class initialized using 'CodeIgniter\Session\Handlers\FileHandler' driver.
INFO - 2024-05-27 08:58:22 --> Session: Class initialized using 'CodeIgniter\Session\Handlers\FileHandler' driver.
INFO - 2024-05-27 09:08:36 --> Session: Class initialized using 'CodeIgniter\Session\Handlers\FileHandler' driver.
INFO - 2024-05-27 09:08:38 --> Session: Class initialized using 'CodeIgniter\Session\Handlers\FileHandler' driver.
INFO - 2024-05-27 09:08:39 --> Session: Class initialized using 'CodeIgniter\Session\Handlers\FileHandler' driver.
INFO - 2024-05-27 09:08:41 --> Session: Class initialized using 'CodeIgniter\Session\Handlers\FileHandler' driver.
INFO - 2024-05-27 09:08:42 --> Session: Class initialized using 'CodeIgniter\Session\Handlers\FileHandler' driver.
INFO - 2024-05-27 09:08:44 --> Session: Class initialized using 'CodeIgniter\Session\Handlers\FileHandler' driver.
INFO - 2024-05-27 09:08:45 --> Session: Class initialized using 'CodeIgniter\Session\Handlers\FileHandler' driver.
INFO - 2024-05-27 09:08:46 --> Session: Class initialized using 'CodeIgniter\Session\Handlers\FileHandler' driver.
INFO - 2024-05-27 09:08:47 --> Session: Class initialized using 'CodeIgniter\Session\Handlers\FileHandler' driver.
CRITICAL - 2024-05-27 09:08:47 --> Trying to access array offset on value of type null
in APPPATH/Views/AtRest/mas_detail.php on line 46.
 1 APPPATH/Views/AtRest/mas_detail.php(46): CodeIgniter\Debug\Exceptions->errorHandler(8, 'Trying to access array offset on value of type null', '/home/validas1/ci4_core/app/Views/AtRest/mas_detail.php', 46, [...])
 2 SYSTEMPATH/View/View.php(224): include('/home/validas1/ci4_core/app/Views/AtRest/mas_detail.php')
 3 SYSTEMPATH/View/View.php(227): CodeIgniter\View\View->CodeIgniter\View\{closure}()
 4 SYSTEMPATH/Common.php(1180): CodeIgniter\View\View->render('AtRest/mas_detail', [], true)
 5 APPPATH/Controllers/Mas.php(112): view('AtRest/mas_detail', [...])
 6 SYSTEMPATH/CodeIgniter.php(932): App\Controllers\Mas->ViewDetail('35')
 7 SYSTEMPATH/CodeIgniter.php(497): CodeIgniter\CodeIgniter->runController(Object(App\Controllers\Mas))
 8 SYSTEMPATH/CodeIgniter.php(366): CodeIgniter\CodeIgniter->handleRequest(null, Object(Config\Cache), false)
 9 FCPATH/index.php(79): CodeIgniter\CodeIgniter->run()
INFO - 2024-05-27 09:09:20 --> Session: Class initialized using 'CodeIgniter\Session\Handlers\FileHandler' driver.
INFO - 2024-05-27 09:09:21 --> Session: Class initialized using 'CodeIgniter\Session\Handlers\FileHandler' driver.
INFO - 2024-05-27 09:09:24 --> Session: Class initialized using 'CodeIgniter\Session\Handlers\FileHandler' driver.
INFO - 2024-05-27 09:09:25 --> Session: Class initialized using 'CodeIgniter\Session\Handlers\FileHandler' driver.
